source_language,source_text,translated_text
"eng_Latn","advent calendar 2025","2025年圣诞倒数日历"
"eng_Latn","advent calendar","圣诞倒数日历"
"eng_Latn","lego advent calendar 2025","2025年乐高圣诞倒数日历"
"eng_Latn","advent calendar for adults","成人圣诞倒数日历"
"eng_Latn","advent calendar for boys","男孩圣诞倒数日历"
"eng_Latn","advent calendar for girls","女孩圣诞倒数日历"
"eng_Latn","lego advent calendar","乐高圣诞倒数日历"
"eng_Latn","chocolate advent calendar 2025","2025年巧克力圣诞倒数日历"
"eng_Latn","kids advent calendar 2025","2025年儿童圣诞倒数日历"
"eng_Latn","advent calendars","圣诞倒数日历"
"eng_Latn","beauty advent calendar 2025","2025年美妆圣诞倒数日历"
"eng_Latn","buffalo trace advent calendar","Buffalo Trace圣诞倒数日历"
"eng_Latn","advent calendars christmas","圣诞倒数日历"
"eng_Latn","advent calendar for teen girls","青少年女孩圣诞倒数日历"
"eng_Latn","needoh advent calendar 2025","2025年NeeDoh圣诞倒数日历"
"eng_Latn","squishmallow advent calendar 2025","2025年Squishmallows圣诞倒数日历"
"eng_Latn","pokemon advent calendar 2025","2025年宝可梦圣诞倒数日历"
"eng_Latn","whiskey advent calendar 2025","2025年威士忌圣诞倒数日历"
"eng_Latn","fishing advent calendar 2025","2025年垂钓圣诞倒数日历"
"eng_Latn","adult advent calendar 2025","2025年成人圣诞倒数日历"
"eng_Latn","makeup advent calendar 2025","2025年彩妆圣诞倒数日历"
"eng_Latn","harry potter advent calendar","《哈利·波特》圣诞倒数日历"
"eng_Latn","needoh advent calendar","NeeDoh圣诞倒数日历"
"eng_Latn","boys advent calendar 2025","2025年男孩圣诞倒数日历"
"eng_Latn","toddler advent calendar 2025","2025年幼儿圣诞倒数日历"
"eng_Latn","harry potter advent calendar 2025","2025年《哈利·波特》圣诞倒数日历"
"eng_Latn","red bull advent calendar","红牛圣诞倒数日历"
"eng_Latn","advent calendar 2025 kids","2025年儿童圣诞倒数日历"
"eng_Latn","hot wheels advent calendar 2025","2025年风火轮圣诞倒数日历"
"eng_Latn","bluey advent calendar 2025","2025年Bluey圣诞倒数日历"
"eng_Latn","sea glass advent calendar","海洋玻璃圣诞倒数日历"
"eng_Latn","girls advent calendar 2025","2025年女孩圣诞倒数日历"
"eng_Latn","candy advent calendar 2025","2025年糖果圣诞倒数日历"
"eng_Latn","advent calendar 2025 adult","2025年成人圣诞倒数日历"
"eng_Latn","dog advent calendar 2025","2025年狗狗圣诞倒数日历"
"eng_Latn","advent calendar for men","男士圣诞倒数日历"
"eng_Latn","wicked advent calendar 2025","2025年Wicked圣诞倒数日历"
"eng_Latn","empty advent calendars to fill","空白可填充圣诞倒数日历"
"eng_Latn","golf advent calendar 2025","2025年高尔夫圣诞倒数日历"
"eng_Latn","disney advent calendar","迪士尼圣诞倒数日历"
"eng_Latn","sephora advent calendar 2025","2025年丝芙兰圣诞倒数日历"
"eng_Latn","nee doh advent calendar 2025","2025年NeeDoh圣诞倒数日历"
"eng_Latn","beauty advent calendar","美妆圣诞倒数日历"
"eng_Latn","elf advent calendar 2025","2025年e.l.f.圣诞倒数日历"
"eng_Latn","minecraft advent calendar 2025","2025年《我的世界》圣诞倒数日历"
"eng_Latn","book advent calendar","书籍圣诞倒数日历"
"eng_Latn","advent calendar 2025 chocolate","2025年巧克力圣诞倒数日历"
"eng_Latn","diy advent calendar","DIY圣诞倒数日历"
"eng_Latn","advent calendar for kids","儿童圣诞倒数日历"
"eng_Latn","little people advent calendar 2025","2025年Little People圣诞倒数日历"
"eng_Latn","tea advent calendar 2025","2025年茶叶圣诞倒数日历"
"eng_Latn","buffalo trace advent calendar 2025","2025年Buffalo Trace圣诞倒数日历"
"eng_Latn","nee doh advent calendar","NeeDoh圣诞倒数日历"
"eng_Latn","pokemon advent calendar","宝可梦圣诞倒数日历"
"eng_Latn","advent calendars for kids","儿童圣诞倒数日历"
"eng_Latn","squishmallow advent calendar","Squishmallows圣诞倒数日历"
"eng_Latn","minecraft advent calendar","《我的世界》圣诞倒数日历"
"eng_Latn","mens advent calendar 2025","2025年男士圣诞倒数日历"
"eng_Latn","chocolate advent calendar","巧克力圣诞倒数日历"
"eng_Latn","christmas advent calendars for kids","儿童圣诞倒数日历"
"eng_Latn","teen advent calendar 2025","2025年青少年圣诞倒数日历"
"eng_Latn","advent calendars for adults","成人圣诞倒数日历"
"eng_Latn","funko pop advent calendar 2025","2025年Funko Pop圣诞倒数日历"
"eng_Latn","teen girl advent calendar 2025","2025年青少年女孩圣诞倒数日历"
"eng_Latn","amazon advent calendar 2025","2025年亚马逊圣诞倒数日历"
"eng_Latn","amazon advent calendar","亚马逊圣诞倒数日历"
"eng_Latn","mini brands advent calendar","Mini Brands圣诞倒数日历"
"eng_Latn","kids advent calendar","儿童圣诞倒数日历"
"eng_Latn","stitch advent calendar 2025","2025年史迪奇圣诞倒数日历"
"eng_Latn","advent calendar for women","女士圣诞倒数日历"
"eng_Latn","puzzle advent calendar 2025","2025年拼图圣诞倒数日历"
"eng_Latn","advent calendars 2025","2025年圣诞倒数日历"
"eng_Latn","cat advent calendar 2025","2025年猫咪圣诞倒数日历"
"eng_Latn","lindt advent calendar 2025","2025年瑞士莲圣诞倒数日历"
"eng_Latn","nativity advent calendar","马槽圣诞倒数日历"
"eng_Latn","makeup advent calendar","彩妆圣诞倒数日历"
"eng_Latn","barbie advent calendar 2025","2025年芭比圣诞倒数日历"
"eng_Latn","fishing advent calendar","垂钓圣诞倒数日历"
"eng_Latn","advent calendar for teen boys","青少年男孩圣诞倒数日历"
"eng_Latn","stranger things advent calendar","《怪奇物语》圣诞倒数日历"
"eng_Latn","ulta advent calendar 2025","2025年ULTA圣诞倒数日历"
"eng_Latn","lego flower advent calendar","乐高花卉圣诞倒数日历"
"eng_Latn","advent calendar beauty","美妆圣诞倒数日历"
"eng_Latn","star wars advent calendar 2025","2025年《星球大战》圣诞倒数日历"
"eng_Latn","kpop demon hunters advent calendar","《K-pop恶魔猎人》圣诞倒数日历"
"eng_Latn","disney advent calendar 2025","2025年迪士尼圣诞倒数日历"
"eng_Latn","advent beauty calendar 2025","2025年美妆圣诞倒数日历"
"eng_Latn","hello kitty advent calendar 2025","2025年Hello Kitty圣诞倒数日历"
"eng_Latn","gilmore girls advent calendar 2025","2025年《吉尔莫女孩》圣诞倒数日历"
"eng_Latn","advent calendar chocolate","巧克力圣诞倒数日历"
"eng_Latn","advent calendar lego","乐高圣诞倒数日历"
"eng_Latn","amazon beauty advent calendar","亚马逊美妆圣诞倒数日历"
"eng_Latn","boys advent calendar","男孩圣诞倒数日历"
"eng_Latn","christmas advent calendars","圣诞倒数日历"
"eng_Latn","bourbon advent calendar 2025","2025年烈酒圣诞倒数日历"
"eng_Latn","teen boy advent calendar 2025","2025年青少年男孩圣诞倒数日历"
"eng_Latn","toddler advent calendar","幼儿圣诞倒数日历"
"eng_Latn","dog advent calendar","狗狗圣诞倒数日历"
"eng_Latn","highland cow advent calendar 2025","2025年苏格兰高地牛圣诞倒数日历"
"eng_Latn","paw patrol advent calendar 2025","2025年《汪汪队立大功》圣诞倒数日历"
"eng_Latn","jewelry advent calendar 2025","2025年珠宝首饰圣诞倒数日历"
"eng_Latn","hello kitty advent calendar","Hello Kitty圣诞倒数日历"
"eng_Latn","advent calendar 2025 adult women","2025年成人女士圣诞倒数日历"
"eng_Latn","empty advent calendar","空白圣诞倒数日历"
"eng_Latn","beauty advent calendars 2025","2025年美妆圣诞倒数日历"
"eng_Latn","bonne maman advent calendar 2025","2025年Bonne Maman圣诞倒数日历"
"eng_Latn","coffee advent calendar 2025","2025年咖啡圣诞倒数日历"
"eng_Latn","advent calendar kids","儿童圣诞倒数日历"
"eng_Latn","advent calendar makeup","彩妆圣诞倒数日历"
"eng_Latn","wine advent calendar 2025","2025年葡萄酒圣诞倒数日历"
"eng_Latn","mini brands advent calendar 2025","2025年Mini Brands圣诞倒数日历"
"eng_Latn","advent calendar 2025 girls","2025年女孩圣诞倒数日历"
"eng_Latn","diy advent calendar boxes to fill","DIY可填充盒装圣诞倒数日历"
"eng_Latn","candy advent calendar","糖果圣诞倒数日历"
"eng_Latn","slime advent calendar","史莱姆圣诞倒数日历"
"eng_Latn","grinch advent calendar 2025","2025年圣诞怪杰圣诞倒数日历"
"eng_Latn","book advent calendar 2025","2025年书籍圣诞倒数日历"
"eng_Latn","boy advent calendar 2025","2025年男孩圣诞倒数日历"
"eng_Latn","puzzle advent calendar","拼图圣诞倒数日历"
"eng_Latn","perfume advent calendar 2025","2025年香水圣诞倒数日历"
"eng_Latn","advent calendars for teens","青少年圣诞倒数日历"
"eng_Latn","wicked advent calendar","Wicked圣诞倒数日历"
"eng_Latn","advent calendar 2025 boys","2025年男孩圣诞倒数日历"
"eng_Latn","perfume advent calendar","香水圣诞倒数日历"
"eng_Latn","mens advent calendar","男士圣诞倒数日历"
"eng_Latn","sephora advent calendar","丝芙兰圣诞倒数日历"
"eng_Latn","lego city advent calendar 2025","2025年乐高城市圣诞倒数日历"
"eng_Latn","womens advent calendar 2025","2025年女士圣诞倒数日历"
"eng_Latn","advent calendar 2025 lego","2025年乐高圣诞倒数日历"
"eng_Latn","advent+calendars","圣诞倒数日历"
"eng_Latn","food advent calendar 2025","2025年食品圣诞倒数日历"
"eng_Latn","monster jam advent calendar 2025","2025年Monster Jam圣诞倒数日历"
"eng_Latn","advent calendar 2025 makeup","2025年彩妆圣诞倒数日历"
"eng_Latn","hot wheels advent calendar","风火轮圣诞倒数日历"
"eng_Latn","make up advent calendar 2025","2025年彩妆圣诞倒数日历"
"eng_Latn","fishing lure advent calendar 2025","2025年钓鱼诱饵圣诞倒数日历"
"eng_Latn","christmas countdown calendar","圣诞倒计时日历"
"eng_Latn","fidget advent calendar 2025","2025年解压玩具圣诞倒数日历"
"eng_Latn","stranger things advent calendar 2025","2025年《怪奇物语》圣诞倒数日历"
"eng_Latn","slime advent calendar 2025","2025年史莱姆圣诞倒数日历"
"eng_Latn","football advent calendar 2025","2025年足球圣诞倒数日历"
"eng_Latn","red bull advent calendar 2025","2025年红牛圣诞倒数日历"
"eng_Latn","jewelry advent calendar","珠宝首饰圣诞倒数日历"
"eng_Latn","polly pocket advent calendar 2025","2025年波莉口袋圣诞倒数日历"
"eng_Latn","advent calendar 2025 women","2025年女士圣诞倒数日历"
"eng_Latn","craft advent calendar 2025","2025年手工圣诞倒数日历"
"eng_Latn","advent calendar book","书籍圣诞倒数日历"
"eng_Latn","avent calendar 2025","2025年圣诞倒数日历"
"eng_Latn","lego advent calendar 2025 christmas","2025年乐高圣诞倒数日历"
"eng_Latn","monster truck advent calendar 2025","2025年怪兽卡车圣诞倒数日历"
"eng_Latn","baby advent calendar","婴幼儿圣诞倒数日历"
"eng_Latn","reusable advent calendar","可重复使用圣诞倒数日历"
"eng_Latn","dinosaur advent calendar 2025","2025年恐龙圣诞倒数日历"
"eng_Latn","lps advent calendar","LPS圣诞倒数日历"
"eng_Latn","little people advent calendar","Little People圣诞倒数日历"
"eng_Latn","funko pop advent calendar","Funko Pop圣诞倒数日历"
"eng_Latn","fidget advent calendar","解压玩具圣诞倒数日历"
"eng_Latn","girls advent calendar","女孩圣诞倒数日历"
"eng_Latn","bluey advent calendar","Bluey圣诞倒数日历"
"eng_Latn","whiskey advent calendar","威士忌圣诞倒数日历"
"eng_Latn","cat advent calendar","猫咪圣诞倒数日历"
"eng_Latn","kpop advent calendar","K-pop圣诞倒数日历"
"eng_Latn","girl advent calendar 2025","2025年女孩圣诞倒数日历"
"eng_Latn","roblox advent calendar 2025","2025年Roblox圣诞倒数日历"
"eng_Latn","brain rot advent calendar","脑力圣诞倒数日历"
"eng_Latn","golf advent calendar","高尔夫圣诞倒数日历"
"eng_Latn","labubu advent calendar 2025","2025年Labubu圣诞倒数日历"
"eng_Latn","advent calendar for women 2025","2025年女士圣诞倒数日历"
"eng_Latn","advent calendar 2025 beauty","2025年美妆圣诞倒数日历"
"eng_Latn","brain rot advent calendar 2025","2025年脑力圣诞倒数日历"
"eng_Latn","advent calendar for teens","青少年圣诞倒数日历"
"eng_Latn","littlest pet shop advent calendar","Littlest Pet Shop圣诞倒数日历"
"eng_Latn","advent calendar 2025 teen girls","2025年青少年女孩圣诞倒数日历"
"eng_Latn","advent calendar puzzle","拼图圣诞倒数日历"
"eng_Latn","men advent calendar 2025","2025年男士圣诞倒数日历"
"eng_Latn","nativity advent calendar 2025","2025年马槽圣诞倒数日历"
"eng_Latn","wooden advent calendar","木质圣诞倒数日历"
"eng_Latn","anime advent calendar","动漫圣诞倒数日历"
"eng_Latn","lego minecraft advent calendar 2025","2025年乐高《我的世界》圣诞倒数日历"
"eng_Latn","adult advent calendar","成人圣诞倒数日历"
"eng_Latn","christmas advent calendar 2025 chocolate","2025年巧克力圣诞倒数日历"
"eng_Latn","lindt advent calendar","瑞士莲圣诞倒数日历"
"eng_Latn","taylor swift advent calendar 2025","2025年Taylor Swift圣诞倒数日历"
"eng_Latn","advent calendar for toddlers","幼儿圣诞倒数日历"
"eng_Latn","emotional support advent calendar","情绪支持圣诞倒数日历"
"eng_Latn","redbull advent calendar","红牛圣诞倒数日历"
"eng_Latn","advent calendar candy","糖果圣诞倒数日历"
"eng_Latn","couples advent calendar 2025","2025年情侣圣诞倒数日历"
"eng_Latn","2025 advent calendar adult","2025年成人圣诞倒数日历"
"eng_Latn","family advent calendar 2025","2025年家庭圣诞倒数日历"
"eng_Latn","funko advent calendar","Funko圣诞倒数日历"
"eng_Latn","baseball advent calendar 2025","2025年棒球圣诞倒数日历"
"eng_Latn","kinder advent calendar 2025","2025年Kinder圣诞倒数日历"
"eng_Latn","guitar advent calendar 2025","2025年吉他圣诞倒数日历"
"eng_Latn","tea advent calendar","茶叶圣诞倒数日历"
"eng_Latn","candle advent calendar 2025","2025年蜡烛圣诞倒数日历"
"eng_Latn","lego star wars advent calendar 2025","2025年乐高《星球大战》圣诞倒数日历"
"eng_Latn","barbie advent calendar","芭比圣诞倒数日历"
"eng_Latn","anime advent calendar 2025","2025年动漫圣诞倒数日历"
"eng_Latn","gnome advent calendar 2025","2025年地精圣诞倒数日历"
"eng_Latn","soccer advent calendar 2025","2025年足球圣诞倒数日历"
"eng_Latn","best advent calendar 2025","2025年精选圣诞倒数日历"
"eng_Latn","funko advent calendar 2025","2025年Funko圣诞倒数日历"
"eng_Latn","advent calendar 2025 candy","2025年糖果圣诞倒数日历"
"eng_Latn","christmas advent calendar 2025","2025年圣诞倒数日历"
"eng_Latn","playmobil advent calendar","Playmobil圣诞倒数日历"
"eng_Latn","fun advent calendar 2025","2025年趣味圣诞倒数日历"
"eng_Latn","skincare advent calendar 2025","2025年护肤圣诞倒数日历"
"eng_Latn","teen advent calendar","青少年圣诞倒数日历"
"eng_Latn","toy advent calendar 2025","2025年玩具圣诞倒数日历"
"eng_Latn","baby advent calendar 2025","2025年婴幼儿圣诞倒数日历"
"eng_Latn","fillable advent calendar","可填充圣诞倒数日历"
"eng_Latn","brainrot advent calendar","Brainrot圣诞倒数日历"
"eng_Latn","baseball advent calendar","棒球圣诞倒数日历"
"eng_Latn","advent calendar 2025 men","2025年男士圣诞倒数日历"
"eng_Latn","f1 advent calendar","F1圣诞倒数日历"
"eng_Latn","clue advent calendar 2025","2025年线索圣诞倒数日历"
"eng_Latn","sports advent calendar 2025","2025年运动圣诞倒数日历"
"eng_Latn","skin care advent calendar 2025","2025年护肤圣诞倒数日历"
"eng_Latn","elf advent calendar","e.l.f.圣诞倒数日历"
"eng_Latn","kpop advent calendar 2025","2025年K-pop圣诞倒数日历"
"eng_Latn","advent calendar women","女士圣诞倒数日历"
"eng_Latn","brainrot advent calendar 2025","2025年Brainrot圣诞倒数日历"
"eng_Latn","christmas advent calendar","圣诞倒数日历"
"eng_Latn","taylor swift advent calendar","Taylor Swift圣诞倒数日历"
"eng_Latn","2025 advent calendar","2025年圣诞倒数日历"
"eng_Latn","chapstick advent calendar 2025","2025年润唇膏圣诞倒数日历"
"eng_Latn","polaroid advent calendar","宝丽来圣诞倒数日历"
"eng_Latn","hotwheels advent calendar 2025","2025年风火轮圣诞倒数日历"
"eng_Latn","nightmare before christmas advent calendar","《圣诞夜惊魂》圣诞倒数日历"
"eng_Latn","sea glass advent calendar 2025","2025年海洋玻璃圣诞倒数日历"
"eng_Latn","crochet advent calendar 2025","2025年钩针编织圣诞倒数日历"
"eng_Latn","skincare advent calendar","护肤圣诞倒数日历"
"eng_Latn","women advent calendar 2025","2025年女士圣诞倒数日历"
"eng_Latn","marvel advent calendar 2025","2025年漫威圣诞倒数日历"
"eng_Latn","star wars advent calendar","《星球大战》圣诞倒数日历"
"eng_Latn","advent calendar teen girl","青少年女孩圣诞倒数日历"
"eng_Latn","magnatiles advent calendar","Magna-Tiles圣诞倒数日历"
"eng_Latn","seaglass advent calendar","海洋玻璃圣诞倒数日历"
"eng_Latn","advent calendar men","男士圣诞倒数日历"
"eng_Latn","labubu advent calendar","Labubu圣诞倒数日历"
"eng_Latn","crochet advent calendar","钩针编织圣诞倒数日历"
"eng_Latn","advent calendar for tween girls","青少年女孩圣诞倒数日历"
"eng_Latn","alcohol advent calendar 2025","2025年酒类圣诞倒数日历"
"eng_Latn","12 days of beauty advent calendar","12天美妆圣诞倒数日历"
"eng_Latn","survival advent calendar 2025","2025年生存圣诞倒数日历"
"eng_Latn","stitch advent calendar","史迪奇圣诞倒数日历"
"eng_Latn","friends advent calendar 2025","2025年《老友记》圣诞倒数日历"
"eng_Latn","nfl advent calendar 2025","2025年NFL圣诞倒数日历"
"eng_Latn","f1 advent calendar 2025","2025年F1圣诞倒数日历"
"eng_Latn","exit advent calendar 2025","2025年EXIT圣诞倒数日历"
"eng_Latn","cvs advent calendar","CVS圣诞倒数日历"
"eng_Latn","guitar pick advent calendar","吉他拨片圣诞倒数日历"
"eng_Latn","avent calendar 2025 christmas","2025年圣诞倒数日历"
"eng_Latn","eos advent calendar","eos圣诞倒数日历"
"eng_Latn","whisky advent calendar 2025","2025年威士忌圣诞倒数日历"
"eng_Latn","princess advent calendar 2025","2025年公主圣诞倒数日历"
"eng_Latn","lego friends advent calendar 2025","2025年乐高《老友记》圣诞倒数日历"
"eng_Latn","advent calendar boxes","盒子圣诞倒数日历"
"eng_Latn","hot chocolate advent calendar","热巧克力圣诞倒数日历"
"eng_Latn","sonic advent calendar 2025","2025年索尼克圣诞倒数日历"
"eng_Latn","teen boy advent calendar","青少年男孩圣诞倒数日历"
"eng_Latn","lego star wars advent calendar","乐高《星球大战》圣诞倒数日历"
"eng_Latn","rubber duck advent calendar 2025","2025年橡皮鸭圣诞倒数日历"
"eng_Latn","trending advent calendars","热门圣诞倒数日历"
"eng_Latn","spiderman advent calendar 2025","2025年蜘蛛侠圣诞倒数日历"
"eng_Latn","skin care advent calendar","护肤圣诞倒数日历"
"eng_Latn","fortnite advent calendar 2025","2025年Fortnite圣诞倒数日历"
"eng_Latn","hot chocolate advent calendar 2025","2025年热巧克力圣诞倒数日历"
"eng_Latn","adult advent calendars","成人圣诞倒数日历"
"eng_Latn","loreal advent calendar","欧莱雅圣诞倒数日历"
"eng_Latn","duck advent calendar 2025","2025年鸭子圣诞倒数日历"
"eng_Latn","best christmas advent calendars","精选圣诞倒数日历"
"eng_Latn","advent calendar empty","空白圣诞倒数日历"
"eng_Latn","doorables advent calendar","Disney Doorables圣诞倒数日历"
"eng_Latn","christian advent calendar 2025","2025年基督教主题圣诞倒数日历"
"eng_Latn","coffee advent calendar","咖啡圣诞倒数日历"
"eng_Latn","gilmore girls advent calendar","《吉尔莫女孩》圣诞倒数日历"
"eng_Latn","advent calendar 2025 for women","2025年女士圣诞倒数日历"
"eng_Latn","advent calendars for men","男士圣诞倒数日历"
"eng_Latn","advent calendar boys","男孩圣诞倒数日历"
"eng_Latn","advent calendar 2025 for teens","2025年青少年圣诞倒数日历"
"eng_Latn","advent calendar teen boy","青少年男孩圣诞倒数日历"
"eng_Latn","christmas calendar advent","圣诞倒数日历"
"eng_Latn","advent calendars for girls","女孩圣诞倒数日历"
"eng_Latn","cologne advent calendar for men","男士香水圣诞倒数日历"
"eng_Latn","food advent calendar","食品圣诞倒数日历"
"eng_Latn","guitar pick advent calendar 2025","2025年吉他拨片圣诞倒数日历"
"eng_Latn","tequila advent calendar 2025","2025年龙舌兰酒圣诞倒数日历"
"eng_Latn","advent calendars for women","女士圣诞倒数日历"
"eng_Latn","craft advent calendar","手工圣诞倒数日历"
"eng_Latn","lego flower advent calendar 2025","2025年乐高花卉圣诞倒数日历"
"eng_Latn","dnd advent calendar","D&D圣诞倒数日历"
"eng_Latn","12 day advent calendar","12天圣诞倒数日历"
"eng_Latn","advent calendar 2025 for adults","2025年成人圣诞倒数日历"
"eng_Latn","italian brainrot advent calendar","意大利Brainrot圣诞倒数日历"
"eng_Latn","crystal advent calendar 2025","2025年水晶圣诞倒数日历"
"eng_Latn","advent calendar for men 2025","2025年男士圣诞倒数日历"
"eng_Latn","kid advent calendar 2025","2025年儿童圣诞倒数日历"
"eng_Latn","unique advent calendar 2025","2025年独特圣诞倒数日历"
"eng_Latn","basketball advent calendar 2025","2025年篮球圣诞倒数日历"
"eng_Latn","adopt me advent calendar","Adopt Me圣诞倒数日历"
"eng_Latn","teen girl advent calendar","青少年女孩圣诞倒数日历"
"eng_Latn","advent calendar for dogs","狗狗圣诞倒数日历"
"eng_Latn","amazon beauty advent calendar 2025","2025年亚马逊美妆圣诞倒数日历"
"eng_Latn","2025 toy advent calendar","2025年玩具圣诞倒数日历"
"eng_Latn","paw patrol advent calendar","《汪汪队立大功》圣诞倒数日历"
"eng_Latn","dnd advent calendar 2025","2025年D&D圣诞倒数日历"
"eng_Latn","advent calendar girls","女孩圣诞倒数日历"
"eng_Latn","kids advent calendar 2025 girls","2025年儿童女孩圣诞倒数日历"
"eng_Latn","bath and body works advent calendar","Bath & Body Works圣诞倒数日历"
"eng_Latn","cars advent calendar 2025","2025年汽车总动员圣诞倒数日历"
"eng_Latn","micromallows advent calendar","micromallows圣诞倒数日历"
"eng_Latn","advent calendar 2025 food","2025年食品圣诞倒数日历"
"eng_Latn","12 days of christmas advent calendar","12天圣诞倒数日历"
"eng_Latn","demon slayer advent calendar","《鬼灭之刃》圣诞倒数日历"
"eng_Latn","dragon advent calendar 2025","2025年龙圣诞倒数日历"
"eng_Latn","national parks advent calendar 2025","2025年国家公园圣诞倒数日历"
"eng_Latn","national geographic advent calendar","国家地理圣诞倒数日历"
"eng_Latn","car advent calendar 2025","2025年汽车圣诞倒数日历"
"eng_Latn","capybara advent calendar 2025","2025年水豚圣诞倒数日历"
"eng_Latn","advent calendars chocolate","巧克力圣诞倒数日历"
"eng_Latn","horse advent calendar 2025","2025年马匹圣诞倒数日历"
"eng_Latn","snoopy advent calendar 2025","2025年史努比圣诞倒数日历"
"eng_Latn","advent calendar diy","DIY圣诞倒数日历"
"eng_Latn","godiva advent calendar 2025","2025年Godiva圣诞倒数日历"
"eng_Latn","advent calendar 2025 teen boys","2025年青少年男孩圣诞倒数日历"
"eng_Latn","squishy advent calendar 2025","2025年解压玩具圣诞倒数日历"
"eng_Latn","advent calendars for boys","男孩圣诞倒数日历"
"eng_Latn","exit advent calendar","EXIT圣诞倒数日历"
"eng_Latn","make your own advent calendar","DIY圣诞倒数日历"
"eng_Latn","hunting advent calendar 2025","2025年狩猎圣诞倒数日历"
"eng_Latn","art advent calendar","艺术圣诞倒数日历"
"eng_Latn","roblox advent calendar","Roblox圣诞倒数日历"
"eng_Latn","bourbon advent calendar","烈酒圣诞倒数日历"
"eng_Latn","nedoh advent calendar 2025","2025年nedoh圣诞倒数日历"
"eng_Latn","dark chocolate advent calendar","黑巧克力圣诞倒数日历"
"eng_Latn","ornament advent calendar","装饰品圣诞倒数日历"
"eng_Latn","squishmallows advent calendar","Squishmallows圣诞倒数日历"
"eng_Latn","beetles advent calendar 2025","2025年Beetles圣诞倒数日历"
"eng_Latn","sock advent calendar 2025","2025年袜子圣诞倒数日历"
"eng_Latn","dark chocolate advent calendar 2025","2025年黑巧克力圣诞倒数日历"
"eng_Latn","polly pocket advent calendar","波莉口袋圣诞倒数日历"
"eng_Latn","loreal advent calendar 2025","2025年欧莱雅圣诞倒数日历"
"eng_Latn","one piece advent calendar","《海贼王》圣诞倒数日历"
"eng_Latn","advent calendar fillers","圣诞倒数日历填充物"
"eng_Latn","christian advent calendar","基督教主题圣诞倒数日历"
"eng_Latn","emotional support advent calendar 2025","2025年情绪支持圣诞倒数日历"
"eng_Latn","mario advent calendar 2025","2025年马里奥圣诞倒数日历"
"eng_Latn","k pop demon hunters advent calendar","《KPop恶魔猎人》圣诞倒数日历"
"eng_Latn","toddler girl advent calendar 2025","2025年幼儿女孩圣诞倒数日历"
"eng_Latn","advent-calendar","圣诞倒数日历"
"eng_Latn","kendra scott advent calendar","Kendra Scott圣诞倒数日历"
"eng_Latn","dog treat advent calendar 2025","2025年狗狗零食圣诞倒数日历"
"eng_Latn","advent+calendar+for+adults","成人圣诞倒数日历"
"eng_Latn","lps advent calendar 2025","2025年LPS圣诞倒数日历"
"eng_Latn","lego advent calendars","乐高圣诞倒数日历"
"eng_Latn","grinch advent calendar","圣诞怪杰圣诞倒数日历"
"eng_Latn","bookish advent calendar","书迷圣诞倒数日历"
"eng_Latn","advent calendar 2025 for men","2025年男士圣诞倒数日历"
"eng_Latn","advent lego calendar 2025","2025年乐高圣诞倒数日历"
"eng_Latn","fortnite advent calendar","Fortnite圣诞倒数日历"
"eng_Latn","snack advent calendar 2025","2025年零食圣诞倒数日历"
"eng_Latn","beauty advent calendars","美妆圣诞倒数日历"
"eng_Latn","toddler boy advent calendar 2025","2025年幼儿男孩圣诞倒数日历"
"eng_Latn","advent chocolate calendar","巧克力圣诞倒数日历"
"eng_Latn","crystal advent calendar","水晶圣诞倒数日历"
"eng_Latn","lego minecraft advent calendar","乐高《我的世界》圣诞倒数日历"
"eng_Latn","sea glass christmas tree advent calendar","海洋玻璃圣诞树圣诞倒数日历"
"eng_Latn","art advent calendar 2025","2025年艺术圣诞倒数日历"
"eng_Latn","tween advent calendar 2025","2025年青少年圣诞倒数日历"
"eng_Latn","advent calendars for teen girls","青少年女孩圣诞倒数日历"
"eng_Latn","kinder advent calendar","Kinder圣诞倒数日历"
"eng_Latn","boy advent calendar","男孩圣诞倒数日历"
"eng_Latn","adult advent calendar 2025 for women","2025年成人女士圣诞倒数日历"
"eng_Latn","advent calendar pokemon","宝可梦圣诞倒数日历"
"eng_Latn","magna tiles advent calendar 2025","2025年Magna-Tiles磁力片圣诞倒数日历"
"eng_Latn","monster truck advent calendar","怪兽卡车圣诞倒数日历"
"eng_Latn","fnaf advent calendar 2025","2025年FNAF圣诞倒数日历"
"eng_Latn","science advent calendar 2025","2025年科学圣诞倒数日历"
"eng_Latn","advent calendar harry potter","《哈利·波特》圣诞倒数日历"
"eng_Latn","advent calendar for toddler girls","幼儿女孩圣诞倒数日历"
"eng_Latn","advent calendar￼","圣诞倒数日历"
"eng_Latn","best advent calendars for 2025","2025年精选圣诞倒数日历"
"eng_Latn","marvel advent calendar","漫威圣诞倒数日历"
"eng_Latn","advent calendar food","食品圣诞倒数日历"
"eng_Latn","advent calendars makeup","彩妆圣诞倒数日历"
"eng_Latn","book lovers advent calendar 2025","2025年书籍爱好者圣诞倒数日历"
"eng_Latn","advent calendars for toddlers","幼儿圣诞倒数日历"
"eng_Latn","best advent calendars","精选圣诞倒数日历"
"eng_Latn","kids advent calendar 2025 boys","2025年儿童男孩圣诞倒数日历"
"eng_Latn","dinosaur advent calendar","恐龙圣诞倒数日历"
"eng_Latn","hot sauce advent calendar","辣椒酱圣诞倒数日历"
"eng_Latn","wwe advent calendar 2025","2025年WWE圣诞倒数日历"
"eng_Latn","fnaf advent calendar","FNAF圣诞倒数日历"
"eng_Latn","lego christmas advent calendar","乐高圣诞倒数日历"
"eng_Latn","advent calendars lego","乐高圣诞倒数日历"
"eng_Latn","redbull advent calendar 2025","2025年红牛圣诞倒数日历"
"eng_Latn","3d printed advent calendar","3D打印圣诞倒数日历"
"eng_Latn","advent calendar mini brands","Mini Brands圣诞倒数日历"
"eng_Latn","teen advent calendar 2025 girls","2025年青少年女孩圣诞倒数日历"
"eng_Latn","book lovers advent calendar","书籍爱好者圣诞倒数日历"
"eng_Latn","monster jam advent calendar","Monster Jam圣诞倒数日历"
"eng_Latn","beetles advent calendar","Beetles圣诞倒数日历"
"eng_Latn","playdoh advent calendar 2025","2025年Play-Doh圣诞倒数日历"
"eng_Latn","beef jerky advent calendar 2025","2025年肉干圣诞倒数日历"
"eng_Latn","cheese advent calendar 2025","2025年奶酪圣诞倒数日历"
"eng_Latn","keurig advent calendar 2025","2025年keurig圣诞倒数日历"
"eng_Latn","dice advent calendar","骰子圣诞倒数日历"
"eng_Latn","lego city advent calendar","乐高城市圣诞倒数日历"
"eng_Latn","nail advent calendar","指甲护理圣诞倒数日历"
"eng_Latn","cadbury advent calendar 2025","2025年吉百利圣诞倒数日历"
"eng_Latn","playmobil advent calendar 2025","2025年Playmobil圣诞倒数日历"
"eng_Latn","diamond painting advent calendar","钻石画圣诞倒数日历"
"eng_Latn","snoopy advent calendar","史努比圣诞倒数日历"
"eng_Latn","star wars lego advent calendar 2025","2025年《星球大战》乐高圣诞倒数日历"
"eng_Latn","advent calendar chocolate 2025","2025年巧克力圣诞倒数日历"
"eng_Latn","fishing lure advent calendar","钓鱼诱饵圣诞倒数日历"
"eng_Latn","survival advent calendar","生存圣诞倒数日历"
"eng_Latn","lego advent calendar 2025 flowers","2025年乐高花卉圣诞倒数日历"
"eng_Latn","ulta advent calendar","ULTA圣诞倒数日历"
"eng_Latn","gabby dollhouse advent calendar 2025","2025年《盖比的娃娃屋》圣诞倒数日历"
"eng_Latn","advent calendar skincare","护肤圣诞倒数日历"
"eng_Latn","girl advent calendar","女孩圣诞倒数日历"
"eng_Latn","christmas vacation advent calendar","圣诞假期圣诞倒数日历"
"eng_Latn","escape room advent calendar","密室逃脱圣诞倒数日历"
"eng_Latn","bonne maman advent calendar","Bonne Maman圣诞倒数日历"
"eng_Latn","laneige advent calendar","laneige圣诞倒数日历"
"eng_Latn","snack advent calendar","零食圣诞倒数日历"
"eng_Latn","lego nativity advent calendar","乐高马槽圣诞倒数日历"
"eng_Latn","dog advent calendar 2025 treats","2025年狗狗零食圣诞倒数日历"
"eng_Latn","gnome advent calendar","地精圣诞倒数日历"
"eng_Latn","minecraft lego advent calendar 2025","2025年《我的世界》乐高圣诞倒数日历"
"eng_Latn","men advent calendar","男士圣诞倒数日历"
"eng_Latn","wine advent calendar","葡萄酒圣诞倒数日历"
"eng_Latn","jam advent calendar 2025","2025年果酱圣诞倒数日历"
"eng_Latn","clue advent calendar","线索圣诞倒数日历"
"eng_Latn","universal yums advent calendar","universalyums圣诞倒数日历"
"eng_Latn","lego friends advent calendar","乐高《老友记》圣诞倒数日历"
"eng_Latn","chocolate advent calendars","巧克力圣诞倒数日历"
"eng_Latn","ornament advent calendar 2025","2025年装饰品圣诞倒数日历"
"eng_Latn","2025 advent calendar kids","2025年儿童圣诞倒数日历"
"eng_Latn","taba squishy advent calendar","Taba解压玩具圣诞倒数日历"
"eng_Latn","advent calendar jewelry","珠宝首饰圣诞倒数日历"
"eng_Latn","one piece advent calendar 2025","2025年《海贼王》圣诞倒数日历"
"eng_Latn","hockey advent calendar 2025","2025年冰球圣诞倒数日历"
"eng_Latn","advent calendar for boys 10-12 years","男孩1012圣诞倒数日历"
"eng_Latn","advent calendar for couples","情侣圣诞倒数日历"
"eng_Latn","advent calendar 2025 adults","2025年成人圣诞倒数日历"
"eng_Latn","bath bomb advent calendar 2025","2025年沐浴球圣诞倒数日历"
"eng_Latn","eos advent calendar 2025","2025年eos圣诞倒数日历"
"eng_Latn","advent calendar box","盒子圣诞倒数日历"
"eng_Latn","schleich advent calendar","Schleich圣诞倒数日历"
"eng_Latn","beer advent calendar 2025","2025年啤酒圣诞倒数日历"
"eng_Latn","l oreal advent calendar","欧莱雅圣诞倒数日历"
"eng_Latn","advent calendars beauty","美妆圣诞倒数日历"
"eng_Latn","advent calendar toddler","幼儿圣诞倒数日历"
"eng_Latn","christmas advent calendar 2025 kids","2025年儿童圣诞倒数日历"
"eng_Latn","disney doorables advent calendar","迪士尼Disney Doorables圣诞倒数日历"
"eng_Latn","wooden advent calendar with drawers","木质抽屉圣诞倒数日历"
"eng_Latn","harry potter lego advent calendar","《哈利·波特》乐高圣诞倒数日历"
"eng_Latn","frozen advent calendar 2025","2025年《冰雪奇缘》圣诞倒数日历"
"eng_Latn","mini book advent calendar 2025","2025年迷你书籍圣诞倒数日历"
"eng_Latn","disney princess advent calendar","迪士尼公主圣诞倒数日历"
"eng_Latn","sock advent calendar","袜子圣诞倒数日历"
"eng_Latn","lip gloss advent calendar 2025","2025年唇彩圣诞倒数日历"
"eng_Latn","top 10 children's advent calendars","精选10款儿童s圣诞倒数日历"
"eng_Latn","kpop demon hunter advent calendar","《KPop恶魔猎人》圣诞倒数日历"
"eng_Latn","sol de janeiro advent calendar","Sol de Janeiro圣诞倒数日历"
"eng_Latn","squishmallows advent calendar 2025","2025年Squishmallows圣诞倒数日历"
"eng_Latn","escape room advent calendar 2025","2025年密室逃脱圣诞倒数日历"
"eng_Latn","moriah elizabeth advent calendar","moriahelizabeth圣诞倒数日历"
"eng_Latn","advent calendar adult","成人圣诞倒数日历"
"eng_Latn","hot sauce advent calendar 2025","2025年辣椒酱圣诞倒数日历"
"eng_Latn","frozen advent calendar","《冰雪奇缘》圣诞倒数日历"
"eng_Latn","my holidays are booked advent calendar","My Holidays Are Booked圣诞倒数日历"
"eng_Latn","book advent calendar 2025 adult","2025年书籍成人圣诞倒数日历"
"eng_Latn","men's advent calendar 2025","2025年男士s圣诞倒数日历"
"eng_Latn","advent calendar 2025 tea","2025年茶叶圣诞倒数日历"
"eng_Latn","24 day advent calendar","24天圣诞倒数日历"
"eng_Latn","advent calendar perfume","香水圣诞倒数日历"
"eng_Latn","teenage boy advent calendar","青少年男孩圣诞倒数日历"
"eng_Latn","glow recipe advent calendar","Glow Recipe圣诞倒数日历"
"eng_Latn","squishy advent calendar","解压玩具圣诞倒数日历"
"eng_Latn","advent calendar reusable","可重复使用圣诞倒数日历"
"eng_Latn","dice advent calendar 2025","2025年骰子圣诞倒数日历"
"eng_Latn","highland cow advent calendar","苏格兰高地牛圣诞倒数日历"
"eng_Latn","peanuts advent calendar","花生漫画圣诞倒数日历"
"eng_Latn","advent calendar for teen boy","青少年男孩圣诞倒数日历"
"eng_Latn","kid advent calendar","儿童圣诞倒数日历"
"eng_Latn","exit the game advent calendar","EXIT: The Game圣诞倒数日历"
"eng_Latn","kitsch advent calendar 2025","2025年kitsch圣诞倒数日历"
"eng_Latn","mini brand advent calendar 2025","2025年Mini 品牌圣诞倒数日历"
"eng_Latn","advent calendar stuffers","圣诞倒数日历填充物"
"eng_Latn","advent puzzle calendar 2025","2025年拼图圣诞倒数日历"
"eng_Latn","make up advent calendar","彩妆圣诞倒数日历"
"eng_Latn","sports advent calendar","运动圣诞倒数日历"
"eng_Latn","elf makeup advent calendar","e.l.f.彩妆圣诞倒数日历"
"eng_Latn","advent calendar 2025 pokemon","2025年宝可梦圣诞倒数日历"
"eng_Latn","stationery advent calendar 2025","2025年文具圣诞倒数日历"
"eng_Latn","advent calendar for pets","pets圣诞倒数日历"
"eng_Latn","pandora advent calendar","Pandora圣诞倒数日历"
"eng_Latn","football advent calendar","足球圣诞倒数日历"
"eng_Latn","womens advent calendar","女士圣诞倒数日历"
"eng_Latn","teen boys advent calendar 2025","2025年青少年男孩圣诞倒数日历"
"eng_Latn","advent calendar mini toys","迷你玩具圣诞倒数日历"
"eng_Latn","dachshund advent calendar 2025","2025年dachshund圣诞倒数日历"
"eng_Latn","candle advent calendar","蜡烛圣诞倒数日历"
"eng_Latn","advent calendar puzzle 2025","2025年拼图圣诞倒数日历"
"eng_Latn","soccer advent calendar","足球圣诞倒数日历"
"eng_Latn","tequila advent calendar","龙舌兰酒圣诞倒数日历"
"eng_Latn","nail advent calendar 2025","2025年指甲护理圣诞倒数日历"
"eng_Latn","christmas calendar countdown","圣诞倒计时日历"
"eng_Latn","schleich advent calendar 2025","2025年Schleich圣诞倒数日历"
"eng_Latn","k pop advent calendar 2025","2025年kPop圣诞倒数日历"
"eng_Latn","cologne advent calendar","男士香水圣诞倒数日历"
"eng_Latn","advent calendar for adults women","成人女士圣诞倒数日历"
"eng_Latn","advent calendar 2025 harry potter","2025年《哈利·波特》圣诞倒数日历"
"eng_Latn","beer advent calendar","啤酒圣诞倒数日历"
"eng_Latn","advent calendars￼","圣诞倒数日历"
"eng_Latn","advent calendar 2025 perfume","2025年香水圣诞倒数日历"
"eng_Latn","advent calendar books","书籍圣诞倒数日历"
"eng_Latn","bird advent calendar 2025","2025年鸟类圣诞倒数日历"
"eng_Latn","advent calendar bags","袋子圣诞倒数日历"
"eng_Latn","car advent calendar","汽车圣诞倒数日历"
"eng_Latn","chocolate advent calendar 2025 for adults","2025年巧克力成人圣诞倒数日历"
"eng_Latn","city lego advent calendar","城市乐高圣诞倒数日历"
"eng_Latn","avent calendar","圣诞倒数日历"
"eng_Latn","chocolate advent calendar 2025 kids","2025年巧克力儿童圣诞倒数日历"
"eng_Latn","refillable advent calendar","可重复填充圣诞倒数日历"
"eng_Latn","teen girls advent calendar 2025","2025年青少年女孩圣诞倒数日历"
"eng_Latn","horse advent calendar","马匹圣诞倒数日历"
"eng_Latn","train advent calendar","火车圣诞倒数日历"
"eng_Latn","advent calendar 2025 for kids","2025年儿童圣诞倒数日历"
"eng_Latn","advent calendar minecraft","《我的世界》圣诞倒数日历"
"eng_Latn","advent calendar craft","手工圣诞倒数日历"
"eng_Latn","wine advent calendar 2025 adult","2025年葡萄酒成人圣诞倒数日历"
"eng_Latn","diamond art advent calendar","钻石艺术圣诞倒数日历"
"eng_Latn","capybara advent calendar","水豚圣诞倒数日历"
"eng_Latn","puzzle advent calendar 2025 adult","2025年拼图成人圣诞倒数日历"
"eng_Latn","rock advent calendar 2025","2025年摇滚圣诞倒数日历"
"eng_Latn","advent calendar empty boxes to fill","空白盒子可填充圣诞倒数日历"
"eng_Latn","dungeons and dragons advent calendar","Dungeons & Dragons圣诞倒数日历"
"eng_Latn","advent calendar for cats","猫咪圣诞倒数日历"
"eng_Latn","cool advent calendars","酷圣诞倒数日历"
"eng_Latn","family advent calendar","家庭圣诞倒数日历"
"eng_Latn","kpop demon hunters advent calendar 2025","2025年《K-pop恶魔猎人》圣诞倒数日历"
"eng_Latn","wwii aircraft advent calendar","二战飞机圣诞倒数日历"
"eng_Latn","advent calendar 2025 for girls","2025年女孩圣诞倒数日历"
"eng_Latn","hanging advent calendar","悬挂式圣诞倒数日历"
"eng_Latn","advent calendar 2025 for teen girls","2025年青少年女孩圣诞倒数日历"
"eng_Latn","advent calendar 2025 amazon","2025年亚马逊圣诞倒数日历"
"eng_Latn","whiskey advent calendar for adults","威士忌成人圣诞倒数日历"
"eng_Latn","advent calendar boxes empty","盒子空白圣诞倒数日历"
"eng_Latn","advent calendar tea","茶叶圣诞倒数日历"
"eng_Latn","bts advent calendar","bts圣诞倒数日历"
"eng_Latn","advent calendars for teen boys","青少年男孩圣诞倒数日历"
"eng_Latn","bird advent calendar","鸟类圣诞倒数日历"
"eng_Latn","bitty pop advent calendar","bittyPop圣诞倒数日历"
"eng_Latn","calendar advent","圣诞倒数日历"
"eng_Latn","disney princess advent calendar 2025","2025年迪士尼公主圣诞倒数日历"
"eng_Latn","blank advent calendar","空白圣诞倒数日历"
"eng_Latn","friends advent calendar","《老友记》圣诞倒数日历"
"eng_Latn","religious advent calendar 2025","2025年宗教圣诞倒数日历"
"eng_Latn","elf on the shelf advent calendar","The Elf on the Shelf圣诞倒数日历"
"eng_Latn","lego nativity advent calendar 2025","2025年乐高马槽圣诞倒数日历"
"eng_Latn","advent calendar 2025 for boys","2025年男孩圣诞倒数日历"
"eng_Latn","guitar advent calendar","吉他圣诞倒数日历"
"eng_Latn","tween girl advent calendar 2025","2025年青少年女孩圣诞倒数日历"
"eng_Latn","cars advent calendar","汽车总动员圣诞倒数日历"
"eng_Latn","peppa pig advent calendar 2025","2025年《小猪佩奇》圣诞倒数日历"
"eng_Latn","advent calendar 2025 skincare","2025年护肤圣诞倒数日历"
"eng_Latn","advent calendar disney","迪士尼圣诞倒数日历"
"eng_Latn","dragon advent calendar","龙圣诞倒数日历"
"eng_Latn","advent calendar sephora","丝芙兰圣诞倒数日历"
"eng_Latn","advent calendar for girls 8-10","女孩810圣诞倒数日历"
"eng_Latn","amazon advent beauty calendar 2025","2025年亚马逊美妆圣诞倒数日历"
"eng_Latn","woobles advent calendar","woobles圣诞倒数日历"
"eng_Latn","jurassic world advent calendar","侏罗纪世界圣诞倒数日历"
"eng_Latn","advent calendar anime","动漫圣诞倒数日历"
"eng_Latn","pokemon card advent calendar","宝可梦卡片圣诞倒数日历"
"eng_Latn","advent calendar teen","青少年圣诞倒数日历"
"eng_Latn","lego harry potter advent calendar","乐高《哈利·波特》圣诞倒数日历"
"eng_Latn","national lampoon's advent calendar","National Lampoon圣诞倒数日历"
"eng_Latn","advent calendar hot wheels","风火轮圣诞倒数日历"
"eng_Latn","spa advent calendar 2025","2025年SPA圣诞倒数日历"
"eng_Latn","toddler advent calendar 2025 girls","2025年幼儿女孩圣诞倒数日历"
"eng_Latn","peppa pig advent calendar","《小猪佩奇》圣诞倒数日历"
"eng_Latn","advent calendars kids","儿童圣诞倒数日历"
"eng_Latn","basketball advent calendar","篮球圣诞倒数日历"
"eng_Latn","empty advent calendar boxes","空白盒子圣诞倒数日历"
"eng_Latn","demon slayer advent calendar 2025","2025年《鬼灭之刃》圣诞倒数日历"
"eng_Latn","lindt chocolate advent calendar","瑞士莲巧克力圣诞倒数日历"
"eng_Latn","building block advent calendar 2025","2025年积木圣诞倒数日历"
"eng_Latn","men's advent calendar","男士s圣诞倒数日历"
"eng_Latn","advent calendar squishmallow","Squishmallows圣诞倒数日历"
"eng_Latn","burts bees advent calendar 2025","2025年Burt's Bees圣诞倒数日历"
"eng_Latn","couples advent calendar","情侣圣诞倒数日历"
"eng_Latn","rubber duck advent calendar","橡皮鸭圣诞倒数日历"
"eng_Latn","mini brand advent calendar","Mini 品牌圣诞倒数日历"
"eng_Latn","survival kit advent calendar","生存套装圣诞倒数日历"
"eng_Latn","sanrio advent calendar 2025","2025年三丽鸥圣诞倒数日历"
"eng_Latn","sonic advent calendar","索尼克圣诞倒数日历"
"eng_Latn","advent calendar for toddler boy","幼儿男孩圣诞倒数日历"
"eng_Latn","stationery advent calendar","文具圣诞倒数日历"
"eng_Latn","3d printed advent calendar 2025","2025年3D打印圣诞倒数日历"
"eng_Latn","peanuts advent calendar 2025","2025年花生漫画圣诞倒数日历"
"eng_Latn","fun advent calendar","趣味圣诞倒数日历"
"eng_Latn","jurassic park advent calendar 2025","2025年侏罗纪公园圣诞倒数日历"
"eng_Latn","advent calendar slime","史莱姆圣诞倒数日历"
"eng_Latn","funny advent calendar 2025","2025年趣味圣诞倒数日历"
"eng_Latn","advent calendar fishing","垂钓圣诞倒数日历"
"eng_Latn","women advent calendar","女士圣诞倒数日历"
"eng_Latn","sheglam advent calendar","sheglam圣诞倒数日历"
"eng_Latn","advent calendar roblox","Roblox圣诞倒数日历"
"eng_Latn","bigfoot advent calendar","大脚怪圣诞倒数日历"
"eng_Latn","popcorn advent calendar","爆米花圣诞倒数日历"
"eng_Latn","advent calendars candy","糖果圣诞倒数日历"
"eng_Latn","christmas advent calendars for adults","成人圣诞倒数日历"
"eng_Latn","really cool advent calendars","really酷圣诞倒数日历"
"eng_Latn","korean skincare advent calendar","韩式护肤圣诞倒数日历"
"eng_Latn","charm bracelet advent calendar","手链圣诞倒数日历"
"eng_Latn","survival kit advent calendar 2025","2025年生存套装圣诞倒数日历"
"eng_Latn","advent calendar for babies","婴幼儿圣诞倒数日历"
"eng_Latn","mystery advent calendar 2025","2025年神秘圣诞倒数日历"
"eng_Latn","advent calendar funko","Funko圣诞倒数日历"
"eng_Latn","adult advent calendar 2025 for couples","2025年成人情侣圣诞倒数日历"
"eng_Latn","five nights at freddy's advent calendar","《玩具熊的五夜后宫》圣诞倒数日历"
"eng_Latn","reeses advent calendar 2025","2025年reeses圣诞倒数日历"
"eng_Latn","alcohol advent calendar","酒类圣诞倒数日历"
"eng_Latn","bibliophile advent calendar","爱书者圣诞倒数日历"
"eng_Latn","pokemon card advent calendar 2025","2025年宝可梦卡片圣诞倒数日历"
"eng_Latn","train advent calendar 2025","2025年火车圣诞倒数日历"
"eng_Latn","nfl advent calendar","NFL圣诞倒数日历"
"eng_Latn","sugarfina advent calendar 2025","2025年sugarfina圣诞倒数日历"
"eng_Latn","jesus advent calendar 2025","2025年耶稣圣诞倒数日历"
"eng_Latn","mens cologne advent calendar 2025","2025年男士男士香水圣诞倒数日历"
"eng_Latn","science advent calendar","科学圣诞倒数日历"
"eng_Latn","advent calendar needoh","NeeDoh圣诞倒数日历"
"eng_Latn","sanrio advent calendar","三丽鸥圣诞倒数日历"
"eng_Latn","unicorn advent calendar 2025","2025年独角兽圣诞倒数日历"
"eng_Latn","kids advent calendars","儿童圣诞倒数日历"
"eng_Latn","chapstick advent calendar","润唇膏圣诞倒数日历"
"eng_Latn","diy empty advent calendar","DIY空白圣诞倒数日历"
"eng_Latn","porsche advent calendar","Porsche圣诞倒数日历"
"eng_Latn","advent calendar 2025 mini brands","2025年Mini Brands圣诞倒数日历"
"eng_Latn","hockey advent calendar","冰球圣诞倒数日历"
"eng_Latn","spa advent calendar","SPA圣诞倒数日历"
"eng_Latn","baseball card advent calendar","棒球卡片圣诞倒数日历"
"eng_Latn","stray kids advent calendar","Stray Kids圣诞倒数日历"
"eng_Latn","advent calendar amazon","亚马逊圣诞倒数日历"
"eng_Latn","christian advent calendar for kids","基督教儿童圣诞倒数日历"
"eng_Latn","minecraft lego advent calendar","《我的世界》乐高圣诞倒数日历"
"eng_Latn","jerky advent calendar 2025","2025年肉干圣诞倒数日历"
"eng_Latn","advent calendar for mom","妈妈圣诞倒数日历"
"eng_Latn","book lover advent calendar","书籍爱好者圣诞倒数日历"
"eng_Latn","legos advent calendar 2025","2025年乐高圣诞倒数日历"
"eng_Latn","toy advent calendar","玩具圣诞倒数日历"
"eng_Latn","airplane advent calendar","飞机圣诞倒数日历"
"eng_Latn","bigfoot advent calendar 2025","2025年大脚怪圣诞倒数日历"
"eng_Latn","advent chocolate calendar 2025","2025年巧克力圣诞倒数日历"
"eng_Latn","flower advent calendar","花卉圣诞倒数日历"
"eng_Latn","advent calendar for book lovers","书籍爱好者圣诞倒数日历"
"eng_Latn","makeup advent calendar 2025 sephora","2025年彩妆丝芙兰圣诞倒数日历"
"eng_Latn","simpsons advent calendar","《辛普森一家》圣诞倒数日历"
"eng_Latn","unusual advent calendar for adults","特别成人圣诞倒数日历"
"eng_Latn","teenymates advent calendar 2025","2025年teenymates圣诞倒数日历"
"eng_Latn","vegan advent calendar","纯素圣诞倒数日历"
"eng_Latn","horror advent calendar","恐怖圣诞倒数日历"
"eng_Latn","topps advent calendar baseball 2025","2025年Topps棒球圣诞倒数日历"
"eng_Latn","advent calendar 2025 toddler","2025年幼儿圣诞倒数日历"
"eng_Latn","doorables advent calendar 2025","2025年Disney Doorables圣诞倒数日历"
"eng_Latn","advent calendar adults","成人圣诞倒数日历"
"eng_Latn","nail polish advent calendar 2025","2025年指甲护理指甲油圣诞倒数日历"
"eng_Latn","national park advent calendar","国家公园圣诞倒数日历"
"eng_Latn","football card advent calendar 2025","2025年足球卡片圣诞倒数日历"
"eng_Latn","music advent calendar 2025","2025年音乐圣诞倒数日历"
"eng_Latn","boys advent calendar 2025 christmas","2025年男孩圣诞倒数日历"
"eng_Latn","unusual advent calendars","特别圣诞倒数日历"
"eng_Latn","advent calendar lego 2025","2025年乐高圣诞倒数日历"
"eng_Latn","advent calendar teens","青少年圣诞倒数日历"
"eng_Latn","little girl advent calendar 2025","2025年小女孩圣诞倒数日历"
"eng_Latn","national parks advent calendar","国家公园圣诞倒数日历"
"eng_Latn","advent calendar 2025 needoh","2025年NeeDoh圣诞倒数日历"
"eng_Latn","advent calendar hello kitty","Hello Kitty圣诞倒数日历"
"eng_Latn","princess advent calendar","公主圣诞倒数日历"
"eng_Latn","charm bracelet advent calendar 2025","2025年手链圣诞倒数日历"
"eng_Latn","spongebob advent calendar","海绵宝宝圣诞倒数日历"
"eng_Latn","25 days of christmas advent calendar","25天圣诞倒数日历"
"eng_Latn","advent calendar for boys 5-7","男孩57圣诞倒数日历"
"eng_Latn","advent calendar toddler girl","幼儿女孩圣诞倒数日历"
"eng_Latn","starwars advent calendar 2025","2025年《星球大战》圣诞倒数日历"
"eng_Latn","hamilton advent calendar 2025","2025年hamilton圣诞倒数日历"
"eng_Latn","coolest advent calendars for adults","最酷成人圣诞倒数日历"
"eng_Latn","lord of the rings advent calendar","《指环王》圣诞倒数日历"
"eng_Latn","advent calendar 2025 minecraft","2025年《我的世界》圣诞倒数日历"
"eng_Latn","gabby dollhouse advent calendar","《盖比的娃娃屋》圣诞倒数日历"
"eng_Latn","opi advent calendar 2025","2025年opi圣诞倒数日历"
"eng_Latn","advent calendar socks","袜子圣诞倒数日历"
"eng_Latn","lego harry potter advent calendar 2025","2025年乐高《哈利·波特》圣诞倒数日历"
"eng_Latn","teenage girl advent calendar 2025","2025年青少年女孩圣诞倒数日历"
"eng_Latn","unique advent calendar","独特圣诞倒数日历"
"eng_Latn","advent calendar fidget","解压玩具圣诞倒数日历"
"eng_Latn","axolotl advent calendar 2025","2025年六角恐龙圣诞倒数日历"
"eng_Latn","national park advent calendar 2025","2025年国家公园圣诞倒数日历"
"eng_Latn","wera advent calendar 2025","2025年wera圣诞倒数日历"
"eng_Latn","fill your own advent calendar","自行填充式圣诞倒数日历"
"eng_Latn","pop advent calendar 2025","2025年Pop圣诞倒数日历"
"eng_Latn","fabric advent calendar","布艺圣诞倒数日历"
"eng_Latn","die hard advent calendar","diehard圣诞倒数日历"
"eng_Latn","liquor advent calendar 2025","2025年酒类圣诞倒数日历"
"eng_Latn","nail polish advent calendar","指甲护理指甲油圣诞倒数日历"
"eng_Latn","spiderman advent calendar","蜘蛛侠圣诞倒数日历"
"eng_Latn","the rescuer advent calendar","The Rescuer圣诞倒数日历"
"eng_Latn","advent calendar boxes to fill","盒子可填充圣诞倒数日历"
"eng_Latn","transformers advent calendar","变形金刚圣诞倒数日历"
"eng_Latn","advent calendar 2024 kids","2024年儿童圣诞倒数日历"
"eng_Latn","advent calendar ornaments","装饰品圣诞倒数日历"
"eng_Latn","dog treat advent calendar","狗狗零食圣诞倒数日历"
"eng_Latn","duck advent calendar","鸭子圣诞倒数日历"
"eng_Latn","lindt chocolate advent calendar 2025","2025年瑞士莲巧克力圣诞倒数日历"
"eng_Latn","build a bear advent calendar 2025","2025年Build-A-Bear圣诞倒数日历"
"eng_Latn","advent calendar for girls teen","女孩青少年圣诞倒数日历"
"eng_Latn","advent calendar for women adults","女士成人圣诞倒数日历"
"eng_Latn","cow advent calendar 2025","2025年奶牛圣诞倒数日历"
"eng_Latn","advent calendar for kids 2025","2025年儿童圣诞倒数日历"
"eng_Latn","advent calendar 2025 puzzle","2025年拼图圣诞倒数日历"
"eng_Latn","corgi advent calendar 2025","2025年corgi圣诞倒数日历"
"eng_Latn","christmas vacation advent calendar 2025","2025年圣诞假期圣诞倒数日历"
"eng_Latn","advent calendar funko pop","Funko Pop圣诞倒数日历"
"eng_Latn","cheese advent calendar","奶酪圣诞倒数日历"
"eng_Latn","gemstone advent calendar 2025","2025年宝石圣诞倒数日历"
"eng_Latn","christmas tree advent calendar","圣诞树圣诞倒数日历"
"eng_Latn","cookie advent calendar 2025","2025年饼干圣诞倒数日历"
"eng_Latn","gamer advent calendar 2025","2025年游戏玩家圣诞倒数日历"
"eng_Latn","mario advent calendar","马里奥圣诞倒数日历"
"eng_Latn","toddler advent calendar 2025 boys","2025年幼儿男孩圣诞倒数日历"
"eng_Latn","nba advent calendar 2025","2025年NBA圣诞倒数日历"
"eng_Latn","ulta beauty advent calendar","ULTA美妆圣诞倒数日历"
"eng_Latn","advent calendar 2025 squishmallows","2025年Squishmallows圣诞倒数日历"
"eng_Latn","nutcracker advent calendar","胡桃夹子圣诞倒数日历"
"eng_Latn","step 2 advent calendar","step2圣诞倒数日历"
"eng_Latn","flamingo advent calendar 2025","2025年flamingo圣诞倒数日历"
"eng_Latn","nespresso advent calendar 2025","2025年Nespresso圣诞倒数日历"
"eng_Latn","d&d advent calendar 2025","2025年D&D圣诞倒数日历"
"eng_Latn","pavoi advent calendar","pavoi圣诞倒数日历"
"eng_Latn","baseball card advent calendar 2025","2025年棒球卡片圣诞倒数日历"
"eng_Latn","diamond art advent calendar 2025","2025年钻石艺术圣诞倒数日历"
"eng_Latn","funny advent calendar","趣味圣诞倒数日历"
"eng_Latn","woman advent calendar 2025","2025年女士圣诞倒数日历"
"eng_Latn","elf on the shelf advent calendar 2025","2025年The Elf on the Shelf圣诞倒数日历"
"eng_Latn","build a bear advent calendar","Build-A-Bear圣诞倒数日历"
"eng_Latn","lindt advent calendar 2025 chocolate","2025年瑞士莲巧克力圣诞倒数日历"
"eng_Latn","video game advent calendar","电子游戏圣诞倒数日历"
"eng_Latn","advent calendar bluey","Bluey圣诞倒数日历"
"eng_Latn","american girl advent calendar","美国 女孩圣诞倒数日历"
"eng_Latn","godzilla advent calendar","哥斯拉圣诞倒数日历"
"eng_Latn","my hero academia advent calendar","《我的英雄学院》圣诞倒数日历"
"eng_Latn","book advent calendar 2025 kids","2025年书籍儿童圣诞倒数日历"
"eng_Latn","wood advent calendar","木质圣诞倒数日历"
"eng_Latn","hanging advent calendar with pockets","悬挂口袋式圣诞倒数日历"
"eng_Latn","pusheen advent calendar 2025","2025年pusheen圣诞倒数日历"
"eng_Latn","murder mystery advent calendar","谋杀神秘圣诞倒数日历"
"eng_Latn","cologne advent calendar 2025","2025年男士香水圣诞倒数日历"
"eng_Latn","tool advent calendar","工具圣诞倒数日历"
"eng_Latn","catholic advent calendar","天主教圣诞倒数日历"
"eng_Latn","netflix advent calendar","奈飞圣诞倒数日历"
"eng_Latn","spidey advent calendar 2025","2025年蜘蛛侠圣诞倒数日历"
"eng_Latn","advent calendar coffee","咖啡圣诞倒数日历"
"eng_Latn","tween advent calendar","青少年圣诞倒数日历"
"eng_Latn","hershey advent calendar 2025","2025年好时圣诞倒数日历"
"eng_Latn","candy advent calendar 2025 christmas","2025年糖果圣诞倒数日历"
"eng_Latn","advent calendar for adults men","成人男士圣诞倒数日历"
"eng_Latn","barkbox advent calendar","barkbox圣诞倒数日历"
"eng_Latn","advent calendar toys","玩具圣诞倒数日历"
"eng_Latn","wwe advent calendar","WWE圣诞倒数日历"
"eng_Latn","glow recipe advent calendar 2025","2025年Glow Recipe圣诞倒数日历"
"eng_Latn","unique advent calendars","独特圣诞倒数日历"
"eng_Latn","fallout advent calendar 2025","2025年《辐射》圣诞倒数日历"
"eng_Latn","self care advent calendar 2025","2025年自我护理圣诞倒数日历"
"eng_Latn","animal advent calendar 2025","2025年动物圣诞倒数日历"
"eng_Latn","cute advent calendar","可爱圣诞倒数日历"
"eng_Latn","haribo advent calendar","哈瑞宝圣诞倒数日历"
"eng_Latn","jerky advent calendar","肉干圣诞倒数日历"
"eng_Latn","advent calendars girls","女孩圣诞倒数日历"
"eng_Latn","elf makeup advent calendar 2025","2025年e.l.f.彩妆圣诞倒数日历"
"eng_Latn","home alone advent calendar","《小鬼当家》圣诞倒数日历"
"eng_Latn","avent calendar 2025 teen","2025年青少年圣诞倒数日历"
"eng_Latn","bts advent calendar 2025","2025年bts圣诞倒数日历"
"eng_Latn","advent calendar puzzles","拼图圣诞倒数日历"
"eng_Latn","advent calendar stranger things","《怪奇物语》圣诞倒数日历"
"eng_Latn","advent calendars for women 2025","2025年女士圣诞倒数日历"
"eng_Latn","advent calendar women 2025","2025年女士圣诞倒数日历"
"eng_Latn","building block advent calendar","积木圣诞倒数日历"
"eng_Latn","mystery advent calendar","神秘圣诞倒数日历"
"eng_Latn","pusheen advent calendar","pusheen圣诞倒数日历"
"eng_Latn","simpsons advent calendar 2025","2025年《辛普森一家》圣诞倒数日历"
"eng_Latn","hamilton advent calendar","hamilton圣诞倒数日历"
"eng_Latn","baking advent calendar","烘焙圣诞倒数日历"
"eng_Latn","women's advent calendar 2025","2025年女士s圣诞倒数日历"
"eng_Latn","nativity advent calendar 2025 kids","2025年马槽儿童圣诞倒数日历"
"eng_Latn","christmas advent calendars for teens","青少年圣诞倒数日历"
"eng_Latn","advent calendar 2025 sephora","2025年丝芙兰圣诞倒数日历"
"eng_Latn","nutcracker advent calendar 2025","2025年胡桃夹子圣诞倒数日历"
"eng_Latn","advent calendar 2025 disney","2025年迪士尼圣诞倒数日历"
"eng_Latn","2025 sea glass advent calendar","2025年海洋玻璃圣诞倒数日历"
"eng_Latn","jurassic world advent calendar 2025","2025年侏罗纪世界圣诞倒数日历"
"eng_Latn","avent calendar 2025 kids","2025年儿童圣诞倒数日历"
"eng_Latn","broadway advent calendar","百老汇圣诞倒数日历"
"eng_Latn","magic the gathering advent calendar","Magic: The Gathering圣诞倒数日历"
"eng_Latn","play doh advent calendar 2025","2025年Play-Doh圣诞倒数日历"
"eng_Latn","bookish advent calendar 2025","2025年书迷圣诞倒数日历"
"eng_Latn","breyer advent calendar 2025","2025年breyer圣诞倒数日历"
"eng_Latn","horror advent calendar 2025","2025年恐怖圣诞倒数日历"
"eng_Latn","self care advent calendar","自我护理圣诞倒数日历"
"eng_Latn","cool advent calendars 2025","2025年酷圣诞倒数日历"
"eng_Latn","cookie advent calendar","饼干圣诞倒数日历"
"eng_Latn","advent calendar 2025 adult men","2025年成人男士圣诞倒数日历"
"eng_Latn","advent calendar fillers for kids","儿童圣诞倒数日历填充物"
"eng_Latn","loccitane advent calendar 2025","2025年欧舒丹圣诞倒数日历"
"eng_Latn","2025 advent calendar teens","2025年青少年圣诞倒数日历"
"eng_Latn","advent calendar 2025 teen","2025年青少年圣诞倒数日历"
"eng_Latn","advent calendar stitch","史迪奇圣诞倒数日历"
"eng_Latn","gamer advent calendar","游戏玩家圣诞倒数日历"
"eng_Latn","diy advent calendar 2025","2025年DIY圣诞倒数日历"
"eng_Latn","advent calendars women","女士圣诞倒数日历"
"eng_Latn","advent calendar toddler boy","幼儿男孩圣诞倒数日历"
"eng_Latn","advent calendar legos","乐高圣诞倒数日历"
"eng_Latn","hotwheels advent calendar","风火轮圣诞倒数日历"
"eng_Latn","lip gloss advent calendar","唇彩圣诞倒数日历"
"eng_Latn","perfume advent calendar 2025 for women","2025年香水女士圣诞倒数日历"
"eng_Latn","vegan advent calendar 2025","2025年纯素圣诞倒数日历"
"eng_Latn","best advent calendars 2025","2025年精选圣诞倒数日历"
"eng_Latn","advent calendar building blocks","积木圣诞倒数日历"
"eng_Latn","charlotte tilbury advent calendar","charlottetilbury圣诞倒数日历"
"eng_Latn","stikbot advent calendar 2025","2025年stikbot圣诞倒数日历"
"eng_Latn","topps advent calendar","Topps圣诞倒数日历"
"eng_Latn","advent calendar cars","汽车总动员圣诞倒数日历"
"eng_Latn","bon maman advent calendar 2025","2025年bonmaman圣诞倒数日历"
"eng_Latn","fishing advent calendar 2026","2026年垂钓圣诞倒数日历"
"eng_Latn","mini perfume advent calendar","迷你香水圣诞倒数日历"
"eng_Latn","bath and body advent calendar","沐浴与身体护理圣诞倒数日历"
"eng_Latn","national geographic advent calendar 2025","2025年国家地理圣诞倒数日历"
"eng_Latn","socks advent calendar","袜子圣诞倒数日历"
"eng_Latn","advent calendar for girls 10-12 years","女孩1012圣诞倒数日历"
"eng_Latn","animal advent calendar","动物圣诞倒数日历"
"eng_Latn","gluten free advent calendar","无麸质圣诞倒数日历"
"eng_Latn","hot cocoa advent calendar","热可可圣诞倒数日历"
"eng_Latn","sesame street advent calendar","芝麻街圣诞倒数日历"
"eng_Latn","whisky advent calendar","威士忌圣诞倒数日历"
"eng_Latn","candy advent calendar 2025 kids","2025年糖果儿童圣诞倒数日历"
"eng_Latn","disney cars advent calendar 2025","2025年迪士尼汽车总动员圣诞倒数日历"
"eng_Latn","advent calendar snacks","零食圣诞倒数日历"
"eng_Latn","lego advent calendar for christmas","乐高圣诞倒数日历"
"eng_Latn","advent calendar for dogs 2025","2025年狗狗圣诞倒数日历"
"eng_Latn","luxury advent calendar 2025","2025年奢华圣诞倒数日历"
"eng_Latn","advent calendar 2025 teens","2025年青少年圣诞倒数日历"
"eng_Latn","advent calendar 2025 girls 8-12","2025年女孩812圣诞倒数日历"
"eng_Latn","bath bomb advent calendar","沐浴球圣诞倒数日历"
"eng_Latn","kitsch advent calendar","kitsch圣诞倒数日历"
"eng_Latn","advent calendar christmas","圣诞倒数日历"
"eng_Latn","stem advent calendar 2025","2025年STEM圣诞倒数日历"
"eng_Latn","lego advent calendar for boys","乐高男孩圣诞倒数日历"
"eng_Latn","american girl advent calendar 2025","2025年美国 女孩圣诞倒数日历"
"eng_Latn","building blocks advent calendar","积木圣诞倒数日历"
"eng_Latn","fabric advent calendar with pockets","布艺口袋式圣诞倒数日历"
"eng_Latn","advent calendar boy","男孩圣诞倒数日历"
"eng_Latn","socks advent calendar 2025","2025年袜子圣诞倒数日历"
"eng_Latn","spongebob advent calendar 2025","2025年海绵宝宝圣诞倒数日历"
"eng_Latn","advent calendar nativity","马槽圣诞倒数日历"
"eng_Latn","my little pony advent calendar","《小马宝莉》圣诞倒数日历"
"eng_Latn","sex advent calendar","成人情趣圣诞倒数日历"
"eng_Latn","lindor advent calendar 2025","2025年Lindor圣诞倒数日历"
"eng_Latn","unusual advent calendars for him","unusualhim圣诞倒数日历"
"eng_Latn","fidget toy advent calendar","解压玩具玩具圣诞倒数日历"
"eng_Latn","advent calendars boys","男孩圣诞倒数日历"
"eng_Latn","tween advent calendar 2025 girls","2025年青少年女孩圣诞倒数日历"
"eng_Latn","empty advent calendar 2025","2025年空白圣诞倒数日历"
"eng_Latn","nascar advent calendar 2025","2025年nascar圣诞倒数日历"
"eng_Latn","tool advent calendar 2025","2025年工具圣诞倒数日历"
"eng_Latn","wine advent calendars for adults","葡萄酒成人圣诞倒数日历"
"eng_Latn","flower advent calendar 2025","2025年花卉圣诞倒数日历"
"eng_Latn","advent calendar with chocolate","巧克力圣诞倒数日历"
"eng_Latn","kendra scott advent calendar 2025","2025年Kendra Scott圣诞倒数日历"
"eng_Latn","lego advent calendars 2025","2025年乐高圣诞倒数日历"
"eng_Latn","bracelet advent calendar 2025","2025年手链圣诞倒数日历"
"eng_Latn","batman advent calendar","蝙蝠侠圣诞倒数日历"
"eng_Latn","ferrero rocher advent calendar","费列罗榛果威化巧克力圣诞倒数日历"
"eng_Latn","needo advent calendar","needo圣诞倒数日历"
"eng_Latn","play doh advent calendar","Play-Doh圣诞倒数日历"
"eng_Latn","hot wheel advent calendar 2025","2025年风火轮圣诞倒数日历"
"eng_Latn","miniverse advent calendar","Miniverse圣诞倒数日历"
"eng_Latn","playdough advent calendar 2025","2025年橡皮泥圣诞倒数日历"
"eng_Latn","2025 lego advent calendar","2025年乐高圣诞倒数日历"
"eng_Latn","axolotl advent calendar","六角恐龙圣诞倒数日历"
"eng_Latn","advent calendar make up","彩妆圣诞倒数日历"
"eng_Latn","childrens advent calendar 2025","2025年儿童圣诞倒数日历"
"eng_Latn","haribo advent calendar 2025","2025年哈瑞宝圣诞倒数日历"
"eng_Latn","lilo and stitch advent calendar 2025","2025年《星际宝贝》圣诞倒数日历"
"eng_Latn","liquor advent calendar","酒类圣诞倒数日历"
"eng_Latn","golf advent calendar for men","高尔夫男士圣诞倒数日历"
"eng_Latn","mickey mouse advent calendar","米奇圣诞倒数日历"
"eng_Latn","jewelry advent calendars","珠宝首饰圣诞倒数日历"
"eng_Latn","candy advent calendars","糖果圣诞倒数日历"
"eng_Latn","advent calendar girl","女孩圣诞倒数日历"
"eng_Latn","harry potter lego advent calendar 2025","2025年《哈利·波特》乐高圣诞倒数日历"
"eng_Latn","cute advent calendar 2025","2025年可爱圣诞倒数日历"
"eng_Latn","advent book calendar 2025","2025年书籍圣诞倒数日历"
"eng_Latn","adult advent calendar 2025 for men","2025年成人男士圣诞倒数日历"
"eng_Latn","advent fishing calendar 2025","2025年钓鱼圣诞倒数日历"
"eng_Latn","advent calendar 2025 funko pop","2025年Funko Pop圣诞倒数日历"
"eng_Latn","advent calendar 2025 funko","2025年Funko圣诞倒数日历"
"eng_Latn","advent skincare calendar","护肤圣诞倒数日历"
"eng_Latn","religious advent calendar","宗教圣诞倒数日历"
"eng_Latn","lego christmas advent calendar 2025","2025年乐高圣诞倒数日历"
"eng_Latn","lego marvel advent calendar 2025","2025年乐高漫威圣诞倒数日历"
"eng_Latn","popcorn advent calendar 2025","2025年爆米花圣诞倒数日历"
"eng_Latn","advent calendar for toddler","幼儿圣诞倒数日历"
"eng_Latn","naruto advent calendar","《火影忍者》圣诞倒数日历"
"eng_Latn","advent calendar wooden","木质圣诞倒数日历"
"eng_Latn","book ornament advent calendar","书籍装饰品圣诞倒数日历"
"eng_Latn","colitt fishing advent calendar","colitt钓鱼圣诞倒数日历"
"eng_Latn","hanukkah advent calendar","光明节圣诞倒数日历"
"eng_Latn","stray kids advent calendar 2025","2025年Stray Kids圣诞倒数日历"
"eng_Latn","12 day advent calendar empty","12天空白圣诞倒数日历"
"eng_Latn","advent calendar 2025 slime","2025年史莱姆圣诞倒数日历"
"eng_Latn","christmas advent calendar deals","deals圣诞倒数日历"
"eng_Latn","tea advent calendar 2025 adult","2025年茶成人圣诞倒数日历"
"eng_Latn","cool adult advent calendars","酷成人圣诞倒数日历"
"eng_Latn","advent calendars under $10","10美元以下圣诞倒数日历"
"eng_Latn","diamond painting advent calendar 2025","2025年钻石画圣诞倒数日历"
"eng_Latn","gemstone advent calendar","宝石圣诞倒数日历"
"eng_Latn","german advent calendar","德国圣诞倒数日历"
"eng_Latn","reeses advent calendar","reeses圣诞倒数日历"
"eng_Latn","topps advent calendar 2025","2025年Topps圣诞倒数日历"
"eng_Latn","cryptid advent calendar","cryptid圣诞倒数日历"
"eng_Latn","advent calendar for girls 6-8","女孩68圣诞倒数日历"
"eng_Latn","advent calendar marvel","漫威圣诞倒数日历"
"eng_Latn","toddler boy advent calendar","幼儿男孩圣诞倒数日历"
"eng_Latn","guitar picks advent calendar","吉他拨片圣诞倒数日历"
"eng_Latn","cat toy advent calendar 2025","2025年猫咪玩具圣诞倒数日历"
"eng_Latn","gummy advent calendar 2025","2025年软糖圣诞倒数日历"
"eng_Latn","toy story advent calendar 2025","2025年《玩具总动员》圣诞倒数日历"
"eng_Latn","cool advent calendars for teens","酷青少年圣诞倒数日历"
"eng_Latn","bracelet advent calendar","手链圣诞倒数日历"
"eng_Latn","advent calendar teen boys","青少年男孩圣诞倒数日历"
"eng_Latn","brain teaser advent calendar 2025","2025年脑力益智圣诞倒数日历"
"eng_Latn","energy drink advent calendar","能量饮料圣诞倒数日历"
"eng_Latn","jelly advent calendar 2025","2025年果冻圣诞倒数日历"
"eng_Latn","wera advent calendar","wera圣诞倒数日历"
"eng_Latn","advent calendars men","男士圣诞倒数日历"
"eng_Latn","bubble skincare advent calendar","Bubble护肤圣诞倒数日历"
"eng_Latn","makeup advent calendar for girls","彩妆女孩圣诞倒数日历"
"eng_Latn","precious moments advent calendar","Precious Moments圣诞倒数日历"
"eng_Latn","alcohol advent calendars 2025","2025年酒类圣诞倒数日历"
"eng_Latn","nedo advent calendar 2025","2025年nedo圣诞倒数日历"
"eng_Latn","squishalongs advent calendar","Squish-A-Longs圣诞倒数日历"
"eng_Latn","pet advent calendar 2025","2025年宠物圣诞倒数日历"
"eng_Latn","advent calendar 2025 fishing","2025年垂钓圣诞倒数日历"
"eng_Latn","fun advent calendars for adults","趣味成人圣诞倒数日历"
"eng_Latn","cheap advent calendar","实惠圣诞倒数日历"
"eng_Latn","fun advent calendars","趣味圣诞倒数日历"
"eng_Latn","makeup advent calendars","彩妆圣诞倒数日历"
"eng_Latn","2025 whiskey advent calendar","2025年威士忌圣诞倒数日历"
"eng_Latn","book lover advent calendar 2025","2025年书籍爱好者圣诞倒数日历"
"eng_Latn","gift advent calendar 2025","2025年礼物圣诞倒数日历"
"eng_Latn","knife advent calendar","刀具圣诞倒数日历"
"eng_Latn","fisher price advent calendar","Fisher-Price圣诞倒数日历"
"eng_Latn","advent calendar survival kit","生存套装圣诞倒数日历"
"eng_Latn","gaming advent calendar","游戏圣诞倒数日历"
"eng_Latn","japanese advent calendar","日式圣诞倒数日历"
"eng_Latn","advent calendar teen girls","青少年女孩圣诞倒数日历"
"eng_Latn","fly fishing advent calendar 2025","2025年飞蝇钓圣诞倒数日历"
"eng_Latn","whiskey advent calendar 2025 bourbon","2025年威士忌烈酒圣诞倒数日历"
"eng_Latn","advent calendar star wars","《星球大战》圣诞倒数日历"
"eng_Latn","star wars lego advent calendar","《星球大战》乐高圣诞倒数日历"
"eng_Latn","advent calendars teen girl","青少年女孩圣诞倒数日历"
"eng_Latn","advent calendar 2025 hot wheels","2025年风火轮圣诞倒数日历"
"eng_Latn","advent calendar for teen boys 2025","2025年青少年男孩圣诞倒数日历"
"eng_Latn","paper mache advent calendar box","纸浆盒圣诞倒数日历"
"eng_Latn","toy story advent calendar","《玩具总动员》圣诞倒数日历"
"eng_Latn","matcha advent calendar","matcha圣诞倒数日历"
"eng_Latn","lol advent calendar 2025","2025年LOL圣诞倒数日历"
"eng_Latn","tony chocolonely advent calendar","Tony's Chocolonely圣诞倒数日历"
"eng_Latn","advent calendars adult","成人圣诞倒数日历"
"eng_Latn","advent calendar 2025 toddler girl","2025年幼儿女孩圣诞倒数日历"
"eng_Latn","broadway advent calendar 2025","2025年百老汇圣诞倒数日历"
"eng_Latn","photo advent calendar","照片圣诞倒数日历"
"eng_Latn","advent calendar 2025 hello kitty","2025年Hello Kitty圣诞倒数日历"
"eng_Latn","advent calendar barbie","芭比圣诞倒数日历"
"eng_Latn","advent calendar men 2025","2025年男士圣诞倒数日历"
"eng_Latn","hunting advent calendar","狩猎圣诞倒数日历"
"eng_Latn","mickey mouse advent calendar 2025","2025年米奇圣诞倒数日历"
"eng_Latn","nespresso advent calendar","Nespresso圣诞倒数日历"
"eng_Latn","rock advent calendar","摇滚圣诞倒数日历"
"eng_Latn","mini gifts to put in advent calendar","可放入日历的迷你礼物圣诞倒数日历"
"eng_Latn","advent calendar 2025 teen boy","2025年青少年男孩圣诞倒数日历"
"eng_Latn","gummy advent calendar","软糖圣诞倒数日历"
"eng_Latn","fuggler advent calendar","fuggler圣诞倒数日历"
"eng_Latn","advent calendar 2025 anime","2025年动漫圣诞倒数日历"
"eng_Latn","advent calendar gifts","礼物圣诞倒数日历"
"eng_Latn","cat toy advent calendar","猫咪玩具圣诞倒数日历"
"eng_Latn","german advent calendar 2025","2025年德国圣诞倒数日历"
"eng_Latn","advent calendar 2025 bluey","2025年Bluey圣诞倒数日历"
"eng_Latn","buldak ramen advent calendar","buldakramen圣诞倒数日历"
"eng_Latn","earring advent calendar","耳环圣诞倒数日历"
"eng_Latn","littlest pet shop advent calendar 2025","2025年Littlest Pet Shop圣诞倒数日历"
"eng_Latn","preteen advent calendar","大龄儿童圣诞倒数日历"
"eng_Latn","christmas advent calendars for women","女士圣诞倒数日历"
"eng_Latn","christmas lego advent calendar","乐高圣诞倒数日历"
"eng_Latn","matchbox advent calendar 2025","2025年Matchbox圣诞倒数日历"
"eng_Latn","stem advent calendar","STEM圣诞倒数日历"
"eng_Latn","vaseline advent calendar","vaseline圣诞倒数日历"
"eng_Latn","countdown calendar","倒计时日历"
"eng_Latn","kpop demon hunter advent calendar 2025","2025年《KPop恶魔猎人》圣诞倒数日历"
"eng_Latn","mini advent calendar","迷你圣诞倒数日历"
"eng_Latn","sees candy advent calendar 2025","2025年See's Candy圣诞倒数日历"
"eng_Latn","12 days advent calendar","12天圣诞倒数日历"
"eng_Latn","advent calendar for college student","大学生学生圣诞倒数日历"
"eng_Latn","advent calendar 2025 fidget","2025年解压玩具圣诞倒数日历"
"eng_Latn","kinder chocolate advent calendar 2025","2025年Kinder巧克力圣诞倒数日历"
"eng_Latn","advent calendar art","艺术圣诞倒数日历"
"eng_Latn","advent calendar for 2 year old girl","2岁女孩圣诞倒数日历"
"eng_Latn","advent calendar kpop demon hunters","《K-pop恶魔猎人》圣诞倒数日历"
"eng_Latn","advent calendar stickers","贴纸圣诞倒数日历"
"eng_Latn","christmas book advent calendar","书籍圣诞倒数日历"
"eng_Latn","gluten free advent calendar 2025","2025年无麸质圣诞倒数日历"
"eng_Latn","advent calendar for 2 year old boy","2岁男孩圣诞倒数日历"
"eng_Latn","advent calendar for wife","妻子圣诞倒数日历"
"eng_Latn","fisher price advent calendar 2025","2025年Fisher-Price圣诞倒数日历"
"eng_Latn","infant advent calendar 2025","2025年婴儿圣诞倒数日历"
"eng_Latn","jewelry advent calendar for girls","珠宝首饰女孩圣诞倒数日历"
"eng_Latn","magna tiles advent calendar","Magna-Tiles磁力片圣诞倒数日历"
"eng_Latn","mom advent calendar 2025","2025年妈妈圣诞倒数日历"
"eng_Latn","corgi advent calendar","corgi圣诞倒数日历"
"eng_Latn","legos advent calendar","乐高圣诞倒数日历"
"eng_Latn","teen advent calendar 2025 boys","2025年青少年男孩圣诞倒数日历"
"eng_Latn","advent tea calendar 2025","2025年茶叶圣诞倒数日历"
"eng_Latn","cat treat advent calendar 2025","2025年猫咪零食圣诞倒数日历"
"eng_Latn","gem advent calendar 2025","2025年宝石圣诞倒数日历"
"eng_Latn","ghibli advent calendar","ghibli圣诞倒数日历"
"eng_Latn","mini book advent calendar","迷你书籍圣诞倒数日历"
"eng_Latn","music advent calendar","音乐圣诞倒数日历"
"eng_Latn","advent calendar for toddler boys","幼儿男孩圣诞倒数日历"
"eng_Latn","advent calendar nails","指甲圣诞倒数日历"
"eng_Latn","brain teaser advent calendar","脑力益智圣诞倒数日历"
"eng_Latn","crown royal advent calendar 2025","2025年crownroyal圣诞倒数日历"
"eng_Latn","advent calendar 2025 ornaments","2025年装饰品圣诞倒数日历"
"eng_Latn","advent calendar for adults 2025","2025年成人圣诞倒数日历"
"eng_Latn","felt advent calendar","毛毡圣诞倒数日历"
"eng_Latn","supernatural advent calendar 2025","2025年supernatural圣诞倒数日历"
"eng_Latn","advent calendar 2025 lindt","2025年瑞士莲圣诞倒数日历"
"eng_Latn","murder mystery advent calendar 2025","2025年谋杀神秘圣诞倒数日历"
"eng_Latn","my first advent calendar","我的第一款圣诞倒数日历"
"eng_Latn","christmas puzzle advent calendar 2025","2025年拼图圣诞倒数日历"
"eng_Latn","dachshund advent calendar","dachshund圣诞倒数日历"
"eng_Latn","mini perfume advent calendar 2025","2025年迷你香水圣诞倒数日历"
"eng_Latn","young man advent calendar","年轻人男士圣诞倒数日历"
"eng_Latn","advent calendar 2025 for teen boys","2025年青少年男孩圣诞倒数日历"
"eng_Latn","gaming advent calendar 2025","2025年游戏圣诞倒数日历"
"eng_Latn","advent calendar for 3 year old girl","3岁女孩圣诞倒数日历"
"eng_Latn","fallout advent calendar","《辐射》圣诞倒数日历"
"eng_Latn","adult chocolate advent calendar","成人巧克力圣诞倒数日历"
"eng_Latn","advent calendar cologne","男士香水圣诞倒数日历"
"eng_Latn","advent calendar for teenage girls","青少年女孩圣诞倒数日历"
"eng_Latn","teenage boy advent calendar 2025","2025年青少年男孩圣诞倒数日历"
"eng_Latn","ucanbe advent calendar","ucanbe圣诞倒数日历"
"eng_Latn","advent calendar book lover","书籍爱好者圣诞倒数日历"
"eng_Latn","advent calendar candles","蜡烛圣诞倒数日历"
"eng_Latn","baseball advent calendar 2025 boys","2025年棒球男孩圣诞倒数日历"
"eng_Latn","lego marvel advent calendar","乐高漫威圣诞倒数日历"
"eng_Latn","nyx advent calendar","NYX圣诞倒数日历"
"eng_Latn","gabby's dollhouse advent calendar","《盖比的娃娃屋》圣诞倒数日历"
"eng_Latn","advent calendar 2025 books","2025年书籍圣诞倒数日历"
"eng_Latn","christmas tree advent calendar 2025","2025年圣诞树圣诞倒数日历"
"eng_Latn","magic advent calendar","魔法圣诞倒数日历"
"eng_Latn","sex toy advent calendar","成人情趣玩具圣诞倒数日历"
"eng_Latn","unicorn advent calendar","独角兽圣诞倒数日历"
"eng_Latn","advent calendar 2025 stitch","2025年史迪奇圣诞倒数日历"
"eng_Latn","lol advent calendar","LOL圣诞倒数日历"
"eng_Latn","video game advent calendar 2025","2025年电子游戏圣诞倒数日历"
"eng_Latn","w7 advent calendar","W7圣诞倒数日历"
"eng_Latn","advent calendars food","食品圣诞倒数日历"
"eng_Latn","harry potter advent calendar lego","《哈利·波特》乐高圣诞倒数日历"
"eng_Latn","medicube advent calendar","medicube圣诞倒数日历"
"eng_Latn","tony's chocolonely advent calendar","tonyschocolonely圣诞倒数日历"
"eng_Latn","coolest advent calendars for men","最酷男士圣诞倒数日历"
"eng_Latn","advent calendar wicked","Wicked圣诞倒数日历"
"eng_Latn","sexy advent calendar for adults","情趣成人圣诞倒数日历"
"eng_Latn","2025 harry potter advent calendar","2025年《哈利·波特》圣诞倒数日历"
"eng_Latn","advent calendar squishy","解压玩具圣诞倒数日历"
"eng_Latn","advent calendar 2026","2026年圣诞倒数日历"
"eng_Latn","advent calendar for 10 year old girl","10岁女孩圣诞倒数日历"
"eng_Latn","bath and body works advent calendar 2025","2025年Bath & Body Works圣诞倒数日历"
"eng_Latn","beef jerky advent calendar","肉干圣诞倒数日历"
"eng_Latn","best advent calendars for teens girls","精选青少年女孩圣诞倒数日历"
"eng_Latn","melissa and doug advent calendar","melissadoug圣诞倒数日历"
"eng_Latn","playdoh advent calendar","Play-Doh圣诞倒数日历"
"eng_Latn","ww2 advent calendar 2025","2025年二战圣诞倒数日历"
"eng_Latn","advent calendar 2025 coffee","2025年咖啡圣诞倒数日历"
"eng_Latn","sea glass bird advent calendar","海洋玻璃鸟类圣诞倒数日历"
"eng_Latn","sesame street advent calendar 2025","2025年芝麻街圣诞倒数日历"
"eng_Latn","super mario advent calendar 2025","2025年超级马力欧圣诞倒数日历"
"eng_Latn","amazon advent calendars","亚马逊圣诞倒数日历"
"eng_Latn","christmas ornament advent calendar","装饰品圣诞倒数日历"
"eng_Latn","cooking advent calendar","烹饪圣诞倒数日历"
"eng_Latn","nails advent calendar 2025","2025年指甲圣诞倒数日历"
"eng_Latn","advent calendar 2025 boy","2025年男孩圣诞倒数日历"
"eng_Latn","baby advent calendar 1 year old","1岁婴幼儿圣诞倒数日历"
"eng_Latn","advent calendar 2025 kids girls","2025年儿童女孩圣诞倒数日历"
"eng_Latn","advent calendar elf","e.l.f.圣诞倒数日历"
"eng_Latn","ghirardelli advent calendar","ghirardelli圣诞倒数日历"
"eng_Latn","hanukkah advent calendar 2025","2025年光明节圣诞倒数日历"
"eng_Latn","ramen advent calendar","拉面圣诞倒数日历"
"eng_Latn","victoria secret advent calendar","Victoria's Secret圣诞倒数日历"
"eng_Latn","advent calendar 2025 christmas","2025年圣诞倒数日历"
"eng_Latn","diy advent calendar boxes","DIY盒子圣诞倒数日历"
"eng_Latn","small advent calendar fillers","小号圣诞倒数日历填充物"
"eng_Latn","advent calendar for teen girl","青少年女孩圣诞倒数日历"
"eng_Latn","dog toy advent calendar","狗狗玩具圣诞倒数日历"
"eng_Latn","fragrance advent calendar","香氛圣诞倒数日历"
"eng_Latn","hot cocoa advent calendar 2025","2025年热可可圣诞倒数日历"
"eng_Latn","toddler girl advent calendar","幼儿女孩圣诞倒数日历"
"eng_Latn","advent calendar lindt","瑞士莲圣诞倒数日历"
"eng_Latn","empty advent calendar box","空白盒子圣诞倒数日历"
"eng_Latn","advent calendar 3d printed","3D打印圣诞倒数日历"
"eng_Latn","fly fishing advent calendar","飞蝇钓圣诞倒数日历"
"eng_Latn","nedoh advent calendar","nedoh圣诞倒数日历"
"eng_Latn","taba squishy advent calendar 2025","2025年Taba解压玩具圣诞倒数日历"
"eng_Latn","adult craft advent calendar","成人手工圣诞倒数日历"
"eng_Latn","hummingbird advent calendar","蜂鸟圣诞倒数日历"
"eng_Latn","jigsaw puzzle advent calendar 2025","2025年拼图圣诞倒数日历"
"eng_Latn","advent calendar 2025 stranger things","2025年《怪奇物语》圣诞倒数日历"
"eng_Latn","teen boys advent calendar","青少年男孩圣诞倒数日历"
"eng_Latn","ulta beauty advent calendar 2025","2025年ULTA美妆圣诞倒数日历"
"eng_Latn","cooking advent calendar 2025","2025年烹饪圣诞倒数日历"
"eng_Latn","cryptid advent calendar 2025","2025年cryptid圣诞倒数日历"
"eng_Latn","k cup advent calendar 2025","2025年K-Cup咖啡胶囊圣诞倒数日历"
"eng_Latn","mlb advent calendar 2025","2025年mlb圣诞倒数日历"
"eng_Latn","advent calendar sports","运动圣诞倒数日历"
"eng_Latn","pink advent calendar","粉色圣诞倒数日历"
"eng_Latn","studio ghibli advent calendar 2025","2025年吉卜力圣诞倒数日历"
"eng_Latn","advent calendar 2025 toddler boy","2025年幼儿男孩圣诞倒数日历"
"eng_Latn","couple advent calendar 2025","2025年情侣圣诞倒数日历"
"eng_Latn","hello kitty creme shop advent calendar makeup","Hello Kittycremeshop彩妆圣诞倒数日历"
"eng_Latn","plant advent calendar","植物圣诞倒数日历"
"eng_Latn","food advent calendars","食品圣诞倒数日历"
"eng_Latn","advent calendar hot chocolate","热巧克力圣诞倒数日历"
"eng_Latn","stikbot advent calendar","stikbot圣诞倒数日历"
"eng_Latn","gourmet food advent calendars","美食食品圣诞倒数日历"
"eng_Latn","dragon ball z advent calendar","《龙珠Z》圣诞倒数日历"
"eng_Latn","small gifts for advent calendar","小号礼物圣诞倒数日历"
"eng_Latn","advent calendar golf","高尔夫圣诞倒数日历"
"eng_Latn","jurassic park advent calendar","侏罗纪公园圣诞倒数日历"
"eng_Latn","k pop demon hunter advent calendar","《K-pop恶魔猎人》圣诞倒数日历"
"eng_Latn","plush advent calendar","毛绒玩具圣诞倒数日历"
"eng_Latn","advent calendar adult women","成人女士圣诞倒数日历"
"eng_Latn","advent calendar baseball","棒球圣诞倒数日历"
"eng_Latn","advent calendar fillable","可填充圣诞倒数日历"
"eng_Latn","airplane advent calendar 2025","2025年飞机圣诞倒数日历"
"eng_Latn","advent calendar for teen girls 2025","2025年青少年女孩圣诞倒数日历"
"eng_Latn","cadbury advent calendar","吉百利圣诞倒数日历"
"eng_Latn","die hard advent calendar 2025","2025年diehard圣诞倒数日历"
"eng_Latn","hot wheel advent calendar","风火轮圣诞倒数日历"
"eng_Latn","preppy advent calendar","学院风圣诞倒数日历"
"eng_Latn","teenager advent calendar 2025","2025年青少年圣诞倒数日历"
"eng_Latn","woobles advent calendar 2025","2025年woobles圣诞倒数日历"
"eng_Latn","advent calendars harry potter","《哈利·波特》圣诞倒数日历"
"eng_Latn","advent calendar for couples 2025","2025年情侣圣诞倒数日历"
"eng_Latn","beauty advent calendar for girls","美妆女孩圣诞倒数日历"
"eng_Latn","coffee advent calendar 2025 adult","2025年咖啡成人圣诞倒数日历"
"eng_Latn","k pop demon hunters advent calendar 2025","2025年《KPop恶魔猎人》圣诞倒数日历"
"eng_Latn","mr beast advent calendar","mrbeast圣诞倒数日历"
"eng_Latn","mr beast advent calendar 2025","2025年mrbeast圣诞倒数日历"
"eng_Latn","ninja turtle advent calendar","忍者神龟圣诞倒数日历"
"eng_Latn","advent calendar train","火车圣诞倒数日历"
"eng_Latn","bon maman advent calendar","bonmaman圣诞倒数日历"
"eng_Latn","magna-tiles advent calendar","Magna-Tiles磁力片圣诞倒数日历"
"eng_Latn","makeup advent calendar 2025 ulta","2025年彩妆ULTA圣诞倒数日历"
"eng_Latn","empty advent calendars","空白圣诞倒数日历"
"eng_Latn","sticker advent calendar","贴纸圣诞倒数日历"
"eng_Latn","yarn advent calendar 2025","2025年毛线圣诞倒数日历"
"eng_Latn","advent calendar kinder","Kinder圣诞倒数日历"
"eng_Latn","dnd dice advent calendar 2025","2025年D&D骰子圣诞倒数日历"
"eng_Latn","advent calendar little people","Little People圣诞倒数日历"
"eng_Latn","sports card advent calendar","运动卡片圣诞倒数日历"
"eng_Latn","advent calendars pokemon","宝可梦圣诞倒数日历"
"eng_Latn","lego avent calendar 2025","2025年乐高圣诞倒数日历"
"eng_Latn","advent calendar dog","狗狗圣诞倒数日历"
"eng_Latn","advent calendar for 5 year old girl","5岁女孩圣诞倒数日历"
"eng_Latn","advent calendar for gamers","游戏玩家圣诞倒数日历"
"eng_Latn","calendar advent 2025","2025年圣诞倒数日历"
"eng_Latn","advent calendar for 1 year old","1岁圣诞倒数日历"
"eng_Latn","build your own advent calendar","自行组装式圣诞倒数日历"
"eng_Latn","chicken advent calendar 2025","2025年chicken圣诞倒数日历"
"eng_Latn","flower lego advent calendar","花卉乐高圣诞倒数日历"
"eng_Latn","home alone advent calendar 2025","2025年《小鬼当家》圣诞倒数日历"
"eng_Latn","superhero advent calendar 2025","2025年超级英雄圣诞倒数日历"
"eng_Latn","ulta mini brands advent calendar","ULTAMini Brands圣诞倒数日历"
"eng_Latn","advent calendar with pockets","带口袋圣诞倒数日历"
"eng_Latn","baking advent calendar 2025","2025年烘焙圣诞倒数日历"
"eng_Latn","magic advent calendar 2025","2025年魔法圣诞倒数日历"
"eng_Latn","advent calendars for men 2025","2025年男士圣诞倒数日历"
"eng_Latn","advent calendar 2025 elf","2025年e.l.f.圣诞倒数日历"
"eng_Latn","advent calendar 2025 teen girl","2025年青少年女孩圣诞倒数日历"
"eng_Latn","advent calendar paw patrol","《汪汪队立大功》圣诞倒数日历"
"eng_Latn","earring advent calendar 2025","2025年耳环圣诞倒数日历"
"eng_Latn","italian brainrot advent calendar 2025","2025年意大利Brainrot圣诞倒数日历"
"eng_Latn","kiwico advent calendar","kiwico圣诞倒数日历"
"eng_Latn","chocolate advent calendars for adults","巧克力成人圣诞倒数日历"
"eng_Latn","christmas countdown calendar for kids","儿童圣诞倒计时日历"
"eng_Latn","advent calendar for baby","婴幼儿圣诞倒数日历"
"eng_Latn","advent calendar for family","家庭圣诞倒数日历"
"eng_Latn","formula 1 advent calendar 2025","2025年F1圣诞倒数日历"
"eng_Latn","sensory advent calendar 2025","2025年感官圣诞倒数日历"
"eng_Latn","plush advent calendar 2025","2025年毛绒玩具圣诞倒数日历"
"eng_Latn","advent calendar 2025 cars","2025年汽车总动员圣诞倒数日历"
"eng_Latn","advent calendar for boys age 8","8岁男孩圣诞倒数日历"
"eng_Latn","godzilla advent calendar 2025","2025年哥斯拉圣诞倒数日历"
"eng_Latn","the office advent calendar 2025","2025年《办公室》圣诞倒数日历"
"eng_Latn","advent calendar 2025 girl","2025年女孩圣诞倒数日历"
"eng_Latn","sock advent calendar 2025 women","2025年袜子女士圣诞倒数日历"
"eng_Latn","stuffed animal advent calendar","毛绒动物圣诞倒数日历"
"eng_Latn","advent calendars skincare","护肤圣诞倒数日历"
"eng_Latn","advent calendar skin care","护肤圣诞倒数日历"
"eng_Latn","advent calendar tween girl","青少年女孩圣诞倒数日历"
"eng_Latn","crystal advent calendar 2025 adult","2025年水晶成人圣诞倒数日历"
"eng_Latn","diy advent calendar box","DIY盒子圣诞倒数日历"
"eng_Latn","coolest advent calendars","最酷圣诞倒数日历"
"eng_Latn","jigsaw puzzle advent calendar","拼图圣诞倒数日历"
"eng_Latn","seaglass advent calendar 2025","2025年海洋玻璃圣诞倒数日历"
"eng_Latn","sephora advent calendar 2025 for teen girls","2025年丝芙兰青少年女孩圣诞倒数日历"
"eng_Latn","space advent calendar","太空圣诞倒数日历"
"eng_Latn","advent calendars perfume","香水圣诞倒数日历"
"eng_Latn","diy empty advent calendars to fill","DIY空白可填充圣诞倒数日历"
"eng_Latn","advent calendar christian","基督教主题圣诞倒数日历"
"eng_Latn","advent calendar for hunters","猎人圣诞倒数日历"
"eng_Latn","advent lego calendar","乐高圣诞倒数日历"
"eng_Latn","charlie brown advent calendar 2025","2025年charliebrown圣诞倒数日历"
"eng_Latn","knitting advent calendar 2025","2025年编织圣诞倒数日历"
"eng_Latn","little girls advent calendar 2025","2025年小女孩圣诞倒数日历"
"eng_Latn","advent calendar for 1 year old boy","1岁男孩圣诞倒数日历"
"eng_Latn","hershey advent calendar","好时圣诞倒数日历"
"eng_Latn","lip balm advent calendar 2025","2025年润唇膏圣诞倒数日历"
"eng_Latn","magnatiles advent calendar 2025","2025年Magna-Tiles圣诞倒数日历"
"eng_Latn","make your own advent calendar kit","DIY套装圣诞倒数日历"
"eng_Latn","unique advent calendars for adults","独特成人圣诞倒数日历"
"eng_Latn","24 day advent calendar for women","24天女士圣诞倒数日历"
"eng_Latn","advent calendar soccer","足球圣诞倒数日历"
"eng_Latn","furby advent calendar","furby圣诞倒数日历"
"eng_Latn","hair advent calendar","头发护理圣诞倒数日历"
"eng_Latn","opi advent calendar","opi圣诞倒数日历"
"eng_Latn","sea glass bird advent calendar 2025","2025年海洋玻璃鸟类圣诞倒数日历"
"eng_Latn","target advent calendar 2025","2025年target圣诞倒数日历"
"eng_Latn","advent calendars empty","空白圣诞倒数日历"
"eng_Latn","nerdy advent calendar","极客圣诞倒数日历"
"eng_Latn","nintendo advent calendar","任天堂圣诞倒数日历"
"eng_Latn","rock around the guitar advent calendar","摇滚around吉他圣诞倒数日历"
"eng_Latn","studio ghibli advent calendar","吉卜力圣诞倒数日历"
"eng_Latn","tween girl advent calendar","青少年女孩圣诞倒数日历"
"eng_Latn","advent calendar for 8 year old girl","8岁女孩圣诞倒数日历"
"eng_Latn","bass fishing advent calendar 2025","2025年鲈鱼垂钓圣诞倒数日历"
"eng_Latn","reusable advent calendar with drawers","可重复使用抽屉圣诞倒数日历"
"eng_Latn","steal a brainrot advent calendar","stealBrainrot圣诞倒数日历"
"eng_Latn","advent calendars jewelry","珠宝首饰圣诞倒数日历"
"eng_Latn","advent calendars teen boys","青少年男孩圣诞倒数日历"
"eng_Latn","amazon advent calendar 2025 beauty","2025年亚马逊美妆圣诞倒数日历"
"eng_Latn","snacks advent calendar 2025","2025年零食圣诞倒数日历"
"eng_Latn","sour candy advent calendar 2025","2025年酸味糖果圣诞倒数日历"
"eng_Latn","toblerone advent calendar","Toblerone圣诞倒数日历"
"eng_Latn","advent calendar 2025 jewelry","2025年珠宝首饰圣诞倒数日历"
"eng_Latn","advent calendar 2025 socks","2025年袜子圣诞倒数日历"
"eng_Latn","advent calendar for 4 year old girl","4岁女孩圣诞倒数日历"
"eng_Latn","burts bees advent calendar","Burt's Bees圣诞倒数日历"
"eng_Latn","crazy aarons advent calendar 2025","2025年Crazy Aaron's圣诞倒数日历"
"eng_Latn","military advent calendar","军事圣诞倒数日历"
"eng_Latn","pokemon funko pop advent calendar","宝可梦Funko Pop圣诞倒数日历"
"eng_Latn","women's advent calendar","女士s圣诞倒数日历"
"eng_Latn","advent calendar football","足球圣诞倒数日历"
"eng_Latn","gabby advent calendar 2025","2025年Gabby圣诞倒数日历"
"eng_Latn","lego advent nativity calendar 2025","2025年乐高马槽圣诞倒数日历"
"eng_Latn","best advent calendars for teens","精选青少年圣诞倒数日历"
"eng_Latn","advent calendar crochet","钩针编织圣诞倒数日历"
"eng_Latn","advent calendar ulta","ULTA圣诞倒数日历"
"eng_Latn","christmas lego advent calendar 2025","2025年乐高圣诞倒数日历"
"eng_Latn","mini verse advent calendar","Miniverse圣诞倒数日历"
"eng_Latn","walkers advent calendar 2025","2025年walkers圣诞倒数日历"
"eng_Latn","advent calendar for teens girls","青少年女孩圣诞倒数日历"
"eng_Latn","advent calendar puzzles for adults","拼图成人圣诞倒数日历"
"eng_Latn","d&d advent calendar","D&D圣诞倒数日历"
"eng_Latn","diy advent calendar kit","DIY套装圣诞倒数日历"
"eng_Latn","fish advent calendar 2025","2025年鱼圣诞倒数日历"
"eng_Latn","legi advent calendar 2025","2025年legi圣诞倒数日历"
"eng_Latn","lotion advent calendar 2025","2025年身体乳圣诞倒数日历"
"eng_Latn","man advent calendar 2025","2025年男士圣诞倒数日历"
"eng_Latn","advent calendar 2025 wicked","2025年Wicked圣诞倒数日历"
"eng_Latn","billie eilish advent calendar","billieeilish圣诞倒数日历"
"eng_Latn","dino advent calendar","dino圣诞倒数日历"
"eng_Latn","porsche advent calendar 2025","2025年Porsche圣诞倒数日历"
"eng_Latn","sour candy advent calendar","酸味糖果圣诞倒数日历"
"eng_Latn","target advent calendar","target圣诞倒数日历"
"eng_Latn","advent book calendar","书籍圣诞倒数日历"
"eng_Latn","advent calendar to fill","可填充圣诞倒数日历"
"eng_Latn","teenager advent calendar","青少年圣诞倒数日历"
"eng_Latn","artist advent calendar 2025","2025年艺术家圣诞倒数日历"
"eng_Latn","dog toy advent calendar 2025","2025年狗狗玩具圣诞倒数日历"
"eng_Latn","doll advent calendar","玩偶圣诞倒数日历"
"eng_Latn","jam advent calendar","果酱圣诞倒数日历"
"eng_Latn","advent calendar 24 days","24天圣诞倒数日历"
"eng_Latn","advent calendar beauty 2025","2025年美妆圣诞倒数日历"
"eng_Latn","advent calendar girls 10-12","女孩1012圣诞倒数日历"
"eng_Latn","advent calendar labubu","Labubu圣诞倒数日历"
"eng_Latn","beer advent calendar 2025 adult","2025年啤酒成人圣诞倒数日历"
"eng_Latn","dog advent calendar 2025 toys","2025年狗狗玩具圣诞倒数日历"
"eng_Latn","cool advent calendars for women","酷女士圣诞倒数日历"
"eng_Latn","squishmallows advent calendars","Squishmallows圣诞倒数日历"
"eng_Latn","advent calendar dinosaur","恐龙圣诞倒数日历"
"eng_Latn","maybelline advent calendar 2025","2025年美宝莲圣诞倒数日历"
"eng_Latn","space advent calendar 2025","2025年太空圣诞倒数日历"
"eng_Latn","vermont christmas company advent calendar","佛蒙特company圣诞倒数日历"
"eng_Latn","wooden nativity advent calendar","木质马槽圣诞倒数日历"
"eng_Latn","advent calendar 2025 dog","2025年狗狗圣诞倒数日历"
"eng_Latn","calendar advent skincare","护肤圣诞倒数日历"
"eng_Latn","hair advent calendar 2025","2025年头发护理圣诞倒数日历"
"eng_Latn","lego advent calendar 2025 minecraft","2025年乐高《我的世界》圣诞倒数日历"
"eng_Latn","the rescuer –nativity advent calendar","The Rescuer马槽圣诞倒数日历"
"eng_Latn","catholic advent calendar 2025","2025年天主教圣诞倒数日历"
"eng_Latn","christmas building block advent calendar","积木圣诞倒数日历"
"eng_Latn","disney+advent+calendar","迪士尼圣诞倒数日历"
"eng_Latn","dnd dice advent calendar","D&D骰子圣诞倒数日历"
"eng_Latn","lego advent calendar flowers","乐高花卉圣诞倒数日历"
"eng_Latn","sea glass advent calendar 2026","2026年海洋玻璃圣诞倒数日历"
"eng_Latn","stranger things funko pop advent calendar","《怪奇物语》Funko Pop圣诞倒数日历"
"eng_Latn","tractor advent calendar 2025","2025年拖拉机圣诞倒数日历"
"eng_Latn","advent calendar lego flowers","乐高花卉圣诞倒数日历"
"eng_Latn","dodgers advent calendar 2025","2025年dodgers圣诞倒数日历"
"eng_Latn","mens advent calendar 2025 cologne","2025年男士男士香水圣诞倒数日历"
"eng_Latn","miniverse advent calendar 2025","2025年Miniverse圣诞倒数日历"
"eng_Latn","advent calendar candy 2025","2025年糖果圣诞倒数日历"
"eng_Latn","advent calendar kpop","K-pop圣诞倒数日历"
"eng_Latn","chapter a day advent calendar book","每日一章书籍圣诞倒数日历"
"eng_Latn","game advent calendar","游戏圣诞倒数日历"
"eng_Latn","lancome advent calendar 2025","2025年兰蔻圣诞倒数日历"
"eng_Latn","lord of the rings advent calendar 2025","2025年《指环王》圣诞倒数日历"
"eng_Latn","mini brands books advent calendar","Mini Brands书籍圣诞倒数日历"
"eng_Latn","motorcycle advent calendar","摩托车圣诞倒数日历"
"eng_Latn","advent makeup calendar 2025","2025年彩妆圣诞倒数日历"
"eng_Latn","k pop advent calendar","kPop圣诞倒数日历"
"eng_Latn","origami advent calendar","折纸圣诞倒数日历"
"eng_Latn","pet advent calendar","宠物圣诞倒数日历"
"eng_Latn","romance book advent calendar","浪漫书籍圣诞倒数日历"
"eng_Latn","sour patch advent calendar 2025","2025年Sour Patch圣诞倒数日历"
"eng_Latn","chocolate advent calendars 2025","2025年巧克力圣诞倒数日历"
"eng_Latn","advent calendar 2025 woman","2025年女士圣诞倒数日历"
"eng_Latn","advent calendar makeup and skincare","彩妆护肤圣诞倒数日历"
"eng_Latn","spice advent calendar 2025","2025年香料圣诞倒数日历"
"eng_Latn","advent calendars mini brands","Mini Brands圣诞倒数日历"
"eng_Latn","advent calendar grinch","圣诞怪杰圣诞倒数日历"
"eng_Latn","girls makeup advent calendar 2025","2025年女孩彩妆圣诞倒数日历"
"eng_Latn","homemade advent calendar","homemade圣诞倒数日历"
"eng_Latn","tiny things for advent calendar","小型things圣诞倒数日历"
"eng_Latn","advent calendar 2025 ulta","2025年ULTA圣诞倒数日历"
"eng_Latn","advent calendar for 3 year old boy","3岁男孩圣诞倒数日历"
"eng_Latn","advent calendar for girls 3 to 5","女孩35圣诞倒数日历"
"eng_Latn","advent calendar wood","木质圣诞倒数日历"
"eng_Latn","girls advent calendars","女孩圣诞倒数日历"
"eng_Latn","advent calendar for teenage boys","青少年男孩圣诞倒数日历"
"eng_Latn","man advent calendar","男士圣诞倒数日历"
"eng_Latn","nhl advent calendar","nhl圣诞倒数日历"
"eng_Latn","cool advent calendars for teen boys","酷青少年男孩圣诞倒数日历"
"eng_Latn","advent calendar 2025 christian","2025年基督教主题圣诞倒数日历"
"eng_Latn","advent calendar charm bracelet","手链圣诞倒数日历"
"eng_Latn","advent candy calendar 2025","2025年糖果圣诞倒数日历"
"eng_Latn","fitness advent calendar","健身圣诞倒数日历"
"eng_Latn","italian brain rot advent calendar","意大利脑力圣诞倒数日历"
"eng_Latn","mac advent calendar 2025","2025年MAC圣诞倒数日历"
"eng_Latn","mcobeauty advent calendar","mcobeauty圣诞倒数日历"
"eng_Latn","skin care advent calendars","护肤圣诞倒数日历"
"eng_Latn","unique advent calendars 2025","2025年独特圣诞倒数日历"
"eng_Latn","advent calendar art supplies","艺术用品圣诞倒数日历"
"eng_Latn","advent calendar for him","男士圣诞倒数日历"
"eng_Latn","keurig advent calendar","keurig圣诞倒数日历"
"eng_Latn","advent calendar books for adults","书籍成人圣诞倒数日历"
"eng_Latn","advent calendar cat","猫咪圣诞倒数日历"
"eng_Latn","jameson advent calendar 2025","2025年jameson圣诞倒数日历"
"eng_Latn","munchlings advent calendar","munchlings圣诞倒数日历"
"eng_Latn","new dough advent calendar","橡皮泥圣诞倒数日历"
"eng_Latn","formula 1 advent calendar","F1圣诞倒数日历"
"eng_Latn","jujutsu kaisen advent calendar","《咒术回战》圣诞倒数日历"
"eng_Latn","revolution advent calendar 2025","2025年Revolution圣诞倒数日历"
"eng_Latn","coolest advent calendars for kids","最酷儿童圣诞倒数日历"
"eng_Latn","advent calendar 2025 roblox","2025年Roblox圣诞倒数日历"
"eng_Latn","mine craft advent calendar 2025","2025年mine手工圣诞倒数日历"
"eng_Latn","sports advent calendar for boys","运动男孩圣诞倒数日历"
"eng_Latn","advent calendars wicked","Wicked圣诞倒数日历"
"eng_Latn","advent calendar 2025 baseball","2025年棒球圣诞倒数日历"
"eng_Latn","advent calendar baby","婴幼儿圣诞倒数日历"
"eng_Latn","advent calendar harry potter 2025","2025年《哈利·波特》圣诞倒数日历"
"eng_Latn","advent calendar spa","SPA圣诞倒数日历"
"eng_Latn","construction advent calendar 2025","2025年建造圣诞倒数日历"
"eng_Latn","felt advent calendar with pockets","毛毡口袋圣诞倒数日历"
"eng_Latn","kindness advent calendar","善意主题圣诞倒数日历"
"eng_Latn","l'occitane advent calendar","欧舒丹圣诞倒数日历"
"eng_Latn","small toys for advent calendar fillers","小号玩具圣诞倒数日历填充物"
"eng_Latn","stash tea advent calendar","stash茶叶圣诞倒数日历"
"eng_Latn","advent calendars for kids 2025","2025年儿童圣诞倒数日历"
"eng_Latn","advent calendar escape room","密室逃脱圣诞倒数日历"
"eng_Latn","guitar picks advent calendar 2025","2025年吉他拨片圣诞倒数日历"
"eng_Latn","men advent calendar for adults","男士成人圣诞倒数日历"
"eng_Latn","metal gods advent calendar 2025","2025年金属gods圣诞倒数日历"
"eng_Latn","nativity lego advent calendar","马槽乐高圣诞倒数日历"
"eng_Latn","sewing advent calendar","缝纫圣诞倒数日历"
"eng_Latn","sol de janeiro advent calendar 2025","2025年Sol de Janeiro圣诞倒数日历"
"eng_Latn","vodka advent calendar 2025","2025年伏特加圣诞倒数日历"
"eng_Latn","advent calendars adults","成人圣诞倒数日历"
"eng_Latn","dairy free advent calendar","无乳制品圣诞倒数日历"
"eng_Latn","lego advent calendar set","乐高套装圣诞倒数日历"
"eng_Latn","nails advent calendar","指甲圣诞倒数日历"
"eng_Latn","sour patch kids advent calendar","sourpatch儿童圣诞倒数日历"
"eng_Latn","tractor advent calendar","拖拉机圣诞倒数日历"
"eng_Latn","w7 advent calendar 2025","2025年W7圣诞倒数日历"
"eng_Latn","advent calendar 2025 hot chocolate","2025年热巧克力圣诞倒数日历"
"eng_Latn","advent calendar for 10 year old boy","10岁男孩圣诞倒数日历"
"eng_Latn","advent calendar for teenagers","青少年圣诞倒数日历"
"eng_Latn","batman advent calendar 2025","2025年蝙蝠侠圣诞倒数日历"
"eng_Latn","christmas puzzle advent calendar","拼图圣诞倒数日历"
"eng_Latn","large advent calendar","大号圣诞倒数日历"
"eng_Latn","minnie mouse advent calendar","米妮圣诞倒数日历"
"eng_Latn","advent calendar for dad","爸爸圣诞倒数日历"
"eng_Latn","christmas polaroid advent calendar","宝丽来圣诞倒数日历"
"eng_Latn","kawaii advent calendar","可爱圣诞倒数日历"
"eng_Latn","lego and friends advent calendar","乐高《老友记》圣诞倒数日历"
"eng_Latn","the grinch advent calendar 2025","2025年圣诞怪杰圣诞倒数日历"
"eng_Latn","advent calendars for girls 10-12","女孩1012圣诞倒数日历"
"eng_Latn","bark box advent calendar 2025","2025年BARK Box圣诞倒数日历"
"eng_Latn","edible advent calendar 2025","2025年可食用圣诞倒数日历"
"eng_Latn","lego starwars advent calendar 2025","2025年乐高《星球大战》圣诞倒数日历"
"eng_Latn","advent calendar 2025 kpop demon hunters","2025年《K-pop恶魔猎人》圣诞倒数日历"
"eng_Latn","advent calendar fillers for adults","填充物成人圣诞倒数日历"
"eng_Latn","advent calendar for husband","丈夫圣诞倒数日历"
"eng_Latn","advent calendar squishmallows","Squishmallows圣诞倒数日历"
"eng_Latn","cat treat advent calendar","猫咪零食圣诞倒数日历"
"eng_Latn","spice advent calendar","香料圣诞倒数日历"
"eng_Latn","wood advent calendar with drawers","木质抽屉圣诞倒数日历"
"eng_Latn","advent calendar coloring book","涂色书籍圣诞倒数日历"
"eng_Latn","advent calendar for 4 year old boy","4岁男孩圣诞倒数日历"
"eng_Latn","cloth advent calendar with pockets","布艺口袋圣诞倒数日历"
"eng_Latn","dior advent calendar 2025","2025年迪奥圣诞倒数日历"
"eng_Latn","fitness advent calendar 2025","2025年健身圣诞倒数日历"
"eng_Latn","lego advent calendar 2024","2024年乐高圣诞倒数日历"
"eng_Latn","best advent calendars for kids","精选儿童圣诞倒数日历"
"eng_Latn","chocolate advent calendars for kids","巧克力儿童圣诞倒数日历"
"eng_Latn","advent calendar books for kids","书籍儿童圣诞倒数日历"
"eng_Latn","advent calendar refillable","可重复填充圣诞倒数日历"
"eng_Latn","advent calendar sea glass","海洋玻璃圣诞倒数日历"
"eng_Latn","custom advent calendar","定制圣诞倒数日历"
"eng_Latn","advent calendars diy","DIY圣诞倒数日历"
"eng_Latn","advent calendars for boys 8-12","男孩812圣诞倒数日历"
"eng_Latn","fun advent calendars for kids","趣味儿童圣诞倒数日历"
"eng_Latn","advent calendar 2025 empty","2025年空白圣诞倒数日历"
"eng_Latn","advent calendar 2025 lego flower","2025年乐高花卉圣诞倒数日历"
"eng_Latn","advent calendar 2025 snacks","2025年零食圣诞倒数日历"
"eng_Latn","disney cars advent calendar","迪士尼汽车总动员圣诞倒数日历"
"eng_Latn","jurassic advent calendar 2025","2025年侏罗纪圣诞倒数日历"
"eng_Latn","mens cologne advent calendar","男士男士香水圣诞倒数日历"
"eng_Latn","sports card advent calendar 2025","2025年运动卡片圣诞倒数日历"
"eng_Latn","witchy advent calendar 2025","2025年女巫主题圣诞倒数日历"
"eng_Latn","teen boy advent calendars","青少年男孩圣诞倒数日历"
"eng_Latn","advent calendar 2025 craft","2025年手工圣诞倒数日历"
"eng_Latn","blank advent calendar boxes","空白盒子圣诞倒数日历"
"eng_Latn","golf ball advent calendar 2025","2025年高尔夫球圣诞倒数日历"
"eng_Latn","goth advent calendar 2025","2025年哥特风圣诞倒数日历"
"eng_Latn","nativity advent calendar for kids","马槽儿童圣诞倒数日历"
"eng_Latn","sexual advent calendar","sexual圣诞倒数日历"
"eng_Latn","truck advent calendar 2025","2025年卡车圣诞倒数日历"
"eng_Latn","wrestling advent calendar 2025","2025年摔跤圣诞倒数日历"
"eng_Latn","ww2 advent calendar","二战圣诞倒数日历"
"eng_Latn","advent calendars needoh","NeeDoh圣诞倒数日历"
"eng_Latn","advent calendars squishmallow","Squishmallows圣诞倒数日历"
"eng_Latn","advent calendar fidget toys","解压玩具玩具圣诞倒数日历"
"eng_Latn","advent calendar taylor swift","Taylor Swift圣诞倒数日历"
"eng_Latn","advent calendar with drawers","抽屉圣诞倒数日历"
"eng_Latn","craft advent calendar for girls","手工女孩圣诞倒数日历"
"eng_Latn","face mask advent calendar","面膜圣诞倒数日历"
"eng_Latn","craft advent calendars","手工圣诞倒数日历"
"eng_Latn","advent calendar 2024","2024年圣诞倒数日历"
"eng_Latn","advent calendar 2025 whiskey","2025年威士忌圣诞倒数日历"
"eng_Latn","gingerbread advent calendar","姜饼圣诞倒数日历"
"eng_Latn","goth advent calendar","哥特风圣诞倒数日历"
"eng_Latn","k cup advent calendar","K-Cup咖啡胶囊圣诞倒数日历"
"eng_Latn","usborne advent calendar","usborne圣诞倒数日历"
"eng_Latn","ww2 aircraft advent calendar","WW2飞机圣诞倒数日历"
"eng_Latn","advent calendar 2025 nativity","2025年马槽圣诞倒数日历"
"eng_Latn","advent calendar cats","猫咪圣诞倒数日历"
"eng_Latn","advent calendar crafts","手工圣诞倒数日历"
"eng_Latn","advent calendar for 1 year old girl","1岁女孩圣诞倒数日历"
"eng_Latn","advent calendar lip gloss","唇彩圣诞倒数日历"
"eng_Latn","advent calendar littlest pet shop","Littlest Pet Shop圣诞倒数日历"
"eng_Latn","cow advent calendar","奶牛圣诞倒数日历"
"eng_Latn","empty fillable advent calendar","空白可填充圣诞倒数日历"
"eng_Latn","medieval cat advent calendar","中世纪猫咪圣诞倒数日历"
"eng_Latn","mystery escape room advent calendar","神秘密室逃脱圣诞倒数日历"
"eng_Latn","teens advent calendar 2025","2025年青少年圣诞倒数日历"
"eng_Latn","advent calendar 2025 golf","2025年高尔夫圣诞倒数日历"
"eng_Latn","advent calendar 2025 skin care","2025年护肤圣诞倒数日历"
"eng_Latn","advent calendar boys age 12","12岁男孩圣诞倒数日历"
"eng_Latn","advent calendar for her","女士圣诞倒数日历"
"eng_Latn","american girl doll advent calendar","美国 女孩玩偶圣诞倒数日历"
"eng_Latn","sticker advent calendar 2025","2025年贴纸圣诞倒数日历"
"eng_Latn","stuffed animal advent calendar 2025","2025年毛绒动物圣诞倒数日历"
"eng_Latn","super hero advent calendar 2025","2025年超级英雄圣诞倒数日历"
"eng_Latn","advent calendar 2025 kids boys","2025年儿童男孩圣诞倒数日历"
"eng_Latn","advent calendar with hot wheels","风火轮圣诞倒数日历"
"eng_Latn","kids chocolate advent calendar 2025","2025年儿童巧克力圣诞倒数日历"
"eng_Latn","advent calendar 2025 sports","2025年运动圣诞倒数日历"
"eng_Latn","beauty advent calendar 2025 sephora","2025年美妆丝芙兰圣诞倒数日历"
"eng_Latn","luxury perfume advent calendar","奢华香水圣诞倒数日历"
"eng_Latn","teeny mates advent calendar 2025","2025年teenymates圣诞倒数日历"
"eng_Latn","advent calendar 2025 book","2025年书籍圣诞倒数日历"
"eng_Latn","advent calendar 2025 football","2025年足球圣诞倒数日历"
"eng_Latn","advent calendar 2025 labubu","2025年Labubu圣诞倒数日历"
"eng_Latn","advent calendar jewelry women","珠宝首饰女士圣诞倒数日历"
"eng_Latn","cheap advent calendar 2025","2025年实惠圣诞倒数日历"
"eng_Latn","create your own advent calendar","createyourown圣诞倒数日历"
"eng_Latn","how to train your dragon advent calendar","《驯龙高手》圣诞倒数日历"
"eng_Latn","non candy advent calendar","无糖果圣诞倒数日历"
"eng_Latn","poppy playtime advent calendar","poppyplaytime圣诞倒数日历"
"eng_Latn","vodka advent calendar","伏特加圣诞倒数日历"
"eng_Latn","yankee candle advent calendar 2025","2025年Yankee Candle圣诞倒数日历"
"eng_Latn","christmas countdown calendar 2025","2025年圣诞倒计时日历"
"eng_Latn","advent calendar alcohol","酒类圣诞倒数日历"
"eng_Latn","advent calendar religious","宗教圣诞倒数日历"
"eng_Latn","bluey book advent calendar","Bluey书籍圣诞倒数日历"
"eng_Latn","furby advent calendar 2025","2025年furby圣诞倒数日历"
"eng_Latn","wwii aircraft advent calendar 2025","2025年二战飞机圣诞倒数日历"
"eng_Latn","advent calendar 2025 for dogs","2025年狗狗圣诞倒数日历"
"eng_Latn","advent calendar bath and body works","Bath & Body Works圣诞倒数日历"
"eng_Latn","advent calendar for little girls","小女孩圣诞倒数日历"
"eng_Latn","lego 2025 advent calendar","2025年乐高圣诞倒数日历"
"eng_Latn","lego frozen advent calendar 2025","2025年乐高《冰雪奇缘》圣诞倒数日历"
"eng_Latn","mystery tackle box advent calendar","渔具盒圣诞倒数日历"
"eng_Latn","nightmare before christmas advent calendar 2025","2025年《圣诞夜惊魂》圣诞倒数日历"
"eng_Latn","ninja turtle advent calendar 2025","2025年忍者神龟圣诞倒数日历"
"eng_Latn","teen girls advent calendar","青少年女孩圣诞倒数日历"
"eng_Latn","witchy advent calendar","女巫主题圣诞倒数日历"
"eng_Latn","reusable advent calendars","可重复使用圣诞倒数日历"
"eng_Latn","whiskey advent calendars","威士忌圣诞倒数日历"
"eng_Latn","3d advent calendar 2025","2025年3D圣诞倒数日历"
"eng_Latn","advent calendar 2025 make up","2025年彩妆圣诞倒数日历"
"eng_Latn","advent calendar 2025 star wars","2025年《星球大战》圣诞倒数日历"
"eng_Latn","advent calendar for baby girl","婴幼儿女孩圣诞倒数日历"
"eng_Latn","advent calendar girls 8-10","女孩810圣诞倒数日历"
"eng_Latn","advent puzzle calendar","拼图圣诞倒数日历"
"eng_Latn","duplo advent calendar","DUPLO圣诞倒数日历"
"eng_Latn","little boy advent calendar 2025","2025年小型男孩圣诞倒数日历"
"eng_Latn","metal gods advent calendar","金属gods圣诞倒数日历"
"eng_Latn","nba advent calendar","NBA圣诞倒数日历"
"eng_Latn","paper advent calendar","纸质圣诞倒数日历"
"eng_Latn","2025 advent calendars","2025年圣诞倒数日历"
"eng_Latn","advent calendars reusable","可重复使用圣诞倒数日历"
"eng_Latn","top rated kids advent calendars","高评分儿童款圣诞倒数日历"
"eng_Latn","advent calendar for baby boy","婴幼儿男孩圣诞倒数日历"
"eng_Latn","advent calendar woman","女士圣诞倒数日历"
"eng_Latn","chocolate advent calendar adults","巧克力成人圣诞倒数日历"
"eng_Latn","coloring advent calendar 2025","2025年涂色圣诞倒数日历"
"eng_Latn","sephora favorites advent calendar","丝芙兰favorites圣诞倒数日历"
"eng_Latn","tree hut advent calendar","Tree Hut圣诞倒数日历"
"eng_Latn","advent calendars for dogs","狗狗圣诞倒数日历"
"eng_Latn","empty advent calendars bulk","空白批量圣诞倒数日历"
"eng_Latn","advent calendar ducks","鸭子圣诞倒数日历"
"eng_Latn","advent calendar for boys lego","男孩乐高圣诞倒数日历"
"eng_Latn","bath and body advent calendar 2025","2025年沐浴与身体护理圣诞倒数日历"
"eng_Latn","funny advent calendar for adults","趣味成人圣诞倒数日历"
"eng_Latn","fuzzy sock advent calendar","毛绒袜子圣诞倒数日历"
"eng_Latn","advent calendar bags with numbers","bagsnumbers圣诞倒数日历"
"eng_Latn","3d advent calendar","3D圣诞倒数日历"
"eng_Latn","advent calendar fishing lures","钓鱼鱼饵圣诞倒数日历"
"eng_Latn","advent calendar for adults naughty","成人淘气圣诞倒数日历"
"eng_Latn","bible advent calendar","圣经圣诞倒数日历"
"eng_Latn","christ centered advent calendar","christcentered圣诞倒数日历"
"eng_Latn","kids makeup advent calendar","儿童彩妆圣诞倒数日历"
"eng_Latn","micromallows advent calendar 2025","2025年micromallows圣诞倒数日历"
"eng_Latn","sakerplus advent calendar","sakerplus圣诞倒数日历"
"eng_Latn","spider man advent calendar 2025","2025年《蜘蛛侠》圣诞倒数日历"
"eng_Latn","book lovers advent calendars","书籍爱好者圣诞倒数日历"
"eng_Latn","top advent calendars 2025","2025年热门圣诞倒数日历"
"eng_Latn","advent calendar bracelet","手链圣诞倒数日历"
"eng_Latn","advent calendar brainrot","Brainrot圣诞倒数日历"
"eng_Latn","advent calendar nightmare before christmas","《圣诞夜惊魂》圣诞倒数日历"
"eng_Latn","camping advent calendar","露营圣诞倒数日历"
"eng_Latn","fidget toy advent calendar 2025","2025年解压玩具玩具圣诞倒数日历"
"eng_Latn","laneige advent calendar 2025","2025年laneige圣诞倒数日历"
"eng_Latn","mary engelbreit advent calendar","Mary Engelbreit圣诞倒数日历"
"eng_Latn","zelda advent calendar","《塞尔达传说》圣诞倒数日历"
"eng_Latn","advent calendar for 7 year old girl","7岁女孩圣诞倒数日历"
"eng_Latn","advent makeup calendar","彩妆圣诞倒数日历"
"eng_Latn","advent whiskey calendar 2025","2025年威士忌圣诞倒数日历"
"eng_Latn","fillable advent calendar boxes","可填充盒子圣诞倒数日历"
"eng_Latn","sloth advent calendar 2025","2025年树懒圣诞倒数日历"
"eng_Latn","witch advent calendar","女巫圣诞倒数日历"
"eng_Latn","advent calendar for 6 year old girl","6岁女孩圣诞倒数日历"
"eng_Latn","advent calendar nativity scene","马槽场景圣诞倒数日历"
"eng_Latn","building advent calendar","建造圣诞倒数日历"
"eng_Latn","dungeons and dragons advent calendar 2025","2025年Dungeons & Dragons圣诞倒数日历"
"eng_Latn","elf advent calendar makeup","e.l.f.彩妆圣诞倒数日历"
"eng_Latn","hummingbird advent calendar 2025","2025年蜂鸟圣诞倒数日历"
"eng_Latn","lip advent calendar","唇部圣诞倒数日历"
"eng_Latn","religious advent calendar for kids","宗教儿童圣诞倒数日历"
"eng_Latn","softball advent calendar 2025","2025年垒球圣诞倒数日历"
"eng_Latn","advent calendar 2025 chocolate lindt","2025年巧克力瑞士莲圣诞倒数日历"
"eng_Latn","advent calendar football cards","足球卡片圣诞倒数日历"
"eng_Latn","advent calendar for boys age 3","3岁男孩圣诞倒数日历"
"eng_Latn","advent calendar for moms","妈妈圣诞倒数日历"
"eng_Latn","bluey advent calendar books","Bluey书籍圣诞倒数日历"
"eng_Latn","fisher price little people advent calendar","Fisher-Price Little People圣诞倒数日历"
"eng_Latn","jewelry advent calendar for women","珠宝首饰女士圣诞倒数日历"
"eng_Latn","beauty advent calendars for teen girls","美妆青少年女孩圣诞倒数日历"
"eng_Latn","chocolate advent calendar 2025 pack","2025年巧克力pack圣诞倒数日历"
"eng_Latn","hey clay advent calendar","heyclay圣诞倒数日历"
"eng_Latn","nascar advent calendar","nascar圣诞倒数日历"
"eng_Latn","netflix advent calendar 2025","2025年奈飞圣诞倒数日历"
"eng_Latn","tiny gifts for advent calendar","小型礼物圣诞倒数日历"
"eng_Latn","advent calendars fidgets","解压玩具圣诞倒数日历"
"eng_Latn","advent calendar fortnite","Fortnite圣诞倒数日历"
"eng_Latn","art advent calendar 2025 adult","2025年艺术成人圣诞倒数日历"
"eng_Latn","herbal tea advent calendar","草本茶叶圣诞倒数日历"
"eng_Latn","lego flowers advent calendar","乐高花卉圣诞倒数日历"
"eng_Latn","lip balm advent calendar","润唇膏圣诞倒数日历"
"eng_Latn","paper advent calendar 2025","2025年纸质圣诞倒数日历"
"eng_Latn","popular advent calendar 2025","2025年热门圣诞倒数日历"
"eng_Latn","advent calendar princess","公主圣诞倒数日历"
"eng_Latn","advent calendar wine","葡萄酒圣诞倒数日历"
"eng_Latn","cross stitch advent calendar","十字绣圣诞倒数日历"
"eng_Latn","ghirardelli advent calendar 2025","2025年ghirardelli圣诞倒数日历"
"eng_Latn","holiday advent calendar 2025","2025年假日圣诞倒数日历"
"eng_Latn","pop advent calendar","Pop圣诞倒数日历"
"eng_Latn","supernatural advent calendar","supernatural圣诞倒数日历"
"eng_Latn","advent calendar 2025 soccer","2025年足球圣诞倒数日历"
"eng_Latn","advent calendar perfume for women","香水女士圣诞倒数日历"
"eng_Latn","champagne advent calendar","champagne圣诞倒数日历"
"eng_Latn","mha advent calendar","mha圣诞倒数日历"
"eng_Latn","thomas the train advent calendar 2025","2025年托马斯小火车圣诞倒数日历"
"eng_Latn","twinings tea advent calendar 2025","2025年twinings茶叶圣诞倒数日历"
"eng_Latn","advent calendar spiderman","蜘蛛侠圣诞倒数日历"
"eng_Latn","kids christmas advent calendar","儿童圣诞倒数日历"
"eng_Latn","little pet shop advent calendar","Littlest Pet Shop圣诞倒数日历"
"eng_Latn","national lampoon advent calendar","National Lampoon圣诞倒数日历"
"eng_Latn","star trek advent calendar 2025","2025年《星际迷航》圣诞倒数日历"
"eng_Latn","teenage advent calendar","青少年圣诞倒数日历"
"eng_Latn","advent calendar for 8 year old boy","8岁男孩圣诞倒数日历"
"eng_Latn","advent calendar hanging","悬挂式圣诞倒数日历"
"eng_Latn","advent calendar pokemon 2025","2025年宝可梦圣诞倒数日历"
"eng_Latn","crafting advent calendar","手工圣诞倒数日历"
"eng_Latn","demon hunters advent calendar","恶魔猎人圣诞倒数日历"
"eng_Latn","jurassic world rebirth advent calendar","侏罗纪世界：重生圣诞倒数日历"
"eng_Latn","advent calendars anime","动漫圣诞倒数日历"
"eng_Latn","advent calendar 2025 barbie","2025年芭比圣诞倒数日历"
"eng_Latn","baby doll advent calendar","婴幼儿玩偶圣诞倒数日历"
"eng_Latn","coraline advent calendar","coraline圣诞倒数日历"
"eng_Latn","kids chocolate advent calendar","儿童巧克力圣诞倒数日历"
"eng_Latn","kinder joy advent calendar 2025","2025年Kinderjoy圣诞倒数日历"
"eng_Latn","make up advent calendar 2025 ulta","2025年彩妆ULTA圣诞倒数日历"
"eng_Latn","military advent calendar 2025","2025年军事圣诞倒数日历"
"eng_Latn","topps holiday advent calendar","Topps假日圣诞倒数日历"
"eng_Latn","advent calendar 2025 family","2025年家庭圣诞倒数日历"
"eng_Latn","advent calendar for 9 year old girl","9岁女孩圣诞倒数日历"
"eng_Latn","advent calendar kit","套装圣诞倒数日历"
"eng_Latn","burt's bees advent calendar","Burt's Bees圣诞倒数日历"
"eng_Latn","godiva advent calendar","Godiva圣诞倒数日历"
"eng_Latn","high end advent calendar 2025","2025年高端圣诞倒数日历"
"eng_Latn","lego advent calendar boys","乐高男孩圣诞倒数日历"
"eng_Latn","lets battle advent calendar","letsbattle圣诞倒数日历"
"eng_Latn","naughty advent calendar for adults","淘气成人圣诞倒数日历"
"eng_Latn","transformers advent calendar 2025","2025年变形金刚圣诞倒数日历"
"eng_Latn","2025 disney advent calendar","2025年迪士尼圣诞倒数日历"
"eng_Latn","advent beauty calendar","美妆圣诞倒数日历"
"eng_Latn","advent calendar 2025 dinosaurs","2025年dinosaurs圣诞倒数日历"
"eng_Latn","advent calendar for boys hot wheels","男孩风火轮圣诞倒数日历"
"eng_Latn","bourbon advent calendar 2025 adult","2025年烈酒成人圣诞倒数日历"
"eng_Latn","transformer advent calendar","transformer圣诞倒数日历"
"eng_Latn","advent calendar tree","圣诞树圣诞倒数日历"
"eng_Latn","faith based advent calendar","信仰主题圣诞倒数日历"
"eng_Latn","fisherman advent calendar 2025","2025年渔夫圣诞倒数日历"
"eng_Latn","lindor advent calendar","Lindor圣诞倒数日历"
"eng_Latn","nedo advent calendar","nedo圣诞倒数日历"
"eng_Latn","pixar cars advent calendar 2025","2025年Pixar汽车总动员圣诞倒数日历"
"eng_Latn","teenage advent calendar 2025","2025年青少年圣诞倒数日历"
"eng_Latn","fishing advent calendars","垂钓圣诞倒数日历"
"eng_Latn","advent calendar 2025 candles","2025年蜡烛圣诞倒数日历"
"eng_Latn","advent calendar 2025 girls tweens","2025年女孩青少年圣诞倒数日历"
"eng_Latn","advent calendar clearance sale","清仓促销圣诞倒数日历"
"eng_Latn","advent calendar for teen","青少年圣诞倒数日历"
"eng_Latn","duplo advent calendar 2025","2025年DUPLO圣诞倒数日历"
"eng_Latn","fillable advent calendar 2025","2025年可填充圣诞倒数日历"
"eng_Latn","gold advent calendar 2025","2025年金色圣诞倒数日历"
"eng_Latn","nativity scene advent calendar","马槽场景圣诞倒数日历"
"eng_Latn","tween boy advent calendar 2025","2025年青少年男孩圣诞倒数日历"
"eng_Latn","warhammer advent calendar","warhammer圣诞倒数日历"
"eng_Latn","advent calendars for couples","情侣圣诞倒数日历"
"eng_Latn","advent calendar 2025 kinder","2025年Kinder圣诞倒数日历"
"eng_Latn","advent calendar 2025 squishy","2025年解压玩具圣诞倒数日历"
"eng_Latn","advent calendar 2025 tween girls","2025年青少年女孩圣诞倒数日历"
"eng_Latn","advent calendar with candy","糖果圣诞倒数日历"
"eng_Latn","alcohol advent calendar for adults","酒类成人圣诞倒数日历"
"eng_Latn","charlotte tilbury advent calendar 2025","2025年charlottetilbury圣诞倒数日历"
"eng_Latn","demon hunter advent calendar 2025","2025年demonhunter圣诞倒数日历"
"eng_Latn","gummy candy advent calendar 2025","2025年软糖糖果圣诞倒数日历"
"eng_Latn","kids makeup advent calendar 2025","2025年儿童彩妆圣诞倒数日历"
"eng_Latn","personalized advent calendar","personalized圣诞倒数日历"
"eng_Latn","star trek advent calendar","《星际迷航》圣诞倒数日历"
"eng_Latn","walkers shortbread advent calendar","walkersshortbread圣诞倒数日历"
"eng_Latn","advent calendar dark chocolate","黑巧克力圣诞倒数日历"
"eng_Latn","essence advent calendar","essence圣诞倒数日历"
"eng_Latn","kit kat advent calendar","KitKat圣诞倒数日历"
"eng_Latn","korean skin care advent calendar","韩式护肤圣诞倒数日历"
"eng_Latn","licorice advent calendar 2025","2025年甘草糖圣诞倒数日历"
"eng_Latn","men's cologne advent calendar","男士s男士香水圣诞倒数日历"
"eng_Latn","milkbone advent calendar 2025","2025年milkbone圣诞倒数日历"
"eng_Latn","mini advent calendar fillers","迷你圣诞倒数日历填充物"
"eng_Latn","nakatomi plaza advent calendar","nakatomiplaza圣诞倒数日历"
"eng_Latn","plant advent calendar 2025","2025年植物圣诞倒数日历"
"eng_Latn","advent calendar 2025 art","2025年艺术圣诞倒数日历"
"eng_Latn","advent calendar 2025 grinch","2025年圣诞怪杰圣诞倒数日历"
"eng_Latn","cosmetic advent calendar 2025","2025年化妆品圣诞倒数日历"
"eng_Latn","witch advent calendar 2025","2025年女巫圣诞倒数日历"
"eng_Latn","kids advent calendars on sale","儿童促销圣诞倒数日历"
"eng_Latn","countdown to christmas calendar","圣诞倒计时日历"
"eng_Latn","advent calendar 2025 nails","2025年指甲圣诞倒数日历"
"eng_Latn","advent calendar bath bomb","沐浴球圣诞倒数日历"
"eng_Latn","advent calendar for 2 year old","2岁圣诞倒数日历"
"eng_Latn","advent calendar jigsaw puzzle","拼图圣诞倒数日历"
"eng_Latn","champagne advent calendar 2025","2025年champagne圣诞倒数日历"
"eng_Latn","guitar player advent calendar","吉他player圣诞倒数日历"
"eng_Latn","jewelry advent calendar 2025 for women","2025年珠宝首饰女士圣诞倒数日历"
"eng_Latn","tea christmas advent calendar","茶叶圣诞倒数日历"
"eng_Latn","advent calendars coffee","咖啡圣诞倒数日历"
"eng_Latn","alcohol advent calendars","酒类圣诞倒数日历"
"eng_Latn","advent calendar ￼","圣诞倒数日历"
"eng_Latn","building blocks advent calendar 2025","2025年积木圣诞倒数日历"
"eng_Latn","five nights freddy advent calendar","《玩具熊的五夜后宫》圣诞倒数日历"
"eng_Latn","girly advent calendar","girly圣诞倒数日历"
"eng_Latn","infant advent calendar","婴儿圣诞倒数日历"
"eng_Latn","kuromi advent calendar","酷洛米圣诞倒数日历"
"eng_Latn","lindt teddy advent calendar","瑞士莲teddy圣诞倒数日历"
"eng_Latn","little girl advent calendar","小女孩圣诞倒数日历"
"eng_Latn","matchbox advent calendar","Matchbox圣诞倒数日历"
"eng_Latn","cool advent calendars for boys","酷男孩圣诞倒数日历"
"eng_Latn","advent calendar 2025 legos","2025年乐高圣诞倒数日历"
"eng_Latn","bath advent calendar","沐浴圣诞倒数日历"
"eng_Latn","charlie brown advent calendar","charliebrown圣诞倒数日历"
"eng_Latn","fragrance advent calendar 2025","2025年香氛圣诞倒数日历"
"eng_Latn","mini verse advent calendar 2025","2025年Miniverse圣诞倒数日历"
"eng_Latn","pug advent calendar 2025","2025年巴哥犬圣诞倒数日历"
"eng_Latn","sensory advent calendar","感官圣诞倒数日历"
"eng_Latn","3d printed animals advent calendar","3D打印动物圣诞倒数日历"
"eng_Latn","advent calendar 2025 couples","2025年情侣圣诞倒数日历"
"eng_Latn","advent calendar crystals","水晶圣诞倒数日历"
"eng_Latn","advent calendar toys fillers","玩具圣诞倒数日历填充物"
"eng_Latn","alcohol advent calendar 2025 for adults","2025年酒类成人圣诞倒数日历"
"eng_Latn","big foot advent calendar 2025","2025年bigfoot圣诞倒数日历"
"eng_Latn","christmas village advent calendar","圣诞村圣诞倒数日历"
"eng_Latn","dad advent calendar 2025","2025年爸爸圣诞倒数日历"
"eng_Latn","halloween advent calendar 2025","2025年万圣节圣诞倒数日历"
"eng_Latn","m&m advent calendar 2025","2025年m圣诞倒数日历"
"eng_Latn","puzzle advent calendar for adults","拼图成人圣诞倒数日历"
"eng_Latn","whiskey advent calendar 2026","2026年威士忌圣诞倒数日历"
"eng_Latn","white chocolate advent calendar","白色巧克力圣诞倒数日历"
"eng_Latn","advent calendar 2025 dark chocolate","2025年黑巧克力圣诞倒数日历"
"eng_Latn","advent calendar boys age 10","10岁男孩圣诞倒数日历"
"eng_Latn","advent calendar funny","趣味圣诞倒数日历"
"eng_Latn","flamingo advent calendar","flamingo圣诞倒数日历"
"eng_Latn","girly advent calendar 2025","2025年girly圣诞倒数日历"
"eng_Latn","herbal tea advent calendar 2025","2025年草本茶叶圣诞倒数日历"
"eng_Latn","jesus advent calendar","耶稣圣诞倒数日历"
"eng_Latn","keychain advent calendar","钥匙扣圣诞倒数日历"
"eng_Latn","musical advent calendar","音乐剧圣诞倒数日历"
"eng_Latn","organic advent calendar","有机圣诞倒数日历"
"eng_Latn","pavoi advent calendar 2025","2025年pavoi圣诞倒数日历"
"eng_Latn","tarot advent calendar 2025","2025年塔罗圣诞倒数日历"
"eng_Latn","disney advent calendars","迪士尼圣诞倒数日历"
"eng_Latn","empty advent calendars to fill 12 days","12天空白可填充圣诞倒数日历"
"eng_Latn","advent calendar 2025 cats","2025年猫咪圣诞倒数日历"
"eng_Latn","advent calendar filler","圣诞倒数日历填充物"
"eng_Latn","advent calendar for woman","女士圣诞倒数日历"
"eng_Latn","advent calendar’s","s圣诞倒数日历"
"eng_Latn","advent nativity calendar","马槽圣诞倒数日历"
"eng_Latn","advent perfume calendar 2025","2025年香水圣诞倒数日历"
"eng_Latn","bath advent calendar 2025","2025年沐浴圣诞倒数日历"
"eng_Latn","family christmas advent calendar","家庭圣诞倒数日历"
"eng_Latn","frog advent calendar","frog圣诞倒数日历"
"eng_Latn","gummy candy advent calendar","软糖糖果圣诞倒数日历"
"eng_Latn","kindness advent calendar 2025","2025年善意主题圣诞倒数日历"
"eng_Latn","magnatile advent calendar","magnatile圣诞倒数日历"
"eng_Latn","monster jam mini advent calendar","Monster Jam迷你款圣诞倒数日历"
"eng_Latn","my little pony advent calendar 2025","2025年《小马宝莉》圣诞倒数日历"
"eng_Latn","spidey advent calendar","蜘蛛侠圣诞倒数日历"
"eng_Latn","wooden advent calendar with doors","木质doors圣诞倒数日历"
"eng_Latn","advent calendars hello kitty","Hello Kitty圣诞倒数日历"
"eng_Latn","advent calendars whiskey","威士忌圣诞倒数日历"
"eng_Latn","christmas avent calendar 2025","2025年圣诞倒数日历"
"eng_Latn","24 days of beauty advent calendar","24天美妆圣诞倒数日历"
"eng_Latn","advent calendar fillers for teens","填充物青少年圣诞倒数日历"
"eng_Latn","advent calendar for college girl","大学生女孩圣诞倒数日历"
"eng_Latn","advent calendar mystery","神秘圣诞倒数日历"
"eng_Latn","advent calendar photo holder","照片展示架圣诞倒数日历"
"eng_Latn","five nights of freddy advent calendar 2025","2025年fivenightsfreddy圣诞倒数日历"
"eng_Latn","gothic advent calendar 2025","2025年哥特圣诞倒数日历"
"eng_Latn","lure advent calendar 2025","2025年诱饵圣诞倒数日历"
"eng_Latn","milk chocolate advent calendar 2025","2025年牛奶巧克力圣诞倒数日历"
"eng_Latn","advent calendars slime","史莱姆圣诞倒数日历"
"eng_Latn","2025 pokemon advent calendar","2025年宝可梦圣诞倒数日历"
"eng_Latn","advent calendar science","科学圣诞倒数日历"
"eng_Latn","embroidery advent calendar","刺绣圣诞倒数日历"
"eng_Latn","essence advent calendar 2025","2025年essence圣诞倒数日历"
"eng_Latn","john deere advent calendar 2025","2025年johndeere圣诞倒数日历"
"eng_Latn","lego advent calendar 2025 adult","2025年乐高成人圣诞倒数日历"
"eng_Latn","male advent calendar 2025","2025年男性圣诞倒数日历"
"eng_Latn","mickey advent calendar","米奇圣诞倒数日历"
"eng_Latn","wwii advent calendar","二战圣诞倒数日历"
"eng_Latn","advent calendar 2025 marvel","2025年漫威圣诞倒数日历"
"eng_Latn","advent calendar for 5 year old boy","5岁男孩圣诞倒数日历"
"eng_Latn","advent calendar for artists","artists圣诞倒数日历"
"eng_Latn","around the world advent calendar","世界各地圣诞倒数日历"
"eng_Latn","camping advent calendar 2025","2025年露营圣诞倒数日历"
"eng_Latn","cat advent calendar for kids","猫咪儿童圣诞倒数日历"
"eng_Latn","hersheys advent calendar 2025","2025年好时圣诞倒数日历"
"eng_Latn","lego advent calendar 2025 star wars","2025年乐高《星球大战》圣诞倒数日历"
"eng_Latn","marvel funko pop advent calendar","漫威Funko Pop圣诞倒数日历"
"eng_Latn","religious advent calendar 2025 kids","2025年宗教儿童圣诞倒数日历"
"eng_Latn","squish mallow advent calendar 2025","2025年squishmallow圣诞倒数日历"
"eng_Latn","sugarfina advent calendar","sugarfina圣诞倒数日历"
"eng_Latn","best selling advent calendars","精选selling圣诞倒数日历"
"eng_Latn","advent calendar 2025 3d printed","2025年3D打印圣诞倒数日历"
"eng_Latn","advent calendar 2025 crochet","2025年钩针编织圣诞倒数日历"
"eng_Latn","advent calendar for adult men","成人男士圣诞倒数日历"
"eng_Latn","advent calendar snoopy","史努比圣诞倒数日历"
"eng_Latn","hot wheels muscle car advent calendar","风火轮肌肉汽车圣诞倒数日历"
"eng_Latn","revolve advent calendar 2025","2025年revolve圣诞倒数日历"
"eng_Latn","2 year old advent calendar 2025","2025年2岁圣诞倒数日历"
"eng_Latn","advent calendar 2025 alcohol","2025年酒类圣诞倒数日历"
"eng_Latn","advent calendar blank","空白圣诞倒数日历"
"eng_Latn","advent calendar christmas tree","圣诞树圣诞倒数日历"
"eng_Latn","bourbon advent calendar for adults","烈酒成人圣诞倒数日历"
"eng_Latn","motorcycle advent calendar 2025","2025年摩托车圣诞倒数日历"
"eng_Latn","tmnt advent calendar","tmnt圣诞倒数日历"
"eng_Latn","tony's chocolate advent calendar 2025","2025年tonys巧克力圣诞倒数日历"
"eng_Latn","advent calendars funko pop","Funko Pop圣诞倒数日历"
"eng_Latn","advent calendar 2025 book lovers","2025年书籍爱好者圣诞倒数日历"
"eng_Latn","advent calendar 2025 for toddlers","2025年幼儿圣诞倒数日历"
"eng_Latn","advent calendar whiskey","威士忌圣诞倒数日历"
"eng_Latn","do it yourself advent calendar","doityourself圣诞倒数日历"
"eng_Latn","gold jewelry advent calendar 2025","2025年金色珠宝首饰圣诞倒数日历"
"eng_Latn","halloween advent calendar","万圣节圣诞倒数日历"
"eng_Latn","seaglass christmas tree advent calendar","海洋玻璃圣诞树圣诞倒数日历"
"eng_Latn","shark advent calendar 2025","2025年鲨鱼圣诞倒数日历"
"eng_Latn","advent calendars for teens 2025","2025年青少年圣诞倒数日历"
"eng_Latn","harry potter advent calendars","《哈利·波特》圣诞倒数日历"
"eng_Latn","makeup avent calendar 2025","2025年彩妆圣诞倒数日历"
"eng_Latn","dad advent calendar","爸爸圣诞倒数日历"
"eng_Latn","harry potter funko pop advent calendar","《哈利·波特》Funko Pop圣诞倒数日历"
"eng_Latn","plushie advent calendar","plushie圣诞倒数日历"
"eng_Latn","advent calendars minecraft","《我的世界》圣诞倒数日历"
"eng_Latn","advent calendar for guys","男士圣诞倒数日历"
"eng_Latn","advent calendar one piece","《海贼王》圣诞倒数日历"
"eng_Latn","disney advent calendar 2025 kids","2025年迪士尼儿童圣诞倒数日历"
"eng_Latn","kcup advent calendar 2025","2025年K-Cup圣诞倒数日历"
"eng_Latn","mickey advent calendar 2025","2025年米奇圣诞倒数日历"
"eng_Latn","mom advent calendar","妈妈圣诞倒数日历"
"eng_Latn","traditional advent calendar 2025","2025年传统圣诞倒数日历"
"eng_Latn","universal yums advent calendar 2025","2025年universalyums圣诞倒数日历"
"eng_Latn","whiskey advent calendar 2025 with alcohol","2025年威士忌酒类圣诞倒数日历"
"eng_Latn","advent calendar basketball","篮球圣诞倒数日历"
"eng_Latn","advent calendar family","家庭圣诞倒数日历"
"eng_Latn","bible advent calendar 2025","2025年圣经圣诞倒数日历"
"eng_Latn","cool advent calendar","酷圣诞倒数日历"
"eng_Latn","cross stitch advent calendar 2025","2025年十字绣圣诞倒数日历"
"eng_Latn","golden retriever advent calendar 2025","2025年金毛寻回犬圣诞倒数日历"
"eng_Latn","hair care advent calendar","头发护理护理圣诞倒数日历"
"eng_Latn","high end chocolate advent calendar","高端巧克力圣诞倒数日历"
"eng_Latn","japanese advent calendar 2025","2025年日式圣诞倒数日历"
"eng_Latn","jellycat advent calendar 2025","2025年jellycat圣诞倒数日历"
"eng_Latn","lilo and stitch advent calendar","《星际宝贝》圣诞倒数日历"
"eng_Latn","make it mini advent calendar","makeit迷你圣诞倒数日历"
"eng_Latn","meat stick advent calendar","肉条圣诞倒数日历"
"eng_Latn","advent calendars 2025 adults","2025年成人圣诞倒数日历"
"eng_Latn","advent calendars funko","Funko圣诞倒数日历"
"eng_Latn","advent calendars sephora","丝芙兰圣诞倒数日历"
"eng_Latn","advent calendar 2025 brainrot","2025年Brainrot圣诞倒数日历"
"eng_Latn","advent calendar 2025 toys","2025年玩具圣诞倒数日历"
"eng_Latn","advent calendar for adult women","成人女士圣诞倒数日历"
"eng_Latn","flower bouquet advent calendar","花卉花束圣诞倒数日历"
"eng_Latn","jack daniels advent calendar","杰克丹尼圣诞倒数日历"
"eng_Latn","lego advent calendar￼","乐高圣诞倒数日历"
"eng_Latn","swear bear advent calendar","Swear Bear圣诞倒数日历"
"eng_Latn","luxury chocolate advent calendars","奢华巧克力圣诞倒数日历"
"eng_Latn","advent calendar 4 year old boy","4岁男孩圣诞倒数日历"
"eng_Latn","advent calendar animals","动物圣诞倒数日历"
"eng_Latn","advent calendar jewelry adult","珠宝首饰成人圣诞倒数日历"
"eng_Latn","advent calendar monster jam","Monster Jam圣诞倒数日历"
"eng_Latn","beef advent calendar","beef圣诞倒数日历"
"eng_Latn","chicken advent calendar","chicken圣诞倒数日历"
"eng_Latn","couple advent calendar","情侣圣诞倒数日历"
"eng_Latn","snacks advent calendar","零食圣诞倒数日历"
"eng_Latn","adult woman advent calendar 2025","2025年成人女士圣诞倒数日历"
"eng_Latn","advent calendar mario","马里奥圣诞倒数日历"
"eng_Latn","advent calendar playmobil","Playmobil圣诞倒数日历"
"eng_Latn","building advent calendar 2025","2025年建造圣诞倒数日历"
"eng_Latn","canvas advent calendar","帆布圣诞倒数日历"
"eng_Latn","chocolate advent calendar 2025 lindt","2025年巧克力瑞士莲圣诞倒数日历"
"eng_Latn","korean advent calendar","韩式圣诞倒数日历"
"eng_Latn","mustang advent calendar 2025","2025年mustang圣诞倒数日历"
"eng_Latn","peppa advent calendar 2025","2025年《小猪佩奇》圣诞倒数日历"
"eng_Latn","photo advent calendar with pockets","照片口袋圣诞倒数日历"
"eng_Latn","press on nails advent calendar","press指甲圣诞倒数日历"
"eng_Latn","sewing advent calendar 2025","2025年缝纫圣诞倒数日历"
"eng_Latn","shower steamer advent calendar","淋浴香薰片圣诞倒数日历"
"eng_Latn","advent calendars for teens girls","青少年女孩圣诞倒数日历"
"eng_Latn","best advent calendars for men","精选男士圣诞倒数日历"
"eng_Latn","3d print advent calendar","3Dprint圣诞倒数日历"
"eng_Latn","advent calendar 2025 baby","2025年婴幼儿圣诞倒数日历"
"eng_Latn","advent calendar 2025 paw patrol","2025年《汪汪队立大功》圣诞倒数日历"
"eng_Latn","advent calendar photo board for pictures - instant photo hanging display, reusable christmas countdo","photoboardpicturesinstant悬挂式display可重复使用countdo圣诞倒数日历"
"eng_Latn","baby girl advent calendar 2025","2025年婴幼儿女孩圣诞倒数日历"
"eng_Latn","cocktail advent calendar 2025","2025年鸡尾酒圣诞倒数日历"
"eng_Latn","fish advent calendar","鱼圣诞倒数日历"
"eng_Latn","food advent calendar 2025 for adults","2025年食品成人圣诞倒数日历"
"eng_Latn","high end makeup advent calendar","高端彩妆圣诞倒数日历"
"eng_Latn","kids candy advent calendar 2025","2025年儿童糖果圣诞倒数日历"
"eng_Latn","lego ornament advent calendar","乐高装饰品圣诞倒数日历"
"eng_Latn","loccitane advent calendar","欧舒丹圣诞倒数日历"
"eng_Latn","super mario advent calendar","超级马力欧圣诞倒数日历"
"eng_Latn","teenage girl advent calendar","青少年女孩圣诞倒数日历"
"eng_Latn","amazon advent calendars 2025","2025年亚马逊圣诞倒数日历"
"eng_Latn","christmas advent calendars for boys","男孩圣诞倒数日历"
"eng_Latn","fidget advent calendars","解压玩具圣诞倒数日历"
"eng_Latn","12 days of christmas advent calendar empty","12天空白圣诞倒数日历"
"eng_Latn","4 year old advent calendar 2025","2025年4岁圣诞倒数日历"
"eng_Latn","advent calendar 2025 boys teen","2025年男孩青少年圣诞倒数日历"
"eng_Latn","advent calendar for 6 year old boy","6岁男孩圣诞倒数日历"
"eng_Latn","advent calendar for teens boys","青少年男孩圣诞倒数日历"
"eng_Latn","advent calendar fun","趣味圣诞倒数日历"
"eng_Latn","advent calendar monster trucks","怪兽卡车圣诞倒数日历"
"eng_Latn","arcane advent calendar","arcane圣诞倒数日历"
"eng_Latn","bass fishing advent calendar","鲈鱼垂钓圣诞倒数日历"
"eng_Latn","cinnamoroll advent calendar","cinnamoroll圣诞倒数日历"
"eng_Latn","elf beauty advent calendar 2025","2025年e.l.f.美妆圣诞倒数日历"
"eng_Latn","ferrero rocher advent calendar 2025","2025年费列罗榛果威化巧克力圣诞倒数日历"
"eng_Latn","hair care advent calendar 2025","2025年头发护理护理圣诞倒数日历"
"eng_Latn","lego advent calendar 2025 marvel","2025年乐高漫威圣诞倒数日历"
"eng_Latn","little people princess advent calendar","Little People公主圣诞倒数日历"
"eng_Latn","stationary advent calendar","文具圣诞倒数日历"
"eng_Latn","the book lovers advent calendar","书籍爱好者圣诞倒数日历"
"eng_Latn","advent calendars toddler","幼儿圣诞倒数日历"
"eng_Latn","christmas advent calendars for girls","女孩圣诞倒数日历"
"eng_Latn","1 year old advent calendar","1岁圣诞倒数日历"
"eng_Latn","2 year old advent calendar","2岁圣诞倒数日历"
"eng_Latn","advent calendar for cats 2025","2025年猫咪圣诞倒数日历"
"eng_Latn","advent calendar minecraft 2025","2025年《我的世界》圣诞倒数日历"
"eng_Latn","dodgers advent calendar","dodgers圣诞倒数日历"
"eng_Latn","food advent calendar for adults","食品成人圣诞倒数日历"
"eng_Latn","funko pokemon advent calendar","Funko宝可梦圣诞倒数日历"
"eng_Latn","gummy bear advent calendar","软糖熊圣诞倒数日历"
"eng_Latn","large empty advent calendar boxes","大号空白盒子圣诞倒数日历"
"eng_Latn","lipgloss advent calendar","唇彩圣诞倒数日历"
"eng_Latn","my hero academia advent calendar 2025","2025年《我的英雄学院》圣诞倒数日历"
"eng_Latn","nintendo advent calendar 2025","2025年任天堂圣诞倒数日历"
"eng_Latn","scotch advent calendar 2025","2025年苏格兰威士忌圣诞倒数日历"
"eng_Latn","anime advent calendars","动漫圣诞倒数日历"
"eng_Latn","cool advent calendars for adults","酷成人圣诞倒数日历"
"eng_Latn","toddler advent calendars","幼儿圣诞倒数日历"
"eng_Latn","advent calendar 2025 for teen","2025年青少年圣诞倒数日历"
"eng_Latn","advent calendar 2025 religious","2025年宗教圣诞倒数日历"
"eng_Latn","advent calendar for 9 year old boy","9岁男孩圣诞倒数日历"
"eng_Latn","baby advent calendar 2025 boys","2025年婴幼儿男孩圣诞倒数日历"
"eng_Latn","bark advent calendar for dogs","bark狗狗圣诞倒数日历"
"eng_Latn","nyx advent calendar 2025","2025年NYX圣诞倒数日历"
"eng_Latn","stick bot advent calendar 2025","2025年stickbot圣诞倒数日历"
"eng_Latn","advent calendars chocolate 2025","2025年巧克力圣诞倒数日历"
"eng_Latn","teen advent calendars","青少年圣诞倒数日历"
"eng_Latn","weird advent calendars 2025","2025年奇特圣诞倒数日历"
"eng_Latn","aaron's thinking putty advent calendar","Crazy Aaron's思考彩泥圣诞倒数日历"
"eng_Latn","big foot advent calendar","bigfoot圣诞倒数日历"
"eng_Latn","chocolate advent christmas calendar","巧克力圣诞倒数日历"
"eng_Latn","coloring advent calendar","涂色圣诞倒数日历"
"eng_Latn","flower lego advent calendar 2025","2025年花卉乐高圣诞倒数日历"
"eng_Latn","magnatile advent calendar 2025","2025年magnatile圣诞倒数日历"
"eng_Latn","mini books advent calendar 2025","2025年迷你书籍圣诞倒数日历"
"eng_Latn","squish a longs advent calendar","Squish-A-Longs圣诞倒数日历"
"eng_Latn","tonys advent calendar","Tony's圣诞倒数日历"
"eng_Latn","advent calendars teens","青少年圣诞倒数日历"
"eng_Latn","advent calendar 12 days","12天圣诞倒数日历"
"eng_Latn","advent calendar sanrio","三丽鸥圣诞倒数日历"
"eng_Latn","advent calendar stationery","文具圣诞倒数日历"
"eng_Latn","ford mustang advent calendar 2025","2025年fordmustang圣诞倒数日历"
"eng_Latn","minnie mouse advent calendar 2025","2025年米妮圣诞倒数日历"
"eng_Latn","nhl advent calendar 2025","2025年nhl圣诞倒数日历"
"eng_Latn","sexy advent calendar 2025","2025年情趣圣诞倒数日历"
"eng_Latn","best kids advent calendars 2025","2025年精选儿童圣诞倒数日历"
"eng_Latn","advent calendar empty box","空白盒子圣诞倒数日历"
"eng_Latn","board game advent calendar","boardgame圣诞倒数日历"
"eng_Latn","ebt advent calendar","ebt圣诞倒数日历"
"eng_Latn","griswold advent calendar 2025","2025年griswold圣诞倒数日历"
"eng_Latn","ninjago advent calendar","幻影忍者圣诞倒数日历"
"eng_Latn","tea forte advent calendar 2025","2025年茶forte圣诞倒数日历"
"eng_Latn","tween girls advent calendar 2025","2025年青少年女孩圣诞倒数日历"
"eng_Latn","advent calendars teen girls","青少年女孩圣诞倒数日历"
"eng_Latn","perfume advent calendars","香水圣诞倒数日历"
"eng_Latn","24 days of christmas advent calendar","24天圣诞倒数日历"
"eng_Latn","adult women advent calendar","成人女士圣诞倒数日历"
"eng_Latn","advent calendar 10 year old boy","10岁男孩圣诞倒数日历"
"eng_Latn","advent calendar items","物品圣诞倒数日历"
"eng_Latn","advent calendar perfumes","香水圣诞倒数日历"
"eng_Latn","advent christmas calendar","圣诞倒数日历"
"eng_Latn","arts and crafts advent calendar","艺术手工圣诞倒数日历"
"eng_Latn","billie eilish advent calendar 2025","2025年billieeilish圣诞倒数日历"
"eng_Latn","disney munchlings advent calendar","迪士尼munchlings圣诞倒数日历"
"eng_Latn","frog advent calendar 2025","2025年frog圣诞倒数日历"
"eng_Latn","milk bone advent calendar 2025","2025年Milk-Bone圣诞倒数日历"
"eng_Latn","miraculous advent calendar","miraculous圣诞倒数日历"
"eng_Latn","motocross advent calendar 2025","2025年越野摩托车圣诞倒数日历"
"eng_Latn","nat geo advent calendar","natgeo圣诞倒数日历"
"eng_Latn","lego advent calendars for kids","乐高儿童圣诞倒数日历"
"eng_Latn","tiny gifts for advent calendars","小型礼物圣诞倒数日历"
"eng_Latn","advent calendar box empty","盒子空白圣诞倒数日历"
"eng_Latn","advent calendar game","游戏圣诞倒数日历"
"eng_Latn","advent calendar photo board for pictures","photoboardpictures圣诞倒数日历"
"eng_Latn","advent calendar taba squishy","Taba解压玩具圣诞倒数日历"
"eng_Latn","callaway advent calendar","callaway圣诞倒数日历"
"eng_Latn","detroit lions advent calendar 2025","2025年detroitlions圣诞倒数日历"
"eng_Latn","doorable advent calendar 2025","2025年doorable圣诞倒数日历"
"eng_Latn","international snack advent calendar","国际零食圣诞倒数日历"
"eng_Latn","maybelline advent calendar","美宝莲圣诞倒数日历"
"eng_Latn","puppy advent calendar 2025","2025年小狗圣诞倒数日历"
"eng_Latn","rudolph advent calendar 2025","2025年rudolph圣诞倒数日历"
"eng_Latn","sheglam advent calendar 2025","2025年sheglam圣诞倒数日历"
"eng_Latn","teen boy advent calendar 2025 cologne","2025年青少年男孩男士香水圣诞倒数日历"
"eng_Latn","wicked for good advent calendar","Wickedgood圣诞倒数日历"
"eng_Latn","unique advent calendars for teens","独特青少年圣诞倒数日历"
"eng_Latn","advent calendar 2025 jewelry adult","2025年珠宝首饰成人圣诞倒数日历"
"eng_Latn","advent calendar 2025 kpop","2025年K-pop圣诞倒数日历"
"eng_Latn","advent calendar for teenage boy","青少年男孩圣诞倒数日历"
"eng_Latn","advent calendar nee doh","NeeDoh圣诞倒数日历"
"eng_Latn","army advent calendar 2025","2025年军事圣诞倒数日历"
"eng_Latn","calico critters advent calendar","森林家族圣诞倒数日历"
"eng_Latn","gardening advent calendar 2025","2025年园艺圣诞倒数日历"
"eng_Latn","hans gruber advent calendar","hansgruber圣诞倒数日历"
"eng_Latn","kids advent calendar 2025 lego","2025年儿童乐高圣诞倒数日历"
"eng_Latn","lego christmas tree advent calendar","乐高圣诞树圣诞倒数日历"
"eng_Latn","putty advent calendar","彩泥圣诞倒数日历"
"eng_Latn","sour patch advent calendar","Sour Patch圣诞倒数日历"
"eng_Latn","transformer advent calendar 2025","2025年transformer圣诞倒数日历"
"eng_Latn","wooden reusable advent calendar","木质可重复使用圣诞倒数日历"
"eng_Latn","advent calendars disney","迪士尼圣诞倒数日历"
"eng_Latn","book advent calendars","书籍圣诞倒数日历"
"eng_Latn","2025 advent calendar boys","2025年男孩圣诞倒数日历"
"eng_Latn","3 year old advent calendar 2025","2025年3岁圣诞倒数日历"
"eng_Latn","advent calendar fabric","布艺圣诞倒数日历"
"eng_Latn","advent calendar red bull","红牛圣诞倒数日历"
"eng_Latn","bitty pop advent calendar 2025","2025年bittyPop圣诞倒数日历"
"eng_Latn","dino advent calendar 2025","2025年dino圣诞倒数日历"
"eng_Latn","elf cosmetics advent calendar","e.l.f.化妆品圣诞倒数日历"
"eng_Latn","gourmet advent calendar 2025","2025年美食圣诞倒数日历"
"eng_Latn","hersheys advent calendar","好时圣诞倒数日历"
"eng_Latn","holiday advent calendar","假日圣诞倒数日历"
"eng_Latn","luxury advent calendar","奢华圣诞倒数日历"
"eng_Latn","medieval cat advent calendar 2025","2025年中世纪猫咪圣诞倒数日历"
"eng_Latn","office advent calendar 2025","2025年The Office圣诞倒数日历"
"eng_Latn","press on nail advent calendar","press指甲护理圣诞倒数日历"
"eng_Latn","2025 advent calendars for women","2025年女士圣诞倒数日历"
"eng_Latn","advent calendar for adults tea","成人茶叶圣诞倒数日历"
"eng_Latn","advent calendar girls teen","女孩青少年圣诞倒数日历"
"eng_Latn","advent calendar teen boys 2025","2025年青少年男孩圣诞倒数日历"
"eng_Latn","advent calendar to fill yourself","可自行填充圣诞倒数日历"
"eng_Latn","christmas ornament advent calendar 2025","2025年装饰品圣诞倒数日历"
"eng_Latn","craft advent calendar for adults","手工成人圣诞倒数日历"
"eng_Latn","dragon ball z advent calendar 2025","2025年《龙珠Z》圣诞倒数日历"
"eng_Latn","haba advent calendar","haba圣诞倒数日历"
"eng_Latn","katseye advent calendar","katseye圣诞倒数日历"
"eng_Latn","national lampoon christmas advent calendar","National Lampoon圣诞倒数日历"
"eng_Latn","shark advent calendar","鲨鱼圣诞倒数日历"
"eng_Latn","toy advent calendar 2025 kids","2025年玩具儿童圣诞倒数日历"
"eng_Latn","tea advent calendars","茶叶圣诞倒数日历"
"eng_Latn","advent calendar survival","生存圣诞倒数日历"
"eng_Latn","avengers advent calendar 2025","2025年《复仇者联盟》圣诞倒数日历"
"eng_Latn","baby doll advent calendar 2025","2025年婴幼儿玩偶圣诞倒数日历"
"eng_Latn","best advent calendar","精选圣诞倒数日历"
"eng_Latn","clinique advent calendar 2025","2025年clinique圣诞倒数日历"
"eng_Latn","cocktail advent calendar","鸡尾酒圣诞倒数日历"
"eng_Latn","reusable advent calendar for kids","可重复使用儿童圣诞倒数日历"
"eng_Latn","advent calendars amazon","亚马逊圣诞倒数日历"
"eng_Latn","kid advent calendars","儿童圣诞倒数日历"
"eng_Latn","25 day advent calendar","25天圣诞倒数日历"
"eng_Latn","advent calendar 2025 for couples","2025年情侣圣诞倒数日历"
"eng_Latn","advent calendar 2025 taylor swift","2025年Taylor Swift圣诞倒数日历"
"eng_Latn","advent calendar for boys minecraft","男孩《我的世界》圣诞倒数日历"
"eng_Latn","advent calendar for readers","读者圣诞倒数日历"
"eng_Latn","advent christmas calendar 2025","2025年圣诞倒数日历"
"eng_Latn","dirt bike advent calendar","越野摩托车圣诞倒数日历"
"eng_Latn","game advent calendar 2025","2025年游戏圣诞倒数日历"
"eng_Latn","the office advent calendar","《办公室》圣诞倒数日历"
"eng_Latn","advent calendar holder","holder圣诞倒数日历"
"eng_Latn","advent calendar milk chocolate","牛奶巧克力圣诞倒数日历"
"eng_Latn","advent calendar music","音乐圣诞倒数日历"
"eng_Latn","bark advent calendar 2025","2025年bark圣诞倒数日历"
"eng_Latn","d and d advent calendar","d圣诞倒数日历"
"eng_Latn","dc advent calendar","dc圣诞倒数日历"
"eng_Latn","dr squatch advent calendar","drsquatch圣诞倒数日历"
"eng_Latn","gymnastics advent calendar","体操圣诞倒数日历"
"eng_Latn","harry potter advent calendar 2025 adult","2025年《哈利·波特》成人圣诞倒数日历"
"eng_Latn","legends of rock and metal advent calendar","传奇摇滚金属圣诞倒数日历"
"eng_Latn","monster high advent calendar","精灵高中圣诞倒数日历"
"eng_Latn","puppy advent calendar","小狗圣诞倒数日历"
"eng_Latn","puzzle advent calendar 2025 kids","2025年拼图儿童圣诞倒数日历"
"eng_Latn","shortbread advent calendar 2025","2025年黄油酥饼圣诞倒数日历"
"eng_Latn","squish mellow advent calendar","squishmellow圣诞倒数日历"
"eng_Latn","starbucks advent calendar 2025","2025年starbucks圣诞倒数日历"
"eng_Latn","tech deck advent calendar","techdeck圣诞倒数日历"
"eng_Latn","whiskey advent calendar 2025 for adults","2025年威士忌成人圣诞倒数日历"
"eng_Latn","advent calendars fishing","垂钓圣诞倒数日历"
"eng_Latn","advent calendars for babies","婴幼儿圣诞倒数日历"
"eng_Latn","best+advent+calendars","精选圣诞倒数日历"
"eng_Latn","advent calendar candle","蜡烛圣诞倒数日历"
"eng_Latn","advent calendar earrings","耳环圣诞倒数日历"
"eng_Latn","advent calendar fishing lures 2025","2025年钓鱼鱼饵圣诞倒数日历"
"eng_Latn","advent calendar for men cologne","男士男士香水圣诞倒数日历"
"eng_Latn","advent calendar pockets","口袋圣诞倒数日历"
"eng_Latn","best advent calendar 2025 adult","2025年精选成人圣诞倒数日历"
"eng_Latn","reese's advent calendar","reeses圣诞倒数日历"
"eng_Latn","yarn advent calendar","毛线圣诞倒数日历"
"eng_Latn","coffee advent calendars","咖啡圣诞倒数日历"
"eng_Latn","avent calendar 2025 sephora","2025年丝芙兰圣诞倒数日历"
"eng_Latn","adult advent calendar coffee","成人咖啡圣诞倒数日历"
"eng_Latn","advent calendar 3d printed animals","3D打印动物圣诞倒数日历"
"eng_Latn","advent calendar 4 year old girl","4岁女孩圣诞倒数日历"
"eng_Latn","advent calendar dnd","D&D圣诞倒数日历"
"eng_Latn","advent calendar fidgets","解压玩具圣诞倒数日历"
"eng_Latn","art supply advent calendar","美术用品圣诞倒数日历"
"eng_Latn","body shop advent calendar 2025","2025年身体shop圣诞倒数日历"
"eng_Latn","christmas advent calendar puzzle","拼图圣诞倒数日历"
"eng_Latn","mac advent calendar","MAC圣诞倒数日历"
"eng_Latn","mco beauty advent calendar","mco美妆圣诞倒数日历"
"eng_Latn","pocket advent calendar","口袋款圣诞倒数日历"
"eng_Latn","protein advent calendar","蛋白质圣诞倒数日历"
"eng_Latn","thinking putty advent calendar","thinkingputty圣诞倒数日历"
"eng_Latn","boys advent calendars","男孩圣诞倒数日历"
"eng_Latn","lindt advent calendars","瑞士莲圣诞倒数日历"
"eng_Latn","beauty avent calendar 2025","2025年美妆圣诞倒数日历"
"eng_Latn","advent calendar 2025 puzzle adult","2025年拼图成人圣诞倒数日历"
"eng_Latn","advent calendar fnaf","FNAF圣诞倒数日历"
"eng_Latn","advent calendar for 12 year old girl","12岁女孩圣诞倒数日历"
"eng_Latn","advent calendar for young women","年轻人女士圣诞倒数日历"
"eng_Latn","aircraft advent calendar 2025","2025年飞机圣诞倒数日历"
"eng_Latn","beauty advent calendar 25 days","25天美妆圣诞倒数日历"
"eng_Latn","breyer advent calendar","breyer圣诞倒数日历"
"eng_Latn","elf advent calendar 2025 makeup","2025年e.l.f.彩妆圣诞倒数日历"
"eng_Latn","elmo advent calendar 2025","2025年elmo圣诞倒数日历"
"eng_Latn","golden retriever advent calendar","金毛寻回犬圣诞倒数日历"
"eng_Latn","marvel lego advent calendar 2025","2025年漫威乐高圣诞倒数日历"
"eng_Latn","men cologne advent calendar 2025","2025年男士男士香水圣诞倒数日历"
"eng_Latn","pink advent calendar 2025","2025年粉色圣诞倒数日历"
"eng_Latn","rubik's cube advent calendar","rubikscube圣诞倒数日历"
"eng_Latn","teenymates nfl advent calendar","teenymatesNFL圣诞倒数日历"
"eng_Latn","2024 advent calendars","2024年圣诞倒数日历"
"eng_Latn","advent calendars with chocolate","巧克力圣诞倒数日历"
"eng_Latn","advent calendar 2025 cat","2025年猫咪圣诞倒数日历"
"eng_Latn","advent calendar for 11 year old girl","11岁女孩圣诞倒数日历"
"eng_Latn","advent calendar for adults chocolate","成人巧克力圣诞倒数日历"
"eng_Latn","advent calendar for tweens","青少年圣诞倒数日历"
"eng_Latn","advent calendar numbers","编号圣诞倒数日历"
"eng_Latn","advent calendar self care","自我护理圣诞倒数日历"
"eng_Latn","cat lovers advent calendar 2025","2025年猫咪爱好者圣诞倒数日历"
"eng_Latn","dior advent calendar","迪奥圣诞倒数日历"
"eng_Latn","kids book advent calendar","儿童书籍圣诞倒数日历"
"eng_Latn","lego advent calendar minecraft","乐高《我的世界》圣诞倒数日历"
"eng_Latn","spider man advent calendar","《蜘蛛侠》圣诞倒数日历"
"eng_Latn","toy advent calendar for girls","玩具女孩圣诞倒数日历"
"eng_Latn","trader joes advent calendar 2025","2025年traderjoes圣诞倒数日历"
"eng_Latn","volleyball advent calendar 2025","2025年排球圣诞倒数日历"
"eng_Latn","best chocolate advent calendars","精选巧克力圣诞倒数日历"
"eng_Latn","boy advent calendars","男孩圣诞倒数日历"
"eng_Latn","advent calendar 2025 beauty sephora","2025年美妆丝芙兰圣诞倒数日历"
"eng_Latn","advent calendar adult men","成人男士圣诞倒数日历"
"eng_Latn","advent calendar diy kit","DIY套装圣诞倒数日历"
"eng_Latn","advent calendar dogs","狗狗圣诞倒数日历"
"eng_Latn","baby advent calendar 2025 girls","2025年婴幼儿女孩圣诞倒数日历"
"eng_Latn","beauty advent christmas calendar","美妆圣诞倒数日历"
"eng_Latn","car advent calendar for boys","汽车男孩圣诞倒数日历"
"eng_Latn","clay advent calendar","clay圣诞倒数日历"
"eng_Latn","funky pop advent calendar","funkyPop圣诞倒数日历"
"eng_Latn","ice fishing advent calendar 2025","2025年冰钓鱼圣诞倒数日历"
"eng_Latn","mens socks advent calendar 2025","2025年男士袜子圣诞倒数日历"
"eng_Latn","mini gifts for diy advent calendar","迷你礼物DIY圣诞倒数日历"
"eng_Latn","naruto advent calendar 2025","2025年《火影忍者》圣诞倒数日历"
"eng_Latn","needo advent calendar 2025","2025年needo圣诞倒数日历"
"eng_Latn","nido advent calendar","nido圣诞倒数日历"
"eng_Latn","nuts advent calendar 2025","2025年坚果圣诞倒数日历"
"eng_Latn","stranger things funko advent calendar","《怪奇物语》Funko圣诞倒数日历"
"eng_Latn","wicked for good advent calendar 2025","2025年Wickedgood圣诞倒数日历"
"eng_Latn","yankee candle advent calendar","Yankee Candle圣诞倒数日历"
"eng_Latn","advent calendar 2025 24 days","2025年24天圣诞倒数日历"
"eng_Latn","christmas advent calendar for kids","儿童圣诞倒数日历"
"eng_Latn","christmas story advent calendar 2025","2025年故事圣诞倒数日历"
"eng_Latn","cologne sampler advent calendar","男士香水sampler圣诞倒数日历"
"eng_Latn","dairy free advent calendar 2025","2025年无乳制品圣诞倒数日历"
"eng_Latn","eagles advent calendar 2025","2025年eagles圣诞倒数日历"
"eng_Latn","fishing advent calendar for men","钓鱼男士圣诞倒数日历"
"eng_Latn","funko bitty pop advent calendar","FunkobittyPop圣诞倒数日历"
"eng_Latn","gourmet chocolate advent calendar 2025","2025年美食巧克力圣诞倒数日历"
"eng_Latn","grabie advent calendar 2025","2025年grabie圣诞倒数日历"
"eng_Latn","jam advent calendar bonne maman","JamBonne Maman圣诞倒数日历"
"eng_Latn","sakerplus advent calendar building blocks","sakerplus积木圣诞倒数日历"
"eng_Latn","swedish candy advent calendar","瑞典糖果圣诞倒数日历"
"eng_Latn","tarot advent calendar","塔罗圣诞倒数日历"
"eng_Latn","tea advent calendar 2025 adult women","2025年茶成人女士圣诞倒数日历"
"eng_Latn","wall advent calendar","挂墙式圣诞倒数日历"
"eng_Latn","advent calendar building blocks 2025","2025年积木圣诞倒数日历"
"eng_Latn","advent calendar candy for kids","糖果儿童圣诞倒数日历"
"eng_Latn","advent calendar sonic","索尼克圣诞倒数日历"
"eng_Latn","advent calendar toy","玩具圣诞倒数日历"
"eng_Latn","advent wine calendar 2025","2025年葡萄酒圣诞倒数日历"
"eng_Latn","aircraft advent calendar","飞机圣诞倒数日历"
"eng_Latn","barbie advent calendar 2025 girls","2025年芭比女孩圣诞倒数日历"
"eng_Latn","dragon ball advent calendar","《龙珠》圣诞倒数日历"
"eng_Latn","exit game advent calendar","EXITgame圣诞倒数日历"
"eng_Latn","fire truck advent calendar 2025","2025年消防车圣诞倒数日历"
"eng_Latn","football card advent calendar","足球卡片圣诞倒数日历"
"eng_Latn","precious moments nativity advent calendar","Precious Moments马槽圣诞倒数日历"
"eng_Latn","sloth advent calendar","树懒圣诞倒数日历"
"eng_Latn","vermont advent calendars","佛蒙特圣诞倒数日历"
"eng_Latn","advent calendar 10 year old girl","10岁女孩圣诞倒数日历"
"eng_Latn","advent calendar 2025 diy","2025年DIY圣诞倒数日历"
"eng_Latn","advent calendar 8 year old girl","8岁女孩圣诞倒数日历"
"eng_Latn","advent calendar brain teaser","脑力益智圣诞倒数日历"
"eng_Latn","advent calendar drawers","抽屉圣诞倒数日历"
"eng_Latn","advent calendar ebt eligible","支持EBT支付圣诞倒数日历"
"eng_Latn","advent calendar for toddler girl","幼儿女孩圣诞倒数日历"
"eng_Latn","advent calendar tools","工具圣诞倒数日历"
"eng_Latn","beauty blast advent calendar","Beauty Blast圣诞倒数日历"
"eng_Latn","calendar advent barbie","芭比圣诞倒数日历"
"eng_Latn","cat advent calendar 2025 treats","2025年猫咪零食圣诞倒数日历"
"eng_Latn","cult beauty advent calendar","cult美妆圣诞倒数日历"
"eng_Latn","knife advent calendar 2025","2025年刀具圣诞倒数日历"
"eng_Latn","l'occitane advent calendar 2025","2025年欧舒丹圣诞倒数日历"
"eng_Latn","micromallow advent calendar 2025","2025年micromallow圣诞倒数日历"
"eng_Latn","summer fridays advent calendar","summerfridays圣诞倒数日历"
"eng_Latn","teenage girls advent calendar 2025","2025年青少年女孩圣诞倒数日历"
"eng_Latn","toblerone advent calendar 2025","2025年Toblerone圣诞倒数日历"
"eng_Latn","western advent calendar","western圣诞倒数日历"
"eng_Latn","zelda advent calendar 2025","2025年《塞尔达传说》圣诞倒数日历"
"eng_Latn","best beauty advent calendars 2025","2025年精选美妆圣诞倒数日历"
"eng_Latn","book advent calendars for adults","书籍成人圣诞倒数日历"
"eng_Latn","funko advent calendars","Funko圣诞倒数日历"
"eng_Latn","advent calendar 25 days","25天圣诞倒数日历"
"eng_Latn","advent calendar for boys 2025","2025年男孩圣诞倒数日历"
"eng_Latn","advent calendar wall hanging","挂墙式悬挂式圣诞倒数日历"
"eng_Latn","avengers advent calendar","《复仇者联盟》圣诞倒数日历"
"eng_Latn","baby's first advent calendar","婴幼儿sfirst圣诞倒数日历"
"eng_Latn","farm advent calendar","农场圣诞倒数日历"
"eng_Latn","gel nail advent calendar 2025","2025年凝胶指甲护理圣诞倒数日历"
"eng_Latn","gold jewelry advent calendar","金色珠宝首饰圣诞倒数日历"
"eng_Latn","katseye advent calendar 2025","2025年katseye圣诞倒数日历"
"eng_Latn","kids advent calendar 2025 candy","2025年儿童糖果圣诞倒数日历"
"eng_Latn","silver jewelry advent calendar 2025","2025年银色珠宝首饰圣诞倒数日历"
"eng_Latn","small items for advent calendar","小号物品圣诞倒数日历"
"eng_Latn","teen girl advent calendar 2025 sephora","2025年青少年女孩丝芙兰圣诞倒数日历"
"eng_Latn","woman advent calendar","女士圣诞倒数日历"
"eng_Latn","luxury advent calendars","奢华圣诞倒数日历"
"eng_Latn","advent calendar 2025 snoopy","2025年史努比圣诞倒数日历"
"eng_Latn","advent calendar for babies 2025","2025年婴幼儿圣诞倒数日历"
"eng_Latn","advent calendar for book lovers 2025","2025年书籍爱好者圣诞倒数日历"
"eng_Latn","advent calendar for dog","狗狗圣诞倒数日历"
"eng_Latn","art supply advent calendar 2025","2025年美术用品圣诞倒数日历"
"eng_Latn","artist advent calendar","艺术家圣诞倒数日历"
"eng_Latn","beauty advent calendar 2025 adult","2025年美妆成人圣诞倒数日历"
"eng_Latn","christian advent calendar 2025 kids","2025年基督教儿童圣诞倒数日历"
"eng_Latn","christmas advent calendar book","书籍圣诞倒数日历"
"eng_Latn","harry potter christmas advent calendar","《哈利·波特》圣诞倒数日历"
"eng_Latn","lego advent calendar star wars","乐高《星球大战》圣诞倒数日历"
"eng_Latn","luxury advent calendar for women","奢华女士圣诞倒数日历"
"eng_Latn","mermaid advent calendar 2025","2025年美人鱼圣诞倒数日历"
"eng_Latn","minibrands advent calendar 2025","2025年minibrands圣诞倒数日历"
"eng_Latn","our generation advent calendar","ourgeneration圣诞倒数日历"
"eng_Latn","pokemon cards advent calendar 2025","2025年宝可梦卡片圣诞倒数日历"
"eng_Latn","rum advent calendar 2025","2025年rum圣诞倒数日历"
"eng_Latn","slime advent calendar for girls","史莱姆女孩圣诞倒数日历"
"eng_Latn","vintage advent calendar","复古圣诞倒数日历"
"eng_Latn","young adult advent calendar 2025","2025年年轻人成人圣诞倒数日历"
"eng_Latn","best kid advent calendars","精选儿童圣诞倒数日历"
"eng_Latn","mens advent calendars","男士圣诞倒数日历"
"eng_Latn","action figure advent calendar","action玩偶圣诞倒数日历"
"eng_Latn","advent calendar 2 year old girl","2岁女孩圣诞倒数日历"
"eng_Latn","advent calendar 2025 dogs","2025年狗狗圣诞倒数日历"
"eng_Latn","advent calendar 3 year old","3岁圣诞倒数日历"
"eng_Latn","advent calendar hot sauce","辣椒酱圣诞倒数日历"
"eng_Latn","advent calendar premium chocolate","高端巧克力圣诞倒数日历"
"eng_Latn","coffee pod advent calendar 2025","2025年咖啡pod圣诞倒数日历"
"eng_Latn","fill your own advent calendar 2025","2025年自行填充式圣诞倒数日历"
"eng_Latn","gilmore girl advent calendar","gilmore女孩圣诞倒数日历"
"eng_Latn","hair accessories advent calendar 2025","2025年头发护理配件圣诞倒数日历"
"eng_Latn","lego flowers advent calendar 2025","2025年乐高花卉圣诞倒数日历"
"eng_Latn","penguin advent calendar","penguin圣诞倒数日历"
"eng_Latn","toddler boys advent calendar 2025","2025年幼儿男孩圣诞倒数日历"
"eng_Latn","christian advent calendars","基督教主题圣诞倒数日历"
"eng_Latn","dog advent calendars","狗狗圣诞倒数日历"
"eng_Latn","whiskey avent calendar","威士忌圣诞倒数日历"
"eng_Latn","advent calendar 2025 empty boxes","2025年空白盒子圣诞倒数日历"
"eng_Latn","advent calendar 2025 kids candy","2025年儿童糖果圣诞倒数日历"
"eng_Latn","advent calendar 2025 wine","2025年葡萄酒圣诞倒数日历"
"eng_Latn","advent calendar for children","儿童圣诞倒数日历"
"eng_Latn","advent ornament calendar 2025","2025年装饰品圣诞倒数日历"
"eng_Latn","bodyshop advent calendar","The Body Shop圣诞倒数日历"
"eng_Latn","dubai chocolate advent calendar","dubai巧克力圣诞倒数日历"
"eng_Latn","jewelry advent calendar 2025 for teens","2025年珠宝首饰青少年圣诞倒数日历"
"eng_Latn","l occitane advent calendar","欧舒丹圣诞倒数日历"
"eng_Latn","ninja turtles advent calendar","忍者神龟圣诞倒数日历"
"eng_Latn","percy jackson advent calendar","percyjackson圣诞倒数日历"
"eng_Latn","stuffy advent calendar 2025","2025年stuffy圣诞倒数日历"
"eng_Latn","teacher advent calendar 2025","2025年教师圣诞倒数日历"
"eng_Latn","trading card advent calendar 2025","2025年集换式卡牌圣诞倒数日历"
"eng_Latn","wife advent calendar 2025","2025年妻子圣诞倒数日历"
"eng_Latn","advent calendars stranger things","《怪奇物语》圣诞倒数日历"
"eng_Latn","make up advent calendars","彩妆圣诞倒数日历"
"eng_Latn","1 year old advent calendar 2025","2025年1岁圣诞倒数日历"
"eng_Latn","advent calendar 2025 amazon beauty","2025年亚马逊美妆圣诞倒数日历"
"eng_Latn","advent calendar couples","情侣圣诞倒数日历"
"eng_Latn","advent calendar hello kitty 2025","2025年Hello Kitty圣诞倒数日历"
"eng_Latn","best men's advent calendar","精选男士s圣诞倒数日历"
"eng_Latn","golf ball advent calendar","高尔夫球圣诞倒数日历"
"eng_Latn","hot wheels 2025 advent calendar","2025年风火轮圣诞倒数日历"
"eng_Latn","hot wheels advent calendar 2025 kids","2025年风火轮儿童圣诞倒数日历"
"eng_Latn","porsche 911 advent calendar","Porsche911圣诞倒数日历"
"eng_Latn","sock advent calendar 2025 men","2025年袜子男士圣诞倒数日历"
"eng_Latn","western advent calendar 2025","2025年western圣诞倒数日历"
"eng_Latn","advent calendars stitch","史迪奇圣诞倒数日历"
"eng_Latn","needoh advent calendars","NeeDoh圣诞倒数日历"
"eng_Latn","3d printer advent calendar","3Dprinter圣诞倒数日历"
"eng_Latn","advent calendar 2025 spiderman","2025年蜘蛛侠圣诞倒数日历"
"eng_Latn","advent calendar chapstick","润唇膏圣诞倒数日历"
"eng_Latn","bubble advent calendar 2025","2025年Bubble圣诞倒数日历"
"eng_Latn","college advent calendar 2025","2025年大学生圣诞倒数日历"
"eng_Latn","kcup advent calendar","K-Cup圣诞倒数日历"
"eng_Latn","madelaine chocolate advent calendar","madelaine巧克力圣诞倒数日历"
"eng_Latn","no whey advent calendar","无whey圣诞倒数日历"
"eng_Latn","playdough advent calendar","橡皮泥圣诞倒数日历"
"eng_Latn","advent calendars tea","茶叶圣诞倒数日历"
"eng_Latn","gaming advent calendars","游戏圣诞倒数日历"
"eng_Latn","kids advent calendars 2025","2025年儿童圣诞倒数日历"
"eng_Latn","10 year old girl advent calendar 2025","2025年10岁女孩圣诞倒数日历"
"eng_Latn","advent calendar 2025 fortnite","2025年Fortnite圣诞倒数日历"
"eng_Latn","advent calendar national geographic","国家地理圣诞倒数日历"
"eng_Latn","advent calendar ornaments 2025","2025年装饰品圣诞倒数日历"
"eng_Latn","advent calendar playdoh","Play-Doh圣诞倒数日历"
"eng_Latn","buffalo trace 250th anniversary advent calendar","Buffalo Trace250thanniversary圣诞倒数日历"
"eng_Latn","crafting advent calendar 2025","2025年手工圣诞倒数日历"
"eng_Latn","crazy aarons advent calendar","Crazy Aaron's圣诞倒数日历"
"eng_Latn","elsa advent calendar 2025","2025年艾莎圣诞倒数日历"
"eng_Latn","football advent calendar for boys","足球男孩圣诞倒数日历"
"eng_Latn","hot sauce advent calendar 2025 adult","2025年辣椒酱成人圣诞倒数日历"
"eng_Latn","makeup and skincare advent calendar","彩妆护肤圣诞倒数日历"
"eng_Latn","stitch funko pop advent calendar","史迪奇Funko Pop圣诞倒数日历"
"eng_Latn","adult advent calendars 2025","2025年成人圣诞倒数日历"
"eng_Latn","advent calendars teen","青少年圣诞倒数日历"
"eng_Latn","12 day advent calendar women","12天女士圣诞倒数日历"
"eng_Latn","advent calendar 2025 little people","2025年Little People圣诞倒数日历"
"eng_Latn","advent calendar for young men","年轻人男士圣诞倒数日历"
"eng_Latn","advent calendar house","房屋圣诞倒数日历"
"eng_Latn","advent calendar make your own","DIY圣诞倒数日历"
"eng_Latn","advent fishing calendar","钓鱼圣诞倒数日历"
"eng_Latn","bubble advent calendar","Bubble圣诞倒数日历"
"eng_Latn","construction advent calendar","建造圣诞倒数日历"
"eng_Latn","dirt bike advent calendar 2025","2025年越野摩托车圣诞倒数日历"
"eng_Latn","disney doorables advent calendar 2025","2025年迪士尼Disney Doorables圣诞倒数日历"
"eng_Latn","gel nail polish advent calendar","凝胶指甲护理指甲油圣诞倒数日历"
"eng_Latn","jellycat advent calendar","jellycat圣诞倒数日历"
"eng_Latn","mini toys for advent calendar fillers","迷你玩具圣诞倒数日历填充物"
"eng_Latn","mustang advent calendar","mustang圣诞倒数日历"
"eng_Latn","starwars advent calendar","《星球大战》圣诞倒数日历"
"eng_Latn","toddler book advent calendar 2025","2025年幼儿书籍圣诞倒数日历"
"eng_Latn","advent calendars for book lovers","书籍爱好者圣诞倒数日历"
"eng_Latn","religious advent calendars","宗教圣诞倒数日历"
"eng_Latn","advent calendar capybara","水豚圣诞倒数日历"
"eng_Latn","advent calendar puzzles for adults 2025","2025年拼图成人圣诞倒数日历"
"eng_Latn","christmas advent calendar 2025 candy","2025年糖果圣诞倒数日历"
"eng_Latn","disney advent calendar 2025 for adults","2025年迪士尼成人圣诞倒数日历"
"eng_Latn","fishing lures advent calendar 2025","2025年钓鱼鱼饵圣诞倒数日历"
"eng_Latn","gingerbread advent calendar 2025","2025年姜饼圣诞倒数日历"
"eng_Latn","gnome advent calendar 2025 large","2025年地精大号圣诞倒数日历"
"eng_Latn","husband advent calendar 2025","2025年丈夫圣诞倒数日历"
"eng_Latn","jewlery advent calendar","珠宝首饰圣诞倒数日历"
"eng_Latn","korean skin care advent calendar 2025","2025年韩式护肤圣诞倒数日历"
"eng_Latn","lego disney advent calendar 2025","2025年乐高迪士尼圣诞倒数日历"
"eng_Latn","nut advent calendar","nut圣诞倒数日历"
"eng_Latn","science experiment advent calendar","科学实验圣诞倒数日历"
"eng_Latn","silver jewelry advent calendar","银色珠宝首饰圣诞倒数日历"
"eng_Latn","sprunki advent calendar","sprunki圣诞倒数日历"
"eng_Latn","adult toy advent calendars","成人玩具圣诞倒数日历"
"eng_Latn","advent calendars books","书籍圣诞倒数日历"
"eng_Latn","advent calendars for adults 2025","2025年成人圣诞倒数日历"
"eng_Latn","slime advent calendars","史莱姆圣诞倒数日历"
"eng_Latn","2025 christmas countdown calendar","2025年圣诞倒计时日历"
"eng_Latn","advent calendar 2025 basketball","2025年篮球圣诞倒数日历"
"eng_Latn","advent calendar 2025 cologne men","2025年男士香水圣诞倒数日历"
"eng_Latn","advent calendar 2025 spa","2025年SPA圣诞倒数日历"
"eng_Latn","advent calendar guitar","吉他圣诞倒数日历"
"eng_Latn","advent calendar magna tiles","Magna-Tiles磁力片圣诞倒数日历"
"eng_Latn","basketball card advent calendar 2025","2025年篮球卡片圣诞倒数日历"
"eng_Latn","buffalo bills advent calendar 2025","2025年buffalobills圣诞倒数日历"
"eng_Latn","crayola advent calendar","crayola圣诞倒数日历"
"eng_Latn","guitar pic advent calendar","吉他pic圣诞倒数日历"
"eng_Latn","movie advent calendar","电影圣诞倒数日历"
"eng_Latn","south park advent calendar","《南方公园》圣诞倒数日历"
"eng_Latn","sport advent calendar 2025","2025年运动圣诞倒数日历"
"eng_Latn","stranger things advent calendar funko","《怪奇物语》Funko圣诞倒数日历"
"eng_Latn","tequila advent calendar for adults","龙舌兰酒成人圣诞倒数日历"
"eng_Latn","wings of fire advent calendar","wingsfire圣诞倒数日历"
"eng_Latn","kids avent calendar","儿童圣诞倒数日历"
"eng_Latn","advent calendar 1 year old","1岁圣诞倒数日历"
"eng_Latn","advent calendar 2025 nightmare before christmas","2025年《圣诞夜惊魂》圣诞倒数日历"
"eng_Latn","advent calendar for 11 year old boy","11岁男孩圣诞倒数日历"
"eng_Latn","advent calendar man","男士圣诞倒数日历"
"eng_Latn","arteza advent calendar","arteza圣诞倒数日历"
"eng_Latn","bathbomb advent calendar 2025","2025年bathbomb圣诞倒数日历"
"eng_Latn","buffalo bills advent calendar","buffalobills圣诞倒数日历"
"eng_Latn","children advent calendar 2025","2025年儿童圣诞倒数日历"
"eng_Latn","doll advent calendar 2025","2025年玩偶圣诞倒数日历"
"eng_Latn","exit the game advent calendar 2025","2025年EXIT: The Game圣诞倒数日历"
"eng_Latn","gym advent calendar","健身圣诞倒数日历"
"eng_Latn","imaginext advent calendar","imaginext圣诞倒数日历"
"eng_Latn","ipsy advent calendar","ipsy圣诞倒数日历"
"eng_Latn","jelly belly advent calendar","Jelly Belly圣诞倒数日历"
"eng_Latn","milwaukee advent calendar","milwaukee圣诞倒数日历"
"eng_Latn","mini perfumes advent calendar","迷你香水圣诞倒数日历"
"eng_Latn","miraculous ladybug advent calendar","《瓢虫少女》圣诞倒数日历"
"eng_Latn","rubber ducky advent calendar 2025","2025年橡皮鸭圣诞倒数日历"
"eng_Latn","advent calendars hot wheels","风火轮圣诞倒数日历"
"eng_Latn","christmas advent calendars chocolate","巧克力圣诞倒数日历"
"eng_Latn","empty 12 day advent calendars to fill","12天空白可填充圣诞倒数日历"
"eng_Latn","wicked advent calendars","Wicked圣诞倒数日历"
"eng_Latn","pokemon avent calendar 2025","2025年宝可梦圣诞倒数日历"
"eng_Latn","advent calendar 2025 jewelry women","2025年珠宝首饰女士圣诞倒数日历"
"eng_Latn","advent calendar cookies","曲奇圣诞倒数日历"
"eng_Latn","advent calendar lps","LPS圣诞倒数日历"
"eng_Latn","advent calendar makeup 2025","2025年彩妆圣诞倒数日历"
"eng_Latn","advent calendar polly pocket","波莉口袋圣诞倒数日历"
"eng_Latn","beard advent calendar 2025","2025年胡须圣诞倒数日历"
"eng_Latn","breyer horse advent calendar 2025","2025年Breyer马匹圣诞倒数日历"
"eng_Latn","christmas advent calendar lego sets","乐高套装圣诞倒数日历"
"eng_Latn","clinique advent calendar","clinique圣诞倒数日历"
"eng_Latn","korean beauty advent calendar","韩式美妆圣诞倒数日历"
"eng_Latn","lotr advent calendar","《指环王》圣诞倒数日历"
"eng_Latn","pop mart advent calendar","Popmart圣诞倒数日历"
"eng_Latn","softball advent calendar","垒球圣诞倒数日历"
"eng_Latn","tween boys advent calendar 2025","2025年青少年男孩圣诞倒数日历"
"eng_Latn","twinings advent calendar","twinings圣诞倒数日历"
"eng_Latn","wizard of oz advent calendar","wizardoz圣诞倒数日历"
"eng_Latn","advent calendars woman","女士圣诞倒数日历"
"eng_Latn","advent calendar crafts for kids","手工儿童圣诞倒数日历"
"eng_Latn","advent calendar dragon","龙圣诞倒数日历"
"eng_Latn","advent calendar for 12 year old boy","12岁男孩圣诞倒数日历"
"eng_Latn","advent calendar for 3 year old","3岁圣诞倒数日历"
"eng_Latn","advent calendar for 7 year old boy","7岁男孩圣诞倒数日历"
"eng_Latn","advent calendar games","游戏圣诞倒数日历"
"eng_Latn","advent calendar jam","果酱圣诞倒数日历"
"eng_Latn","anatomy advent calendar","anatomy圣诞倒数日历"
"eng_Latn","candy advent calendar 2025 adult","2025年糖果成人圣诞倒数日历"
"eng_Latn","children's advent calendar 2025","2025年儿童s圣诞倒数日历"
"eng_Latn","drawing advent calendar","绘画圣诞倒数日历"
"eng_Latn","farm advent calendar 2025","2025年农场圣诞倒数日历"
"eng_Latn","flower knows advent calendar","花卉knows圣诞倒数日历"
"eng_Latn","funko pop pokemon advent calendar","Funko Pop宝可梦圣诞倒数日历"
"eng_Latn","gingerbread house advent calendar","姜饼屋圣诞倒数日历"
"eng_Latn","homemade advent calendar kit","homemade套装圣诞倒数日历"
"eng_Latn","large advent calendar to fill","大号可填充圣诞倒数日历"
"eng_Latn","lightning mcqueen advent calendar","lightningmcqueen圣诞倒数日历"
"eng_Latn","sonic the hedgehog advent calendar","索尼克刺猬圣诞倒数日历"
"eng_Latn","girl advent calendars","女孩圣诞倒数日历"
"eng_Latn","luxury advent calendars for women","奢华女士圣诞倒数日历"
"eng_Latn","avent calendar 2025 boys","2025年男孩圣诞倒数日历"
"eng_Latn","12 day advent calendar 2025","2025年12天圣诞倒数日历"
"eng_Latn","a christmas story advent calendar","故事圣诞倒数日历"
"eng_Latn","advent calendar 2025 squishmallow","2025年Squishmallows圣诞倒数日历"
"eng_Latn","advent calendar dior","迪奥圣诞倒数日历"
"eng_Latn","advent calendar for adults food","成人食品圣诞倒数日历"
"eng_Latn","advent calendar for christmas","圣诞倒数日历"
"eng_Latn","beauty advent calendar 2025 ulta","2025年美妆ULTA圣诞倒数日历"
"eng_Latn","candy of the world advent calendar","糖果世界圣诞倒数日历"
"eng_Latn","cat advent calendar for adults","猫咪成人圣诞倒数日历"
"eng_Latn","christmas reusable advent calendar","可重复使用圣诞倒数日历"
"eng_Latn","drink advent calendar","饮品圣诞倒数日历"
"eng_Latn","jolly rancher advent calendar 2025","2025年jollyrancher圣诞倒数日历"
"eng_Latn","kids book advent calendar 2025","2025年儿童书籍圣诞倒数日历"
"eng_Latn","ravensburger advent calendar","ravensburger圣诞倒数日历"
"eng_Latn","roblox advent calendar 2025 boys","2025年Roblox男孩圣诞倒数日历"
"eng_Latn","sasquatch advent calendar 2025","2025年sasquatch圣诞倒数日历"
"eng_Latn","skincare advent calendar for teens","护肤青少年圣诞倒数日历"
"eng_Latn","spa advent calendar for adults","SPA成人圣诞倒数日历"
"eng_Latn","world cup advent calendar","世界杯圣诞倒数日历"
"eng_Latn","advent calendars for tween girls","青少年女孩圣诞倒数日历"
"eng_Latn","advent calendars puzzle","拼图圣诞倒数日历"
"eng_Latn","clearance advent calendars","清仓圣诞倒数日历"
"eng_Latn","fun advent calendars for teens","趣味青少年圣诞倒数日历"
"eng_Latn","lego star wars advent calendars","乐高《星球大战》圣诞倒数日历"
"eng_Latn","puzzle advent calendars","拼图圣诞倒数日历"
"eng_Latn","weirdest advent calendars","最奇特圣诞倒数日历"
"eng_Latn","fishing avent calendar 2025","2025年垂钓圣诞倒数日历"
"eng_Latn","advent calendar 2025 bath bomb","2025年沐浴球圣诞倒数日历"
"eng_Latn","advent calendar 2025 boys 10","2025年男孩10圣诞倒数日历"
"eng_Latn","advent calendar for girls 2025","2025年女孩圣诞倒数日历"
"eng_Latn","advent calendar girls age 6","6岁女孩圣诞倒数日历"
"eng_Latn","advent calendar photo board","photoboard圣诞倒数日历"
"eng_Latn","arts and crafts advent calendar 2025","2025年艺术手工圣诞倒数日历"
"eng_Latn","basketball card advent calendar","篮球卡片圣诞倒数日历"
"eng_Latn","buffalo trace whiskey advent calendar 2025","2025年Buffalo Trace威士忌圣诞倒数日历"
"eng_Latn","christmas story advent calendar","故事圣诞倒数日历"
"eng_Latn","f1 car advent calendar","F1汽车圣诞倒数日历"
"eng_Latn","fahlo advent calendar","fahlo圣诞倒数日历"
"eng_Latn","ferrero advent calendar","Ferrero圣诞倒数日历"
"eng_Latn","international candy advent calendar","国际糖果圣诞倒数日历"
"eng_Latn","lol doll advent calendar","LOL玩偶圣诞倒数日历"
"eng_Latn","minibrands advent calendar","minibrands圣诞倒数日历"
"eng_Latn","reading advent calendar","reading圣诞倒数日历"
"eng_Latn","swear bear advent calendar 2025","2025年Swear Bear圣诞倒数日历"
"eng_Latn","adult advent calendar 2025 alcohol","2025年成人酒类圣诞倒数日历"
"eng_Latn","advent calendar 2025 dnd","2025年D&D圣诞倒数日历"
"eng_Latn","advent calendar 2025 perfume women","2025年香水女士圣诞倒数日历"
"eng_Latn","advent calendar cheap","实惠圣诞倒数日历"
"eng_Latn","advent calendar decor","装饰圣诞倒数日历"
"eng_Latn","advent calendar demon slayer","《鬼灭之刃》圣诞倒数日历"
"eng_Latn","advent calendar mom","妈妈圣诞倒数日历"
"eng_Latn","advent calendar stickers 1-24","1至24号贴纸圣诞倒数日历"
"eng_Latn","chap stick advent calendar 2025","2025年chapstick圣诞倒数日历"
"eng_Latn","elf cosmetic advent calendar","e.l.f.cosmetic圣诞倒数日历"
"eng_Latn","fisherman advent calendar","渔夫圣诞倒数日历"
"eng_Latn","fortnite advent calendar 2025 boys","2025年Fortnite男孩圣诞倒数日历"
"eng_Latn","giant advent calendar","巨型圣诞倒数日历"
"eng_Latn","kawaii advent calendar 2025","2025年可爱圣诞倒数日历"
"eng_Latn","kitty advent calendar 2025","2025年kitty圣诞倒数日历"
"eng_Latn","korean advent calendar 2025","2025年韩式圣诞倒数日历"
"eng_Latn","paper mache advent calendar","纸浆圣诞倒数日历"
"eng_Latn","pug advent calendar","巴哥犬圣诞倒数日历"
"eng_Latn","starbucks advent calendar","starbucks圣诞倒数日历"
"eng_Latn","superhero advent calendar","超级英雄圣诞倒数日历"
"eng_Latn","wrestling advent calendar","摔跤圣诞倒数日历"
"eng_Latn","24 day advent calendar for teen girls","24天青少年女孩圣诞倒数日历"
"eng_Latn","advent calendar for man","男士圣诞倒数日历"
"eng_Latn","emotional support plush advent calendar","情绪支持毛绒玩具圣诞倒数日历"
"eng_Latn","lol doll advent calendar 2025","2025年LOL玩偶圣诞倒数日历"
"eng_Latn","marvel lego advent calendar","漫威乐高圣诞倒数日历"
"eng_Latn","nativity set advent calendar","马槽套装圣诞倒数日历"
"eng_Latn","nee-doh advent calendar","NeeDoh圣诞倒数日历"
"eng_Latn","schylling needoh advent calendar","schyllingNeeDoh圣诞倒数日历"
"eng_Latn","scooby doo advent calendar","scoobydoo圣诞倒数日历"
"eng_Latn","world war 2 advent calendar","二战圣诞倒数日历"
"eng_Latn","advent calendars ￼","圣诞倒数日历"
"eng_Latn","high end advent calendars","高端圣诞倒数日历"
"eng_Latn","pokemon advent calendars","宝可梦圣诞倒数日历"
"eng_Latn","avent calendar 2025 adult","2025年成人圣诞倒数日历"
"eng_Latn","advent calendar horse","马匹圣诞倒数日历"
"eng_Latn","advent calendar nail polish","指甲护理指甲油圣诞倒数日历"
"eng_Latn","advent calendar ramen","拉面圣诞倒数日历"
"eng_Latn","alani advent calendar","alani圣诞倒数日历"
"eng_Latn","back to the future advent calendar","backfuture圣诞倒数日历"
"eng_Latn","beauty advent calendar￼","美妆圣诞倒数日历"
"eng_Latn","christian advent calendar for adults","基督教成人圣诞倒数日历"
"eng_Latn","dove chocolate advent calendar 2025","2025年Dove巧克力圣诞倒数日历"
"eng_Latn","earrings advent calendar","耳环圣诞倒数日历"
"eng_Latn","escape advent calendar","密室逃脱圣诞倒数日历"
"eng_Latn","essential oil advent calendar 2025","2025年精油圣诞倒数日历"
"eng_Latn","game of thrones advent calendar","gamethrones圣诞倒数日历"
"eng_Latn","gem stone advent calendar 2025","2025年宝石圣诞倒数日历"
"eng_Latn","kinder egg advent calendar","Kinderegg圣诞倒数日历"
"eng_Latn","lego starwars advent calendar","乐高《星球大战》圣诞倒数日历"
"eng_Latn","needoh christmas advent calendar","NeeDoh圣诞倒数日历"
"eng_Latn","turtle advent calendar","乌龟圣诞倒数日历"
"eng_Latn","wicked advent calendar 2025 premium","2025年Wicked高端圣诞倒数日历"
"eng_Latn","advent calendars for teenage girls","青少年女孩圣诞倒数日历"
"eng_Latn","advent calendar 2025 f1","2025年F1圣诞倒数日历"
"eng_Latn","advent calendar 5 year old girl","5岁女孩圣诞倒数日历"
"eng_Latn","advent calendar diamond art","钻石艺术圣诞倒数日历"
"eng_Latn","advent calendar for tween boys","青少年男孩圣诞倒数日历"
"eng_Latn","advent calendar frozen","《冰雪奇缘》圣诞倒数日历"
"eng_Latn","advent calendar gamer","游戏玩家圣诞倒数日历"
"eng_Latn","advent calendar rocks","岩石圣诞倒数日历"
"eng_Latn","amazon 12 days of beauty advent calendar","12天亚马逊美妆圣诞倒数日历"
"eng_Latn","aphmau advent calendar","aphmau圣诞倒数日历"
"eng_Latn","baby first advent calendar 2025","2025年婴幼儿首款圣诞倒数日历"
"eng_Latn","best teen advent calendar","精选青少年圣诞倒数日历"
"eng_Latn","bourbon advent calendar us","烈酒us圣诞倒数日历"
"eng_Latn","cardboard advent calendar","纸板圣诞倒数日历"
"eng_Latn","christmas sock advent calendar","袜子圣诞倒数日历"
"eng_Latn","classroom advent calendar 2025","2025年课堂圣诞倒数日历"
"eng_Latn","craft advent calendar 2025 adult","2025年手工成人圣诞倒数日历"
"eng_Latn","crystals advent calendar 2025","2025年水晶圣诞倒数日历"
"eng_Latn","e.l.f. advent calendar 2025","2025年e.l.f.圣诞倒数日历"
"eng_Latn","face mask advent calendar 2025","2025年面膜圣诞倒数日历"
"eng_Latn","fishing advent calendar 2025 freshwater","2025年钓鱼淡水圣诞倒数日历"
"eng_Latn","football cards advent calendar 2025","2025年足球卡片圣诞倒数日历"
"eng_Latn","gin advent calendar","金酒圣诞倒数日历"
"eng_Latn","jelly belly advent calendar 2025","2025年Jelly Belly圣诞倒数日历"
"eng_Latn","movie advent calendar 2025","2025年电影圣诞倒数日历"
"eng_Latn","nat geo advent calendar 2025","2025年natgeo圣诞倒数日历"
"eng_Latn","plane advent calendar 2025","2025年飞机圣诞倒数日历"
"eng_Latn","squish mellow advent calendar 2025","2025年squishmellow圣诞倒数日历"
"eng_Latn","super hero advent calendar","超级英雄圣诞倒数日历"
"eng_Latn","truck advent calendar","卡车圣诞倒数日历"
"eng_Latn","advent calendars for adult women","成人女士圣诞倒数日历"
"eng_Latn","beauty advent calendars for teens","美妆青少年圣诞倒数日历"
"eng_Latn","skincare advent calendars","护肤圣诞倒数日历"
"eng_Latn","wine advent calendars","葡萄酒圣诞倒数日历"
"eng_Latn","toddler avent calendar","幼儿圣诞倒数日历"
"eng_Latn","2025 hot wheels advent calendar","2025年风火轮圣诞倒数日历"
"eng_Latn","advent calendar 5 year old boy","5岁男孩圣诞倒数日历"
"eng_Latn","advent calendar hockey","冰球圣诞倒数日历"
"eng_Latn","advent calendar kids girls","儿童女孩圣诞倒数日历"
"eng_Latn","advent calendar stuffers kids","儿童圣诞倒数日历填充物"
"eng_Latn","advent calendar toys girls","玩具女孩圣诞倒数日历"
"eng_Latn","advent calendar tween","青少年圣诞倒数日历"
"eng_Latn","advent calendar video games","电子游戏圣诞倒数日历"
"eng_Latn","boys lego advent calendar 2025","2025年男孩乐高圣诞倒数日历"
"eng_Latn","coin advent calendar 2025","2025年coin圣诞倒数日历"
"eng_Latn","elf cosmetics advent calendar 2025","2025年e.l.f.化妆品圣诞倒数日历"
"eng_Latn","gardening advent calendar","园艺圣诞倒数日历"
"eng_Latn","gym advent calendar 2025","2025年健身圣诞倒数日历"
"eng_Latn","kuromi advent calendar 2025","2025年酷洛米圣诞倒数日历"
"eng_Latn","ladies advent calendar 2025","2025年女士圣诞倒数日历"
"eng_Latn","advent calendars soccer","足球圣诞倒数日历"
"eng_Latn","hello kitty avent calendar","Hello Kitty圣诞倒数日历"
"eng_Latn","grinch countdown calendar","圣诞怪杰倒计时日历"
"eng_Latn","12 day empty advent calendar","12天空白圣诞倒数日历"
"eng_Latn","adult women advent calendar 2025","2025年成人女士圣诞倒数日历"
"eng_Latn","advent calendar for grandma","祖母圣诞倒数日历"
"eng_Latn","advent calendar fragrance","香氛圣诞倒数日历"
"eng_Latn","advent calendar unique","独特圣诞倒数日历"
"eng_Latn","books advent calendar","书籍圣诞倒数日历"
"eng_Latn","faith based advent calendar 2025","2025年信仰主题圣诞倒数日历"
"eng_Latn","history advent calendar","历史圣诞倒数日历"
"eng_Latn","k-pop advent calendar 2025","2025年kPop圣诞倒数日历"
"eng_Latn","little girls advent calendar","小女孩圣诞倒数日历"
"eng_Latn","make your own advent calendar 2025","2025年DIY圣诞倒数日历"
"eng_Latn","mochi advent calendar 2025","2025年麻薯圣诞倒数日历"
"eng_Latn","nurse advent calendar 2025","2025年nurse圣诞倒数日历"
"eng_Latn","pokemon cards advent calendar","宝可梦卡片圣诞倒数日历"
"eng_Latn","tony chocolate advent calendar","tony巧克力圣诞倒数日历"
"eng_Latn","wooden advent calendar 2025","2025年木质圣诞倒数日历"
"eng_Latn","advent calendars 2025 for kids","2025年儿童圣诞倒数日历"
"eng_Latn","disney advent calendars for kids","迪士尼儿童圣诞倒数日历"
"eng_Latn","10 year old boy advent calendar 2025","2025年10岁男孩圣诞倒数日历"
"eng_Latn","aaron's putty advent calendar","aaronsputty圣诞倒数日历"
"eng_Latn","advent calendar 2025 gilmore girls","2025年《吉尔莫女孩》圣诞倒数日历"
"eng_Latn","advent calendar cosmetics","化妆品圣诞倒数日历"
"eng_Latn","advent calendar emotional support","情绪支持圣诞倒数日历"
"eng_Latn","advent calendar for boy","男孩圣诞倒数日历"
"eng_Latn","advent calendar for kids chocolate","儿童巧克力圣诞倒数日历"
"eng_Latn","advent calendar toddler christmas","幼儿圣诞倒数日历"
"eng_Latn","bobs burgers advent calendar","bobsburgers圣诞倒数日历"
"eng_Latn","cloth advent calendar","布艺圣诞倒数日历"
"eng_Latn","countdown to christmas advent calendar","圣诞倒数日历"
"eng_Latn","disney puzzle advent calendar","迪士尼拼图圣诞倒数日历"
"eng_Latn","kitkat advent calendar","KitKat圣诞倒数日历"
"eng_Latn","kosmos advent calendar","Kosmos圣诞倒数日历"
"eng_Latn","lego advent calendar marvel","乐高漫威圣诞倒数日历"
"eng_Latn","panda advent calendar","熊猫圣诞倒数日历"
"eng_Latn","pickle advent calendar 2025","2025年pickle圣诞倒数日历"
"eng_Latn","sephora favorites advent calendar 2025","2025年丝芙兰favorites圣诞倒数日历"
"eng_Latn","sour patch kids advent calendar 2025","2025年sourpatch儿童圣诞倒数日历"
"eng_Latn","tiny advent calendar fillers","小型圣诞倒数日历填充物"
"eng_Latn","tree advent calendar","圣诞树圣诞倒数日历"
"eng_Latn","christmas advent calendars for teen girls","青少年女孩圣诞倒数日历"
"eng_Latn","activity advent calendar 2025","2025年活动圣诞倒数日历"
"eng_Latn","advent calendar 2025 highland cow","2025年苏格兰高地牛圣诞倒数日历"
"eng_Latn","advent calendar beer","啤酒圣诞倒数日历"
"eng_Latn","advent calendar cute","可爱圣诞倒数日历"
"eng_Latn","advent calendar socks women","袜子女士圣诞倒数日历"
"eng_Latn","dinosaur advent calendar for boys","恐龙男孩圣诞倒数日历"
"eng_Latn","gun advent calendar","gun圣诞倒数日历"
"eng_Latn","history advent calendar 2025","2025年历史圣诞倒数日历"
"eng_Latn","ipsy advent calendar 2025","2025年ipsy圣诞倒数日历"
"eng_Latn","kiko milano advent calendar","KIKO Milano圣诞倒数日历"
"eng_Latn","lindt teddy bear advent calendar 2025","2025年瑞士莲泰迪熊圣诞倒数日历"
"eng_Latn","mtg advent calendar","mtg圣诞倒数日历"
"eng_Latn","need doh advent calendar","needdoh圣诞倒数日历"
"eng_Latn","pen advent calendar","pen圣诞倒数日历"
"eng_Latn","robot advent calendar","robot圣诞倒数日历"
"eng_Latn","rock and roll advent calendar 2025","2025年摇滚乐圣诞倒数日历"
"eng_Latn","skz advent calendar","skz圣诞倒数日历"
"eng_Latn","spider-man advent calendar","《蜘蛛侠》圣诞倒数日历"
"eng_Latn","sugar free advent calendar","无糖圣诞倒数日历"
"eng_Latn","ww11 aircraft advent calendar","Ww11飞机圣诞倒数日历"
"eng_Latn","advent calendars nails","指甲圣诞倒数日历"
"eng_Latn","diy advent calendars","DIY圣诞倒数日历"
"eng_Latn","wooden advent calendars","木质圣诞倒数日历"
"eng_Latn","advent calendar bags to fill","袋子可填充圣诞倒数日历"
"eng_Latn","advent calendar stuffed animals","毛绒动物圣诞倒数日历"
"eng_Latn","advent calendar teenage girl","青少年女孩圣诞倒数日历"
"eng_Latn","advent kids calendar 2025","2025年儿童圣诞倒数日历"
"eng_Latn","adventure advent calendar 2025","2025年冒险主题圣诞倒数日历"
"eng_Latn","american girl doll advent calendar 2025","2025年美国 女孩玩偶圣诞倒数日历"
"eng_Latn","baseball cards advent calendar 2025","2025年棒球卡片圣诞倒数日历"
"eng_Latn","benefit advent calendar 2025","2025年benefit圣诞倒数日历"
"eng_Latn","blippi advent calendar","blippi圣诞倒数日历"
"eng_Latn","caramel advent calendar","caramel圣诞倒数日历"
"eng_Latn","healthy advent calendar","健康圣诞倒数日历"
"eng_Latn","kentucky bourbon advent calendar","kentucky烈酒圣诞倒数日历"
"eng_Latn","little tikes advent calendar","小型tikes圣诞倒数日历"
"eng_Latn","our generation advent calendar 2025","2025年ourgeneration圣诞倒数日历"
"eng_Latn","pickle advent calendar","pickle圣诞倒数日历"
"eng_Latn","revolve advent calendar","revolve圣诞倒数日历"
"eng_Latn","skin care advent calendar for teens","护肤青少年圣诞倒数日历"
"eng_Latn","thames and kosmos advent calendar","Thames & Kosmos圣诞倒数日历"
"eng_Latn","turtle advent calendar 2025","2025年乌龟圣诞倒数日历"
"eng_Latn","tween girls advent calendar","青少年女孩圣诞倒数日历"
"eng_Latn","advent calendars for moms","妈妈圣诞倒数日历"
"eng_Latn","advent calendars kpop demon hunters","《K-pop恶魔猎人》圣诞倒数日历"
"eng_Latn","best advent calendars for women","精选女士圣诞倒数日历"
"eng_Latn","traditional advent calendars","传统圣诞倒数日历"
"eng_Latn","12 day advent calendar kids","12天儿童圣诞倒数日历"
"eng_Latn","3d printed dragon advent calendar","3D打印龙圣诞倒数日历"
"eng_Latn","adopt me advent calendar 2025","2025年Adopt Me圣诞倒数日历"
"eng_Latn","advent calendar f1","F1圣诞倒数日历"
"eng_Latn","burt's bees advent calendar 2025","2025年Burt's Bees圣诞倒数日历"
"eng_Latn","cat themed advent calendar 2025","2025年猫咪主题款圣诞倒数日历"
"eng_Latn","childrens advent calendar","儿童圣诞倒数日历"
"eng_Latn","christmas empty advent calendar","空白圣诞倒数日历"
"eng_Latn","friends lego advent calendar 2025","2025年《老友记》乐高圣诞倒数日历"
"eng_Latn","kids craft advent calendar","儿童手工圣诞倒数日历"
"eng_Latn","lego advent calendar 2025 nativity","2025年乐高马槽圣诞倒数日历"
"eng_Latn","lovery advent calendar","lovery圣诞倒数日历"
"eng_Latn","muppet advent calendar","muppet圣诞倒数日历"
"eng_Latn","muscle car advent calendar","肌肉汽车圣诞倒数日历"
"eng_Latn","name brand advent calendar 2025","2025年知名品牌圣诞倒数日历"
"eng_Latn","pandora advent calendar 2025","2025年Pandora圣诞倒数日历"
"eng_Latn","step2 advent calendar","Step2圣诞倒数日历"
"eng_Latn","toddler christmas advent calendar","幼儿圣诞倒数日历"
"eng_Latn","venchi advent calendar","venchi圣诞倒数日历"
"eng_Latn","volleyball advent calendar","排球圣诞倒数日历"
"eng_Latn","weird advent calendar","奇特圣诞倒数日历"
"eng_Latn","advent calendars puzzles","拼图圣诞倒数日历"
"eng_Latn","advent calendar 2025 sea glass","2025年海洋玻璃圣诞倒数日历"
"eng_Latn","advent calendar for 13 year old boy","13岁男孩圣诞倒数日历"
"eng_Latn","advent calendar under 10 dollars","10美元以下圣诞倒数日历"
"eng_Latn","baby boy advent calendar 2025","2025年婴幼儿男孩圣诞倒数日历"
"eng_Latn","cat advent calendar 2025 for kids","2025年猫咪儿童圣诞倒数日历"
"eng_Latn","cat themed advent calendar","猫咪主题款圣诞倒数日历"
"eng_Latn","christmas advent calendar 2025 adults","2025年成人圣诞倒数日历"
"eng_Latn","gel polish advent calendar","凝胶指甲油圣诞倒数日历"
"eng_Latn","harney and sons advent calendar","harneysons圣诞倒数日历"
"eng_Latn","japan advent calendar","日本圣诞倒数日历"
"eng_Latn","lego advent calendar for adults","乐高成人圣诞倒数日历"
"eng_Latn","liquor advent calendar 2025 adult","2025年酒类成人圣诞倒数日历"
"eng_Latn","magna tile advent calendar","Magna-Tiles磁力片圣诞倒数日历"
"eng_Latn","mechanic advent calendar 2025","2025年机械师圣诞倒数日历"
"eng_Latn","national lampoon's christmas vacation advent calendar","National Lampoon's Christmas Vacation圣诞倒数日历"
"eng_Latn","non chocolate advent calendar","无巧克力圣诞倒数日历"
"eng_Latn","schleich horse advent calendar 2025","2025年Schleichhorse圣诞倒数日历"
"eng_Latn","sock advent calendar 2025 kids","2025年袜子儿童圣诞倒数日历"
"eng_Latn","spices advent calendar","香料圣诞倒数日历"
"eng_Latn","stitch advent calendar for girls","史迪奇女孩圣诞倒数日历"
"eng_Latn","super kitties advent calendar","superkitties圣诞倒数日历"
"eng_Latn","vegan chocolate advent calendar","纯素巧克力圣诞倒数日历"
"eng_Latn","￼advent calendar","圣诞倒数日历"
"eng_Latn","24 day beauty advent calendar","24天美妆圣诞倒数日历"
"eng_Latn","adult men advent calendar 2025","2025年成人男士圣诞倒数日历"
"eng_Latn","advent building blocks calendar 2025","2025年积木圣诞倒数日历"
"eng_Latn","advent calendar 2025 chapstick","2025年润唇膏圣诞倒数日历"
"eng_Latn","advent calendar 2025 pokemon cards","2025年宝可梦卡片圣诞倒数日历"
"eng_Latn","advent calendar 3 year old girl","3岁女孩圣诞倒数日历"
"eng_Latn","advent calendar cards","卡片圣诞倒数日历"
"eng_Latn","advent calendar crafts for adults","手工成人圣诞倒数日历"
"eng_Latn","advent calendar for girls makeup","女孩彩妆圣诞倒数日历"
"eng_Latn","advent calendar for kids girls","儿童女孩圣诞倒数日历"
"eng_Latn","advent calendar for music lovers","音乐爱好者圣诞倒数日历"
"eng_Latn","advent calendar plushies","毛绒玩具圣诞倒数日历"
"eng_Latn","arteza advent calendar 2025","2025年arteza圣诞倒数日历"
"eng_Latn","disney book advent calendar 2025","2025年迪士尼书籍圣诞倒数日历"
"eng_Latn","fun advent calendar 2025 for adults","2025年趣味成人圣诞倒数日历"
"eng_Latn","giant advent calendar 2025","2025年巨型圣诞倒数日历"
"eng_Latn","hotwheel advent calendar","风火轮圣诞倒数日历"
"eng_Latn","lego marvel advent calendar 2021","2021年乐高漫威圣诞倒数日历"
"eng_Latn","luxury beauty advent calendar 2025","2025年奢华美妆圣诞倒数日历"
"eng_Latn","neuhaus advent calendar 2025","2025年neuhaus圣诞倒数日历"
"eng_Latn","origami advent calendar 2025","2025年折纸圣诞倒数日历"
"eng_Latn","racing advent calendar","赛车圣诞倒数日历"
"eng_Latn","spices advent calendar 2025","2025年香料圣诞倒数日历"
"eng_Latn","spidey and friends advent calendar","蜘蛛侠《老友记》圣诞倒数日历"
"eng_Latn","walker shortbread advent calendar","walkershortbread圣诞倒数日历"
"eng_Latn","advent calendars christmas kids","儿童圣诞倒数日历"
"eng_Latn","advent calendars lego 2025","2025年乐高圣诞倒数日历"
"eng_Latn","3d printed animal advent calendar","3D打印动物圣诞倒数日历"
"eng_Latn","advent calendar 3 year old boy","3岁男孩圣诞倒数日历"
"eng_Latn","advent calendar car","汽车圣诞倒数日历"
"eng_Latn","advent calendar socks men","袜子男士圣诞倒数日历"
"eng_Latn","body care advent calendar 2025","2025年身体护理圣诞倒数日历"
"eng_Latn","earrings advent calendar 2025","2025年耳环圣诞倒数日历"
"eng_Latn","energy drink advent calendar 2025","2025年能量饮料圣诞倒数日历"
"eng_Latn","epump-advent-calendar-fishing-adult","epump钓鱼成人圣诞倒数日历"
"eng_Latn","funko pop stranger things advent calendar","Funko Pop《怪奇物语》圣诞倒数日历"
"eng_Latn","krabby patty advent calendar","krabbypatty圣诞倒数日历"
"eng_Latn","lego star wars advent calendar 2024","2024年乐高《星球大战》圣诞倒数日历"
"eng_Latn","make up advent calendar 2025 sephora","2025年彩妆丝芙兰圣诞倒数日历"
"eng_Latn","mcobeauty advent calendar 2025","2025年mcobeauty圣诞倒数日历"
"eng_Latn","metal advent calendar","金属圣诞倒数日历"
"eng_Latn","painting advent calendar","绘画圣诞倒数日历"
"eng_Latn","punch box advent calendar","punch盒子圣诞倒数日历"
"eng_Latn","spa advent calendar for women","SPA女士圣诞倒数日历"
"eng_Latn","survival advent calendar for men","生存男士圣诞倒数日历"
"eng_Latn","adult advent calendars for couples","成人情侣圣诞倒数日历"
"eng_Latn","12 day beauty advent calendar","12天美妆圣诞倒数日历"
"eng_Latn","advent calendar 2025 bracelet","2025年手链圣诞倒数日历"
"eng_Latn","advent calendar 2025 lip gloss","2025年唇彩圣诞倒数日历"
"eng_Latn","advent calendar 2025 mario","2025年马里奥圣诞倒数日历"
"eng_Latn","advent calendar 2025 teens girls","2025年青少年女孩圣诞倒数日历"
"eng_Latn","advent calendar doorables","Disney Doorables圣诞倒数日历"
"eng_Latn","advent calendar gilmore girls","《吉尔莫女孩》圣诞倒数日历"
"eng_Latn","advent calendar hunting","狩猎圣诞倒数日历"
"eng_Latn","advent calendar sol de janeiro","Sol de Janeiro圣诞倒数日历"
"eng_Latn","advent pocket calendar","Pocket圣诞倒数日历"
"eng_Latn","craft advent calendar girls","手工女孩圣诞倒数日历"
"eng_Latn","elmo advent calendar","elmo圣诞倒数日历"
"eng_Latn","finger puppet advent calendar 2025","2025年手指玩偶圣诞倒数日历"
"eng_Latn","heavy metal advent calendar","重金属音乐圣诞倒数日历"
"eng_Latn","hogwarts advent calendar 2025","2025年霍格沃茨圣诞倒数日历"
"eng_Latn","nut advent calendar 2025","2025年nut圣诞倒数日历"
"eng_Latn","nuts advent calendar","坚果圣诞倒数日历"
"eng_Latn","organic advent calendar 2025","2025年有机圣诞倒数日历"
"eng_Latn","pixar advent calendar","Pixar圣诞倒数日历"
"eng_Latn","pocket knife advent calendar","Pocketknife圣诞倒数日历"
"eng_Latn","soccer card advent calendar 2025","2025年足球卡片圣诞倒数日历"
"eng_Latn","starwars lego advent calendar 2025","2025年《星球大战》乐高圣诞倒数日历"
"eng_Latn","stranger thing advent calendar","strangerthing圣诞倒数日历"
"eng_Latn","24 day alcohol advent calendar","24天酒类圣诞倒数日历"
"eng_Latn","adult christmas advent calendar","成人圣诞倒数日历"
"eng_Latn","advent calendar 2025 music","2025年音乐圣诞倒数日历"
"eng_Latn","advent calendar boys age 8","8岁男孩圣诞倒数日历"
"eng_Latn","advent calendar building set","建造套装圣诞倒数日历"
"eng_Latn","advent calendar elf on the shelf","The Elf on the Shelf圣诞倒数日历"
"eng_Latn","advent calendar hair accessories","头发护理配件圣诞倒数日历"
"eng_Latn","advent calendar sephora 2025","2025年丝芙兰圣诞倒数日历"
"eng_Latn","advent calendar spongebob","海绵宝宝圣诞倒数日历"
"eng_Latn","advent tea calendar","茶叶圣诞倒数日历"
"eng_Latn","bug advent calendar","bug圣诞倒数日历"
"eng_Latn","cocomelon advent calendar","cocomelon圣诞倒数日历"
"eng_Latn","crafts advent calendar","手工圣诞倒数日历"
"eng_Latn","dog advent calendar treats","狗狗零食圣诞倒数日历"
"eng_Latn","drunk elephant advent calendar","drunkelephant圣诞倒数日历"
"eng_Latn","gnomes advent calendar 2025","2025年侏儒圣诞倒数日历"
"eng_Latn","little pet shop advent calendar 2025","2025年Littlest Pet Shop圣诞倒数日历"
"eng_Latn","magnetic advent calendar","磁吸式圣诞倒数日历"
"eng_Latn","meat advent calendar 2025","2025年肉类圣诞倒数日历"
"eng_Latn","owl advent calendar 2025","2025年猫头鹰圣诞倒数日历"
"eng_Latn","popmart advent calendar","popmart圣诞倒数日历"
"eng_Latn","pre teen advent calendar","pre青少年圣诞倒数日历"
"eng_Latn","sharing kindness advent calendar","sharingkindness圣诞倒数日历"
"eng_Latn","tools advent calendar","工具圣诞倒数日历"
"eng_Latn","topps baseball advent calendar 2025","2025年Topps棒球圣诞倒数日历"
"eng_Latn","beauty advent calendars for women","美妆女士圣诞倒数日历"
"eng_Latn","kids christmas advent calendars 2025","2025年儿童圣诞倒数日历"
"eng_Latn","advent calendar 2025 dragon","2025年龙圣诞倒数日历"
"eng_Latn","advent calendar 2025 ducks","2025年鸭子圣诞倒数日历"
"eng_Latn","advent calendar 2025 jam","2025年果酱圣诞倒数日历"
"eng_Latn","advent calendar 2025 playmobil","2025年Playmobil圣诞倒数日历"
"eng_Latn","advent calendar 2025 princess","2025年公主圣诞倒数日历"
"eng_Latn","advent calendar bath","沐浴圣诞倒数日历"
"eng_Latn","advent calendar flowers","花卉圣诞倒数日历"
"eng_Latn","advent calendar for adults lego","成人乐高圣诞倒数日历"
"eng_Latn","advent calendar for girlfriend","girlfriend圣诞倒数日历"
"eng_Latn","advent calendar mens cologne","男士男士香水圣诞倒数日历"
"eng_Latn","advent calendar paper","纸质圣诞倒数日历"
"eng_Latn","advent calendar toddlers","幼儿圣诞倒数日历"
"eng_Latn","best chocolate advent calendar 2025","2025年精选巧克力圣诞倒数日历"
"eng_Latn","catholic advent calendar for kids","天主教儿童圣诞倒数日历"
"eng_Latn","children's advent calendar","儿童s圣诞倒数日历"
"eng_Latn","elephant advent calendar","elephant圣诞倒数日历"
"eng_Latn","escape advent calendar 2025","2025年密室逃脱圣诞倒数日历"
"eng_Latn","healthy advent calendar 2025","2025年健康圣诞倒数日历"
"eng_Latn","hogwarts advent calendar","霍格沃茨圣诞倒数日历"
"eng_Latn","k-pop demon hunters advent calendar","《KPop恶魔猎人》圣诞倒数日历"
"eng_Latn","kinder bueno advent calendar 2025","2025年Kinderbueno圣诞倒数日历"
"eng_Latn","kiwico advent calendar 2025","2025年kiwico圣诞倒数日历"
"eng_Latn","minion advent calendar","小黄人圣诞倒数日历"
"eng_Latn","plane advent calendar","飞机圣诞倒数日历"
"eng_Latn","preschool advent calendar","学龄前儿童圣诞倒数日历"
"eng_Latn","succulent advent calendar 2025","2025年多肉植物圣诞倒数日历"
"eng_Latn","teen jewelry advent calendar","青少年珠宝首饰圣诞倒数日历"
"eng_Latn","teeny mates advent calendar","teenymates圣诞倒数日历"
"eng_Latn","teenymates advent calendar","teenymates圣诞倒数日历"
"eng_Latn","touchland advent calendar","touchland圣诞倒数日历"
"eng_Latn","twinings tea advent calendar","twinings茶叶圣诞倒数日历"
"eng_Latn","advent calendars nativity","马槽圣诞倒数日历"
"eng_Latn","advent calendars socks","袜子圣诞倒数日历"
"eng_Latn","24 empty advent calendar boxes","24空白盒子圣诞倒数日历"
"eng_Latn","advent calendar 2025 crystals","2025年水晶圣诞倒数日历"
"eng_Latn","advent calendar 2025 makeup sephora","2025年彩妆丝芙兰圣诞倒数日历"
"eng_Latn","advent calendar 2025 mens cologne","2025年男士男士香水圣诞倒数日历"
"eng_Latn","advent calendar 2025 stationery","2025年文具圣诞倒数日历"
"eng_Latn","advent calendar catholic","天主教圣诞倒数日历"
"eng_Latn","advent calendar girls age 4","4岁女孩圣诞倒数日历"
"eng_Latn","d and d advent calendar 2025","2025年d圣诞倒数日历"
"eng_Latn","diy advent calendar boxes to fill 12 days","12天DIY可填充盒装圣诞倒数日历"
"eng_Latn","essential oil advent calendar","精油圣诞倒数日历"
"eng_Latn","fuzzy socks advent calendar","毛绒袜子圣诞倒数日历"
"eng_Latn","heavy metal advent calendar 2025","2025年重金属音乐圣诞倒数日历"
"eng_Latn","jigsaw advent calendar 2025","2025年拼图圣诞倒数日历"
"eng_Latn","legi advent calendar","legi圣诞倒数日历"
"eng_Latn","little people big dreams advent calendar","Little People Big Dreams圣诞倒数日历"
"eng_Latn","magic trick advent calendar 2025","2025年魔法trick圣诞倒数日历"
"eng_Latn","make your own advent calendar box","DIY盒子圣诞倒数日历"
"eng_Latn","mini brands kawaii advent calendar","Mini Brands可爱系列圣诞倒数日历"
"eng_Latn","nut free advent calendar","无坚果圣诞倒数日历"
"eng_Latn","plouise advent calendar 2025","2025年plouise圣诞倒数日历"
"eng_Latn","reese advent calendar","reese圣诞倒数日历"
"eng_Latn","revolution advent calendar","Revolution圣诞倒数日历"
"eng_Latn","rituals advent calendar 2025","2025年Rituals圣诞倒数日历"
"eng_Latn","skin care advent calendar 2025 bubble","2025年护肤Bubble圣诞倒数日历"
"eng_Latn","squishmas 2025 advent calendar","2025年squishmas圣诞倒数日历"
"eng_Latn","straw topper advent calendar","吸管装饰帽圣诞倒数日历"
"eng_Latn","teen makeup advent calendar 2025","2025年青少年彩妆圣诞倒数日历"
"eng_Latn","teenager girl advent calendar 2025","2025年青少年女孩圣诞倒数日历"
"eng_Latn","wall hanging advent calendar","挂墙式悬挂式圣诞倒数日历"
"eng_Latn","wizard of oz advent calendar 2025","2025年wizardoz圣诞倒数日历"
"eng_Latn","advent calendars beauty products","美妆产品圣诞倒数日历"
"eng_Latn","advent calendars bluey","Bluey圣诞倒数日历"
"eng_Latn","stitch advent calendars","史迪奇圣诞倒数日历"
"eng_Latn","adult male advent calendar 2025","2025年成人男性圣诞倒数日历"
"eng_Latn","advent calendar for girl","女孩圣诞倒数日历"
"eng_Latn","advent calendar friends","《老友记》圣诞倒数日历"
"eng_Latn","advent calendar horror","恐怖圣诞倒数日历"
"eng_Latn","advent calendar pokemon cards","宝可梦卡片圣诞倒数日历"
"eng_Latn","advent calendar with ornaments","装饰品圣诞倒数日历"
"eng_Latn","advent golf calendar 2025","2025年高尔夫圣诞倒数日历"
"eng_Latn","alcohol advent calendar 2025 adult","2025年酒类成人圣诞倒数日历"
"eng_Latn","beetles gel polish advent calendar 2025","2025年Beetles凝胶指甲油圣诞倒数日历"
"eng_Latn","birthday advent calendar","birthday圣诞倒数日历"
"eng_Latn","christian christmas advent calendar","基督教主题圣诞倒数日历"
"eng_Latn","christmas chocolate advent calendar","巧克力圣诞倒数日历"
"eng_Latn","drawing advent calendar 2025","2025年绘画圣诞倒数日历"
"eng_Latn","frozen lego advent calendar 2025","2025年《冰雪奇缘》乐高圣诞倒数日历"
"eng_Latn","gem advent calendar","宝石圣诞倒数日历"
"eng_Latn","guys advent calendar 2025","2025年男士圣诞倒数日历"
"eng_Latn","horror movie advent calendar 2025","2025年恐怖电影圣诞倒数日历"
"eng_Latn","kids nativity advent calendar","儿童马槽圣诞倒数日历"
"eng_Latn","licorice advent calendar","甘草糖圣诞倒数日历"
"eng_Latn","make up advent calendar￼","彩妆圣诞倒数日历"
"eng_Latn","paw patrol advent calendar 2025 kids","2025年《汪汪队立大功》儿童圣诞倒数日历"
"eng_Latn","pixar cars advent calendar","Pixar汽车总动员圣诞倒数日历"
"eng_Latn","plus plus advent calendar","plus圣诞倒数日历"
"eng_Latn","protein advent calendar 2025","2025年蛋白质圣诞倒数日历"
"eng_Latn","sea turtle advent calendar 2025","2025年海洋乌龟圣诞倒数日历"
"eng_Latn","seed advent calendar","seed圣诞倒数日历"
"eng_Latn","teacher advent calendar","教师圣诞倒数日历"
"eng_Latn","animal advent calendars","动物圣诞倒数日历"
"eng_Latn","funko pop advent calendars","Funko Pop圣诞倒数日历"
"eng_Latn","24 day fishing advent calendar","24天钓鱼圣诞倒数日历"
"eng_Latn","advent calendar 2025 cheap","2025年实惠圣诞倒数日历"
"eng_Latn","advent calendar 2025 cologne","2025年男士香水圣诞倒数日历"
"eng_Latn","advent calendar chocolates","巧克力圣诞倒数日历"
"eng_Latn","advent calendar dice","骰子圣诞倒数日历"
"eng_Latn","advent calendar for teen girls skincare","青少年女孩护肤圣诞倒数日历"
"eng_Latn","advent calendar mini","迷你圣诞倒数日历"
"eng_Latn","advent calendar tea 2025","2025年茶叶圣诞倒数日历"
"eng_Latn","art advent calendar for kids","艺术儿童圣诞倒数日历"
"eng_Latn","blue advent calendar","蓝色圣诞倒数日历"
"eng_Latn","coin advent calendar","coin圣诞倒数日历"
"eng_Latn","griswold advent calendar","griswold圣诞倒数日历"
"eng_Latn","japan advent calendar 2025","2025年日本圣诞倒数日历"
"eng_Latn","lego friends christmas advent calendar","乐高《老友记》圣诞倒数日历"
"eng_Latn","pukka tea advent calendar 2025","2025年pukka茶叶圣诞倒数日历"
"eng_Latn","reese's advent calendar 2025","2025年reeses圣诞倒数日历"
"eng_Latn","succulent advent calendar","多肉植物圣诞倒数日历"
"eng_Latn","advent calendars 2025 chocolate","2025年巧克力圣诞倒数日历"
"eng_Latn","cool advent calendars for kids","酷儿童圣诞倒数日历"
"eng_Latn","weird advent calendars","奇特圣诞倒数日历"
"eng_Latn","elf avent calendar 2025","2025年e.l.f.圣诞倒数日历"
"eng_Latn","slime avent calendar","史莱姆圣诞倒数日历"
"eng_Latn","3d print advent calendar 2025","2025年3Dprint圣诞倒数日历"
"eng_Latn","adults advent calendar 2025","2025年成人圣诞倒数日历"
"eng_Latn","advent calendar 2 year old boy","2岁男孩圣诞倒数日历"
"eng_Latn","advent calendar 2025 escape room","2025年密室逃脱圣诞倒数日历"
"eng_Latn","advent calendar college girl","大学生女孩圣诞倒数日历"
"eng_Latn","advent calendar cooking","烹饪圣诞倒数日历"
"eng_Latn","advent calendar gabby's dollhouse","《盖比的娃娃屋》圣诞倒数日历"
"eng_Latn","advent calendar with chocolate 2025","2025年巧克力圣诞倒数日历"
"eng_Latn","art supplies advent calendar","艺术用品圣诞倒数日历"
"eng_Latn","body shop advent calendar","身体shop圣诞倒数日历"
"eng_Latn","boys advent calendar 2025 sports","2025年男孩运动圣诞倒数日历"
"eng_Latn","cat lovers advent calendar","猫咪爱好者圣诞倒数日历"
"eng_Latn","college advent calendar","大学生圣诞倒数日历"
"eng_Latn","funko stranger things advent calendar","Funko《怪奇物语》圣诞倒数日历"
"eng_Latn","jewelry advent calendar for teens","珠宝首饰青少年圣诞倒数日历"
"eng_Latn","lotion advent calendar","身体乳圣诞倒数日历"
"eng_Latn","magnet advent calendar","磁铁圣诞倒数日历"
"eng_Latn","makeup advent calendar for teens","彩妆青少年圣诞倒数日历"
"eng_Latn","meeden advent calendar","meeden圣诞倒数日历"
"eng_Latn","motocross advent calendar","越野摩托车圣诞倒数日历"
"eng_Latn","shopkins advent calendar","shopkins圣诞倒数日历"
"eng_Latn","soccer advent calendar for boys","足球男孩圣诞倒数日历"
"eng_Latn","sponge bob advent calendar 2025","2025年海绵宝宝圣诞倒数日历"
"eng_Latn","star wars funko pop advent calendar","《星球大战》Funko Pop圣诞倒数日历"
"eng_Latn","victoria secret advent calendar 2025","2025年Victoria's Secret圣诞倒数日历"
"eng_Latn","white chocolate advent calendar 2025","2025年白色巧克力圣诞倒数日历"
"eng_Latn","advent calendars 24 days","24天圣诞倒数日历"
"eng_Latn","cat advent calendars","猫咪圣诞倒数日历"
"eng_Latn","cheap advent calendars for teen girls","实惠青少年女孩圣诞倒数日历"
"eng_Latn","adult advent calendar for women","成人女士圣诞倒数日历"
"eng_Latn","advent calendar 2025 fishing lure","2025年钓鱼诱饵圣诞倒数日历"
"eng_Latn","advent calendar 2025 sonic","2025年索尼克圣诞倒数日历"
"eng_Latn","advent calendar 6 year old girl","6岁女孩圣诞倒数日历"
"eng_Latn","advent calendar peppa pig","《小猪佩奇》圣诞倒数日历"
"eng_Latn","advent calendar teen girl 2025","2025年青少年女孩圣诞倒数日历"
"eng_Latn","advent nativity calendar 2025","2025年马槽圣诞倒数日历"
"eng_Latn","best advent calendar 2025 girls","2025年精选女孩圣诞倒数日历"
"eng_Latn","candy advent calendar for kids","糖果儿童圣诞倒数日历"
"eng_Latn","chocolate advent calendar for kids","巧克力儿童圣诞倒数日历"
"eng_Latn","cinnamoroll advent calendar 2025","2025年cinnamoroll圣诞倒数日历"
"eng_Latn","coffee advent calendar 2025 k cup","2025年咖啡kcup圣诞倒数日历"
"eng_Latn","e l f cosmetics advent calendar","e.l.f.化妆品圣诞倒数日历"
"eng_Latn","f1 racing advent calendar 2025","2025年F1赛车圣诞倒数日历"
"eng_Latn","harley davidson advent calendar 2025","2025年哈雷戴维森圣诞倒数日历"
"eng_Latn","ice fishing advent calendar","冰钓鱼圣诞倒数日历"
"eng_Latn","jameson whiskey advent calendar","jameson威士忌圣诞倒数日历"
"eng_Latn","jeep advent calendar 2025","2025年jeep圣诞倒数日历"
"eng_Latn","jelly advent calendar","果冻圣诞倒数日历"
"eng_Latn","lancome advent calendar","兰蔻圣诞倒数日历"
"eng_Latn","milka advent calendar","Milka圣诞倒数日历"
"eng_Latn","minecraft advent calendar lego","《我的世界》乐高圣诞倒数日历"
"eng_Latn","owl advent calendar","猫头鹰圣诞倒数日历"
"eng_Latn","scotch advent calendar","苏格兰威士忌圣诞倒数日历"
"eng_Latn","sports cards advent calendar 2025","2025年运动卡片圣诞倒数日历"
"eng_Latn","the rescuer nativity advent calendar","The Rescuer马槽圣诞倒数日历"
"eng_Latn","toy advent calendar for boys","玩具男孩圣诞倒数日历"
"eng_Latn","trinket advent calendar","小饰品圣诞倒数日历"
"eng_Latn","tsum tsum advent calendar","tsum圣诞倒数日历"
"eng_Latn","wednesday advent calendar","《星期三》圣诞倒数日历"
"eng_Latn","wednesday advent calendar 2025","2025年《星期三》圣诞倒数日历"
"eng_Latn","weird advent calendar 2025","2025年奇特圣诞倒数日历"
"eng_Latn","advent calendars for christmas","圣诞倒数日历"
"eng_Latn","christmas advent calendars for men","男士圣诞倒数日历"
"eng_Latn","german advent calendars","德国圣诞倒数日历"
"eng_Latn","avent calendar 2025 teen girl","2025年青少年女孩圣诞倒数日历"
"eng_Latn","diy avent calendar","DIY圣诞倒数日历"
"eng_Latn","countdown calendar for kids","儿童倒计时日历"
"eng_Latn","3 year old advent calendar","3岁圣诞倒数日历"
"eng_Latn","advent calendar 2025 guitar","2025年吉他圣诞倒数日历"
"eng_Latn","advent calendar 2025 train","2025年火车圣诞倒数日历"
"eng_Latn","advent calendar disney princess","迪士尼公主圣诞倒数日历"
"eng_Latn","advent calendar for college boy","大学生男孩圣诞倒数日历"
"eng_Latn","advent calendar jerky","肉干圣诞倒数日历"
"eng_Latn","ballet advent calendar","ballet圣诞倒数日历"
"eng_Latn","blind box advent calendar","盲盒圣诞倒数日历"
"eng_Latn","chocolate christmas advent calendar","巧克力圣诞倒数日历"
"eng_Latn","crafty advent calendar 2025","2025年crafty圣诞倒数日历"
"eng_Latn","fishing lures advent calendar","钓鱼鱼饵圣诞倒数日历"
"eng_Latn","girls advent calendar 2025 age 8","2025年8岁女孩圣诞倒数日历"
"eng_Latn","k beauty advent calendar 2025","2025年k美妆圣诞倒数日历"
"eng_Latn","kids lego advent calendar 2025","2025年儿童乐高圣诞倒数日历"
"eng_Latn","lip advent calendar 2025","2025年唇部圣诞倒数日历"
"eng_Latn","mini barbieland advent calendar","迷你barbieland圣诞倒数日历"
"eng_Latn","mushroom advent calendar","mushroom圣诞倒数日历"
"eng_Latn","nike advent calendar 2025","2025年nike圣诞倒数日历"
"eng_Latn","opi nail polish advent calendar 2025","2025年opi指甲护理指甲油圣诞倒数日历"
"eng_Latn","organic tea advent calendar 2025","2025年有机茶叶圣诞倒数日历"
"eng_Latn","sea glass advent calendar trees","海洋玻璃圣诞树圣诞倒数日历"
"eng_Latn","socks advent calendar 2025 women","2025年袜子女士圣诞倒数日历"
"eng_Latn","tony's advent calendar","tonys圣诞倒数日历"
"eng_Latn","travel advent calendar 2025","2025年旅行圣诞倒数日历"
"eng_Latn","usborne advent calendar 2025","2025年usborne圣诞倒数日历"
"eng_Latn","advent calendars for adults men","成人男士圣诞倒数日历"
"eng_Latn","minecraft advent calendars","《我的世界》圣诞倒数日历"
"eng_Latn","book avent calendar","书籍圣诞倒数日历"
"eng_Latn","activity advent calendar","活动圣诞倒数日历"
"eng_Latn","advent calendar 2025 horse","2025年马匹圣诞倒数日历"
"eng_Latn","advent calendar decoration","decoration圣诞倒数日历"
"eng_Latn","advent calendar eos","eos圣诞倒数日历"
"eng_Latn","advent calendar for mom 2025","2025年妈妈圣诞倒数日历"
"eng_Latn","advent calendar for toddlers 2025","2025年幼儿圣诞倒数日历"
"eng_Latn","advent calendar for two year old","2岁儿童圣诞倒数日历"
"eng_Latn","advent calendar perfume 2025","2025年香水圣诞倒数日历"
"eng_Latn","beard advent calendar","胡须圣诞倒数日历"
"eng_Latn","best puzzle advent calendar","精选拼图圣诞倒数日历"
"eng_Latn","book advent calendar 2025 adult women","2025年书籍成人女士圣诞倒数日历"
"eng_Latn","book advent calendar for kids","书籍儿童圣诞倒数日历"
"eng_Latn","car advent calendar 2025 adult","2025年汽车成人圣诞倒数日历"
"eng_Latn","child advent calendar 2025","2025年child圣诞倒数日历"
"eng_Latn","christmas craft advent calendar","手工圣诞倒数日历"
"eng_Latn","empty beer advent calendar box","空白啤酒盒子圣诞倒数日历"
"eng_Latn","fake nail advent calendar","fake指甲护理圣诞倒数日历"
"eng_Latn","girls makeup advent calendar","女孩彩妆圣诞倒数日历"
"eng_Latn","jack daniels advent calendar 2025","2025年杰克丹尼圣诞倒数日历"
"eng_Latn","jewelry advent calendar 2025 adult","2025年珠宝首饰成人圣诞倒数日历"
"eng_Latn","l occitane advent calendar 2025","2025年欧舒丹圣诞倒数日历"
"eng_Latn","lipstick advent calendar 2025","2025年口红圣诞倒数日历"
"eng_Latn","luxury makeup advent calendar","奢华彩妆圣诞倒数日历"
"eng_Latn","magna tile advent calendar 2025","2025年Magna-Tiles磁力片圣诞倒数日历"
"eng_Latn","meri meri advent calendar","meri圣诞倒数日历"
"eng_Latn","minecraft advent calendar for boys","《我的世界》男孩圣诞倒数日历"
"eng_Latn","nail care advent calendar","指甲护理护理圣诞倒数日历"
"eng_Latn","ocean advent calendar","ocean圣诞倒数日历"
"eng_Latn","pokemon funko advent calendar","宝可梦Funko圣诞倒数日历"
"eng_Latn","preppy advent calendar 2025","2025年学院风圣诞倒数日历"
"eng_Latn","preschool advent calendar 2025","2025年学龄前儿童圣诞倒数日历"
"eng_Latn","advent calendars cars","汽车总动员圣诞倒数日历"
"eng_Latn","advent calendars ornaments","装饰品圣诞倒数日历"
"eng_Latn","cute advent calendars","可爱圣诞倒数日历"
"eng_Latn","cute advent calendars for teen girls","可爱青少年女孩圣诞倒数日历"
"eng_Latn","teen girl advent calendars","青少年女孩圣诞倒数日历"
"eng_Latn","womens advent calendars","女士圣诞倒数日历"
"eng_Latn","avent calendar 2025 makeup","2025年彩妆圣诞倒数日历"
"eng_Latn","2025 seaglass advent calendar","2025年海洋玻璃圣诞倒数日历"
"eng_Latn","advent calendar 2025 cookies","2025年曲奇圣诞倒数日历"
"eng_Latn","advent calendar bath and body","沐浴与身体护理圣诞倒数日历"
"eng_Latn","advent calendar envelopes","envelopes圣诞倒数日历"
"eng_Latn","advent calendar hotwheels","风火轮圣诞倒数日历"
"eng_Latn","advent calendar jurassic world","侏罗纪世界圣诞倒数日历"
"eng_Latn","basketball advent calendar for boys","篮球男孩圣诞倒数日历"
"eng_Latn","beetles gel polish advent calendar","Beetles凝胶指甲油圣诞倒数日历"
"eng_Latn","body spray advent calendar 2025","2025年身体喷雾圣诞倒数日历"
"eng_Latn","christmas photo advent calendar","照片圣诞倒数日历"
"eng_Latn","coloring book advent calendar","涂色书籍圣诞倒数日历"
"eng_Latn","dance advent calendar 2025","2025年dance圣诞倒数日历"
"eng_Latn","disney lego advent calendar 2025","2025年迪士尼乐高圣诞倒数日历"
"eng_Latn","diy advent calendar to fill","DIY可填充圣诞倒数日历"
"eng_Latn","fish lure advent calendar 2025","2025年鱼饵圣诞倒数日历"
"eng_Latn","girl teen advent calendar 2025","2025年女孩青少年圣诞倒数日历"
"eng_Latn","kids advent calendar boys","儿童男孩圣诞倒数日历"
"eng_Latn","lego advent calendar 2025 flower","2025年乐高花卉圣诞倒数日历"
"eng_Latn","magic the gathering advent calendar 2025","2025年Magic: The Gathering圣诞倒数日历"
"eng_Latn","nativity advent calendar 2025 adult","2025年马槽成人圣诞倒数日历"
"eng_Latn","nerdy advent calendar 2025","2025年极客圣诞倒数日历"
"eng_Latn","nfl football advent calendar 2025","2025年NFL足球圣诞倒数日历"
"eng_Latn","nurse advent calendar","nurse圣诞倒数日历"
"eng_Latn","play mobil advent calendar 2025","2025年playmobil圣诞倒数日历"
"eng_Latn","soda advent calendar","soda圣诞倒数日历"
"eng_Latn","squishmellow advent calendar","squishmellow圣诞倒数日历"
"eng_Latn","teen beauty advent calendar","青少年美妆圣诞倒数日历"
"eng_Latn","advent calendars baseball","棒球圣诞倒数日历"
"eng_Latn","nativity advent calendars","马槽圣诞倒数日历"
"eng_Latn","advent calendar 2025 bonne maman","2025年Bonne Maman圣诞倒数日历"
"eng_Latn","advent calendar 2025 fidget toy","2025年解压玩具玩具圣诞倒数日历"
"eng_Latn","advent calendar 2025 jesus","2025年耶稣圣诞倒数日历"
"eng_Latn","advent calendar baking","烘焙圣诞倒数日历"
"eng_Latn","advent calendar boys age 5","5岁男孩圣诞倒数日历"
"eng_Latn","advent calendar for fisherman","渔夫圣诞倒数日历"
"eng_Latn","advent calendar national parks","国家公园圣诞倒数日历"
"eng_Latn","advent squishmallow calendar","Squishmallows圣诞倒数日历"
"eng_Latn","army advent calendar","军事圣诞倒数日历"
"eng_Latn","bath bombs advent calendar 2025","2025年沐浴泡澡球圣诞倒数日历"
"eng_Latn","bird advent calendar 2025 adult","2025年鸟类成人圣诞倒数日历"
"eng_Latn","blush bar advent calendar","blushbar圣诞倒数日历"
"eng_Latn","book lovers advent calendar 2025 adult","2025年书籍爱好者成人圣诞倒数日历"
"eng_Latn","charm advent calendar","吊饰圣诞倒数日历"
"eng_Latn","custom advent calendar box","定制盒子圣诞倒数日历"
"eng_Latn","dad jokes advent calendar 2025","2025年爸爸笑话圣诞倒数日历"
"eng_Latn","door county coffee advent calendar","doorcounty咖啡圣诞倒数日历"
"eng_Latn","elf beauty advent calendar","e.l.f.美妆圣诞倒数日历"
"eng_Latn","emo advent calendar","emo圣诞倒数日历"
"eng_Latn","gourmet advent calendar","美食圣诞倒数日历"
"eng_Latn","k beauty advent calendar","k美妆圣诞倒数日历"
"eng_Latn","kinder chocolate advent calendar","Kinder巧克力圣诞倒数日历"
"eng_Latn","loreal paris advent calendar","欧莱雅巴黎圣诞倒数日历"
"eng_Latn","mini advent calendar 2025","2025年迷你圣诞倒数日历"
"eng_Latn","nerd advent calendar","极客圣诞倒数日历"
"eng_Latn","outdoor advent calendar","户外圣诞倒数日历"
"eng_Latn","seed advent calendar 2025","2025年seed圣诞倒数日历"
"eng_Latn","sprunki advent calendar 2025","2025年sprunki圣诞倒数日历"
"eng_Latn","tech advent calendar 2025","2025年tech圣诞倒数日历"
"eng_Latn","whiskey christmas advent calendar 2025","2025年威士忌圣诞倒数日历"
"eng_Latn","advent calendars elf","e.l.f.圣诞倒数日历"
"eng_Latn","advent calendars star wars","《星球大战》圣诞倒数日历"
"eng_Latn","cheap advent calendars","实惠圣诞倒数日历"
"eng_Latn","empty advent calendars to fill large","空白可填充大号圣诞倒数日历"
"eng_Latn","advent calendar 2025 nativity set","2025年马槽套装圣诞倒数日历"
"eng_Latn","advent calendar kid","儿童圣诞倒数日历"
"eng_Latn","advent calendar popcorn","爆米花圣诞倒数日历"
"eng_Latn","advent sea glass calendar","海洋玻璃圣诞倒数日历"
"eng_Latn","best bourbon advent calendar","精选烈酒圣诞倒数日历"
"eng_Latn","cadburys advent calendar 2025","2025年cadburys圣诞倒数日历"
"eng_Latn","fidget advent calendar 2025 for adults","2025年解压玩具成人圣诞倒数日历"
"eng_Latn","girls lego advent calendar 2025","2025年女孩乐高圣诞倒数日历"
"eng_Latn","harry potter 2025 advent calendar","2025年《哈利·波特》圣诞倒数日历"
"eng_Latn","hot coco advent calendar 2025","2025年coco圣诞倒数日历"
"eng_Latn","kids christian advent calendar","儿童基督教圣诞倒数日历"
"eng_Latn","lego advent calendar 2025 harry potter","2025年乐高《哈利·波特》圣诞倒数日历"
"eng_Latn","lego duplo advent calendar","乐高DUPLO圣诞倒数日历"
"eng_Latn","luxury advent calendar for men","奢华男士圣诞倒数日历"
"eng_Latn","rubber ducks advent calendar 2025","2025年橡胶鸭子圣诞倒数日历"
"eng_Latn","shower steamer advent calendar 2025","2025年淋浴香薰片圣诞倒数日历"
"eng_Latn","tatcha advent calendar","tatcha圣诞倒数日历"
"eng_Latn","tech advent calendar","tech圣诞倒数日历"
"eng_Latn","weed advent calendar","weed圣诞倒数日历"
"eng_Latn","wobbles advent calendar 2025","2025年wobbles圣诞倒数日历"
"eng_Latn","workout advent calendar","workout圣诞倒数日历"
"eng_Latn","wwii advent calendar 2025","2025年二战圣诞倒数日历"
"eng_Latn","advent calendars empty to fill","空白可填充圣诞倒数日历"
"eng_Latn","advent calendars make up","彩妆圣诞倒数日历"
"eng_Latn","best adult advent calendars 2025","2025年精选成人圣诞倒数日历"
"eng_Latn","empty advent calendars to fill cardboard","空白可填充纸板圣诞倒数日历"
"eng_Latn","boys avent calendar 2025","2025年男孩圣诞倒数日历"
"eng_Latn","advent calendar 2025 for toddler girl","2025年幼儿女孩圣诞倒数日历"
"eng_Latn","advent calendar 2025 teen girls jewelry","2025年青少年女孩珠宝首饰圣诞倒数日历"
"eng_Latn","advent calendar for boyfriend","男朋友圣诞倒数日历"
"eng_Latn","advent calendar for multiple kids","multiple儿童圣诞倒数日历"
"eng_Latn","advent calendar stem","STEM圣诞倒数日历"
"eng_Latn","advent survival calendar","生存圣诞倒数日历"
"eng_Latn","baby shark advent calendar 2025","2025年婴幼儿鲨鱼圣诞倒数日历"
"eng_Latn","cat lover advent calendar","猫咪爱好者圣诞倒数日历"
"eng_Latn","chess advent calendar","chess圣诞倒数日历"
"eng_Latn","creative advent calendar 2025","2025年creative圣诞倒数日历"
"eng_Latn","disney frozen advent calendar 2025","2025年迪士尼《冰雪奇缘》圣诞倒数日历"
"eng_Latn","edible advent calendar","可食用圣诞倒数日历"
"eng_Latn","elf sleigh the day advent calendar","e.l.f.sleighday圣诞倒数日历"
"eng_Latn","empty advent calendar 12 day","12天空白圣诞倒数日历"
"eng_Latn","friends tv show advent calendar","《老友记》电视节目圣诞倒数日历"
"eng_Latn","girls beauty advent calendar 2025","2025年女孩美妆圣诞倒数日历"
"eng_Latn","jewelry advent calendar 2025 gold","2025年珠宝首饰金色圣诞倒数日历"
"eng_Latn","little boys advent calendar 2025","2025年小型男孩圣诞倒数日历"
"eng_Latn","mini monster truck advent calendar","迷你怪兽卡车圣诞倒数日历"
"eng_Latn","outdoor advent calendar 2025","2025年户外圣诞倒数日历"
"eng_Latn","picture advent calendar 2025","2025年图片圣诞倒数日历"
"eng_Latn","skyrim advent calendar","skyrim圣诞倒数日历"
"eng_Latn","sock advent calendar women","袜子女士圣诞倒数日历"
"eng_Latn","vogue advent calendar","vogue圣诞倒数日历"
"eng_Latn","advent calendars for gamers","游戏玩家圣诞倒数日历"
"eng_Latn","nail advent calendars","指甲护理圣诞倒数日历"
"eng_Latn","2025 christmas advent calendar","2025年圣诞倒数日历"
"eng_Latn","5 year old girl advent calendar","5岁女孩圣诞倒数日历"
"eng_Latn","advent calendar 2025 for girls 10-12 years old","2025年12岁女孩10圣诞倒数日历"
"eng_Latn","advent calendar 2025 horror","2025年恐怖圣诞倒数日历"
"eng_Latn","advent calendar 2025 national geographic","2025年国家地理圣诞倒数日历"
"eng_Latn","advent calendar 2025 science","2025年科学圣诞倒数日历"
"eng_Latn","advent calendar clue","线索圣诞倒数日历"
"eng_Latn","advent calendar girls age 7","7岁女孩圣诞倒数日历"
"eng_Latn","advent calendar ideas","创意圣诞倒数日历"
"eng_Latn","advent calendar jesus","耶稣圣诞倒数日历"
"eng_Latn","advent calendar nfl","NFL圣诞倒数日历"
"eng_Latn","advent jewelry calendar","珠宝首饰圣诞倒数日历"
"eng_Latn","best candy advent calendar 2025","2025年精选糖果圣诞倒数日历"
"eng_Latn","bonnie maman advent calendar 2025","2025年bonniemaman圣诞倒数日历"
"eng_Latn","build a car advent calendar","拼装汽车圣诞倒数日历"
"eng_Latn","cats advent calendar 2025","2025年猫咪圣诞倒数日历"
"eng_Latn","chemistry advent calendar","chemistry圣诞倒数日历"
"eng_Latn","college girl advent calendar 2025","2025年大学生女孩圣诞倒数日历"
"eng_Latn","gaming advent calendar for teen boys","游戏青少年男孩圣诞倒数日历"
"eng_Latn","german chocolate advent calendar","德国巧克力圣诞倒数日历"
"eng_Latn","grinch advent calendar 2025 kids","2025年圣诞怪杰儿童圣诞倒数日历"
"eng_Latn","gudetama advent calendar","gudetama圣诞倒数日历"
"eng_Latn","gummy bear advent calendar 2025","2025年软糖熊圣诞倒数日历"
"eng_Latn","hazbin hotel advent calendar","《地狱客栈》圣诞倒数日历"
"eng_Latn","jack skellington advent calendar","jackskellington圣诞倒数日历"
"eng_Latn","jurassic advent calendar","侏罗纪圣诞倒数日历"
"eng_Latn","jurassic world rebirth advent calendar 2025","2025年侏罗纪世界：重生圣诞倒数日历"
"eng_Latn","knee dough advent calendar","kneedough圣诞倒数日历"
"eng_Latn","lego advent calendar nativity","乐高马槽圣诞倒数日历"
"eng_Latn","lego minifigure advent calendar","乐高minifigure圣诞倒数日历"
"eng_Latn","lionel racing advent calendar","lionelracing圣诞倒数日历"
"eng_Latn","little boy advent calendar","小型男孩圣诞倒数日历"
"eng_Latn","mermaid advent calendar","美人鱼圣诞倒数日历"
"eng_Latn","milwaukee advent calendar 2025","2025年milwaukee圣诞倒数日历"
"eng_Latn","money advent calendar","money圣诞倒数日历"
"eng_Latn","my first advent calendar step 2","Step2我的第一款圣诞倒数日历"
"eng_Latn","pokemon advent calendar 2025 cards","2025年宝可梦卡片圣诞倒数日历"
"eng_Latn","religious advent calendar for adults","宗教成人圣诞倒数日历"
"eng_Latn","travel advent calendar","旅行圣诞倒数日历"
"eng_Latn","young girls advent calendar","年轻人女孩圣诞倒数日历"
"eng_Latn","advent calendars 3d printed","3D打印圣诞倒数日历"
"eng_Latn","advent calendars fidget","解压玩具圣诞倒数日历"
"eng_Latn","12 day advent calendar teen girl","12天青少年女孩圣诞倒数日历"
"eng_Latn","2025 advent calendar girls","2025年女孩圣诞倒数日历"
"eng_Latn","3d animal advent calendar","3D动物圣诞倒数日历"
"eng_Latn","5 year old boy advent calendar 2025","2025年5岁男孩圣诞倒数日历"
"eng_Latn","8 year old girl advent calendar","8岁女孩圣诞倒数日历"
"eng_Latn","advent calendar 2025 hunting","2025年狩猎圣诞倒数日历"
"eng_Latn","advent calendar 2025 kids chocolate","2025年儿童巧克力圣诞倒数日历"
"eng_Latn","advent calendar 7 year old girl","7岁女孩圣诞倒数日历"
"eng_Latn","advent calendar 9 year old girl","9岁女孩圣诞倒数日历"
"eng_Latn","advent calendar fillers for toddlers","填充物幼儿圣诞倒数日历"
"eng_Latn","advent calendar for boys chocolate","男孩巧克力圣诞倒数日历"
"eng_Latn","advent calendar for preteeens","preteeens圣诞倒数日历"
"eng_Latn","advent calendar hair","头发护理圣诞倒数日历"
"eng_Latn","advent calendar magic","魔法圣诞倒数日历"
"eng_Latn","advent calendar mini verse","Miniverse圣诞倒数日历"
"eng_Latn","advent calendar polaroid","宝丽来圣诞倒数日历"
"eng_Latn","advent calendar teenage boy","青少年男孩圣诞倒数日历"
"eng_Latn","advent calendar treats","零食圣诞倒数日历"
"eng_Latn","best advent calendar for tween girl","精选青少年女孩圣诞倒数日历"
"eng_Latn","charm advent calendar 2025","2025年吊饰圣诞倒数日历"
"eng_Latn","christmas advent calendar for girls","女孩圣诞倒数日历"
"eng_Latn","cigar advent calendar 2025","2025年cigar圣诞倒数日历"
"eng_Latn","dance advent calendar","dance圣诞倒数日历"
"eng_Latn","dungeon and dragons advent calendar","Dungeons & Dragons圣诞倒数日历"
"eng_Latn","felt christmas tree advent calendar","毛毡圣诞树圣诞倒数日历"
"eng_Latn","french bulldog advent calendar","法国斗牛犬圣诞倒数日历"
"eng_Latn","guy advent calendar 2025","2025年男士圣诞倒数日历"
"eng_Latn","hazbin hotel advent calendar 2025","2025年《地狱客栈》圣诞倒数日历"
"eng_Latn","heavy equipment advent calendar","heavyequipment圣诞倒数日历"
"eng_Latn","journal advent calendar 2025","2025年手账圣诞倒数日历"
"eng_Latn","kinetic sand advent calendar","动力沙圣诞倒数日历"
"eng_Latn","lego advent calendar 2025 city","2025年乐高城市圣诞倒数日历"
"eng_Latn","lego mini figure advent calendar 2025","2025年乐高迷你玩偶圣诞倒数日历"
"eng_Latn","light up advent calendar","lightup圣诞倒数日历"
"eng_Latn","matcha advent calendar 2025","2025年matcha圣诞倒数日历"
"eng_Latn","math advent calendar","数学圣诞倒数日历"
"eng_Latn","mini perfume advent calendar 2025 adult","2025年迷你香水成人圣诞倒数日历"
"eng_Latn","muscle car advent calendar 2025","2025年肌肉汽车圣诞倒数日历"
"eng_Latn","opossum advent calendar","负鼠圣诞倒数日历"
"eng_Latn","penguin advent calendar 2025","2025年penguin圣诞倒数日历"
"eng_Latn","picture advent calendar","图片圣诞倒数日历"
"eng_Latn","possum advent calendar","负鼠圣诞倒数日历"
"eng_Latn","protein bar advent calendar","proteinbar圣诞倒数日历"
"eng_Latn","real sea glass advent calendar","真实海洋玻璃圣诞倒数日历"
"eng_Latn","red bull advent calendar￼","红牛圣诞倒数日历"
"eng_Latn","saltwater fishing advent calendar","海水钓鱼圣诞倒数日历"
"eng_Latn","skateboard advent calendar","滑板圣诞倒数日历"
"eng_Latn","squish advent calendar","squish圣诞倒数日历"
"eng_Latn","stash tea advent calendar 2025","2025年stash茶叶圣诞倒数日历"
"eng_Latn","2025 beauty advent calendars","2025年美妆圣诞倒数日历"
"eng_Latn","advent calendars 2025 for women","2025年女士圣诞倒数日历"
"eng_Latn","advent calendars squishy","解压玩具圣诞倒数日历"
"eng_Latn","whiskey advent calendars 2025","2025年威士忌圣诞倒数日历"
"eng_Latn","25 days of beauty advent calendar","25天美妆圣诞倒数日历"
"eng_Latn","adult advent calendar 2025 chocolate","2025年成人巧克力圣诞倒数日历"
"eng_Latn","advent calendar 2025 emotional support","2025年情绪支持圣诞倒数日历"
"eng_Latn","advent calendar 2025 one piece","2025年《海贼王》圣诞倒数日历"
"eng_Latn","advent calendar 2025 polly pocket","2025年波莉口袋圣诞倒数日历"
"eng_Latn","advent calendar 2025 survival kit","2025年生存套装圣诞倒数日历"
"eng_Latn","advent calendar 2025 toddlers","2025年幼儿圣诞倒数日历"
"eng_Latn","advent calendar for dogs with treats","狗狗零食圣诞倒数日历"
"eng_Latn","advent calendar for teens 2025","2025年青少年圣诞倒数日历"
"eng_Latn","advent calendar gifts for women","礼物女士圣诞倒数日历"
"eng_Latn","advent calendar stuffers for teens","填充物青少年圣诞倒数日历"
"eng_Latn","anthropologie advent calendar 2025","2025年anthropologie圣诞倒数日历"
"eng_Latn","belgian chocolate advent calendar","belgian巧克力圣诞倒数日历"
"eng_Latn","brawl stars advent calendar","Brawl Stars圣诞倒数日历"
"eng_Latn","deer hunting advent calendar 2025","2025年猎鹿圣诞倒数日历"
"eng_Latn","dinosaur advent calendar 2025 kids","2025年恐龙儿童圣诞倒数日历"
"eng_Latn","diy advent calendar 12 days","12天DIY圣诞倒数日历"
"eng_Latn","elf sleigh the holidays advent calendar","e.l.f.sleighholidays圣诞倒数日历"
"eng_Latn","figurine advent calendar","人偶圣诞倒数日历"
"eng_Latn","glass advent calendar","玻璃圣诞倒数日历"
"eng_Latn","gourmet chocolate advent calendar","美食巧克力圣诞倒数日历"
"eng_Latn","gum advent calendar","口香糖圣诞倒数日历"
"eng_Latn","jolly rancher advent calendar","jollyrancher圣诞倒数日历"
"eng_Latn","kids toy advent calendar","儿童玩具圣诞倒数日历"
"eng_Latn","messi advent calendar 2025","2025年messi圣诞倒数日历"
"eng_Latn","pin advent calendar","徽章圣诞倒数日历"
"eng_Latn","rudolph advent calendar","rudolph圣诞倒数日历"
"eng_Latn","toy car advent calendar","玩具汽车圣诞倒数日历"
"eng_Latn","trader joe's advent calendar","traderjoes圣诞倒数日历"
"eng_Latn","advent calendars barbie","芭比圣诞倒数日历"
"eng_Latn","advent calendars for tweens","青少年圣诞倒数日历"
"eng_Latn","baseball advent calendars","棒球圣诞倒数日历"
"eng_Latn","24 days of fishing advent calendar","24天钓鱼圣诞倒数日历"
"eng_Latn","adult lego advent calendar 2025","2025年成人乐高圣诞倒数日历"
"eng_Latn","advent calendar baby girl","婴幼儿女孩圣诞倒数日历"
"eng_Latn","advent calendar felt","毛毡圣诞倒数日历"
"eng_Latn","advent calendar for adults alcohol","成人酒类圣诞倒数日历"
"eng_Latn","advent calendar kids lego","儿童乐高圣诞倒数日历"
"eng_Latn","advent calendar mini perfume","迷你香水圣诞倒数日历"
"eng_Latn","advent calendar puzzle for kids","拼图儿童圣诞倒数日历"
"eng_Latn","advent calendar simpsons","《辛普森一家》圣诞倒数日历"
"eng_Latn","advent calendar skincare 2025","2025年护肤圣诞倒数日历"
"eng_Latn","advent photo calendar","照片圣诞倒数日历"
"eng_Latn","chocolate advent calendar for adults","巧克力成人圣诞倒数日历"
"eng_Latn","cool boys advent calendar","酷男孩圣诞倒数日历"
"eng_Latn","dark chocolate advent calendar 2025 for adults","2025年黑巧克力成人圣诞倒数日历"
"eng_Latn","five nights at freddy's advent calendar 2025","2025年《玩具熊的五夜后宫》圣诞倒数日历"
"eng_Latn","golfer advent calendar 2025","2025年高尔夫球手圣诞倒数日历"
"eng_Latn","gothic advent calendar","哥特圣诞倒数日历"
"eng_Latn","hair accessories advent calendar","头发护理配件圣诞倒数日历"
"eng_Latn","kitchen advent calendar 2025","2025年厨房圣诞倒数日历"
"eng_Latn","knitting advent calendar","编织圣诞倒数日历"
"eng_Latn","milk chocolate advent calendar","牛奶巧克力圣诞倒数日历"
"eng_Latn","mind craft advent calendar 2025","2025年mind手工圣诞倒数日历"
"eng_Latn","minecraft advent calendar 2025 kids","2025年《我的世界》儿童圣诞倒数日历"
"eng_Latn","nail advent calendar for teen girls","指甲护理青少年女孩圣诞倒数日历"
"eng_Latn","nutella advent calendar","能多益圣诞倒数日历"
"eng_Latn","pet advent calendar 2025 dog","2025年宠物狗狗圣诞倒数日历"
"eng_Latn","poppy playtime advent calendar 2025","2025年poppyplaytime圣诞倒数日历"
"eng_Latn","saker plus advent calendar","sakerplus圣诞倒数日历"
"eng_Latn","sees advent calendar 2025","2025年See's圣诞倒数日历"
"eng_Latn","smurf advent calendar 2025","2025年smurf圣诞倒数日历"
"eng_Latn","survival gear advent calendar","生存装备圣诞倒数日历"
"eng_Latn","tank advent calendar","坦克圣诞倒数日历"
"eng_Latn","toddler girls advent calendar 2025","2025年幼儿女孩圣诞倒数日历"
"eng_Latn","tony's chocolate advent calendar","tonys巧克力圣诞倒数日历"
"eng_Latn","advent calendars for children","儿童圣诞倒数日历"
"eng_Latn","advent calendars for toddler girls","幼儿女孩圣诞倒数日历"
"eng_Latn","advent calendars girls teen","女孩青少年圣诞倒数日历"
"eng_Latn","candy advent calendars for kids","糖果儿童圣诞倒数日历"
"eng_Latn","christmas advent calendars lego","乐高圣诞倒数日历"
"eng_Latn","highest rated advent calendars","highestrated圣诞倒数日历"
"eng_Latn","avent calendar 2025 christmas kids","2025年儿童圣诞倒数日历"
"eng_Latn","avent calendar makeup","彩妆圣诞倒数日历"
"eng_Latn","perfume avent calendar","香水圣诞倒数日历"
"eng_Latn","24 days advent calendar","24天圣诞倒数日历"
"eng_Latn","24 empty advent calendar","24空白圣诞倒数日历"
"eng_Latn","advent calendar 2025 12 days","2025年12天圣诞倒数日历"
"eng_Latn","advent calendar 2025 fidgets","2025年解压玩具圣诞倒数日历"
"eng_Latn","advent calendar 2025 gamer","2025年游戏玩家圣诞倒数日历"
"eng_Latn","advent calendar 2025 mystery","2025年神秘圣诞倒数日历"
"eng_Latn","advent calendar 2025 nail polish","2025年指甲护理指甲油圣诞倒数日历"
"eng_Latn","advent calendar for 13 year old girl","13岁女孩圣诞倒数日历"
"eng_Latn","advent calendar for crafters","crafters圣诞倒数日历"
"eng_Latn","advent calendar for kids boys","儿童男孩圣诞倒数日历"
"eng_Latn","advent calendar glow recipe","Glow Recipe圣诞倒数日历"
"eng_Latn","advent calendar guitar picks","吉他拨片圣诞倒数日历"
"eng_Latn","advent calendar highland cow","苏格兰高地牛圣诞倒数日历"
"eng_Latn","advent calendar lego friends","乐高《老友记》圣诞倒数日历"
"eng_Latn","advent calendar nuts","坚果圣诞倒数日历"
"eng_Latn","among us advent calendar","amongus圣诞倒数日历"
"eng_Latn","anime advent calendar 2025 adult","2025年动漫成人圣诞倒数日历"
"eng_Latn","baseball advent calendar for boys","棒球男孩圣诞倒数日历"
"eng_Latn","best advent calendar for teen boy","精选青少年男孩圣诞倒数日历"
"eng_Latn","blank advent calendar to fill yourself","可自行填充圣诞倒数日历"
"eng_Latn","british advent calendar","british圣诞倒数日历"
"eng_Latn","christmas advent calendar lego","乐高圣诞倒数日历"
"eng_Latn","crochet society advent calendar","钩针编织society圣诞倒数日历"
"eng_Latn","diy advent calendar bags","DIYbags圣诞倒数日历"
"eng_Latn","empty advent calendar boxes bulk","空白盒子批量圣诞倒数日历"
"eng_Latn","estee lauder advent calendar","esteelauder圣诞倒数日历"
"eng_Latn","experiment a day science advent calendar","experimentday科学圣诞倒数日历"
"eng_Latn","fishing tackle advent calendar 2025","2025年钓鱼渔具圣诞倒数日历"
"eng_Latn","haircare advent calendar","haircare圣诞倒数日历"
"eng_Latn","hyland cow advent calendar 2025","2025年hyland奶牛圣诞倒数日历"
"eng_Latn","jewelry advent calendar for teen girls","珠宝首饰青少年女孩圣诞倒数日历"
"eng_Latn","jewlery advent calendar 2025","2025年珠宝首饰圣诞倒数日历"
"eng_Latn","kids advent calendar 2025 chocolate","2025年儿童巧克力圣诞倒数日历"
"eng_Latn","large wooden advent calendar","大号木质圣诞倒数日历"
"eng_Latn","lol surprise advent calendar","LOL Surprise圣诞倒数日历"
"eng_Latn","luxury perfume advent calendar 2025","2025年奢华香水圣诞倒数日历"
"eng_Latn","mini book ornament advent calendar","迷你书籍装饰品圣诞倒数日历"
"eng_Latn","moana advent calendar","《海洋奇缘》圣诞倒数日历"
"eng_Latn","mystery advent calendar for adults","神秘成人圣诞倒数日历"
"eng_Latn","national geographic gemstone advent calendar","国家地理宝石圣诞倒数日历"
"eng_Latn","play dough advent calendar 2025","2025年培乐多圣诞倒数日历"
"eng_Latn","playmobil junior advent calendar","Playmobiljunior圣诞倒数日历"
"eng_Latn","reese advent calendar 2025","2025年reese圣诞倒数日历"
"eng_Latn","resin animal advent calendar","树脂动物圣诞倒数日历"
"eng_Latn","scripture advent calendar","scripture圣诞倒数日历"
"eng_Latn","silly goose advent calendar","搞怪鹅圣诞倒数日历"
"eng_Latn","spiderman advent calendar for boys","蜘蛛侠男孩圣诞倒数日历"
"eng_Latn","squish advent calendar 2025","2025年squish圣诞倒数日历"
"eng_Latn","sticker dolly dressing advent calendar","stickerdollydressing圣诞倒数日历"
"eng_Latn","the body shop advent calendar 2025","2025年身体shop圣诞倒数日历"
"eng_Latn","toddler advent calendar fillers","幼儿圣诞倒数日历填充物"
"eng_Latn","tree hut advent calendar 2025","2025年Tree Hut圣诞倒数日历"
"eng_Latn","trolls advent calendar","trolls圣诞倒数日历"
"eng_Latn","crochet advent calendars","钩针编织圣诞倒数日历"
"eng_Latn","empty fillable advent calendars","空白可填充圣诞倒数日历"
"eng_Latn","acts of kindness advent calendar","actskindness圣诞倒数日历"
"eng_Latn","advent calendar 2025 kids lego","2025年儿童乐高圣诞倒数日历"
"eng_Latn","advent calendar for dads","dads圣诞倒数日历"
"eng_Latn","advent calendar for elderly","老年人圣诞倒数日历"
"eng_Latn","advent calendar mini books","迷你书籍圣诞倒数日历"
"eng_Latn","advent calendar star wars 2025","2025年《星球大战》圣诞倒数日历"
"eng_Latn","advent+calendar+beauty","美妆圣诞倒数日历"
"eng_Latn","bath bomb advent calendar 2025 girls","2025年沐浴球女孩圣诞倒数日历"
"eng_Latn","books are magic advent calendar","书籍are魔法圣诞倒数日历"
"eng_Latn","bunny advent calendar","bunny圣诞倒数日历"
"eng_Latn","d&d dice advent calendar 2025","2025年D&D骰子圣诞倒数日历"
"eng_Latn","diagon alley advent calendar","对角巷圣诞倒数日历"
"eng_Latn","empty christmas advent calendar","空白圣诞倒数日历"
"eng_Latn","fishing advent calendar 2025 adult","2025年钓鱼成人圣诞倒数日历"
"eng_Latn","kurt adler advent calendar","kurtadler圣诞倒数日历"
"eng_Latn","labubu clothes advent calendar","Labubuclothes圣诞倒数日历"
"eng_Latn","lingerie advent calendar women","内衣女士圣诞倒数日历"
"eng_Latn","lipgloss advent calendar 2025","2025年唇彩圣诞倒数日历"
"eng_Latn","miniature advent calendar","微缩模型圣诞倒数日历"
"eng_Latn","moana advent calendar 2025","2025年《海洋奇缘》圣诞倒数日历"
"eng_Latn","nativity scene advent calendar 2025","2025年马槽场景圣诞倒数日历"
"eng_Latn","nido advent calendar￼","nido圣诞倒数日历"
"eng_Latn","ornament advent calendar 2025 kids","2025年装饰品儿童圣诞倒数日历"
"eng_Latn","police advent calendar 2025","2025年警察圣诞倒数日历"
"eng_Latn","preteen girl advent calendar","大龄儿童女孩圣诞倒数日历"
"eng_Latn","snowman advent calendar 2025","2025年snowman圣诞倒数日历"
"eng_Latn","sonny angel advent calendar","Sonny Angel圣诞倒数日历"
"eng_Latn","stationary advent calendar 2025","2025年文具圣诞倒数日历"
"eng_Latn","step 2 advent calendar house","step2house圣诞倒数日历"
"eng_Latn","top rated advent calendar 2025","2025年toprated圣诞倒数日历"
"eng_Latn","watercolor advent calendar 2025","2025年watercolor圣诞倒数日历"
"eng_Latn","wooden christmas advent calendar","木质圣诞倒数日历"
"eng_Latn","yesstyle advent calendar 2025","2025年yesstyle圣诞倒数日历"
"eng_Latn","advent calendars alcohol","酒类圣诞倒数日历"
"eng_Latn","advent calendars skin care","护肤圣诞倒数日历"
"eng_Latn","advent calendars to fill","可填充圣诞倒数日历"
"eng_Latn","advent calendars with candy","糖果圣诞倒数日历"
"eng_Latn","nail avent calendar","指甲护理圣诞倒数日历"
"eng_Latn","needoh avent calendar","NeeDoh圣诞倒数日历"
"eng_Latn","advent calendar 2025 catholic","2025年天主教圣诞倒数日历"
"eng_Latn","advent calendar 2025 hockey","2025年冰球圣诞倒数日历"
"eng_Latn","advent calendar 2025 mom","2025年妈妈圣诞倒数日历"
"eng_Latn","advent calendar bonne maman","Bonne Maman圣诞倒数日历"
"eng_Latn","advent calendar cheese","奶酪圣诞倒数日历"
"eng_Latn","advent calendar dark chocolate 2025","2025年黑巧克力圣诞倒数日历"
"eng_Latn","advent calendar for adult","成人圣诞倒数日历"
"eng_Latn","advent calendar jigsaw puzzle 2025","2025年拼图圣诞倒数日历"
"eng_Latn","advent calendar kids 2025","2025年儿童圣诞倒数日历"
"eng_Latn","advent calendar kids boys","儿童男孩圣诞倒数日历"
"eng_Latn","advent calendar lotion","身体乳圣诞倒数日历"
"eng_Latn","advent calendar netflix","奈飞圣诞倒数日历"
"eng_Latn","advent calendar trinkets","小饰品圣诞倒数日历"
"eng_Latn","advent coffee calendar 2025","2025年咖啡圣诞倒数日历"
"eng_Latn","advent whiskey calendar","威士忌圣诞倒数日历"
"eng_Latn","bible verse advent calendar","圣经经文圣诞倒数日历"
"eng_Latn","clay advent calendar 2025","2025年clay圣诞倒数日历"
"eng_Latn","cocoa advent calendar","可可圣诞倒数日历"
"eng_Latn","cooking advent calendar 2025 adult","2025年烹饪成人圣诞倒数日历"
"eng_Latn","dodger advent calendar 2025","2025年dodger圣诞倒数日历"
"eng_Latn","fuzzy socks advent calendar 2025","2025年毛绒袜子圣诞倒数日历"
"eng_Latn","gabby doll house advent calendar 2025","2025年Gabby玩偶房屋圣诞倒数日历"
"eng_Latn","gel nail advent calendar","凝胶指甲护理圣诞倒数日历"
"eng_Latn","german chocolate advent calendar 2025","2025年德国巧克力圣诞倒数日历"
"eng_Latn","girls jewelry advent calendar 2025","2025年女孩珠宝首饰圣诞倒数日历"
"eng_Latn","guy advent calendar","男士圣诞倒数日历"
"eng_Latn","high end advent calendar","高端圣诞倒数日历"
"eng_Latn","horror movie advent calendar","恐怖电影圣诞倒数日历"
"eng_Latn","huntrix advent calendar","Huntrix圣诞倒数日历"
"eng_Latn","kendra scott advent calendar 2024","2024年Kendra Scott圣诞倒数日历"
"eng_Latn","lego advent calendar 2025 friends","2025年乐高《老友记》圣诞倒数日历"
"eng_Latn","lego advent calendar harry potter","乐高《哈利·波特》圣诞倒数日历"
"eng_Latn","mechanic advent calendar","机械师圣诞倒数日历"
"eng_Latn","mini plush advent calendar 2025","2025年迷你毛绒玩具圣诞倒数日历"
"eng_Latn","pen advent calendar 2025","2025年pen圣诞倒数日历"
"eng_Latn","premium makeup advent calendar","高端彩妆圣诞倒数日历"
"eng_Latn","purple advent calendar","紫色圣诞倒数日历"
"eng_Latn","ramen advent calendar 2025","2025年拉面圣诞倒数日历"
"eng_Latn","snap ebt eligible advent calendar","SNAP支持EBT支付圣诞倒数日历"
"eng_Latn","sock advent calendar men","袜子男士圣诞倒数日历"
"eng_Latn","workout advent calendar 2025","2025年workout圣诞倒数日历"
"eng_Latn","xmas advent calendar 2025","2025年圣诞倒数日历"
"eng_Latn","advent calendars boy","男孩圣诞倒数日历"
"eng_Latn","advent calendars for cats","猫咪圣诞倒数日历"
"eng_Latn","advent calendars for young men","年轻人男士圣诞倒数日历"
"eng_Latn","2025 squishmallow advent calendar","2025年Squishmallows圣诞倒数日历"
"eng_Latn","advent calendar 2025 nfl","2025年NFL圣诞倒数日历"
"eng_Latn","advent calendar 2025 self care","2025年自我护理圣诞倒数日历"
"eng_Latn","advent calendar coffee pods","咖啡胶囊圣诞倒数日历"
"eng_Latn","advent calendar for 4 year old","4岁圣诞倒数日历"
"eng_Latn","advent calendar for bonne maman","Bonne Maman圣诞倒数日历"
"eng_Latn","advent calendar k pop demon hunters","《KPop恶魔猎人》圣诞倒数日历"
"eng_Latn","advent calendar preschool","学龄前儿童圣诞倒数日历"
"eng_Latn","advent jewelry calendar 2025","2025年珠宝首饰圣诞倒数日历"
"eng_Latn","bbq advent calendar 2025","2025年烧烤圣诞倒数日历"
"eng_Latn","best fishing advent calendar 2025","2025年精选钓鱼圣诞倒数日历"
"eng_Latn","book themed advent calendar","书籍主题款圣诞倒数日历"
"eng_Latn","boys sports advent calendar 2025","2025年男孩运动圣诞倒数日历"
"eng_Latn","chocolate advent calendar￼","巧克力圣诞倒数日历"
"eng_Latn","christmas fishing advent calendar","垂钓圣诞倒数日历"
"eng_Latn","cool advent calendar 2025","2025年酷圣诞倒数日历"
"eng_Latn","divine chocolate advent calendar","divine巧克力圣诞倒数日历"
"eng_Latn","gel nail polish advent calendar 2025","2025年凝胶指甲护理指甲油圣诞倒数日历"
"eng_Latn","jelly cat advent calendar 2025","2025年果冻猫咪圣诞倒数日历"
"eng_Latn","loose leaf tea advent calendar","looseleaf茶叶圣诞倒数日历"
"eng_Latn","lush advent calendar 2025","2025年lush圣诞倒数日历"
"eng_Latn","mco beauty advent calendar 2025","2025年mco美妆圣诞倒数日历"
"eng_Latn","model car advent calendar","model汽车圣诞倒数日历"
"eng_Latn","perfume advent calendar for women","香水女士圣诞倒数日历"
"eng_Latn","potion advent calendar","potion圣诞倒数日历"
"eng_Latn","raccoon advent calendar","raccoon圣诞倒数日历"
"eng_Latn","sees candy advent calendar","See's Candy圣诞倒数日历"
"eng_Latn","soccer card advent calendar","足球卡片圣诞倒数日历"
"eng_Latn","steelers advent calendar 2025","2025年steelers圣诞倒数日历"
"eng_Latn","tank advent calendar 2025","2025年坦克圣诞倒数日历"
"eng_Latn","thomas advent calendar 2025","2025年Thomas圣诞倒数日历"
"eng_Latn","twilight advent calendar","twilight圣诞倒数日历"
"eng_Latn","twilight advent calendar 2025","2025年twilight圣诞倒数日历"
"eng_Latn","ucanbe makeup advent calendar 2025","2025年ucanbe彩妆圣诞倒数日历"
"eng_Latn","advent calendars football","足球圣诞倒数日历"
"eng_Latn","bourbon advent calendars","烈酒圣诞倒数日历"
"eng_Latn","pokemon advent calendars 2025","2025年宝可梦圣诞倒数日历"
"eng_Latn","retirement countdown calendar","退休倒计时日历"
"eng_Latn","advent calendar 2025 bath and body","2025年沐浴与身体护理圣诞倒数日历"
"eng_Latn","advent calendar 2025 boys 5","2025年男孩5圣诞倒数日历"
"eng_Latn","advent calendar 2025 taba squishy","2025年Taba解压玩具圣诞倒数日历"
"eng_Latn","advent calendar baby boy","婴幼儿男孩圣诞倒数日历"
"eng_Latn","advent calendar book romance","书籍浪漫圣诞倒数日历"
"eng_Latn","advent calendar for little boys","小型男孩圣诞倒数日历"
"eng_Latn","advent calendar pink","粉色圣诞倒数日历"
"eng_Latn","advent calendar with books","书籍圣诞倒数日历"
"eng_Latn","bath & body works advent calendar","沐浴身体作品圣诞倒数日历"
"eng_Latn","beef stick advent calendar","beefstick圣诞倒数日历"
"eng_Latn","bonne maman jam advent calendar 2025","2025年Bonne MamanJam圣诞倒数日历"
"eng_Latn","classroom advent calendar","课堂圣诞倒数日历"
"eng_Latn","creative advent calendar","creative圣诞倒数日历"
"eng_Latn","dove chocolate advent calendar","Dove巧克力圣诞倒数日历"
"eng_Latn","gabby's dollhouse advent calendar 2025","2025年《盖比的娃娃屋》圣诞倒数日历"
"eng_Latn","gilmore girl advent calendar 2025","2025年gilmore女孩圣诞倒数日历"
"eng_Latn","girls jewelry advent calendar","女孩珠宝首饰圣诞倒数日历"
"eng_Latn","golfers advent calendar 2025","2025年高尔夫球手圣诞倒数日历"
"eng_Latn","grabie advent calendar","grabie圣诞倒数日历"
"eng_Latn","guitar lovers advent calendar","吉他爱好者圣诞倒数日历"
"eng_Latn","gun advent calendar 2025","2025年gun圣诞倒数日历"
"eng_Latn","jigsaw advent calendar","拼图圣诞倒数日历"
"eng_Latn","loose leaf tea advent calendar 2025","2025年looseleaf茶叶圣诞倒数日历"
"eng_Latn","mochi advent calendar","麻薯圣诞倒数日历"
"eng_Latn","moriah elizabeth advent calendar 2025","2025年moriahelizabeth圣诞倒数日历"
"eng_Latn","numi tea advent calendar 2025","2025年numi茶叶圣诞倒数日历"
"eng_Latn","plouise advent calendar","plouise圣诞倒数日历"
"eng_Latn","pokemon 2025 advent calendar","2025年宝可梦圣诞倒数日历"
"eng_Latn","popcorn advent calendar 2025 for adults","2025年爆米花成人圣诞倒数日历"
"eng_Latn","putty advent calendar 2025","2025年彩泥圣诞倒数日历"
"eng_Latn","rare beauty advent calendar","rare美妆圣诞倒数日历"
"eng_Latn","strawberry shortcake advent calendar","strawberryshortcake圣诞倒数日历"
"eng_Latn","the grinch advent calendar","圣诞怪杰圣诞倒数日历"
"eng_Latn","whiskey advent calendar￼","威士忌圣诞倒数日历"
"eng_Latn","ysl advent calendar 2025","2025年ysl圣诞倒数日历"
"eng_Latn","advent calendars christmas chocolate","巧克力圣诞倒数日历"
"eng_Latn","advent calendars for kids candy","儿童糖果圣诞倒数日历"
"eng_Latn","candy advent calendars 2025","2025年糖果圣诞倒数日历"
"eng_Latn","cool kids advent calendars","酷儿童圣诞倒数日历"
"eng_Latn","6 year old girl advent calendar","6岁女孩圣诞倒数日历"
"eng_Latn","advent calendar 2025 brain teaser","2025年脑力益智圣诞倒数日历"
"eng_Latn","advent calendar 2025 funny","2025年趣味圣诞倒数日历"
"eng_Latn","advent calendar beauty products","美妆产品圣诞倒数日历"
"eng_Latn","advent calendar dinosaurs","dinosaurs圣诞倒数日历"
"eng_Latn","advent calendar for men funny","男士趣味圣诞倒数日历"
"eng_Latn","advent calendar lets battle","letsbattle圣诞倒数日历"
"eng_Latn","advent calendar number stickers","数字贴纸圣诞倒数日历"
"eng_Latn","advent calendar paw patrol 2025","2025年《汪汪队立大功》圣诞倒数日历"
"eng_Latn","advent calendar space","太空圣诞倒数日历"
"eng_Latn","advent sock calendar 2025","2025年袜子圣诞倒数日历"
"eng_Latn","animal crossing advent calendar","《动物森友会》圣诞倒数日历"
"eng_Latn","bark advent calendar","bark圣诞倒数日历"
"eng_Latn","best advent calendar 2025 for women","2025年精选女士圣诞倒数日历"
"eng_Latn","best advent calendar for 2 year old","2岁精选圣诞倒数日历"
"eng_Latn","cat lover advent calendar 2025","2025年猫咪爱好者圣诞倒数日历"
"eng_Latn","christmas advent calendar puzzles","拼图圣诞倒数日历"
"eng_Latn","dallas cowboys advent calendar 2025","2025年dallascowboys圣诞倒数日历"
"eng_Latn","emotional support pals advent calendar","情绪陪伴伙伴圣诞倒数日历"
"eng_Latn","empty wooden advent calendar","空白木质圣诞倒数日历"
"eng_Latn","exit game advent calendar 2025","2025年EXITgame圣诞倒数日历"
"eng_Latn","firefighter advent calendar 2025","2025年firefighter圣诞倒数日历"
"eng_Latn","incense advent calendar","香薰圣诞倒数日历"
"eng_Latn","krampus advent calendar","krampus圣诞倒数日历"
"eng_Latn","lego advent calendar 2026","2026年乐高圣诞倒数日历"
"eng_Latn","lego advent calendar for girls","乐高女孩圣诞倒数日历"
"eng_Latn","mens sock advent calendar","男士袜子圣诞倒数日历"
"eng_Latn","possum advent calendar 2025","2025年负鼠圣诞倒数日历"
"eng_Latn","revolve beauty advent calendar","revolve美妆圣诞倒数日历"
"eng_Latn","schleich horse advent calendar","Schleichhorse圣诞倒数日历"
"eng_Latn","south park advent calendar 2025","2025年《南方公园》圣诞倒数日历"
"eng_Latn","sport advent calendar","运动圣诞倒数日历"
"eng_Latn","tmnt advent calendar 2025","2025年tmnt圣诞倒数日历"
"eng_Latn","toddler advent calendar boys","幼儿男孩圣诞倒数日历"
"eng_Latn","truffle advent calendar","松露圣诞倒数日历"
"eng_Latn","tween boy advent calendar","青少年男孩圣诞倒数日历"
"eng_Latn","universal yum advent calendar","universalyum圣诞倒数日历"
"eng_Latn","advent calendars girl","女孩圣诞倒数日历"
"eng_Latn","dnd advent calendars","D&D圣诞倒数日历"
"eng_Latn","fillable advent calendars","可填充圣诞倒数日历"
"eng_Latn","wicked avent calendar","Wicked圣诞倒数日历"
"eng_Latn","12 empty advent calendar boxes","12空白盒子圣诞倒数日历"
"eng_Latn","2025 advent calendar chocolate","2025年巧克力圣诞倒数日历"
"eng_Latn","activity advent calendar 2025 kids","2025年活动儿童圣诞倒数日历"
"eng_Latn","advent calendar 2025 gabby dollhouse","2025年《盖比的娃娃屋》圣诞倒数日历"
"eng_Latn","advent calendar 6 year old boy","6岁男孩圣诞倒数日历"
"eng_Latn","advent calendar blocks","积木圣诞倒数日历"
"eng_Latn","advent calendar chocolate lindt","巧克力瑞士莲圣诞倒数日历"
"eng_Latn","advent calendar cloth","布艺圣诞倒数日历"
"eng_Latn","advent calendar for 16 year old boy","16岁男孩圣诞倒数日历"
"eng_Latn","advent calendar for boys pokemon","男孩宝可梦圣诞倒数日历"
"eng_Latn","advent calendar for car lovers","汽车爱好者圣诞倒数日历"
"eng_Latn","advent calendar for cat","猫咪圣诞倒数日历"
"eng_Latn","advent calendar for teachers","教师圣诞倒数日历"
"eng_Latn","advent calendar for teen girls sephora","青少年女孩丝芙兰圣诞倒数日历"
"eng_Latn","advent calendar gaming","游戏圣诞倒数日历"
"eng_Latn","advent calendar gnomes","侏儒圣诞倒数日历"
"eng_Latn","advent calendar legos 2025","2025年乐高圣诞倒数日历"
"eng_Latn","advent calendar romance book","浪漫书籍圣诞倒数日历"
"eng_Latn","advent calendar skin care 2025","2025年护肤圣诞倒数日历"
"eng_Latn","advent fishing lure calendar 2025","2025年钓鱼诱饵圣诞倒数日历"
"eng_Latn","advent wine calendar for adults","葡萄酒成人圣诞倒数日历"
"eng_Latn","beetles nail advent calendar","Beetles指甲护理圣诞倒数日历"
"eng_Latn","book advent calendar kids","书籍儿童圣诞倒数日历"
"eng_Latn","disney little people advent calendar","迪士尼Little People圣诞倒数日历"
"eng_Latn","doorable advent calendar","doorable圣诞倒数日历"
"eng_Latn","drink advent calendar 2025","2025年饮品圣诞倒数日历"
"eng_Latn","face care advent calendar","face护理圣诞倒数日历"
"eng_Latn","garden advent calendar","garden圣诞倒数日历"
"eng_Latn","hershey chocolate advent calendar 2025","2025年hershey巧克力圣诞倒数日历"
"eng_Latn","hiking advent calendar 2025","2025年hiking圣诞倒数日历"
"eng_Latn","lego advent calendar 2025 kids","2025年乐高儿童圣诞倒数日历"
"eng_Latn","lindt christmas advent calendar 2025","2025年瑞士莲圣诞倒数日历"
"eng_Latn","monster advent calendar","怪兽圣诞倒数日历"
"eng_Latn","mushroom advent calendar 2025","2025年mushroom圣诞倒数日历"
"eng_Latn","play dough advent calendar","培乐多圣诞倒数日历"
"eng_Latn","polar express advent calendar","polarexpress圣诞倒数日历"
"eng_Latn","rick and morty advent calendar 2025","2025年rickmorty圣诞倒数日历"
"eng_Latn","rum advent calendar","rum圣诞倒数日历"
"eng_Latn","stick bot advent calendar","stickbot圣诞倒数日历"
"eng_Latn","the simpsons advent calendar","《辛普森一家》圣诞倒数日历"
"eng_Latn","tokidoki advent calendar","tokidoki圣诞倒数日历"
"eng_Latn","tool advent calendar for men","工具男士圣诞倒数日历"
"eng_Latn","tools advent calendar 2025","2025年工具圣诞倒数日历"
"eng_Latn","traditional advent calendar","传统圣诞倒数日历"
"eng_Latn","truffle advent calendar 2025","2025年松露圣诞倒数日历"
"eng_Latn","advent calendars book","书籍圣诞倒数日历"
"eng_Latn","advent calendars hot chocolate","热巧克力圣诞倒数日历"
"eng_Latn","advent calendars wooden","木质圣诞倒数日历"
"eng_Latn","best advent calendars for adults","精选成人圣诞倒数日历"
"eng_Latn","car advent calendars","汽车圣诞倒数日历"
"eng_Latn","christmas advent calendars candy","糖果圣诞倒数日历"
"eng_Latn","wooden advent calendars to fill","木质可填充圣诞倒数日历"
"eng_Latn","minecraft avent calendar","《我的世界》圣诞倒数日历"
"eng_Latn","2025 beauty advent calendar","2025年美妆圣诞倒数日历"
"eng_Latn","4 year old boy advent calendar","4岁男孩圣诞倒数日历"
"eng_Latn","911 porsche advent calendar","911Porsche圣诞倒数日历"
"eng_Latn","advent calendar 2025 animals","2025年动物圣诞倒数日历"
"eng_Latn","advent calendar 2025 crafts","2025年手工圣诞倒数日历"
"eng_Latn","advent calendar 2025 demon slayer","2025年《鬼灭之刃》圣诞倒数日历"
"eng_Latn","advent calendar 2025 fnaf","2025年FNAF圣诞倒数日历"
"eng_Latn","advent calendar 2025 teen girls skincare","2025年青少年女孩护肤圣诞倒数日历"
"eng_Latn","advent calendar baseball cards","棒球卡片圣诞倒数日历"
"eng_Latn","advent calendar christmas vacation","圣诞假期圣诞倒数日历"
"eng_Latn","advent calendar for cat lovers","猫咪爱好者圣诞倒数日历"
"eng_Latn","advent calendar for teen girls jewelry","青少年女孩珠宝首饰圣诞倒数日历"
"eng_Latn","advent calendar for video gamers","videogamers圣诞倒数日历"
"eng_Latn","advent calendar women beauty","女士美妆圣诞倒数日历"
"eng_Latn","aviation advent calendar 2025","2025年aviation圣诞倒数日历"
"eng_Latn","best makeup advent calendar 2025","2025年精选彩妆圣诞倒数日历"
"eng_Latn","best toddler advent calendar","精选幼儿圣诞倒数日历"
"eng_Latn","bibliophile advent calendar 2025","2025年爱书者圣诞倒数日历"
"eng_Latn","big advent calendar","big圣诞倒数日历"
"eng_Latn","dino advent calendar 2025 kids","2025年dino儿童圣诞倒数日历"
"eng_Latn","fidget toys advent calendar","解压玩具玩具圣诞倒数日历"
"eng_Latn","gamers advent calendar 2025","2025年游戏玩家圣诞倒数日历"
"eng_Latn","halo advent calendar","halo圣诞倒数日历"
"eng_Latn","hiking advent calendar","hiking圣诞倒数日历"
"eng_Latn","k pop demon hunter advent calendar 2025","2025年《K-pop恶魔猎人》圣诞倒数日历"
"eng_Latn","keychain advent calendar 2025","2025年钥匙扣圣诞倒数日历"
"eng_Latn","large empty advent calendar","大号空白圣诞倒数日历"
"eng_Latn","lego advent calendar 2025 boys","2025年乐高男孩圣诞倒数日历"
"eng_Latn","lightning mcqueen advent calendar 2025","2025年lightningmcqueen圣诞倒数日历"
"eng_Latn","marshmallow advent calendar","棉花糖圣诞倒数日历"
"eng_Latn","mtg advent calendar 2025","2025年mtg圣诞倒数日历"
"eng_Latn","nail art advent calendar","指甲护理艺术圣诞倒数日历"
"eng_Latn","necklace advent calendar","项链圣诞倒数日历"
"eng_Latn","non candy advent calendar 2025","2025年无糖果圣诞倒数日历"
"eng_Latn","pixar advent calendar 2025","2025年Pixar圣诞倒数日历"
"eng_Latn","rubber ducks advent calendar","橡胶鸭子圣诞倒数日历"
"eng_Latn","small advent calendar","小号圣诞倒数日历"
"eng_Latn","snack advent calendar for adults","零食成人圣诞倒数日历"
"eng_Latn","stash advent calendar","stash圣诞倒数日历"
"eng_Latn","tiny advent calendar stuffers","小型圣诞倒数日历填充物"
"eng_Latn","w7 beauty blast advent calendar 2025","2025年W7 Beauty Blast圣诞倒数日历"
"eng_Latn","womens advent calendar 2025 beauty","2025年女士美妆圣诞倒数日历"
"eng_Latn","advent calendars 2025 kids","2025年儿童圣诞倒数日历"
"eng_Latn","advent calendars art","艺术圣诞倒数日历"
"eng_Latn","advent calendars boys 8-12","男孩812圣诞倒数日历"
"eng_Latn","advent calendars craft","手工圣诞倒数日历"
"eng_Latn","advent calendars for tween boys","青少年男孩圣诞倒数日历"
"eng_Latn","candy advent calendars for teens","糖果青少年圣诞倒数日历"
"eng_Latn","christmas advent calendars makeup","彩妆圣诞倒数日历"
"eng_Latn","sex advent calendars","成人情趣圣诞倒数日历"
"eng_Latn","unique advent calendars for men","独特男士圣诞倒数日历"
"eng_Latn","kids christmas calendar countdown","儿童圣诞倒计时日历"
"eng_Latn","12 day advent calendar box empty","12天盒子空白圣诞倒数日历"
"eng_Latn","4 year old advent calendar","4岁圣诞倒数日历"
"eng_Latn","5 year old advent calendar","5岁圣诞倒数日历"
"eng_Latn","7 year old girl advent calendar 2025","2025年7岁女孩圣诞倒数日历"
"eng_Latn","advent calendar 2025 lps","2025年LPS圣诞倒数日历"
"eng_Latn","advent calendar 2025 monster truck","2025年怪兽卡车圣诞倒数日历"
"eng_Latn","advent calendar 2025 sanrio","2025年三丽鸥圣诞倒数日历"
"eng_Latn","advent calendar amazon beauty","亚马逊美妆圣诞倒数日历"
"eng_Latn","advent calendar birds","鸟类圣诞倒数日历"
"eng_Latn","advent calendar boys age 4","4岁男孩圣诞倒数日历"
"eng_Latn","advent calendar chapstick 24 days","24天润唇膏圣诞倒数日历"
"eng_Latn","advent calendar elf makeup","e.l.f.彩妆圣诞倒数日历"
"eng_Latn","advent calendar for golfers","高尔夫球手圣诞倒数日历"
"eng_Latn","advent puzzle calendar for adults","拼图成人圣诞倒数日历"
"eng_Latn","breyer horse advent calendar","Breyer马匹圣诞倒数日历"
"eng_Latn","chocolate candy advent calendar 2025","2025年巧克力糖果圣诞倒数日历"
"eng_Latn","crazy aaron's advent calendar","crazyaarons圣诞倒数日历"
"eng_Latn","dc advent calendar 2025","2025年dc圣诞倒数日历"
"eng_Latn","disney pixar cars advent calendar 2025","2025年迪士尼Pixar汽车总动员圣诞倒数日历"
"eng_Latn","disney storybook advent calendar","迪士尼故事书圣诞倒数日历"
"eng_Latn","doggie advent calendar 2025","2025年doggie圣诞倒数日历"
"eng_Latn","evry jewels advent calendar","evryjewels圣诞倒数日历"
"eng_Latn","fidget advent calendar for boys","解压玩具男孩圣诞倒数日历"
"eng_Latn","fishing advent calendar￼","垂钓圣诞倒数日历"
"eng_Latn","frenchie advent calendar 2025","2025年frenchie圣诞倒数日历"
"eng_Latn","funko pop advent calendar 2025 stranger things","2025年Funko Pop《怪奇物语》圣诞倒数日历"
"eng_Latn","geode advent calendar 2025","2025年geode圣诞倒数日历"
"eng_Latn","griswold lego advent calendar","griswold乐高圣诞倒数日历"
"eng_Latn","kneedoh advent calendar","kNeeDoh圣诞倒数日历"
"eng_Latn","korean skincare advent calendar 2025","2025年韩式护肤圣诞倒数日历"
"eng_Latn","lego boys advent calendar","乐高男孩圣诞倒数日历"
"eng_Latn","mini brands christmas advent calendar","Mini Brands圣诞倒数日历"
"eng_Latn","minion advent calendar 2025","2025年小黄人圣诞倒数日历"
"eng_Latn","musical advent calendar 2025","2025年音乐剧圣诞倒数日历"
"eng_Latn","nativity advent calendar wooden","马槽木质圣诞倒数日历"
"eng_Latn","ocean advent calendar 2025","2025年ocean圣诞倒数日历"
"eng_Latn","oreo advent calendar","奥利奥圣诞倒数日历"
"eng_Latn","photography advent calendar 2025","2025年photography圣诞倒数日历"
"eng_Latn","race car advent calendar","race汽车圣诞倒数日历"
"eng_Latn","rubber ducky advent calendar","橡皮鸭圣诞倒数日历"
"eng_Latn","seinfeld advent calendar","seinfeld圣诞倒数日历"
"eng_Latn","sports cards advent calendar","运动卡片圣诞倒数日历"
"eng_Latn","stash advent calendar 2025","2025年stash圣诞倒数日历"
"eng_Latn","teen beauty advent calendar 2025","2025年青少年美妆圣诞倒数日历"
"eng_Latn","tonies advent calendar","tonies圣诞倒数日历"
"eng_Latn","world wrestling entertainment advent calendar","WWE圣诞倒数日历"
"eng_Latn","advent calendars for toddlers 2025","2025年幼儿圣诞倒数日历"
"eng_Latn","golf advent calendars","高尔夫圣诞倒数日历"
"eng_Latn","nee doh advent calendars","NeeDoh圣诞倒数日历"
"eng_Latn","countdown christmas calendar","圣诞倒计时日历"
"eng_Latn","3 year old boy advent calendar 2025","2025年3岁男孩圣诞倒数日历"
"eng_Latn","6 year old boy advent calendar","6岁男孩圣诞倒数日历"
"eng_Latn","adult advent calendar 2025 women","2025年成人女士圣诞倒数日历"
"eng_Latn","advent calendar 2025 art supplies","2025年艺术用品圣诞倒数日历"
"eng_Latn","advent calendar 2025 cosmetics","2025年化妆品圣诞倒数日历"
"eng_Latn","advent calendar 2025 for adult women","2025年成人女士圣诞倒数日历"
"eng_Latn","advent calendar 2025 makeup elf","2025年彩妆e.l.f.圣诞倒数日历"
"eng_Latn","advent calendar diamond painting","钻石画圣诞倒数日历"
"eng_Latn","advent calendar nutcracker","胡桃夹子圣诞倒数日历"
"eng_Latn","advent calendar pusheen","pusheen圣诞倒数日历"
"eng_Latn","bunny advent calendar 2025","2025年bunny圣诞倒数日历"
"eng_Latn","calendar advent make up","彩妆圣诞倒数日历"
"eng_Latn","calico critter advent calendar","calicocritter圣诞倒数日历"
"eng_Latn","calico critters advent calendar 2023","2023年森林家族圣诞倒数日历"
"eng_Latn","christmas advent calendar chocolate","巧克力圣诞倒数日历"
"eng_Latn","crafty advent calendar","crafty圣诞倒数日历"
"eng_Latn","dog treats advent calendar 2025","2025年狗狗零食圣诞倒数日历"
"eng_Latn","embroidery advent calendar 2025","2025年刺绣圣诞倒数日历"
"eng_Latn","firetruck advent calendar 2025","2025年消防车圣诞倒数日历"
"eng_Latn","gadget advent calendar 2025","2025年gadget圣诞倒数日历"
"eng_Latn","hello kitty and friends advent calendar","Hello Kitty《老友记》圣诞倒数日历"
"eng_Latn","husband advent calendar","丈夫圣诞倒数日历"
"eng_Latn","international advent calendar","国际圣诞倒数日历"
"eng_Latn","italian braineot advent calendar","意大利braineot圣诞倒数日历"
"eng_Latn","jesus advent calendar for kids","耶稣儿童圣诞倒数日历"
"eng_Latn","kpop demon advent calendar","K-popdemon圣诞倒数日历"
"eng_Latn","lacrosse advent calendar","长曲棍球圣诞倒数日历"
"eng_Latn","lego ornament advent calendar 2025","2025年乐高装饰品圣诞倒数日历"
"eng_Latn","mens fragrance advent calendar","男士香氛圣诞倒数日历"
"eng_Latn","mens socks advent calendar","男士袜子圣诞倒数日历"
"eng_Latn","micromellow advent calendar","micromellow圣诞倒数日历"
"eng_Latn","national lampoons advent calendar","国家lampoons圣诞倒数日历"
"eng_Latn","niederegger advent calendar","Niederegger圣诞倒数日历"
"eng_Latn","nintendo switch advent calendar","Nintendo Switch圣诞倒数日历"
"eng_Latn","nut free chocolate advent calendar","无坚果巧克力圣诞倒数日历"
"eng_Latn","plain advent calendar","plain圣诞倒数日历"
"eng_Latn","roger la borde advent calendar","rogerlaborde圣诞倒数日历"
"eng_Latn","seaglass bird advent calendar","海洋玻璃鸟类圣诞倒数日历"
"eng_Latn","sex advent calendar 2025","2025年成人情趣圣诞倒数日历"
"eng_Latn","simpson advent calendar 2025","2025年simpson圣诞倒数日历"
"eng_Latn","skittles advent calendar 2025","2025年彩虹糖圣诞倒数日历"
"eng_Latn","squishmallow advent calendar 2025 squish a long","2025年Squishmallowssquishlong圣诞倒数日历"
"eng_Latn","teen advent calendar girl","青少年女孩圣诞倒数日历"
"eng_Latn","ww2 aircraft advent calendar 2025","2025年WW2飞机圣诞倒数日历"
"eng_Latn","advent calendars christian","基督教主题圣诞倒数日历"
"eng_Latn","advent calendars for little girls","小女孩圣诞倒数日历"
"eng_Latn","advent calendars for teens boys","青少年男孩圣诞倒数日历"
"eng_Latn","advent calendars legos","乐高圣诞倒数日历"
"eng_Latn","advent calendars ulta","ULTA圣诞倒数日历"
"eng_Latn","funko pops advent calendars","Funkopops圣诞倒数日历"
"eng_Latn","perfume advent calendars 2025","2025年香水圣诞倒数日历"
"eng_Latn","stitch avent calendar","史迪奇圣诞倒数日历"
"eng_Latn","'advent calendar","圣诞倒数日历"
"eng_Latn","18 inch doll advent calendar","18inch玩偶圣诞倒数日历"
"eng_Latn","2025 topps advent calendar","2025年Topps圣诞倒数日历"
"eng_Latn","advent calendar 11 year old girl","11岁女孩圣诞倒数日历"
"eng_Latn","advent calendar 2025 4 year old boys","2025年4岁男孩圣诞倒数日历"
"eng_Latn","advent calendar 2025 charm bracelet","2025年手链圣诞倒数日历"
"eng_Latn","advent calendar 2025 chocolate kids","2025年巧克力儿童圣诞倒数日历"
"eng_Latn","advent calendar exit","EXIT圣诞倒数日历"
"eng_Latn","advent calendar for boys sports","男孩运动圣诞倒数日历"
"eng_Latn","advent calendar for young adults","年轻人成人圣诞倒数日历"
"eng_Latn","advent calendar lip balm","润唇膏圣诞倒数日历"
"eng_Latn","advent calendar plush","毛绒玩具圣诞倒数日历"
"eng_Latn","advent calendar schleich","Schleich圣诞倒数日历"
"eng_Latn","advent calendar transformers","变形金刚圣诞倒数日历"
"eng_Latn","beauty advent calendar 2025 teen girls","2025年美妆青少年女孩圣诞倒数日历"
"eng_Latn","beauty advent calendar luxury","美妆奢华圣诞倒数日历"
"eng_Latn","bldr hello kitty advent calendar","bldrHello Kitty圣诞倒数日历"
"eng_Latn","body and earth advent calendar","身体earth圣诞倒数日历"
"eng_Latn","calico critters advent calendar 2025","2025年森林家族圣诞倒数日历"
"eng_Latn","candy for advent calendar","糖果圣诞倒数日历"
"eng_Latn","cardboard advent calendar box","纸板盒子圣诞倒数日历"
"eng_Latn","christmas advent calendar 2025 for family","2025年家庭圣诞倒数日历"
"eng_Latn","christmas advent calendar bracelet set","手链套装圣诞倒数日历"
"eng_Latn","colitt - fishing advent calendar","colitt钓鱼圣诞倒数日历"
"eng_Latn","crystals advent calendar","水晶圣诞倒数日历"
"eng_Latn","dad joke advent calendar","爸爸笑话圣诞倒数日历"
"eng_Latn","dubai chocolate advent calendar 2025","2025年dubai巧克力圣诞倒数日历"
"eng_Latn","duke cannon advent calendar","dukecannon圣诞倒数日历"
"eng_Latn","eurographics advent calendar","eurographics圣诞倒数日历"
"eng_Latn","gabby advent calendar","Gabby圣诞倒数日历"
"eng_Latn","games advent calendar","游戏圣诞倒数日历"
"eng_Latn","girls advent calendar age 8","8岁女孩圣诞倒数日历"
"eng_Latn","griswold christmas advent calendar","griswold圣诞倒数日历"
"eng_Latn","kids advent calendar girls","儿童女孩圣诞倒数日历"
"eng_Latn","kiwi co advent calendar","kiwico圣诞倒数日历"
"eng_Latn","kiwi co advent calendar 2025","2025年kiwico圣诞倒数日历"
"eng_Latn","lindor chocolate advent calendar","Lindor巧克力圣诞倒数日历"
"eng_Latn","magnetic tiles advent calendar","磁力片圣诞倒数日历"
"eng_Latn","manga advent calendar 2025","2025年漫画圣诞倒数日历"
"eng_Latn","matchbox car advent calendar 2025","2025年Matchbox汽车圣诞倒数日历"
"eng_Latn","milkbone advent calendar","milkbone圣诞倒数日历"
"eng_Latn","monster energy advent calendar","怪兽能量圣诞倒数日历"
"eng_Latn","ninjago advent calendar 2025","2025年幻影忍者圣诞倒数日历"
"eng_Latn","paintable advent calendar","paintable圣诞倒数日历"
"eng_Latn","pop funko advent calendar 2025","2025年PopFunko圣诞倒数日历"
"eng_Latn","pukka advent calendar 2025","2025年pukka圣诞倒数日历"
"eng_Latn","science advent calendar for boys","科学男孩圣诞倒数日历"
"eng_Latn","sees advent calendar","See's圣诞倒数日历"
"eng_Latn","spicy advent calendar","spicy圣诞倒数日历"
"eng_Latn","squishies advent calendar 2025","2025年解压玩具圣诞倒数日历"
"eng_Latn","tactical advent calendar","tactical圣诞倒数日历"
"eng_Latn","tech deck advent calendar 2025","2025年techdeck圣诞倒数日历"
"eng_Latn","terrys chocolate orange advent calendar","terrys巧克力orange圣诞倒数日历"
"eng_Latn","topps advent calendar baseball","Topps棒球圣诞倒数日历"
"eng_Latn","toy advent christmas calendar","玩具圣诞倒数日历"
"eng_Latn","trucks advent calendar","卡车圣诞倒数日历"
"eng_Latn","ulta advent calendar 2025 christmas","2025年ULTA圣诞倒数日历"
"eng_Latn","vegan chocolate advent calendar 2025","2025年纯素巧克力圣诞倒数日历"
"eng_Latn","whisky advent calendar for adults","威士忌成人圣诞倒数日历"
"eng_Latn","advent calendars for 10 year old girls","10岁女孩圣诞倒数日历"
"eng_Latn","advent calendars sports","运动圣诞倒数日历"
"eng_Latn","bluey advent calendars","Bluey圣诞倒数日历"
"eng_Latn","candle advent calendars","蜡烛圣诞倒数日历"
"eng_Latn","cute advent calendars for girls","可爱女孩圣诞倒数日历"
"eng_Latn","family advent calendars","家庭圣诞倒数日历"
"eng_Latn","hot wheels advent calendars for boys","风火轮男孩圣诞倒数日历"
"eng_Latn","squishmallow advent calendars","Squishmallows圣诞倒数日历"
"eng_Latn","teen girls advent calendars","青少年女孩圣诞倒数日历"
"eng_Latn","'chocolate advent calendar'","巧克力圣诞倒数日历"
"eng_Latn","12 days of christmas advent calendar kids","12天儿童圣诞倒数日历"
"eng_Latn","3d dragon advent calendar","3D龙圣诞倒数日历"
"eng_Latn","3d dragon advent calendar 2025","2025年3D龙圣诞倒数日历"
"eng_Latn","advent calendar 2025 adult chocolate","2025年成人巧克力圣诞倒数日历"
"eng_Latn","advent calendar 2025 cheese","2025年奶酪圣诞倒数日历"
"eng_Latn","advent calendar 2025 clue","2025年线索圣诞倒数日历"
"eng_Latn","advent calendar 2025 for cats","2025年猫咪圣诞倒数日历"
"eng_Latn","advent calendar 2025 mens","2025年男士圣诞倒数日历"
"eng_Latn","advent calendar arts and crafts","艺术手工圣诞倒数日历"
"eng_Latn","advent calendar for gamers 2025","2025年游戏玩家圣诞倒数日历"
"eng_Latn","advent calendar gems","gems圣诞倒数日历"
"eng_Latn","advent calendar reeses","reeses圣诞倒数日历"
"eng_Latn","advent calendar spices","香料圣诞倒数日历"
"eng_Latn","advent calendar tween boy","青少年男孩圣诞倒数日历"
"eng_Latn","advent calendar unicorn","独角兽圣诞倒数日历"
"eng_Latn","advent calendar vegan","纯素圣诞倒数日历"
"eng_Latn","advent calendar with toys","玩具圣诞倒数日历"
"eng_Latn","art advent calendar for teens","艺术青少年圣诞倒数日历"
"eng_Latn","beauty advent calendar women","美妆女士圣诞倒数日历"
"eng_Latn","butterfly advent calendar","butterfly圣诞倒数日历"
"eng_Latn","crafting advent calendar for adults","手工成人圣诞倒数日历"
"eng_Latn","demon hunter advent calendar","demonhunter圣诞倒数日历"
"eng_Latn","ebt eligible advent calendar","支持EBT支付圣诞倒数日历"
"eng_Latn","eos advent calendar 2025 train","2025年eos火车圣诞倒数日历"
"eng_Latn","felt advent calendar for toddlers","毛毡幼儿圣诞倒数日历"
"eng_Latn","ferrero rocher chocolate advent calendar","Ferrerorocher巧克力圣诞倒数日历"
"eng_Latn","fun adult advent calendar 2025","2025年趣味成人圣诞倒数日历"
"eng_Latn","grilling advent calendar","烧烤圣诞倒数日历"
"eng_Latn","heavy equipment advent calendar 2025","2025年heavyequipment圣诞倒数日历"
"eng_Latn","kit kat advent calendar 2025","2025年KitKat圣诞倒数日历"
"eng_Latn","light up village rotating advent calendar","lightup村庄rotating圣诞倒数日历"
"eng_Latn","mini brands book advent calendar","Mini Brands书籍圣诞倒数日历"
"eng_Latn","mini ornament advent calendar 2025","2025年迷你装饰品圣诞倒数日历"
"eng_Latn","miniatures advent calendar","微缩模型圣诞倒数日历"
"eng_Latn","nasa advent calendar","nasa圣诞倒数日历"
"eng_Latn","needle advent calendar","needle圣诞倒数日历"
"eng_Latn","neuhaus advent calendar","neuhaus圣诞倒数日历"
"eng_Latn","nutella advent calendar 2025","2025年能多益圣诞倒数日历"
"eng_Latn","sephora advent calendar￼","丝芙兰圣诞倒数日历"
"eng_Latn","stitch a day advent embroidery calendar","史迪奇dayembroidery圣诞倒数日历"
"eng_Latn","xbox advent calendar 2025","2025年xbox圣诞倒数日历"
"eng_Latn","ysl advent calendar","ysl圣诞倒数日历"
"eng_Latn","advent calendars at amazon","at亚马逊圣诞倒数日历"
"eng_Latn","advent calendars makeup and skincare","彩妆护肤圣诞倒数日历"
"eng_Latn","advent calendars taba squishy","Taba解压玩具圣诞倒数日历"
"eng_Latn","art advent calendars","艺术圣诞倒数日历"
"eng_Latn","food advent calendars for adults","食品成人圣诞倒数日历"
"eng_Latn","empty avent calendar","空白圣诞倒数日历"
"eng_Latn","holiday countdown calendar","假日倒计时日历"
"eng_Latn","kinder countdown calendar","Kinder倒计时日历"
"eng_Latn","xmas calendar countdown","圣诞倒计时日历"
"eng_Latn","2025 aircraft advent calendar world war ii plane","2025年二战飞机模型圣诞倒数日历"
"eng_Latn","6 year old girl advent calendar 2025","2025年6岁女孩圣诞倒数日历"
"eng_Latn","8 year old girl advent calendar 2025","2025年8岁女孩圣诞倒数日历"
"eng_Latn","adult alcohol advent calendar 2025","2025年成人酒类圣诞倒数日历"
"eng_Latn","advent calendar 2025 eos","2025年eos圣诞倒数日历"
"eng_Latn","advent calendar bitty pop","bittyPop圣诞倒数日历"
"eng_Latn","advent calendar diy box","DIY盒子圣诞倒数日历"
"eng_Latn","advent calendar for men grooming","男士理容圣诞倒数日历"
"eng_Latn","advent calendar horses","马匹圣诞倒数日历"
"eng_Latn","advent calendar trucks","卡车圣诞倒数日历"
"eng_Latn","art supplies advent calendar 2025","2025年艺术用品圣诞倒数日历"
"eng_Latn","baby girl advent calendar","婴幼儿女孩圣诞倒数日历"
"eng_Latn","bead advent calendar","bead圣诞倒数日历"
"eng_Latn","cosmetic advent calendar","化妆品圣诞倒数日历"
"eng_Latn","fairy advent calendar 2025","2025年fairy圣诞倒数日历"
"eng_Latn","firefighter advent calendar","firefighter圣诞倒数日历"
"eng_Latn","flaviar whiskey advent calendar 2025","2025年flaviar威士忌圣诞倒数日历"
"eng_Latn","football cards advent calendar","足球卡片圣诞倒数日历"
"eng_Latn","gift card advent calendar 2025","2025年礼物卡片圣诞倒数日历"
"eng_Latn","harry potter advent calendar￼","《哈利·波特》圣诞倒数日历"
"eng_Latn","interactive advent calendar","互动式圣诞倒数日历"
"eng_Latn","interactive advent calendar 2025","2025年互动式圣诞倒数日历"
"eng_Latn","journal advent calendar","手账圣诞倒数日历"
"eng_Latn","keurig coffee advent calendar 2025","2025年keurig咖啡圣诞倒数日历"
"eng_Latn","lego botanical advent calendar","乐高植物圣诞倒数日历"
"eng_Latn","manga advent calendar","漫画圣诞倒数日历"
"eng_Latn","musical theater advent calendar","音乐剧圣诞倒数日历"
"eng_Latn","nasa advent calendar 2025","2025年nasa圣诞倒数日历"
"eng_Latn","nativity advent calendar with story","马槽故事圣诞倒数日历"
"eng_Latn","philadelphia eagles advent calendar 2025","2025年philadelphiaeagles圣诞倒数日历"
"eng_Latn","pokemon tcg advent calendar","宝可梦tcg圣诞倒数日历"
"eng_Latn","press on nail advent calendar 2025","2025年press指甲护理圣诞倒数日历"
"eng_Latn","rare beauty advent calendar 2025","2025年rare美妆圣诞倒数日历"
"eng_Latn","scooby doo advent calendar 2025","2025年scoobydoo圣诞倒数日历"
"eng_Latn","snickers advent calendar","snickers圣诞倒数日历"
"eng_Latn","soap advent calendar","肥皂圣诞倒数日历"
"eng_Latn","spa day advent calendar","SPAday圣诞倒数日历"
"eng_Latn","squish mellow advent calendar￼","squishmellow圣诞倒数日历"
"eng_Latn","storybook advent calendar 2025","2025年故事书圣诞倒数日历"
"eng_Latn","topps baseball advent calendar","Topps棒球圣诞倒数日历"
"eng_Latn","vending machine advent calendar","自动售货机圣诞倒数日历"
"eng_Latn","wasgij advent calendar 2025","2025年wasgij圣诞倒数日历"
"eng_Latn","wufers dog advent calendar","wufers狗狗圣诞倒数日历"
"eng_Latn","ww2 plane advent calendar","WW2飞机圣诞倒数日历"
"eng_Latn","adult advent calendars for women","成人女士圣诞倒数日历"
"eng_Latn","advent calendars for dogs 2025","2025年狗狗圣诞倒数日历"
"eng_Latn","advent calendars for families","家庭圣诞倒数日历"
"eng_Latn","advent calendars kpop","K-pop圣诞倒数日历"
"eng_Latn","advent calendars roblox","Roblox圣诞倒数日历"
"eng_Latn","labubu avent calendar","Labubu圣诞倒数日历"
"eng_Latn","advent calendar 2025 10 year old girl","2025年10岁女孩圣诞倒数日历"
"eng_Latn","advent calendar 2025 capybara","2025年水豚圣诞倒数日历"
"eng_Latn","advent calendar 2025 chocolate cadbury","2025年巧克力吉百利圣诞倒数日历"
"eng_Latn","advent calendar 2025 college girl","2025年大学生女孩圣诞倒数日历"
"eng_Latn","advent calendar 2025 spongebob","2025年海绵宝宝圣诞倒数日历"
"eng_Latn","advent calendar 2025 with chocolates","2025年巧克力圣诞倒数日历"
"eng_Latn","advent calendar christmas 2025","2025年圣诞倒数日历"
"eng_Latn","advent calendar edible","可食用圣诞倒数日历"
"eng_Latn","advent calendar for baseball lovers","棒球爱好者圣诞倒数日历"
"eng_Latn","advent calendar for boys candy","男孩糖果圣诞倒数日历"
"eng_Latn","advent calendar makeup sephora","彩妆丝芙兰圣诞倒数日历"
"eng_Latn","advent calendar mens","男士圣诞倒数日历"
"eng_Latn","advent calendar mickey mouse","米奇圣诞倒数日历"
"eng_Latn","advent calendar victoria secret","Victoria's Secret圣诞倒数日历"
"eng_Latn","advent calendar wooden box","木质盒子圣诞倒数日历"
"eng_Latn","alice in wonderland advent calendar","alicewonderland圣诞倒数日历"
"eng_Latn","benefit advent calendar","benefit圣诞倒数日历"
"eng_Latn","bible verse advent calendar 2025","2025年圣经经文圣诞倒数日历"
"eng_Latn","bibliophile advent calendar for booklovers","爱书者booklovers圣诞倒数日历"
"eng_Latn","christmas advent calendar for boys","男孩圣诞倒数日历"
"eng_Latn","christmas countdown advent calendar","圣诞倒数日历"
"eng_Latn","christmas gnome advent calendar","地精圣诞倒数日历"
"eng_Latn","christmas nativity advent calendar","马槽圣诞倒数日历"
"eng_Latn","collitt fishing advent calendar","collitt钓鱼圣诞倒数日历"
"eng_Latn","elf on shelf advent calendar 2025","2025年The Elf on the Shelf圣诞倒数日历"
"eng_Latn","fairy advent calendar","fairy圣诞倒数日历"
"eng_Latn","gilmore girls advent calendar 2026","2026年《吉尔莫女孩》圣诞倒数日历"
"eng_Latn","harley davidson advent calendar","哈雷戴维森圣诞倒数日历"
"eng_Latn","hershey kiss advent calendar 2025","2025年好时之吻圣诞倒数日历"
"eng_Latn","joyin advent calendar 2025","2025年joyin圣诞倒数日历"
"eng_Latn","k-pop advent calendar","kPop圣诞倒数日历"
"eng_Latn","kids lego advent calendar","儿童乐高圣诞倒数日历"
"eng_Latn","lego advent calendar sets","乐高套装圣诞倒数日历"
"eng_Latn","lingerie advent calendar for adults","内衣成人圣诞倒数日历"
"eng_Latn","mclaren advent calendar","mclaren圣诞倒数日历"
"eng_Latn","mha advent calendar 2025","2025年mha圣诞倒数日历"
"eng_Latn","milka advent calendar 2025","2025年Milka圣诞倒数日历"
"eng_Latn","mochi squishy advent calendar","麻薯解压玩具圣诞倒数日历"
"eng_Latn","nhl hockey advent calendar 2025","2025年nhl冰球圣诞倒数日历"
"eng_Latn","panda advent calendar 2025","2025年熊猫圣诞倒数日历"
"eng_Latn","scrunchie advent calendar","scrunchie圣诞倒数日历"
"eng_Latn","slytherin advent calendar","slytherin圣诞倒数日历"
"eng_Latn","spa advent calendar for girls","SPA女孩圣诞倒数日历"
"eng_Latn","summer fridays advent calendar 2025","2025年summerfridays圣诞倒数日历"
"eng_Latn","vampire diaries advent calendar","vampirediaries圣诞倒数日历"
"eng_Latn","watercolor advent calendar","watercolor圣诞倒数日历"
"eng_Latn","wings of fire advent calendar 2025","2025年wingsfire圣诞倒数日历"
"eng_Latn","advent calendars for toddler boys","幼儿男孩圣诞倒数日历"
"eng_Latn","advent calendars lip gloss","唇彩圣诞倒数日历"
"eng_Latn","christmas advent calendars for toddlers","幼儿圣诞倒数日历"
"eng_Latn","clearance advent calendars beauty","清仓美妆圣诞倒数日历"
"eng_Latn","sephora advent calendars","丝芙兰圣诞倒数日历"
"eng_Latn","spa advent calendars","SPA圣诞倒数日历"
"eng_Latn","tool advent calendars","工具圣诞倒数日历"
"eng_Latn","24 advent calendar","24圣诞倒数日历"
"eng_Latn","5 year old girl advent calendar 2025","2025年5岁女孩圣诞倒数日历"
"eng_Latn","advent calendar 2025 monster jam","2025年Monster Jam圣诞倒数日历"
"eng_Latn","advent calendar 2025 play doh","2025年Play-Doh圣诞倒数日历"
"eng_Latn","advent calendar boxes bulk","盒子批量圣诞倒数日历"
"eng_Latn","advent calendar for guitar players","吉他players圣诞倒数日历"
"eng_Latn","advent calendar italian brainrot","意大利Brainrot圣诞倒数日历"
"eng_Latn","advent calendar little girls","小女孩圣诞倒数日历"
"eng_Latn","advent calendar stickers 1-25","stickers125圣诞倒数日历"
"eng_Latn","advent food calendar 2025","2025年食品圣诞倒数日历"
"eng_Latn","air dry clay advent calendar","风干黏土圣诞倒数日历"
"eng_Latn","amazon advent calendar beauty","亚马逊美妆圣诞倒数日历"
"eng_Latn","aphmau advent calendar 2025","2025年aphmau圣诞倒数日历"
"eng_Latn","book advent calendar adult","书籍成人圣诞倒数日历"
"eng_Latn","boys advent calendar 2025 hot wheels","2025年男孩风火轮圣诞倒数日历"
"eng_Latn","brio advent calendar 2025","2025年BRIO圣诞倒数日历"
"eng_Latn","cat ornament advent calendar 2025","2025年猫咪装饰品圣诞倒数日历"
"eng_Latn","coffee pod advent calendar","咖啡pod圣诞倒数日历"
"eng_Latn","crafts advent calendar 2025","2025年手工圣诞倒数日历"
"eng_Latn","crossword advent calendar 2025","2025年crossword圣诞倒数日历"
"eng_Latn","crown royal advent calendar","crownroyal圣诞倒数日历"
"eng_Latn","fake nails advent calendar","fake指甲圣诞倒数日历"
"eng_Latn","farm animal advent calendar 2025","2025年农场动物圣诞倒数日历"
"eng_Latn","female advent calendar 2025","2025年女性圣诞倒数日历"
"eng_Latn","ford mustang advent calendar","fordmustang圣诞倒数日历"
"eng_Latn","gymnastics advent calendar 2025","2025年体操圣诞倒数日历"
"eng_Latn","hallmark advent calendar","hallmark圣诞倒数日历"
"eng_Latn","highland cow advent calendar 2026","2026年苏格兰高地牛圣诞倒数日历"
"eng_Latn","kinder egg advent calendar 2025","2025年Kinderegg圣诞倒数日历"
"eng_Latn","lakrids advent calendar","lakrids圣诞倒数日历"
"eng_Latn","lindt teddy bear advent calendar","瑞士莲泰迪熊圣诞倒数日历"
"eng_Latn","m&m advent calendar","m圣诞倒数日历"
"eng_Latn","madeline advent calendar","madeline圣诞倒数日历"
"eng_Latn","male advent calendar","男性圣诞倒数日历"
"eng_Latn","matchbox cars advent calendar 2025","2025年Matchbox汽车总动员圣诞倒数日历"
"eng_Latn","mini gifts for advent calendar","迷你礼物圣诞倒数日历"
"eng_Latn","moomin advent calendar","moomin圣诞倒数日历"
"eng_Latn","neo dough advent calendar","neodough圣诞倒数日历"
"eng_Latn","paris advent calendar 2025","2025年巴黎圣诞倒数日历"
"eng_Latn","rick and morty advent calendar","rickmorty圣诞倒数日历"
"eng_Latn","santa advent calendar","santa圣诞倒数日历"
"eng_Latn","stress ball advent calendar","减压球圣诞倒数日历"
"eng_Latn","train advent calendar for boys","火车男孩圣诞倒数日历"
"eng_Latn","whole family advent calendar","whole家庭圣诞倒数日历"
"eng_Latn","ww ii aircraft advent calendar","二战飞机圣诞倒数日历"
"eng_Latn","advent calendars cologne","男士香水圣诞倒数日历"
"eng_Latn","mens avent calendar","男士圣诞倒数日历"
"eng_Latn","24 day advent calendar 2025","2025年24天圣诞倒数日历"
"eng_Latn","7 year old boy advent calendar 2025","2025年7岁男孩圣诞倒数日历"
"eng_Latn","99 nights in the forest advent calendar","99nightsforest圣诞倒数日历"
"eng_Latn","advent calendar 2025 bath and body works","2025年Bath & Body Works圣诞倒数日历"
"eng_Latn","advent calendar 2025 coffee pods","2025年咖啡胶囊圣诞倒数日历"
"eng_Latn","advent calendar 2025 ebt eligible","2025年支持EBT支付圣诞倒数日历"
"eng_Latn","advent calendar 2025 for girls 6-8","2025年女孩68圣诞倒数日历"
"eng_Latn","advent calendar 2025 for toddler boys","2025年幼儿男孩圣诞倒数日历"
"eng_Latn","advent calendar 2025 hot sauce","2025年辣椒酱圣诞倒数日历"
"eng_Latn","advent calendar 2025 mini perfume","2025年迷你香水圣诞倒数日历"
"eng_Latn","advent calendar 2025 vermont christmas company","2025年佛蒙特company圣诞倒数日历"
"eng_Latn","advent calendar axolotl","六角恐龙圣诞倒数日历"
"eng_Latn","advent calendar book lovers","书籍爱好者圣诞倒数日历"
"eng_Latn","advent calendar building","建造圣诞倒数日历"
"eng_Latn","advent calendar chocolate kids","巧克力儿童圣诞倒数日历"
"eng_Latn","advent calendar christmas ornaments","装饰品圣诞倒数日历"
"eng_Latn","advent calendar dungeons and dragons","Dungeons & Dragons圣诞倒数日历"
"eng_Latn","advent calendar for seniors","seniors圣诞倒数日历"
"eng_Latn","advent calendar lego minecraft","乐高《我的世界》圣诞倒数日历"
"eng_Latn","advent calendar sports cards","运动卡片圣诞倒数日历"
"eng_Latn","advent calendar squishies","解压玩具圣诞倒数日历"
"eng_Latn","advent calendar stuffers for men","填充物男士圣诞倒数日历"
"eng_Latn","advent fishing lure calendar","钓鱼诱饵圣诞倒数日历"
"eng_Latn","assorted chocolate advent calendar","assorted巧克力圣诞倒数日历"
"eng_Latn","children advent calendar christmas","儿童圣诞倒数日历"
"eng_Latn","christmas jewelry advent calendar for girls","珠宝首饰女孩圣诞倒数日历"
"eng_Latn","cigar advent calendar","cigar圣诞倒数日历"
"eng_Latn","cowboy advent calendar 2025","2025年cowboy圣诞倒数日历"
"eng_Latn","foodie advent calendar 2025","2025年foodie圣诞倒数日历"
"eng_Latn","friends tv show advent calendar 2025","2025年《老友记》电视节目圣诞倒数日历"
"eng_Latn","gem stone advent calendar","宝石圣诞倒数日历"
"eng_Latn","hello kitty and friends advent calendar 2025","2025年Hello Kitty《老友记》圣诞倒数日历"
"eng_Latn","jameson advent calendar","jameson圣诞倒数日历"
"eng_Latn","john deere advent calendar","johndeere圣诞倒数日历"
"eng_Latn","keurig 24 cups of cheer advent calendar","keurig24cupscheer圣诞倒数日历"
"eng_Latn","kinder bueno advent calendar","Kinderbueno圣诞倒数日历"
"eng_Latn","kitty advent calendar","kitty圣诞倒数日历"
"eng_Latn","kiwi advent calendar","kiwi圣诞倒数日历"
"eng_Latn","lego train advent calendar 2025","2025年乐高火车圣诞倒数日历"
"eng_Latn","makeup advent calendar 2025 kids","2025年彩妆儿童圣诞倒数日历"
"eng_Latn","nature advent calendar","自然圣诞倒数日历"
"eng_Latn","sinful advent calendar","sinful圣诞倒数日历"
"eng_Latn","spooky advent calendar","恐怖主题圣诞倒数日历"
"eng_Latn","stranger things advent calendar￼","《怪奇物语》圣诞倒数日历"
"eng_Latn","thanksgiving advent calendar","感恩节圣诞倒数日历"
"eng_Latn","tiny toys for advent calendar","小型玩具圣诞倒数日历"
"eng_Latn","tops advent calendar 2025","2025年tops圣诞倒数日历"
"eng_Latn","unique advent calendar 2025 for adults","2025年独特成人圣诞倒数日历"
"eng_Latn","warhammer advent calendar 2025","2025年warhammer圣诞倒数日历"
"eng_Latn","wooden advent calendar nativity scene","木质马槽场景圣诞倒数日历"
"eng_Latn","ww2 tank advent calendar","WW2坦克圣诞倒数日历"
"eng_Latn","advent calendars for teen boys 2025","2025年青少年男孩圣诞倒数日历"
"eng_Latn","advent calendars religious","宗教圣诞倒数日历"
"eng_Latn","mini brands advent calendars","Mini Brands圣诞倒数日历"
"eng_Latn","snack advent calendars","零食圣诞倒数日历"
"eng_Latn","advent calendar 12 year old boy","12岁男孩圣诞倒数日历"
"eng_Latn","advent calendar 2025 boys 9","2025年男孩9圣诞倒数日历"
"eng_Latn","advent calendar 2025 with candy","2025年糖果圣诞倒数日历"
"eng_Latn","advent calendar boys 2025","2025年男孩圣诞倒数日历"
"eng_Latn","advent calendar ebt","ebt圣诞倒数日历"
"eng_Latn","advent calendar figurines","人偶圣诞倒数日历"
"eng_Latn","advent calendar for families","家庭圣诞倒数日历"
"eng_Latn","advent kids calendar","儿童圣诞倒数日历"
"eng_Latn","books advent calendar 2025","2025年书籍圣诞倒数日历"
"eng_Latn","caramel advent calendar 2025","2025年caramel圣诞倒数日历"
"eng_Latn","cheese advent calendar for adults","奶酪成人圣诞倒数日历"
"eng_Latn","couples advent calendar for adults","情侣成人圣诞倒数日历"
"eng_Latn","dairy free chocolate advent calendar","无乳制品巧克力圣诞倒数日历"
"eng_Latn","disney puzzle advent calendar 2025","2025年迪士尼拼图圣诞倒数日历"
"eng_Latn","earring advent calendar for girls","耳环女孩圣诞倒数日历"
"eng_Latn","educational advent calendar","educational圣诞倒数日历"
"eng_Latn","elf on shelf advent calendar","The Elf on the Shelf圣诞倒数日历"
"eng_Latn","fine art advent calendar","fine艺术圣诞倒数日历"
"eng_Latn","golfers advent calendar","高尔夫球手圣诞倒数日历"
"eng_Latn","harry and david advent calendar","harrydavid圣诞倒数日历"
"eng_Latn","kbeauty advent calendar","kbeauty圣诞倒数日历"
"eng_Latn","kids craft advent calendar 2025","2025年儿童手工圣诞倒数日历"
"eng_Latn","lakrids by bulow advent calendar","lakridsbybulow圣诞倒数日历"
"eng_Latn","lego advent calendar flower","乐高花卉圣诞倒数日历"
"eng_Latn","lego train advent calendar","乐高火车圣诞倒数日历"
"eng_Latn","lip smackers advent calendar","lipsmackers圣诞倒数日历"
"eng_Latn","make it mini advent calendar 2025","2025年makeit迷你圣诞倒数日历"
"eng_Latn","nerf advent calendar","nerf圣诞倒数日历"
"eng_Latn","playstation advent calendar","playstation圣诞倒数日历"
"eng_Latn","sasquatch advent calendar","sasquatch圣诞倒数日历"
"eng_Latn","skin care advent calendar￼","护肤圣诞倒数日历"
"eng_Latn","teenage boys advent calendar","青少年男孩圣诞倒数日历"
"eng_Latn","the murder mystery advent calendar","谋杀神秘圣诞倒数日历"
"eng_Latn","tiny gifts for advent calendar adults","小型礼物成人圣诞倒数日历"
"eng_Latn","toddler boy christmas advent calendar","幼儿男孩圣诞倒数日历"
"eng_Latn","unfinished advent calendar","未完成款圣诞倒数日历"
"eng_Latn","ww2 airplane advent calendar","WW2airplane圣诞倒数日历"
"eng_Latn","young adult advent calendar","年轻人成人圣诞倒数日历"
"eng_Latn","yum earth advent calendar","yumearth圣诞倒数日历"
"eng_Latn","advent calendars candles","蜡烛圣诞倒数日历"
"eng_Latn","advent calendars for him","男士圣诞倒数日历"
"eng_Latn","advent calendars for teenage boys","青少年男孩圣诞倒数日历"
"eng_Latn","paper advent calendars","纸质圣诞倒数日历"
"eng_Latn","advent calendar 2025 3 year old girl","2025年3岁女孩圣诞倒数日历"
"eng_Latn","advent calendar 2025 bourbon","2025年烈酒圣诞倒数日历"
"eng_Latn","advent calendar 2025 girls 5","2025年女孩5圣诞倒数日历"
"eng_Latn","advent calendar 7 year old boy","7岁男孩圣诞倒数日历"
"eng_Latn","advent calendar empty to fill","空白可填充圣诞倒数日历"
"eng_Latn","advent calendar fill your own","自行填充式圣诞倒数日历"
"eng_Latn","advent calendar for one year old","1岁儿童圣诞倒数日历"
"eng_Latn","advent calendar korean skincare","韩式护肤圣诞倒数日历"
"eng_Latn","advent pokemon calendar 2025","2025年宝可梦圣诞倒数日历"
"eng_Latn","art advent calendar for adults","艺术成人圣诞倒数日历"
"eng_Latn","bark box advent calendar","BARK Box圣诞倒数日历"
"eng_Latn","best advent calendar for teen boys","精选青少年男孩圣诞倒数日历"
"eng_Latn","best golf advent calendar 2025","2025年精选高尔夫圣诞倒数日历"
"eng_Latn","bike advent calendar","bike圣诞倒数日历"
"eng_Latn","bluey christmas advent calendar 2025","2025年Bluey圣诞倒数日历"
"eng_Latn","boy advent calendar 2025 sports","2025年男孩运动圣诞倒数日历"
"eng_Latn","boys toy advent calendar","男孩玩具圣诞倒数日历"
"eng_Latn","chai advent calendar","chai圣诞倒数日历"
"eng_Latn","christmas jewelry advent calendar","珠宝首饰圣诞倒数日历"
"eng_Latn","flower bouquet advent calendar 2025","2025年花卉花束圣诞倒数日历"
"eng_Latn","formula one advent calendar","Formula One圣诞倒数日历"
"eng_Latn","fuggler advent calendar 2025","2025年fuggler圣诞倒数日历"
"eng_Latn","jelly bean advent calendar","果冻豆圣诞倒数日历"
"eng_Latn","journaling advent calendar","手账圣诞倒数日历"
"eng_Latn","kirby advent calendar","kirby圣诞倒数日历"
"eng_Latn","la bubu advent calendar 2025","2025年Labubu圣诞倒数日历"
"eng_Latn","lure advent calendar","诱饵圣诞倒数日历"
"eng_Latn","micromallow advent calendar","micromallow圣诞倒数日历"
"eng_Latn","ms rachel advent calendar 2025","2025年msrachel圣诞倒数日历"
"eng_Latn","nativity lego advent calendar 2025","2025年马槽乐高圣诞倒数日历"
"eng_Latn","naughty advent calendar","淘气圣诞倒数日历"
"eng_Latn","race car advent calendar 2025","2025年race汽车圣诞倒数日历"
"eng_Latn","reading advent calendar 2025","2025年reading圣诞倒数日历"
"eng_Latn","retro games coding advent calendar","retrogamescoding圣诞倒数日历"
"eng_Latn","reusable advent calendar box","可重复使用盒子圣诞倒数日历"
"eng_Latn","sea glass christmas tree advent calendar 2025","2025年海洋玻璃圣诞树圣诞倒数日历"
"eng_Latn","simpson advent calendar","simpson圣诞倒数日历"
"eng_Latn","summer friday advent calendar","summerfriday圣诞倒数日历"
"eng_Latn","swedish candy advent calendar 2025","2025年瑞典糖果圣诞倒数日历"
"eng_Latn","wednesday addams advent calendar","《星期三》addams圣诞倒数日历"
"eng_Latn","advent calendars for kids girls","儿童女孩圣诞倒数日历"
"eng_Latn","advent calendars for mom","妈妈圣诞倒数日历"
"eng_Latn","advent calendars nightmare before christmas","《圣诞夜惊魂》圣诞倒数日历"
"eng_Latn","grinch advent calendars","圣诞怪杰圣诞倒数日历"
"eng_Latn","harry potter advent calendars 2025","2025年《哈利·波特》圣诞倒数日历"
"eng_Latn","squishy advent calendars","解压玩具圣诞倒数日历"
"eng_Latn","baby avent calendar","婴幼儿圣诞倒数日历"
"eng_Latn","fishing avent calendar","垂钓圣诞倒数日历"
"eng_Latn","lego avent calendar","乐高圣诞倒数日历"
"eng_Latn","adult advent calendar 2025 men","2025年成人男士圣诞倒数日历"
"eng_Latn","advent calendar 2025 16 year old girl","2025年16岁女孩圣诞倒数日历"
"eng_Latn","advent calendar 2025 adult food","2025年成人食品圣诞倒数日历"
"eng_Latn","advent calendar 2025 beer","2025年啤酒圣诞倒数日历"
"eng_Latn","advent calendar 2025 cute","2025年可爱圣诞倒数日历"
"eng_Latn","advent calendar 2025 for mom","2025年妈妈圣诞倒数日历"
"eng_Latn","advent calendar 2025 for teens girls","2025年青少年女孩圣诞倒数日历"
"eng_Latn","advent calendar 2025 lego friends","2025年乐高《老友记》圣诞倒数日历"
"eng_Latn","advent calendar 2025 pop funko","2025年PopFunko圣诞倒数日历"
"eng_Latn","advent calendar 4 year old","4岁圣诞倒数日历"
"eng_Latn","advent calendar batman","蝙蝠侠圣诞倒数日历"
"eng_Latn","advent calendar container","container圣诞倒数日历"
"eng_Latn","advent calendar fillers for boys","填充物男孩圣诞倒数日历"
"eng_Latn","advent calendar for 18 year old girl","18岁女孩圣诞倒数日历"
"eng_Latn","advent calendar for adults coffee","成人咖啡圣诞倒数日历"
"eng_Latn","advent calendar religious 2025","2025年宗教圣诞倒数日历"
"eng_Latn","advent calendar rubber duck","橡皮鸭圣诞倒数日历"
"eng_Latn","advent calendar tween girls","青少年女孩圣诞倒数日历"
"eng_Latn","advent dog calendar 2025","2025年狗狗圣诞倒数日历"
"eng_Latn","alphabet advent calendar","alphabet圣诞倒数日历"
"eng_Latn","beach glass advent calendar","沙滩玻璃圣诞倒数日历"
"eng_Latn","bear advent calendar 2025","2025年熊圣诞倒数日历"
"eng_Latn","beauty advent calendar 24 days","24天美妆圣诞倒数日历"
"eng_Latn","cat ornament advent calendar","猫咪装饰品圣诞倒数日历"
"eng_Latn","chocolate kids advent calendar","巧克力儿童圣诞倒数日历"
"eng_Latn","christmas socks advent calendar","袜子圣诞倒数日历"
"eng_Latn","coraline advent calendar 2025","2025年coraline圣诞倒数日历"
"eng_Latn","dove advent calendar","Dove圣诞倒数日历"
"eng_Latn","fabric christmas advent calendar","布艺圣诞倒数日历"
"eng_Latn","fidget advent calendar for girls","解压玩具女孩圣诞倒数日历"
"eng_Latn","fisher price little people advent calendar 2025","2025年Fisher-Price Little People圣诞倒数日历"
"eng_Latn","fnaf funko pop advent calendar","FNAFFunko Pop圣诞倒数日历"
"eng_Latn","fossil advent calendar","fossil圣诞倒数日历"
"eng_Latn","gearhead advent calendar","gearhead圣诞倒数日历"
"eng_Latn","godiva chocolate advent calendar 2025","2025年Godiva巧克力圣诞倒数日历"
"eng_Latn","golfing advent calendar 2025","2025年golfing圣诞倒数日历"
"eng_Latn","greek mythology advent calendar","greekmythology圣诞倒数日历"
"eng_Latn","harry potter advent calendar 2026","2026年《哈利·波特》圣诞倒数日历"
"eng_Latn","hello kitty advent calendar 2025 girls","2025年Hello Kitty女孩圣诞倒数日历"
"eng_Latn","hogokids advent calendar","hogokids圣诞倒数日历"
"eng_Latn","irish advent calendar","爱尔兰圣诞倒数日历"
"eng_Latn","korean beauty advent calendar 2025","2025年韩式美妆圣诞倒数日历"
"eng_Latn","lego advent 2025 calendar","2025年乐高圣诞倒数日历"
"eng_Latn","lego advent calendar for kids","乐高儿童圣诞倒数日历"
"eng_Latn","marshmallow advent calendar 2025","2025年棉花糖圣诞倒数日历"
"eng_Latn","mens sock advent calendar 2025","2025年男士袜子圣诞倒数日历"
"eng_Latn","nativity advent calendar lego","马槽乐高圣诞倒数日历"
"eng_Latn","schleich harry potter advent calendar","Schleich《哈利·波特》圣诞倒数日历"
"eng_Latn","sea glass tree advent calendar","海洋玻璃圣诞树圣诞倒数日历"
"eng_Latn","sexy advent calendar","情趣圣诞倒数日历"
"eng_Latn","skittles advent calendar","彩虹糖圣诞倒数日历"
"eng_Latn","slim advent calendar 2025","2025年slim圣诞倒数日历"
"eng_Latn","stem advent calendar for boys","STEM男孩圣诞倒数日历"
"eng_Latn","teenage mutant ninja turtles advent calendar","青少年mutantninjaturtles圣诞倒数日历"
"eng_Latn","through the window puzzle advent calendar","throughwindow拼图圣诞倒数日历"
"eng_Latn","trivia advent calendar","trivia圣诞倒数日历"
"eng_Latn","wooden nativity advent calendar 2025","2025年木质马槽圣诞倒数日历"
"eng_Latn","xbox advent calendar","xbox圣诞倒数日历"
"eng_Latn","advent calendars labubu","Labubu圣诞倒数日历"
"eng_Latn","advent calendars lindt","瑞士莲圣诞倒数日历"
"eng_Latn","advent calendars toys","玩具圣诞倒数日历"
"eng_Latn","baby advent calendars","婴幼儿圣诞倒数日历"
"eng_Latn","funny advent calendars","趣味圣诞倒数日历"
"eng_Latn","makeup avent calendar","彩妆圣诞倒数日历"
"eng_Latn","kids christmas countdown calendar","儿童圣诞倒计时日历"
"eng_Latn","49ers advent calendar 2025","2025年49ers圣诞倒数日历"
"eng_Latn","8 year old boy advent calendar","8岁男孩圣诞倒数日历"
"eng_Latn","9 year old boy advent calendar 2025","2025年9岁男孩圣诞倒数日历"
"eng_Latn","advent calendar 2025 4 year old girl","2025年4岁女孩圣诞倒数日历"
"eng_Latn","advent calendar 2025 car","2025年汽车圣诞倒数日历"
"eng_Latn","advent calendar 2025 puzzles","2025年拼图圣诞倒数日历"
"eng_Latn","advent calendar canvas","帆布圣诞倒数日历"
"eng_Latn","advent calendar cookie","饼干圣诞倒数日历"
"eng_Latn","advent calendar football 2025","2025年足球圣诞倒数日历"
"eng_Latn","advent calendar for boys age 4","4岁男孩圣诞倒数日历"
"eng_Latn","advent calendar gummy candy","软糖糖果圣诞倒数日历"
"eng_Latn","advent calendar hair products","头发护理产品圣诞倒数日历"
"eng_Latn","advent calendar pop funko","PopFunko圣诞倒数日历"
"eng_Latn","advent calendar superhero","超级英雄圣诞倒数日历"
"eng_Latn","advent calendar toys for kids","玩具儿童圣诞倒数日历"
"eng_Latn","advent craft calendar","手工圣诞倒数日历"
"eng_Latn","adventure advent calendar","冒险主题圣诞倒数日历"
"eng_Latn","barebells advent calendar","barebells圣诞倒数日历"
"eng_Latn","boyfriend advent calendar","男朋友圣诞倒数日历"
"eng_Latn","build your own advent calendar 2025","2025年自行组装式圣诞倒数日历"
"eng_Latn","canvas advent calendar blank","帆布空白圣诞倒数日历"
"eng_Latn","christian kids advent calendar","基督教儿童圣诞倒数日历"
"eng_Latn","christmas advent calendar for teen girls","青少年女孩圣诞倒数日历"
"eng_Latn","christmas advent calendar wall hanging","挂墙式悬挂式圣诞倒数日历"
"eng_Latn","christmas movie advent calendar","电影圣诞倒数日历"
"eng_Latn","crayola advent calendar 2025","2025年crayola圣诞倒数日历"
"eng_Latn","crazy aaron's putty advent calendar","crazyaaronsputty圣诞倒数日历"
"eng_Latn","crazy aaron's thinking putty advent calendar","crazyaaronsthinkingputty圣诞倒数日历"
"eng_Latn","dentist advent calendar 2025","2025年dentist圣诞倒数日历"
"eng_Latn","disney stitch advent calendar 2025","2025年迪士尼史迪奇圣诞倒数日历"
"eng_Latn","diy christmas advent calendar","DIY圣诞倒数日历"
"eng_Latn","dragonball z advent calendar 2025","2025年《龙珠》z圣诞倒数日历"
"eng_Latn","fancy chocolate advent calendar","精致巧克力圣诞倒数日历"
"eng_Latn","fresh cut paper advent calendar 2025","2025年freshcutpaper圣诞倒数日历"
"eng_Latn","hershey kisses advent calendar 2025","2025年好时之吻圣诞倒数日历"
"eng_Latn","hollow knight advent calendar","hollowknight圣诞倒数日历"
"eng_Latn","hunters advent calendar","猎人圣诞倒数日历"
"eng_Latn","joyin advent calendar","joyin圣诞倒数日历"
"eng_Latn","kitten advent calendar 2025","2025年kitten圣诞倒数日历"
"eng_Latn","lego car advent calendar 2025","2025年乐高汽车圣诞倒数日历"
"eng_Latn","meat advent calendar","肉类圣诞倒数日历"
"eng_Latn","mechanical ornaments advent calendar","mechanical装饰品圣诞倒数日历"
"eng_Latn","milk bone advent calendar","Milk-Bone圣诞倒数日历"
"eng_Latn","mini ornament advent calendar","迷你装饰品圣诞倒数日历"
"eng_Latn","my littlest pet shop advent calendar","My Littlest Pet Shop圣诞倒数日历"
"eng_Latn","nerd advent calendar 2025","2025年极客圣诞倒数日历"
"eng_Latn","painting advent calendar 2025","2025年绘画圣诞倒数日历"
"eng_Latn","poly pocket advent calendar 2025","2025年polyPocket圣诞倒数日历"
"eng_Latn","rocks advent calendar 2025","2025年岩石圣诞倒数日历"
"eng_Latn","small gifts for advent calendar kids","小号礼物儿童圣诞倒数日历"
"eng_Latn","star wars advent calendar for adults","《星球大战》成人圣诞倒数日历"
"eng_Latn","step 2 my first advent calendar","Step2我的第一款圣诞倒数日历"
"eng_Latn","things to put in advent calendar","日历填充物圣诞倒数日历"
"eng_Latn","toddler book advent calendar","幼儿书籍圣诞倒数日历"
"eng_Latn","tween boys advent calendar","青少年男孩圣诞倒数日历"
"eng_Latn","wax melt advent calendar","融蜡圣诞倒数日历"
"eng_Latn","wife advent calendar","妻子圣诞倒数日历"
"eng_Latn","wolf advent calendar","wolf圣诞倒数日历"
"eng_Latn","advent calendars baby","婴幼儿圣诞倒数日历"
"eng_Latn","advent calendars cheap","实惠圣诞倒数日历"
"eng_Latn","advent calendars little people","Little People圣诞倒数日历"
"eng_Latn","dark chocolate advent calendars","黑巧克力圣诞倒数日历"
"eng_Latn","elf advent calendars","e.l.f.圣诞倒数日历"
"eng_Latn","fun advent calendars for toddlers","趣味幼儿圣诞倒数日历"
"eng_Latn","soccer advent calendars","足球圣诞倒数日历"
"eng_Latn","sports advent calendars","运动圣诞倒数日历"
"eng_Latn","toy advent calendars","玩具圣诞倒数日历"
"eng_Latn","'chocolate advent calendar","巧克力圣诞倒数日历"
"eng_Latn","12 days of hot sauce advent calendar","12天辣椒酱圣诞倒数日历"
"eng_Latn","24 day advent calendar girls","24天女孩圣诞倒数日历"
"eng_Latn","advent calendar 2025 baby boy","2025年婴幼儿男孩圣诞倒数日历"
"eng_Latn","advent calendar 2025 beauty products","2025年美妆产品圣诞倒数日历"
"eng_Latn","advent calendar 2025 christmas tree","2025年圣诞树圣诞倒数日历"
"eng_Latn","advent calendar 2025 mini","2025年迷你圣诞倒数日历"
"eng_Latn","advent calendar 2025 rocks","2025年岩石圣诞倒数日历"
"eng_Latn","advent calendar 2025 survival","2025年生存圣诞倒数日历"
"eng_Latn","advent calendar college boy","大学生男孩圣诞倒数日历"
"eng_Latn","advent calendar for girls jewelry","女孩珠宝首饰圣诞倒数日历"
"eng_Latn","advent calendar for teen girls makeup","青少年女孩彩妆圣诞倒数日历"
"eng_Latn","advent calendar gifts for girls","礼物女孩圣诞倒数日历"
"eng_Latn","advent calendar lindt chocolate","瑞士莲巧克力圣诞倒数日历"
"eng_Latn","advent calendar press on nails","press指甲圣诞倒数日历"
"eng_Latn","advent calendar snacks 2025","2025年零食圣诞倒数日历"
"eng_Latn","advent calendar teens girls","青少年女孩圣诞倒数日历"
"eng_Latn","beatles advent calendar","披头士圣诞倒数日历"
"eng_Latn","biblical advent calendar","圣经主题圣诞倒数日历"
"eng_Latn","buddy the elf advent calendar","buddye.l.f.圣诞倒数日历"
"eng_Latn","candy around the world advent calendar 2025","2025年糖果世界各地圣诞倒数日历"
"eng_Latn","catrice advent calendar","catrice圣诞倒数日历"
"eng_Latn","christmas advent calendar 2025 women","2025年女士圣诞倒数日历"
"eng_Latn","christmas book advent calendar 2025","2025年书籍圣诞倒数日历"
"eng_Latn","cocoa advent calendar 2025","2025年可可圣诞倒数日历"
"eng_Latn","customizable advent calendar","customizable圣诞倒数日历"
"eng_Latn","dog advent calendar toys","狗狗玩具圣诞倒数日历"
"eng_Latn","dragonball advent calendar","《龙珠》圣诞倒数日历"
"eng_Latn","fifa advent calendar 2025","2025年fifa圣诞倒数日历"
"eng_Latn","fnaf advent calendar funko","FNAFFunko圣诞倒数日历"
"eng_Latn","french bulldog advent calendar 2025","2025年法国斗牛犬圣诞倒数日历"
"eng_Latn","gravity falls advent calendar","gravityfalls圣诞倒数日历"
"eng_Latn","hot chocolate advent calendar 24 days","24天巧克力圣诞倒数日历"
"eng_Latn","imaginext advent calendar 2025","2025年imaginext圣诞倒数日历"
"eng_Latn","journaling advent calendar 2025","2025年手账圣诞倒数日历"
"eng_Latn","key chain advent calendar","keychain圣诞倒数日历"
"eng_Latn","kids jewelry advent calendar","儿童珠宝首饰圣诞倒数日历"
"eng_Latn","messi advent calendar","messi圣诞倒数日历"
"eng_Latn","mini brands food advent calendar","Mini Brands食品圣诞倒数日历"
"eng_Latn","mini squishmallow advent calendar","迷你Squishmallows圣诞倒数日历"
"eng_Latn","pig advent calendar","小猪圣诞倒数日历"
"eng_Latn","playstation advent calendar 2025","2025年playstation圣诞倒数日历"
"eng_Latn","positive crochet animals advent calendar","正能量钩针编织动物圣诞倒数日历"
"eng_Latn","premium advent calendar 2025","2025年高端圣诞倒数日历"
"eng_Latn","soda advent calendar 2025","2025年soda圣诞倒数日历"
"eng_Latn","sugar free advent calendar 2025","2025年无糖圣诞倒数日历"
"eng_Latn","teenage boys advent calendar 2025","2025年青少年男孩圣诞倒数日历"
"eng_Latn","teenager boy advent calendar 2025","2025年青少年男孩圣诞倒数日历"
"eng_Latn","advent calendars christmas women","女士圣诞倒数日历"
"eng_Latn","advent calendars for college girls","大学生女孩圣诞倒数日历"
"eng_Latn","advent calendars for her","女士圣诞倒数日历"
"eng_Latn","advent calendars marvel","漫威圣诞倒数日历"
"eng_Latn","advent calendars snoopy","史努比圣诞倒数日历"
"eng_Latn","christmas advent calendars for teen boys","青少年男孩圣诞倒数日历"
"eng_Latn","stranger things advent calendars","《怪奇物语》圣诞倒数日历"
"eng_Latn","whisky advent calendars","威士忌圣诞倒数日历"
"eng_Latn","10 year old boy advent calendar","10岁男孩圣诞倒数日历"
"eng_Latn","12 day advent calendar for men","12天男士圣诞倒数日历"
"eng_Latn","2024 advent calendar","2024年圣诞倒数日历"
"eng_Latn","2025 nativity advent calendar","2025年马槽圣诞倒数日历"
"eng_Latn","5 nights at freddy's advent calendar","5nightsatfreddys圣诞倒数日历"
"eng_Latn","6 year old advent calendar","6岁圣诞倒数日历"
"eng_Latn","advent calendar 2025 boys 6","2025年男孩6圣诞倒数日历"
"eng_Latn","advent calendar 2025 friends","2025年《老友记》圣诞倒数日历"
"eng_Latn","advent calendar 2025 girls 6","2025年女孩6圣诞倒数日历"
"eng_Latn","advent calendar 2025 hershey","2025年好时圣诞倒数日历"
"eng_Latn","advent calendar 2025 women perfume","2025年女士香水圣诞倒数日历"
"eng_Latn","advent calendar build","拼装圣诞倒数日历"
"eng_Latn","advent calendar cadbury","吉百利圣诞倒数日历"
"eng_Latn","advent calendar dad","爸爸圣诞倒数日历"
"eng_Latn","advent calendar face mask","面膜圣诞倒数日历"
"eng_Latn","advent calendar for 14 year old boy","14岁男孩圣诞倒数日历"
"eng_Latn","advent calendar for infants","婴儿圣诞倒数日历"
"eng_Latn","advent calendar for plant lovers","植物爱好者圣诞倒数日历"
"eng_Latn","advent calendar for tween girl","青少年女孩圣诞倒数日历"
"eng_Latn","advent calendar keychains","keychains圣诞倒数日历"
"eng_Latn","advent calendar lord of the rings","《指环王》圣诞倒数日历"
"eng_Latn","advent calendar my little pony","《小马宝莉》圣诞倒数日历"
"eng_Latn","advent calendar womens","女士圣诞倒数日历"
"eng_Latn","advent candy calendar","糖果圣诞倒数日历"
"eng_Latn","amazon advent calendar 2025 skincare","2025年亚马逊护肤圣诞倒数日历"
"eng_Latn","bark dog advent calendar","bark狗狗圣诞倒数日历"
"eng_Latn","bldr advent calendar","bldr圣诞倒数日历"
"eng_Latn","boys advent calendar 2025 lego","2025年男孩乐高圣诞倒数日历"
"eng_Latn","brainrot christmas advent calendar","Brainrot圣诞倒数日历"
"eng_Latn","brawl stars advent calendar 2025","2025年Brawl Stars圣诞倒数日历"
"eng_Latn","byers choice advent calendar","byerschoice圣诞倒数日历"
"eng_Latn","cadbury heroes advent calendar","吉百利heroes圣诞倒数日历"
"eng_Latn","candy advent calendar for teens","糖果青少年圣诞倒数日历"
"eng_Latn","cat advent calendar 2025 for humans","2025年猫咪humans圣诞倒数日历"
"eng_Latn","chanukah advent calendar","chanukah圣诞倒数日历"
"eng_Latn","christian chocolate advent calendar","基督教巧克力圣诞倒数日历"
"eng_Latn","christmas advent calendar candy","糖果圣诞倒数日历"
"eng_Latn","christmas advent calendar￼","圣诞倒数日历"
"eng_Latn","classic broadway shows advent calendar","经典百老汇剧目圣诞倒数日历"
"eng_Latn","crochet society advent calendar 2025","2025年钩针编织society圣诞倒数日历"
"eng_Latn","espresso advent calendar","espresso圣诞倒数日历"
"eng_Latn","farm animal advent calendar","农场动物圣诞倒数日历"
"eng_Latn","felt nativity advent calendar","毛毡马槽圣诞倒数日历"
"eng_Latn","foodie advent calendar","foodie圣诞倒数日历"
"eng_Latn","french advent calendar","french圣诞倒数日历"
"eng_Latn","funko pop harry potter advent calendar","Funko Pop《哈利·波特》圣诞倒数日历"
"eng_Latn","golf advent calendar 2025 adult men","2025年高尔夫成人男士圣诞倒数日历"
"eng_Latn","guinea pig advent calendar","guineapig圣诞倒数日历"
"eng_Latn","hatsune miku advent calendar","初音未来圣诞倒数日历"
"eng_Latn","hershey kiss advent calendar","好时之吻圣诞倒数日历"
"eng_Latn","hotwheel advent calendar 2025","2025年风火轮圣诞倒数日历"
"eng_Latn","jelly bean advent calendar 2025","2025年果冻豆圣诞倒数日历"
"eng_Latn","kinder joy advent calendar","Kinderjoy圣诞倒数日历"
"eng_Latn","lego pokemon advent calendar 2025","2025年乐高宝可梦圣诞倒数日历"
"eng_Latn","makeup advent calendar for kids","彩妆儿童圣诞倒数日历"
"eng_Latn","makeup christmas advent calendar","彩妆圣诞倒数日历"
"eng_Latn","mini brand book advent calendar","Mini 品牌书籍圣诞倒数日历"
"eng_Latn","mini items for advent calendar","迷你物品圣诞倒数日历"
"eng_Latn","mlp advent calendar","mlp圣诞倒数日历"
"eng_Latn","nee doh advent calendar 2025 kids","2025年NeeDoh儿童圣诞倒数日历"
"eng_Latn","p louise advent calendar","plouise圣诞倒数日历"
"eng_Latn","pig advent calendar 2025","2025年小猪圣诞倒数日历"
"eng_Latn","pocket knife advent calendar 2025","2025年Pocketknife圣诞倒数日历"
"eng_Latn","power ranger advent calendar","powerranger圣诞倒数日历"
"eng_Latn","pregnancy advent calendar","孕妇圣诞倒数日历"
"eng_Latn","ravensburger advent calendar 2025","2025年ravensburger圣诞倒数日历"
"eng_Latn","ring advent calendar 2025","2025年戒指圣诞倒数日历"
"eng_Latn","rock and roll advent calendar","摇滚乐圣诞倒数日历"
"eng_Latn","romance book advent calendar 2025","2025年浪漫书籍圣诞倒数日历"
"eng_Latn","seasoning advent calendar","seasoning圣诞倒数日历"
"eng_Latn","squishmallow calendar advent","Squishmallows圣诞倒数日历"
"eng_Latn","sticker dolly advent calendar","stickerdolly圣诞倒数日历"
"eng_Latn","theater advent calendar 2025","2025年theater圣诞倒数日历"
"eng_Latn","toy advent calendar for kids","玩具儿童圣诞倒数日历"
"eng_Latn","vermont chocolate advent calendar","佛蒙特巧克力圣诞倒数日历"
"eng_Latn","whiskey advent calendar 2025 flavia","2025年威士忌flavia圣诞倒数日历"
"eng_Latn","woobles advent calendar 2025 crochet","2025年woobles钩针编织圣诞倒数日历"
"eng_Latn","advent calendars 2025 girls","2025年女孩圣诞倒数日历"
"eng_Latn","advent calendars dinosaur","恐龙圣诞倒数日历"
"eng_Latn","advent calendars dog","狗狗圣诞倒数日历"
"eng_Latn","advent calendars for boys age 6","6岁男孩圣诞倒数日历"
"eng_Latn","cute advent calendars for teens","可爱青少年圣诞倒数日历"
"eng_Latn","women advent calendars","女士圣诞倒数日历"
"eng_Latn","beauty avent calendar","美妆圣诞倒数日历"
"eng_Latn","christmas avent calendar","圣诞倒数日历"
"eng_Latn","2025 kids advent calendar","2025年儿童圣诞倒数日历"
"eng_Latn","4 year old girl advent calendar","4岁女孩圣诞倒数日历"
"eng_Latn","adult advent calendar 2025 food","2025年成人食品圣诞倒数日历"
"eng_Latn","adult craft advent calendar 2025","2025年成人手工圣诞倒数日历"
"eng_Latn","adult naughty advent calendar 2025","2025年成人淘气圣诞倒数日历"
"eng_Latn","advent calendar 2025 dice","2025年骰子圣诞倒数日历"
"eng_Latn","advent calendar 2025 for boys age 8","2025年8岁男孩圣诞倒数日历"
"eng_Latn","advent calendar 2025 popcorn","2025年爆米花圣诞倒数日历"
"eng_Latn","advent calendar 2025 reeses","2025年reeses圣诞倒数日历"
"eng_Latn","advent calendar beef jerky","肉干圣诞倒数日历"
"eng_Latn","advent calendar book for adults","书籍成人圣诞倒数日历"
"eng_Latn","advent calendar boxes empty large","盒子空白大号圣诞倒数日历"
"eng_Latn","advent calendar cat lover","猫咪爱好者圣诞倒数日历"
"eng_Latn","advent calendar for girls 10-12","女孩1012圣诞倒数日历"
"eng_Latn","advent calendar for three year old","three圣诞倒数日历"
"eng_Latn","alani advent calendar 2025","2025年alani圣诞倒数日历"
"eng_Latn","beauty advent calendar for teens","美妆青少年圣诞倒数日历"
"eng_Latn","buffalo trace advent calendar￼","Buffalo Trace圣诞倒数日历"
"eng_Latn","christmas advent calendar squishmallow","Squishmallows圣诞倒数日历"
"eng_Latn","coffee advent calendar k cup","咖啡kcup圣诞倒数日历"
"eng_Latn","dog christmas advent calendar","狗狗圣诞倒数日历"
"eng_Latn","dr pepper advent calendar","drpepper圣诞倒数日历"
"eng_Latn","drummer advent calendar","drummer圣诞倒数日历"
"eng_Latn","empty advent calendar to fill yourself","可自行填充圣诞倒数日历"
"eng_Latn","engineering advent calendar","engineering圣诞倒数日历"
"eng_Latn","equestrian advent calendar 2025","2025年equestrian圣诞倒数日历"
"eng_Latn","fabric hanging advent calendar","布艺悬挂式圣诞倒数日历"
"eng_Latn","fnaf funko advent calendar","FNAFFunko圣诞倒数日历"
"eng_Latn","fun advent calendar for women","趣味女士圣诞倒数日历"
"eng_Latn","glass bird advent calendar","玻璃鸟类圣诞倒数日历"
"eng_Latn","gold advent calendar","金色圣诞倒数日历"
"eng_Latn","golf christmas advent calendar","高尔夫圣诞倒数日历"
"eng_Latn","guitar lover advent calendar","吉他爱好者圣诞倒数日历"
"eng_Latn","jam and jelly advent calendar 2025","2025年Jamjelly圣诞倒数日历"
"eng_Latn","large dog advent calendar 2025","2025年大号狗狗圣诞倒数日历"
"eng_Latn","legend of zelda advent calendar","《塞尔达传说》圣诞倒数日历"
"eng_Latn","legends of rock advent calendar","传奇摇滚圣诞倒数日历"
"eng_Latn","lindt chocolate advent calendar 2025 for adults","2025年瑞士莲巧克力成人圣诞倒数日历"
"eng_Latn","mens golf advent calendar 2025","2025年男士高尔夫圣诞倒数日历"
"eng_Latn","mens luxury advent calendar","男士奢华圣诞倒数日历"
"eng_Latn","most popular advent calendar 2025","2025年最热门圣诞倒数日历"
"eng_Latn","name brand makeup advent calendar 2025","2025年namebrand彩妆圣诞倒数日历"
"eng_Latn","neodough advent calendar","neodough圣诞倒数日历"
"eng_Latn","popmart advent calendar 2025","2025年popmart圣诞倒数日历"
"eng_Latn","puzzles advent calendar 2025","2025年拼图圣诞倒数日历"
"eng_Latn","skincare advent calendar for girls","护肤女孩圣诞倒数日历"
"eng_Latn","socks advent calendar men","袜子男士圣诞倒数日历"
"eng_Latn","spiritual advent calendar 2025","2025年灵性主题圣诞倒数日历"
"eng_Latn","steal a brainrot advent calendar 2025","2025年stealBrainrot圣诞倒数日历"
"eng_Latn","wine advent calendar 2025 for women","2025年葡萄酒女士圣诞倒数日历"
"eng_Latn","yugioh advent calendar","yugioh圣诞倒数日历"
"eng_Latn","2025 advent calendars for teens","2025年青少年圣诞倒数日历"
"eng_Latn","advent calendars for girls age 6","6岁女孩圣诞倒数日历"
"eng_Latn","advent calendars taylor swift","Taylor Swift圣诞倒数日历"
"eng_Latn","saker plus advent calendars","sakerplus圣诞倒数日历"
"eng_Latn","trader joe's advent calendars","traderjoes圣诞倒数日历"
"eng_Latn","avent calendar for men","男士圣诞倒数日历"
"eng_Latn","advent calendar 2025 for babies","2025年婴幼儿圣诞倒数日历"
"eng_Latn","advent calendar 2025 liquor","2025年酒类圣诞倒数日历"
"eng_Latn","advent calendar 2025 peppa pig","2025年《小猪佩奇》圣诞倒数日历"
"eng_Latn","advent calendar 2025 redbull","2025年红牛圣诞倒数日历"
"eng_Latn","advent calendar 2025 tree","2025年圣诞树圣诞倒数日历"
"eng_Latn","advent calendar 8 year old boy","8岁男孩圣诞倒数日历"
"eng_Latn","advent calendar 9 year old boy","9岁男孩圣诞倒数日历"
"eng_Latn","advent calendar bible verses","bibleverses圣诞倒数日历"
"eng_Latn","advent calendar books 2025","2025年书籍圣诞倒数日历"
"eng_Latn","advent calendar drinks","drinks圣诞倒数日历"
"eng_Latn","advent calendar for 5 year old","5岁圣诞倒数日历"
"eng_Latn","advent calendar for attorney","attorney圣诞倒数日历"
"eng_Latn","advent calendar for boys soccer","男孩足球圣诞倒数日历"
"eng_Latn","advent calendar for classroom","课堂圣诞倒数日历"
"eng_Latn","advent calendar for kids lego","儿童乐高圣诞倒数日历"
"eng_Latn","advent calendar for nerds","极客圣诞倒数日历"
"eng_Latn","advent calendar for newborn","新生儿圣诞倒数日历"
"eng_Latn","advent calendar for young girls","年轻人女孩圣诞倒数日历"
"eng_Latn","advent calendar nintendo","任天堂圣诞倒数日历"
"eng_Latn","advent calendar tree ornaments","圣诞树装饰品圣诞倒数日历"
"eng_Latn","advent sock calendar","袜子圣诞倒数日历"
"eng_Latn","bead advent calendar 2025","2025年bead圣诞倒数日历"
"eng_Latn","biblical advent calendar for kids","biblical儿童圣诞倒数日历"
"eng_Latn","bookmark advent calendar","bookmark圣诞倒数日历"
"eng_Latn","british advent calendar 2025","2025年british圣诞倒数日历"
"eng_Latn","buffalo trace advent calendar for adults","Buffalo Trace成人圣诞倒数日历"
"eng_Latn","candy advent calendar for boys","糖果男孩圣诞倒数日历"
"eng_Latn","chemistry advent calendar 2025","2025年chemistry圣诞倒数日历"
"eng_Latn","children advent calendar","儿童圣诞倒数日历"
"eng_Latn","chocolate advent calendar kids","巧克力儿童圣诞倒数日历"
"eng_Latn","christmas advent calendar kids","儿童圣诞倒数日历"
"eng_Latn","christmas charm bracelet advent calendar","手链圣诞倒数日历"
"eng_Latn","city lego advent calendar 2025","2025年城市乐高圣诞倒数日历"
"eng_Latn","clue advent calendar secrets under snowfall","线索secretsundersnowfall圣诞倒数日历"
"eng_Latn","doctor who advent calendar","《神秘博士》圣诞倒数日历"
"eng_Latn","engineering advent calendar 2025","2025年engineering圣诞倒数日历"
"eng_Latn","fannie may advent calendar","fanniemay圣诞倒数日历"
"eng_Latn","fidgets advent calendar","解压玩具圣诞倒数日历"
"eng_Latn","garden advent calendar 2025","2025年garden圣诞倒数日历"
"eng_Latn","godiva chocolate advent calendar","Godiva巧克力圣诞倒数日历"
"eng_Latn","grinch christmas advent calendar 2025","2025年圣诞怪杰圣诞倒数日历"
"eng_Latn","harry potter advent calendar 2025 boys","2025年《哈利·波特》男孩圣诞倒数日历"
"eng_Latn","house advent calendar","房屋圣诞倒数日历"
"eng_Latn","japanese snack advent calendar","日式零食圣诞倒数日历"
"eng_Latn","kid girl advent calendar 2025","2025年儿童女孩圣诞倒数日历"
"eng_Latn","kosmos exit advent calendar","KosmosEXIT圣诞倒数日历"
"eng_Latn","lacrosse advent calendar 2025","2025年长曲棍球圣诞倒数日历"
"eng_Latn","let's battle advent calendar","letsbattle圣诞倒数日历"
"eng_Latn","medical advent calendar","medical圣诞倒数日历"
"eng_Latn","monster trucks advent calendar 2025","2025年怪兽卡车圣诞倒数日历"
"eng_Latn","nativity advent calendar for adults","马槽成人圣诞倒数日历"
"eng_Latn","one piece anime advent calendar","《海贼王》动漫圣诞倒数日历"
"eng_Latn","parrot advent calendar 2025","2025年parrot圣诞倒数日历"
"eng_Latn","play-doh advent calendar","Play-Doh圣诞倒数日历"
"eng_Latn","potty training advent calendar","pottytraining圣诞倒数日历"
"eng_Latn","refillable advent calendar large","可重复填充大号圣诞倒数日历"
"eng_Latn","snowman advent calendar","snowman圣诞倒数日历"
"eng_Latn","squishmallow advent calendar 2025 christmas","2025年Squishmallows圣诞倒数日历"
"eng_Latn","storybook advent calendar","故事书圣诞倒数日历"
"eng_Latn","superman advent calendar","超人圣诞倒数日历"
"eng_Latn","thomas advent calendar","Thomas圣诞倒数日历"
"eng_Latn","world advent calendar","世界圣诞倒数日历"
"eng_Latn","advent calendars adult women","成人女士圣诞倒数日历"
"eng_Latn","advent calendars golf","高尔夫圣诞倒数日历"
"eng_Latn","christmas advent calendars 2025","2025年圣诞倒数日历"
"eng_Latn","craft advent calendars for teen girls","手工青少年女孩圣诞倒数日历"
"eng_Latn","empty advent calendars to fill pink","空白可填充粉色圣诞倒数日历"
"eng_Latn","jewelry advent calendars for kids","珠宝首饰儿童圣诞倒数日历"
"eng_Latn","makeup advent calendars 2025","2025年彩妆圣诞倒数日历"
"eng_Latn","cat avent calendar","猫咪圣诞倒数日历"
"eng_Latn","2025 advent calendar lego","2025年乐高圣诞倒数日历"
"eng_Latn","24 day advent calendar for boys","24天男孩圣诞倒数日历"
"eng_Latn","24 day tea advent calendar","24天茶叶圣诞倒数日历"
"eng_Latn","advent calendar 2025 cadbury","2025年吉百利圣诞倒数日历"
"eng_Latn","advent calendar 2025 fun","2025年趣味圣诞倒数日历"
"eng_Latn","advent calendar 2025 girls makeup","2025年女孩彩妆圣诞倒数日历"
"eng_Latn","advent calendar 2025 gnome","2025年地精圣诞倒数日历"
"eng_Latn","advent calendar 2025 magna tiles","2025年Magna-Tiles磁力片圣诞倒数日历"
"eng_Latn","advent calendar for boys baseball","男孩棒球圣诞倒数日历"
"eng_Latn","advent calendar for dogs with toys","狗狗玩具圣诞倒数日历"
"eng_Latn","advent calendar for fishermen","fishermen圣诞倒数日历"
"eng_Latn","advent calendar for men lego","男士乐高圣诞倒数日历"
"eng_Latn","advent calendar for tween","青少年圣诞倒数日历"
"eng_Latn","advent calendar gummies","软糖圣诞倒数日历"
"eng_Latn","advent calendar kendra scott","Kendra Scott圣诞倒数日历"
"eng_Latn","advent calendar nightmare before","nightmarebefore圣诞倒数日历"
"eng_Latn","advent calendar peanuts","花生漫画圣诞倒数日历"
"eng_Latn","advent calendar with food","食品圣诞倒数日历"
"eng_Latn","advent calendar wooden drawers","木质抽屉圣诞倒数日历"
"eng_Latn","advent calendar wwe","WWE圣诞倒数日历"
"eng_Latn","advent craft calendar 2025","2025年手工圣诞倒数日历"
"eng_Latn","advent toy calendar 2025","2025年玩具圣诞倒数日历"
"eng_Latn","baby boy advent calendar","婴幼儿男孩圣诞倒数日历"
"eng_Latn","beach advent calendar 2025","2025年沙滩圣诞倒数日历"
"eng_Latn","bitty pops funko advent calendar","bittypopsFunko圣诞倒数日历"
"eng_Latn","blank wooden advent calendar","空白木质圣诞倒数日历"
"eng_Latn","book advent calendar for adults","书籍成人圣诞倒数日历"
"eng_Latn","book themed advent calendar 2025","2025年书籍主题款圣诞倒数日历"
"eng_Latn","cat advent calendar treats","猫咪零食圣诞倒数日历"
"eng_Latn","cat puzzle advent calendar","猫咪拼图圣诞倒数日历"
"eng_Latn","christmas advent calendar 2025 boys","2025年男孩圣诞倒数日历"
"eng_Latn","christmas duck advent calendar 2025","2025年鸭子圣诞倒数日历"
"eng_Latn","deadpool advent calendar","deadpool圣诞倒数日历"
"eng_Latn","decorative advent calendar","decorative圣诞倒数日历"
"eng_Latn","empty advent calendar to fill","空白可填充圣诞倒数日历"
"eng_Latn","expecting mom advent calendar","expecting妈妈圣诞倒数日历"
"eng_Latn","extra large empty advent calendar","额外大号空白圣诞倒数日历"
"eng_Latn","funko bitty pop advent calendar 2025","2025年FunkobittyPop圣诞倒数日历"
"eng_Latn","honey advent calendar 2025","2025年蜂蜜圣诞倒数日历"
"eng_Latn","hotel chocolat advent calendar","hotelchocolat圣诞倒数日历"
"eng_Latn","jesse tree advent calendar","jesse圣诞树圣诞倒数日历"
"eng_Latn","large dog advent calendar","大号狗狗圣诞倒数日历"
"eng_Latn","pop up advent calendar","Popup圣诞倒数日历"
"eng_Latn","press on nails advent calendar 2025","2025年press指甲圣诞倒数日历"
"eng_Latn","romance advent calendar book","浪漫书籍圣诞倒数日历"
"eng_Latn","shortbread advent calendar","黄油酥饼圣诞倒数日历"
"eng_Latn","stanley advent calendar 2025","2025年stanley圣诞倒数日历"
"eng_Latn","story book advent calendar 2025","2025年故事书籍圣诞倒数日历"
"eng_Latn","stranger things advent calendar funko pop","《怪奇物语》Funko Pop圣诞倒数日历"
"eng_Latn","stress ball advent calendar 2025","2025年减压球圣诞倒数日历"
"eng_Latn","teen advent calendar boy","青少年男孩圣诞倒数日历"
"eng_Latn","teen girl advent calendar 2025 ulta","2025年青少年女孩ULTA圣诞倒数日历"
"eng_Latn","theater advent calendar","theater圣诞倒数日历"
"eng_Latn","tween beauty advent calendar","青少年美妆圣诞倒数日历"
"eng_Latn","vermont christmas advent calendar","佛蒙特圣诞倒数日历"
"eng_Latn","wooden train advent calendar","木质火车圣诞倒数日历"
"eng_Latn","zuru advent calendar","zuru圣诞倒数日历"
"eng_Latn","2025 advent calendars for adults","2025年成人圣诞倒数日历"
"eng_Latn","advent calendars christmas candy","糖果圣诞倒数日历"
"eng_Latn","advent calendars crystals","水晶圣诞倒数日历"
"eng_Latn","advent calendars for teen girls 2025","2025年青少年女孩圣诞倒数日历"
"eng_Latn","advent calendars for teenagers","青少年圣诞倒数日历"
"eng_Latn","advent calendars grinch","圣诞怪杰圣诞倒数日历"
"eng_Latn","advent calendars paw patrol","《汪汪队立大功》圣诞倒数日历"
"eng_Latn","advent calendars toddler girl","幼儿女孩圣诞倒数日历"
"eng_Latn","christmas puzzle advent calendars","拼图圣诞倒数日历"
"eng_Latn","craft advent calendars for kids","手工儿童圣诞倒数日历"
"eng_Latn","skincare avent calendar","护肤圣诞倒数日历"
"eng_Latn","disney countdown calendar","迪士尼倒计时日历"
"eng_Latn","hanging christmas countdown calendar","悬挂式圣诞倒计时日历"
"eng_Latn","24 day advent calendar for men","24天男士圣诞倒数日历"
"eng_Latn","24 day wine advent calendar","24天葡萄酒圣诞倒数日历"
"eng_Latn","25 day beauty advent calendar","25天美妆圣诞倒数日历"
"eng_Latn","3d printed dragon advent calendar 2025","2025年3D打印龙圣诞倒数日历"
"eng_Latn","3d whiskey advent calendar 2025","2025年3D威士忌圣诞倒数日历"
"eng_Latn","8 year old boy advent calendar 2025","2025年8岁男孩圣诞倒数日历"
"eng_Latn","advent calendar 2 year old","2岁圣诞倒数日历"
"eng_Latn","advent calendar 2025 bookish","2025年书迷圣诞倒数日历"
"eng_Latn","advent calendar 2025 candle","2025年蜡烛圣诞倒数日历"
"eng_Latn","advent calendar 2025 chocolate godiva","2025年巧克力Godiva圣诞倒数日历"
"eng_Latn","advent calendar 2025 diamond art","2025年钻石艺术圣诞倒数日历"
"eng_Latn","advent calendar 2025 horses","2025年马匹圣诞倒数日历"
"eng_Latn","advent calendar bible","圣经圣诞倒数日历"
"eng_Latn","advent calendar countdown","圣诞倒数日历"
"eng_Latn","advent calendar for 17 year old girl","17岁女孩圣诞倒数日历"
"eng_Latn","advent calendar for autistic kids","autistic儿童圣诞倒数日历"
"eng_Latn","advent calendar for boys age 9","9岁男孩圣诞倒数日历"
"eng_Latn","advent calendar for preschoolers","preschoolers圣诞倒数日历"
"eng_Latn","advent calendar for toddlers girls","幼儿女孩圣诞倒数日历"
"eng_Latn","advent calendar for women skincare","女士护肤圣诞倒数日历"
"eng_Latn","advent calendar gifts for kids","礼物儿童圣诞倒数日历"
"eng_Latn","advent calendar kids books","儿童书籍圣诞倒数日历"
"eng_Latn","advent calendar lego star wars","乐高《星球大战》圣诞倒数日历"
"eng_Latn","advent calendar luxury","奢华圣诞倒数日历"
"eng_Latn","advent calendar preppy","学院风圣诞倒数日历"
"eng_Latn","advent wall calendar","挂墙式圣诞倒数日历"
"eng_Latn","baby book advent calendar","婴幼儿书籍圣诞倒数日历"
"eng_Latn","ballet advent calendar 2025","2025年ballet圣诞倒数日历"
"eng_Latn","bear advent calendar","熊圣诞倒数日历"
"eng_Latn","best fishing advent calendar","精选钓鱼圣诞倒数日历"
"eng_Latn","best teen boy advent calendar","精选青少年男孩圣诞倒数日历"
"eng_Latn","body care advent calendar","身体护理圣诞倒数日历"
"eng_Latn","buffalo trace bourbon advent calendar","Buffalo Trace烈酒圣诞倒数日历"
"eng_Latn","butter slime advent calendar 2025","2025年黄油史莱姆圣诞倒数日历"
"eng_Latn","cheer advent calendar","cheer圣诞倒数日历"
"eng_Latn","christian advent calendar 2025 adult","2025年基督教成人圣诞倒数日历"
"eng_Latn","christmas advent calendar 2025 girls","2025年女孩圣诞倒数日历"
"eng_Latn","christmas tree lego advent calendar","圣诞树乐高圣诞倒数日历"
"eng_Latn","colitt fishing advent calendar 2025","2025年colitt钓鱼圣诞倒数日历"
"eng_Latn","college student advent calendar 2025","2025年大学生学生圣诞倒数日历"
"eng_Latn","cozy advent calendar","cozy圣诞倒数日历"
"eng_Latn","diagon alley advent calendar 2025","2025年对角巷圣诞倒数日历"
"eng_Latn","dogs advent calendar 2025","2025年狗狗圣诞倒数日历"
"eng_Latn","estee lauder advent calendar 2025","2025年esteelauder圣诞倒数日历"
"eng_Latn","fantasy advent calendar","fantasy圣诞倒数日历"
"eng_Latn","figurine advent calendar 2025","2025年人偶圣诞倒数日历"
"eng_Latn","flower advent calendar lego","花卉乐高圣诞倒数日历"
"eng_Latn","gift card advent calendar","礼物卡片圣诞倒数日历"
"eng_Latn","gnomes advent calendar","侏儒圣诞倒数日历"
"eng_Latn","hair accessory advent calendar","头发护理accessory圣诞倒数日历"
"eng_Latn","hatchimals advent calendar","hatchimals圣诞倒数日历"
"eng_Latn","hockey advent calendar for boys","冰球男孩圣诞倒数日历"
"eng_Latn","kaboom advent calendar","kaboom圣诞倒数日历"
"eng_Latn","kids beauty advent calendar 2025","2025年儿童美妆圣诞倒数日历"
"eng_Latn","kids puzzle advent calendar 2025","2025年儿童拼图圣诞倒数日历"
"eng_Latn","la dodgers advent calendar 2025","2025年ladodgers圣诞倒数日历"
"eng_Latn","lip product advent calendar","lipproduct圣诞倒数日历"
"eng_Latn","lububu advent calendar 2025","2025年lububu圣诞倒数日历"
"eng_Latn","makeup advent calendar 2025, 24 days christmas holiday xmas countdown calendar beauty make up surpri","2025年24天彩妆假日美妆surpri圣诞倒数日历"
"eng_Latn","marzipan advent calendar","杏仁糖圣诞倒数日历"
"eng_Latn","mini building blocks advent calendar","迷你积木圣诞倒数日历"
"eng_Latn","mini funko pop advent calendar","迷你Funko Pop圣诞倒数日历"
"eng_Latn","money advent calendar 2025","2025年money圣诞倒数日历"
"eng_Latn","nfl funko pop advent calendar","NFLFunko Pop圣诞倒数日历"
"eng_Latn","non candy advent calendar for kids","无糖果儿童圣诞倒数日历"
"eng_Latn","oreo advent calendar 2025","2025年奥利奥圣诞倒数日历"
"eng_Latn","peppa advent calendar","《小猪佩奇》圣诞倒数日历"
"eng_Latn","raccoon advent calendar 2025","2025年raccoon圣诞倒数日历"
"eng_Latn","rubix cube advent calendar","rubixcube圣诞倒数日历"
"eng_Latn","silly goose advent calendar 2025","2025年搞怪鹅圣诞倒数日历"
"eng_Latn","tarte advent calendar 2025","2025年tarte圣诞倒数日历"
"eng_Latn","teens advent calendar","青少年圣诞倒数日历"
"eng_Latn","treat advent calendar 2025","2025年零食圣诞倒数日历"
"eng_Latn","ultra beauty advent calendar","ultra美妆圣诞倒数日历"
"eng_Latn","vermont advent calendar 2025","2025年佛蒙特圣诞倒数日历"
"eng_Latn","womens socks advent calendar","女士袜子圣诞倒数日历"
"eng_Latn","yugioh advent calendar 2025","2025年yugioh圣诞倒数日历"
"eng_Latn","advent calendars cats","猫咪圣诞倒数日历"
"eng_Latn","advent calendars cute","可爱圣诞倒数日历"
"eng_Latn","advent calendars under 10","10以下圣诞倒数日历"
"eng_Latn","chocolate advent calendars 2024","2024年巧克力圣诞倒数日历"
"eng_Latn","christmas advent calendars￼","圣诞倒数日历"
"eng_Latn","christmas+advent+calendars+for+kids","儿童圣诞倒数日历"
"eng_Latn","cool advent calendars for men","酷男士圣诞倒数日历"
"eng_Latn","11 year old boy advent calendar","11岁男孩圣诞倒数日历"
"eng_Latn","2025 chocolate advent calendar","2025年巧克力圣诞倒数日历"
"eng_Latn","4 year old girl advent calendar 2025","2025年4岁女孩圣诞倒数日历"
"eng_Latn","advent calendar 12 year old girl","12岁女孩圣诞倒数日历"
"eng_Latn","advent calendar 2025 adult women beauty","2025年成人女士美妆圣诞倒数日历"
"eng_Latn","advent calendar 2025 for family","2025年家庭圣诞倒数日历"
"eng_Latn","advent calendar 2025 littlest pet shop","2025年Littlest Pet Shop圣诞倒数日历"
"eng_Latn","advent calendar 2025 teen boys cologne","2025年青少年男孩男士香水圣诞倒数日历"
"eng_Latn","advent calendar card","卡片圣诞倒数日历"
"eng_Latn","advent calendar d&d","D&D圣诞倒数日历"
"eng_Latn","advent calendar for 2 kids","2儿童圣诞倒数日历"
"eng_Latn","advent calendar girls 2025","2025年女孩圣诞倒数日历"
"eng_Latn","advent calendar hershey","好时圣诞倒数日历"
"eng_Latn","advent calendar hot wheels 2025","2025年风火轮圣诞倒数日历"
"eng_Latn","advent calendar k pop","kPop圣诞倒数日历"
"eng_Latn","advent calendar maybelline","美宝莲圣诞倒数日历"
"eng_Latn","advent calendar milka","Milka圣诞倒数日历"
"eng_Latn","advent calendar plants","plants圣诞倒数日历"
"eng_Latn","advent calendar pouches","pouches圣诞倒数日历"
"eng_Latn","advent calendar science experiments","科学experiments圣诞倒数日历"
"eng_Latn","advent calendar with alcohol","酒类圣诞倒数日历"
"eng_Latn","amazon makeup advent calendar","亚马逊彩妆圣诞倒数日历"
"eng_Latn","beauty advent calendar for teen girls","美妆青少年女孩圣诞倒数日历"
"eng_Latn","beyblade advent calendar","beyblade圣诞倒数日历"
"eng_Latn","christmas picture advent calendar","图片圣诞倒数日历"
"eng_Latn","d & d advent calendar 2025","2025年D&D圣诞倒数日历"
"eng_Latn","dirtbike advent calendar 2025","2025年越野摩托车圣诞倒数日历"
"eng_Latn","disney book advent calendar","迪士尼书籍圣诞倒数日历"
"eng_Latn","divine dark chocolate advent calendar","divine黑巧克力圣诞倒数日历"
"eng_Latn","doggy advent calendar","doggy圣诞倒数日历"
"eng_Latn","dogman advent calendar 2025","2025年dogman圣诞倒数日历"
"eng_Latn","earring advent calendar 2025 for women","2025年耳环女士圣诞倒数日历"
"eng_Latn","emotional support pals advent calendar 2025","2025年情绪陪伴伙伴圣诞倒数日历"
"eng_Latn","empty 12 day advent calendar","12天空白圣诞倒数日历"
"eng_Latn","fidget toys advent calendar 2025","2025年解压玩具玩具圣诞倒数日历"
"eng_Latn","franzis advent calendar","franzis圣诞倒数日历"
"eng_Latn","gel polish advent calendar 2025","2025年凝胶指甲油圣诞倒数日历"
"eng_Latn","girls make up advent calendar 2025","2025年女孩彩妆圣诞倒数日历"
"eng_Latn","gourmet candy advent calendar","美食糖果圣诞倒数日历"
"eng_Latn","hello kitty holiday advent calendar","Hello Kitty假日圣诞倒数日历"
"eng_Latn","honey advent calendar","蜂蜜圣诞倒数日历"
"eng_Latn","hunter advent calendar 2025","2025年猎人圣诞倒数日历"
"eng_Latn","jewelry advent christmas calendar","珠宝首饰圣诞倒数日历"
"eng_Latn","lankybox advent calendar","lankybox圣诞倒数日历"
"eng_Latn","lego succulent advent calendar","乐高多肉植物圣诞倒数日历"
"eng_Latn","lindor chocolate advent calendar 2025","2025年Lindor巧克力圣诞倒数日历"
"eng_Latn","liquor advent calendar for adults","酒类成人圣诞倒数日历"
"eng_Latn","lps advent calendar 2024","2024年LPS圣诞倒数日历"
"eng_Latn","magnet advent calendar 2025","2025年磁铁圣诞倒数日历"
"eng_Latn","men's cologne advent calendar 2025","2025年男士s男士香水圣诞倒数日历"
"eng_Latn","mini funko pop advent calendar 2025","2025年迷你Funko Pop圣诞倒数日历"
"eng_Latn","mini monster jam advent calendar","迷你Monster Jam圣诞倒数日历"
"eng_Latn","movinpe advent calendar","movinpe圣诞倒数日历"
"eng_Latn","musician advent calendar","musician圣诞倒数日历"
"eng_Latn","national lampoon's advent calendar 2025","2025年National Lampoon圣诞倒数日历"
"eng_Latn","nativity advent calendar building blocks","马槽积木圣诞倒数日历"
"eng_Latn","night mare before christmas advent calendar 2025","2025年nightmarebefore圣诞倒数日历"
"eng_Latn","old fashioned advent calendar","fashioned圣诞倒数日历"
"eng_Latn","olivia rodrigo advent calendar","oliviarodrigo圣诞倒数日历"
"eng_Latn","philadelphia eagles advent calendar","philadelphiaeagles圣诞倒数日历"
"eng_Latn","pj mask advent calendar 2025","2025年pjmask圣诞倒数日历"
"eng_Latn","pocket advent calendar 2025","2025年口袋款圣诞倒数日历"
"eng_Latn","pokemon lego advent calendar","宝可梦乐高圣诞倒数日历"
"eng_Latn","police advent calendar","警察圣诞倒数日历"
"eng_Latn","precious moments advent calendar 2025","2025年Precious Moments圣诞倒数日历"
"eng_Latn","red wine advent calendar","红色葡萄酒圣诞倒数日历"
"eng_Latn","reusable advent calendar 2025","2025年可重复使用圣诞倒数日历"
"eng_Latn","runners advent calendar 2025","2025年跑者圣诞倒数日历"
"eng_Latn","sephora advent calendar 2024","2024年丝芙兰圣诞倒数日历"
"eng_Latn","slime christmas advent calendar","史莱姆圣诞倒数日历"
"eng_Latn","squishalongs advent calendar 2025","2025年Squish-A-Longs圣诞倒数日历"
"eng_Latn","stone advent calendar","stone圣诞倒数日历"
"eng_Latn","strawberry shortcake advent calendar 2025","2025年strawberryshortcake圣诞倒数日历"
"eng_Latn","super kitties advent calendar 2025","2025年superkitties圣诞倒数日历"
"eng_Latn","the advent calendar","圣诞倒数日历"
"eng_Latn","themed advent calendar 2025","2025年主题款圣诞倒数日历"
"eng_Latn","toddler christmas advent calendar 2025","2025年幼儿圣诞倒数日历"
"eng_Latn","twix advent calendar 2025","2025年twix圣诞倒数日历"
"eng_Latn","unique advent calendar for women","独特女士圣诞倒数日历"
"eng_Latn","unusual advent calendar","特别圣诞倒数日历"
"eng_Latn","walkers shortbread advent calendar 2025","2025年walkersshortbread圣诞倒数日历"
"eng_Latn","wolf advent calendar 2025","2025年wolf圣诞倒数日历"
"eng_Latn","world cup advent calendar 2025","2025年世界杯圣诞倒数日历"
"eng_Latn","advent calendars box","盒子圣诞倒数日历"
"eng_Latn","advent calendars lego flowers","乐高花卉圣诞倒数日历"
"eng_Latn","hanging advent calendars to fill","悬挂式可填充圣诞倒数日历"
"eng_Latn","sea glass advent calendars","海洋玻璃圣诞倒数日历"
"eng_Latn","wicked avent calendar 2025 christmas","2025年Wicked圣诞倒数日历"
"eng_Latn","12 days empty advent calendar","12天空白圣诞倒数日历"
"eng_Latn","3-d printed advent calendar","3dprinted圣诞倒数日历"
"eng_Latn","9 year old girl advent calendar 2025","2025年9岁女孩圣诞倒数日历"
"eng_Latn","a christmas story advent calendar 2025","2025年故事圣诞倒数日历"
"eng_Latn","advent calendar 2023","2023年圣诞倒数日历"
"eng_Latn","advent calendar 2025 adults women","2025年成人女士圣诞倒数日历"
"eng_Latn","advent calendar 2025 building blocks","2025年积木圣诞倒数日历"
"eng_Latn","advent calendar 2025 doorables","2025年Disney Doorables圣诞倒数日历"
"eng_Latn","advent calendar 2025 edible","2025年可食用圣诞倒数日历"
"eng_Latn","advent calendar 2025 for tween girls","2025年青少年女孩圣诞倒数日历"
"eng_Latn","advent calendar 2025 mini verse","2025年Miniverse圣诞倒数日历"
"eng_Latn","advent calendar 2025 socks women","2025年袜子女士圣诞倒数日历"
"eng_Latn","advent calendar 2025 stem","2025年STEM圣诞倒数日历"
"eng_Latn","advent calendar 2025 teen girls skincare and makeup","2025年青少年女孩护肤彩妆圣诞倒数日历"
"eng_Latn","advent calendar dragons","dragons圣诞倒数日历"
"eng_Latn","advent calendar for girls mini brands","女孩Mini Brands圣诞倒数日历"
"eng_Latn","advent calendar for hunters 2025","2025年猎人圣诞倒数日历"
"eng_Latn","advent calendar for nurses","nurses圣诞倒数日历"
"eng_Latn","advent calendar funko pop 2025","2025年Funko Pop圣诞倒数日历"
"eng_Latn","advent calendar goth","哥特风圣诞倒数日历"
"eng_Latn","advent calendar liquor","酒类圣诞倒数日历"
"eng_Latn","advent calendar loreal","欧莱雅圣诞倒数日历"
"eng_Latn","advent calendar naruto","《火影忍者》圣诞倒数日历"
"eng_Latn","advent calendar sensory","感官圣诞倒数日历"
"eng_Latn","advent skin care calendar 2025","2025年护肤圣诞倒数日历"
"eng_Latn","artskills advent calendar","artskills圣诞倒数日历"
"eng_Latn","barbieland advent calendar","barbieland圣诞倒数日历"
"eng_Latn","baseball cards advent calendar","棒球卡片圣诞倒数日历"
"eng_Latn","beauty advent calendar for women","美妆女士圣诞倒数日历"
"eng_Latn","beauty products advent calendar 2025","2025年美妆产品圣诞倒数日历"
"eng_Latn","bird ornament advent calendar","鸟类装饰品圣诞倒数日历"
"eng_Latn","bracelet making advent calendar","手链制作圣诞倒数日历"
"eng_Latn","burt bees advent calendar","burtbees圣诞倒数日历"
"eng_Latn","cheap makeup advent calendar","实惠彩妆圣诞倒数日历"
"eng_Latn","christmas ornaments advent calendar","装饰品圣诞倒数日历"
"eng_Latn","christmas socks advent calendar 2025","2025年袜子圣诞倒数日历"
"eng_Latn","cocomelon advent calendar 2025","2025年cocomelon圣诞倒数日历"
"eng_Latn","d n d advent calendar","dn圣诞倒数日历"
"eng_Latn","dark romance advent calendar","dark浪漫圣诞倒数日历"
"eng_Latn","dolly parton advent calendar 2025","2025年dollyparton圣诞倒数日历"
"eng_Latn","eagles advent calendar","eagles圣诞倒数日历"
"eng_Latn","freeze dried advent calendar","freezedried圣诞倒数日历"
"eng_Latn","french advent calendar 2025","2025年french圣诞倒数日历"
"eng_Latn","girls advent calendar 2025 barbie","2025年女孩芭比圣诞倒数日历"
"eng_Latn","guitar themed advent calendar","吉他主题款圣诞倒数日历"
"eng_Latn","harley advent calendar 2025","2025年harley圣诞倒数日历"
"eng_Latn","hunters advent calendar 2025","2025年猎人圣诞倒数日历"
"eng_Latn","italian advent calendar 2025","2025年意大利圣诞倒数日历"
"eng_Latn","joke advent calendar 2025","2025年笑话圣诞倒数日历"
"eng_Latn","kpop advent calendar 2025 girls","2025年K-pop女孩圣诞倒数日历"
"eng_Latn","lego advent calendar christmas","乐高圣诞倒数日历"
"eng_Latn","mens advent calendar cologne","男士男士香水圣诞倒数日历"
"eng_Latn","mini advent calendar fillers for kids","迷你儿童圣诞倒数日历填充物"
"eng_Latn","name brand advent calendar","知名品牌圣诞倒数日历"
"eng_Latn","ne doh advent calendar","nedoh圣诞倒数日历"
"eng_Latn","paint advent calendar","paint圣诞倒数日历"
"eng_Latn","poly pocket advent calendar","polyPocket圣诞倒数日历"
"eng_Latn","religious advent calendar 2025 adult","2025年宗教成人圣诞倒数日历"
"eng_Latn","rescuer –nativity advent calendar","The Rescuer马槽圣诞倒数日历"
"eng_Latn","robot advent calendar 2025","2025年robot圣诞倒数日历"
"eng_Latn","she glam advent calendar","sheglam圣诞倒数日历"
"eng_Latn","skincare and makeup advent calendar","护肤彩妆圣诞倒数日历"
"eng_Latn","steelers advent calendar","steelers圣诞倒数日历"
"eng_Latn","topps baseball card advent calendar 2025","2025年Topps棒球卡片圣诞倒数日历"
"eng_Latn","toys advent calendar 2025","2025年玩具圣诞倒数日历"
"eng_Latn","vintage advent calendar 2025","2025年复古圣诞倒数日历"
"eng_Latn","wera tools advent calendar","wera工具圣诞倒数日历"
"eng_Latn","world candy advent calendar","世界糖果圣诞倒数日历"
"eng_Latn","advent calendars basketball","篮球圣诞倒数日历"
"eng_Latn","advent calendars book lovers","书籍爱好者圣诞倒数日历"
"eng_Latn","advent calendars redbull","红牛圣诞倒数日历"
"eng_Latn","advent calendars snacks","零食圣诞倒数日历"
"eng_Latn","advent calendars wine","葡萄酒圣诞倒数日历"
"eng_Latn","advent calendars wood","木质圣诞倒数日历"
"eng_Latn","christmas advent calendars for kids candy","儿童糖果圣诞倒数日历"
"eng_Latn","fishing advent calendars 2025","2025年垂钓圣诞倒数日历"
"eng_Latn","funny advent calendars for adults","趣味成人圣诞倒数日历"
"eng_Latn","star wars advent calendars","《星球大战》圣诞倒数日历"
"eng_Latn","unique advent calendars for kids","独特儿童圣诞倒数日历"
"eng_Latn","vegan chocolate advent calendars","纯素巧克力圣诞倒数日历"
"eng_Latn","jewelry avent calendar","珠宝首饰圣诞倒数日历"
"eng_Latn","1000 piece advent calendar puzzle","1000piece拼图圣诞倒数日历"
"eng_Latn","24 day advent calendar for girls","24天女孩圣诞倒数日历"
"eng_Latn","3d printed animal advent calendar 2025","2025年3D打印动物圣诞倒数日历"
"eng_Latn","advent calendar 2025 baking","2025年烘焙圣诞倒数日历"
"eng_Latn","advent calendar 2025 hot cocoa","2025年热可可圣诞倒数日历"
"eng_Latn","advent calendar 2025 jurassic world","2025年侏罗纪世界圣诞倒数日历"
"eng_Latn","advent calendar boys age 6","6岁男孩圣诞倒数日历"
"eng_Latn","advent calendar bracelet 2025","2025年手链圣诞倒数日历"
"eng_Latn","advent calendar cologne for men","男士香水圣诞倒数日历"
"eng_Latn","advent calendar for women perfume","女士香水圣诞倒数日历"
"eng_Latn","advent calendar gemstone","宝石圣诞倒数日历"
"eng_Latn","advent calendar german","德国圣诞倒数日历"
"eng_Latn","advent calendar gilmore girls 2025","2025年《吉尔莫女孩》圣诞倒数日历"
"eng_Latn","advent calendar girls crafts","女孩手工圣诞倒数日历"
"eng_Latn","advent calendar hamilton","hamilton圣诞倒数日历"
"eng_Latn","advent calendar items for kids","物品儿童圣诞倒数日历"
"eng_Latn","advent calendar men snacks","男士零食圣诞倒数日历"
"eng_Latn","advent calendar nail","指甲护理圣诞倒数日历"
"eng_Latn","advent calendar reusable fabric","可重复使用布艺圣诞倒数日历"
"eng_Latn","advent calendar the office","《办公室》圣诞倒数日历"
"eng_Latn","advent calendar unusual","特别圣诞倒数日历"
"eng_Latn","beatles advent calendar 2025","2025年披头士圣诞倒数日历"
"eng_Latn","blind box advent calendar 2025","2025年盲盒圣诞倒数日历"
"eng_Latn","chaos theory advent calendar","chaostheory圣诞倒数日历"
"eng_Latn","christmas advent calendar for women","女士圣诞倒数日历"
"eng_Latn","construction vehicle advent calendar","工程车圣诞倒数日历"
"eng_Latn","crochet advent calendar kit","钩针编织套装圣诞倒数日历"
"eng_Latn","demon slayer advent calendar 2025 anime","2025年《鬼灭之刃》动漫圣诞倒数日历"
"eng_Latn","dodger advent calendar","dodger圣诞倒数日历"
"eng_Latn","dr who advent calendar","drwho圣诞倒数日历"
"eng_Latn","empty advent calendar boxes 12 days","12天空白盒子圣诞倒数日历"
"eng_Latn","espresso advent calendar 2025","2025年espresso圣诞倒数日历"
"eng_Latn","girls christmas advent calendar 2025","2025年女孩圣诞倒数日历"
"eng_Latn","grandma advent calendar 2025","2025年祖母圣诞倒数日历"
"eng_Latn","gummies advent calendar 2025","2025年软糖圣诞倒数日历"
"eng_Latn","guys advent calendar","男士圣诞倒数日历"
"eng_Latn","harry potter christmas advent calendar 2025","2025年《哈利·波特》圣诞倒数日历"
"eng_Latn","highland cows advent calendar","高地奶牛圣诞倒数日历"
"eng_Latn","hotel chocolate advent calendar 2025","2025年hotel巧克力圣诞倒数日历"
"eng_Latn","insect advent calendar","昆虫圣诞倒数日历"
"eng_Latn","jewish advent calendar 2025","2025年jewish圣诞倒数日历"
"eng_Latn","lego kids advent calendar","乐高儿童圣诞倒数日历"
"eng_Latn","make up advent calendar for teens","彩妆青少年圣诞倒数日历"
"eng_Latn","makeup advent calendar 2025 teen girls","2025年彩妆青少年女孩圣诞倒数日历"
"eng_Latn","mens grooming advent calendar","男士理容圣诞倒数日历"
"eng_Latn","mini squishmallows advent calendar","迷你Squishmallows圣诞倒数日历"
"eng_Latn","pokemon christmas advent calendar 2025","2025年宝可梦圣诞倒数日历"
"eng_Latn","see's candy advent calendar","See's Candy圣诞倒数日历"
"eng_Latn","survival tool advent calendar","生存工具圣诞倒数日历"
"eng_Latn","tea forte advent calendar","茶forte圣诞倒数日历"
"eng_Latn","topps basketball advent calendar 2025","2025年Topps篮球圣诞倒数日历"
"eng_Latn","trading card advent calendar","集换式卡牌圣诞倒数日历"
"eng_Latn","advent calendars fortnite","Fortnite圣诞倒数日历"
"eng_Latn","advent calendars fun","趣味圣诞倒数日历"
"eng_Latn","best advent calendars for teen boys","精选青少年男孩圣诞倒数日历"
"eng_Latn","best teen advent calendars","精选青少年圣诞倒数日历"
"eng_Latn","bonne maman advent calendars","Bonne Maman圣诞倒数日历"
"eng_Latn","nerdy advent calendars","极客圣诞倒数日历"
"eng_Latn","teenage advent calendars","青少年圣诞倒数日历"
"eng_Latn","ulta advent calendars","ULTA圣诞倒数日历"
"eng_Latn","hot wheels avent calendar","风火轮圣诞倒数日历"
"eng_Latn","10 year old advent calendar 2025","2025年10岁圣诞倒数日历"
"eng_Latn","2025 advent calendar candy","2025年糖果圣诞倒数日历"
"eng_Latn","advent calendar 2025 adult women perfume","2025年成人女士香水圣诞倒数日历"
"eng_Latn","advent calendar 2025 christmas jigsaw puzzles","2025年拼图圣诞倒数日历"
"eng_Latn","advent calendar 2025 lip balm","2025年润唇膏圣诞倒数日历"
"eng_Latn","advent calendar 2025 magic","2025年魔法圣诞倒数日历"
"eng_Latn","advent calendar 2025 tools","2025年工具圣诞倒数日历"
"eng_Latn","advent calendar barbie 2025","2025年芭比圣诞倒数日历"
"eng_Latn","advent calendar bourbon","烈酒圣诞倒数日历"
"eng_Latn","advent calendar brain rot","脑力圣诞倒数日历"
"eng_Latn","advent calendar dragon ball z","《龙珠Z》圣诞倒数日历"
"eng_Latn","advent calendar ducks 2025","2025年鸭子圣诞倒数日历"
"eng_Latn","advent calendar for boys 8-10","男孩810圣诞倒数日历"
"eng_Latn","advent calendar for boys roblox","男孩Roblox圣诞倒数日历"
"eng_Latn","advent calendar for fishing","钓鱼圣诞倒数日历"
"eng_Latn","advent calendar for woman 2025","2025年女士圣诞倒数日历"
"eng_Latn","advent calendar gluten free","无麸质圣诞倒数日历"
"eng_Latn","advent calendar jewelry kids","珠宝首饰儿童圣诞倒数日历"
"eng_Latn","advent calendar kits to make","kitsmake圣诞倒数日历"
"eng_Latn","advent calendar nativity 2025","2025年马槽圣诞倒数日历"
"eng_Latn","advent calendar nba","NBA圣诞倒数日历"
"eng_Latn","advent calendar pictures","pictures圣诞倒数日历"
"eng_Latn","advent calendar prizes","prizes圣诞倒数日历"
"eng_Latn","allergy friendly advent calendar","allergyfriendly圣诞倒数日历"
"eng_Latn","around the world advent calendar 2025","2025年世界各地圣诞倒数日历"
"eng_Latn","bath bomb advent calendar for kids","沐浴球儿童圣诞倒数日历"
"eng_Latn","beetles christmas advent calendar","Beetles圣诞倒数日历"
"eng_Latn","best advent calendar 2025 for kids","2025年精选儿童圣诞倒数日历"
"eng_Latn","best chocolate advent calendar","精选巧克力圣诞倒数日历"
"eng_Latn","bluey advent book calendar","Bluey书籍圣诞倒数日历"
"eng_Latn","bourbon advent calendar 2025 for men","2025年烈酒男士圣诞倒数日历"
"eng_Latn","boy advent calendar 2025 lego","2025年男孩乐高圣诞倒数日历"
"eng_Latn","braintot advent calendar","braintot圣诞倒数日历"
"eng_Latn","brick advent calendar","brick圣诞倒数日历"
"eng_Latn","catrice advent calendar 2025","2025年catrice圣诞倒数日历"
"eng_Latn","christmas advent calendar boxes","盒子圣诞倒数日历"
"eng_Latn","christmas advent calendar for adults","成人圣诞倒数日历"
"eng_Latn","christmas advent calendar jigsaw puzzle","拼图圣诞倒数日历"
"eng_Latn","christmas sock advent calendar 2025","2025年袜子圣诞倒数日历"
"eng_Latn","comic advent calendar","漫画圣诞倒数日历"
"eng_Latn","descendants advent calendar","descendants圣诞倒数日历"
"eng_Latn","disney lego advent calendar","迪士尼乐高圣诞倒数日历"
"eng_Latn","dragon egg advent calendar","龙egg圣诞倒数日历"
"eng_Latn","e.l.f. sleigh the holidays 24-day advent calendar 2025","2025年24天e.l.f. Sleigh the Holidays圣诞倒数日历"
"eng_Latn","elsa advent calendar","艾莎圣诞倒数日历"
"eng_Latn","finger puppet advent calendar","手指玩偶圣诞倒数日历"
"eng_Latn","fishing lure advent calendar 2025 bass","2025年钓鱼诱饵bass圣诞倒数日历"
"eng_Latn","ford advent calendar","ford圣诞倒数日历"
"eng_Latn","freshcut paper advent calendar","freshcutpaper圣诞倒数日历"
"eng_Latn","funko harry potter advent calendar","Funko《哈利·波特》圣诞倒数日历"
"eng_Latn","guitarist advent calendar","guitarist圣诞倒数日历"
"eng_Latn","hamster advent calendar","hamster圣诞倒数日历"
"eng_Latn","harry potter advent calendar diagon alley","《哈利·波特》diagonalley圣诞倒数日历"
"eng_Latn","hazet advent calendar","hazet圣诞倒数日历"
"eng_Latn","hersey advent calendar 2025","2025年hersey圣诞倒数日历"
"eng_Latn","kids sock advent calendar 2025","2025年儿童袜子圣诞倒数日历"
"eng_Latn","lego christmas tree advent calendar 2025","2025年乐高圣诞树圣诞倒数日历"
"eng_Latn","lego ninjago advent calendar","乐高ninjago圣诞倒数日历"
"eng_Latn","lindt giant advent calendar 2025","2025年瑞士莲巨型圣诞倒数日历"
"eng_Latn","mens skin care advent calendar","男士护肤圣诞倒数日历"
"eng_Latn","model car advent calendar 2025","2025年model汽车圣诞倒数日历"
"eng_Latn","ms rachel advent calendar","msrachel圣诞倒数日历"
"eng_Latn","nativity advent calendar with book","马槽书籍圣诞倒数日历"
"eng_Latn","nee dough advent calendar","needough圣诞倒数日历"
"eng_Latn","need oh advent calendar","NeeDoh圣诞倒数日历"
"eng_Latn","office advent calendar","The Office圣诞倒数日历"
"eng_Latn","ornaments advent calendar 2025","2025年装饰品圣诞倒数日历"
"eng_Latn","our generation doll advent calendar","ourgeneration玩偶圣诞倒数日历"
"eng_Latn","peanut butter advent calendar","peanutbutter圣诞倒数日历"
"eng_Latn","pixar funko pop advent calendar","PixarFunko Pop圣诞倒数日历"
"eng_Latn","purple ladybug advent calendar","purpleladybug圣诞倒数日历"
"eng_Latn","quirky advent calendar","quirky圣诞倒数日历"
"eng_Latn","resin advent calendar","树脂圣诞倒数日历"
"eng_Latn","rock around the guitar advent calendar 2025","2025年摇滚around吉他圣诞倒数日历"
"eng_Latn","sports advent calendar 2025 boys","2025年运动男孩圣诞倒数日历"
"eng_Latn","sudoku advent calendar","数独圣诞倒数日历"
"eng_Latn","teen advent calendar stuffers","青少年圣诞倒数日历填充物"
"eng_Latn","teen makeup advent calendar","青少年彩妆圣诞倒数日历"
"eng_Latn","tree advent calendar 2025","2025年圣诞树圣诞倒数日历"
"eng_Latn","viking advent calendar","viking圣诞倒数日历"
"eng_Latn","wicked advent calendar 2026","2026年Wicked圣诞倒数日历"
"eng_Latn","advent calendars for wife","妻子圣诞倒数日历"
"eng_Latn","advent calendars kids 2025","2025年儿童圣诞倒数日历"
"eng_Latn","advent calendars women 2025","2025年女士圣诞倒数日历"
"eng_Latn","christmas advent calendars for kids lego","儿童乐高圣诞倒数日历"
"eng_Latn","fun advent calendars for men","趣味男士圣诞倒数日历"
"eng_Latn","men advent calendars","男士圣诞倒数日历"
"eng_Latn","skin care avent calendar","护肤圣诞倒数日历"
"eng_Latn","2025 wine advent calendar","2025年葡萄酒圣诞倒数日历"
"eng_Latn","24 day makeup advent calendar","24天彩妆圣诞倒数日历"
"eng_Latn","adult candle advent calendar","成人蜡烛圣诞倒数日历"
"eng_Latn","adult womens advent calendar 2025","2025年成人女士圣诞倒数日历"
"eng_Latn","advent baseball calendar 2025","2025年棒球圣诞倒数日历"
"eng_Latn","advent bracelet calendar 2025","2025年手链圣诞倒数日历"
"eng_Latn","advent calendar 2025 2 year old","2025年2岁圣诞倒数日历"
"eng_Latn","advent calendar 2025 bitty pop","2025年bittyPop圣诞倒数日历"
"eng_Latn","advent calendar 2025 jelly","2025年果冻圣诞倒数日历"
"eng_Latn","advent calendar 2025 kids kpop demon hunters","2025年儿童《KPop恶魔猎人》圣诞倒数日历"
"eng_Latn","advent calendar 2025 man","2025年男士圣诞倒数日历"
"eng_Latn","advent calendar 2025 under 10","2025年10以下圣诞倒数日历"
"eng_Latn","advent calendar 2026 for adults","2026年成人圣诞倒数日历"
"eng_Latn","advent calendar books for teens","书籍青少年圣诞倒数日历"
"eng_Latn","advent calendar candy for adults","糖果成人圣诞倒数日历"
"eng_Latn","advent calendar fisher price","Fisher-Price圣诞倒数日历"
"eng_Latn","advent calendar for adults candy","成人糖果圣诞倒数日历"
"eng_Latn","advent calendar for bakers","bakers圣诞倒数日历"
"eng_Latn","advent calendar for cooks","cooks圣诞倒数日历"
"eng_Latn","advent calendar for men￼","男士圣诞倒数日历"
"eng_Latn","advent calendar for teen girls nails","青少年女孩指甲圣诞倒数日历"
"eng_Latn","advent calendar for teenage girl","青少年女孩圣诞倒数日历"
"eng_Latn","advent calendar for women beauty","女士美妆圣诞倒数日历"
"eng_Latn","advent calendar japanese","日式圣诞倒数日历"
"eng_Latn","advent calendar kids chocolate","儿童巧克力圣诞倒数日历"
"eng_Latn","advent calendar lol","LOL圣诞倒数日历"
"eng_Latn","advent calendar military","军事圣诞倒数日历"
"eng_Latn","advent calendar stitch 2025","2025年史迪奇圣诞倒数日历"
"eng_Latn","advent calendar toy story","《玩具总动员》圣诞倒数日历"
"eng_Latn","advent calendar vending machine","自动售货机圣诞倒数日历"
"eng_Latn","advent calendar village","村庄圣诞倒数日历"
"eng_Latn","advent socks calendar 2025","2025年袜子圣诞倒数日历"
"eng_Latn","advent wine calendar","葡萄酒圣诞倒数日历"
"eng_Latn","back to the future advent calendar 2025","2025年backfuture圣诞倒数日历"
"eng_Latn","bbq advent calendar","烧烤圣诞倒数日历"
"eng_Latn","beauty advent calendar 2025 elf","2025年美妆e.l.f.圣诞倒数日历"
"eng_Latn","beetle advent calendar 2025","2025年beetle圣诞倒数日历"
"eng_Latn","bluey advent calendar 2025 book","2025年Bluey书籍圣诞倒数日历"
"eng_Latn","bocce advent calendar","bocce圣诞倒数日历"
"eng_Latn","body spray advent calendar","身体喷雾圣诞倒数日历"
"eng_Latn","boy teen advent calendar 2025","2025年男孩青少年圣诞倒数日历"
"eng_Latn","boys christmas advent calendar","男孩圣诞倒数日历"
"eng_Latn","burts bee advent calendar 2025","2025年burtsbee圣诞倒数日历"
"eng_Latn","butter slime advent calendar","黄油史莱姆圣诞倒数日历"
"eng_Latn","butterfly advent calendar 2025","2025年butterfly圣诞倒数日历"
"eng_Latn","cadbury chocolate advent calendar 2025","2025年吉百利巧克力圣诞倒数日历"
"eng_Latn","cat puzzle advent calendar 2025","2025年猫咪拼图圣诞倒数日历"
"eng_Latn","cat treats advent calendar 2025","2025年猫咪零食圣诞倒数日历"
"eng_Latn","chef advent calendar","chef圣诞倒数日历"
"eng_Latn","construction vehicle advent calendar 2025","2025年工程车圣诞倒数日历"
"eng_Latn","cosmetics advent calendar","化妆品圣诞倒数日历"
"eng_Latn","craft advent calendar 2025 kids","2025年手工儿童圣诞倒数日历"
"eng_Latn","dad joke advent calendar 2025","2025年爸爸笑话圣诞倒数日历"
"eng_Latn","dad jokes advent calendar","爸爸笑话圣诞倒数日历"
"eng_Latn","dallas cowboys advent calendar","dallascowboys圣诞倒数日历"
"eng_Latn","disney funko pop advent calendar 2025","2025年迪士尼Funko Pop圣诞倒数日历"
"eng_Latn","elephant advent calendar 2025","2025年elephant圣诞倒数日历"
"eng_Latn","fill yourself advent calendar","可自行填充圣诞倒数日历"
"eng_Latn","fishing tackle advent calendar","钓鱼渔具圣诞倒数日历"
"eng_Latn","funko pop advent calendar 24 days","24天Funko Pop圣诞倒数日历"
"eng_Latn","gabbys dollhouse advent calendar","Gabby's Dollhouse圣诞倒数日历"
"eng_Latn","ghirardelli chocolate advent calendar 2025","2025年ghirardelli巧克力圣诞倒数日历"
"eng_Latn","goose advent calendar","goose圣诞倒数日历"
"eng_Latn","gourmet food advent calendar","美食食品圣诞倒数日历"
"eng_Latn","highlander cow advent calendar","highlander奶牛圣诞倒数日历"
"eng_Latn","jewelry making advent calendar","珠宝首饰制作圣诞倒数日历"
"eng_Latn","lego nativity set advent calendar","乐高马槽套装圣诞倒数日历"
"eng_Latn","legos friends advent calendar","乐高《老友记》圣诞倒数日历"
"eng_Latn","max verstappen advent calendar","maxverstappen圣诞倒数日历"
"eng_Latn","men cologne advent calendar","男士男士香水圣诞倒数日历"
"eng_Latn","mens beard advent calendar 2025","2025年男士胡须圣诞倒数日历"
"eng_Latn","mine craft advent calendar","mine手工圣诞倒数日历"
"eng_Latn","mini books advent calendar","迷你书籍圣诞倒数日历"
"eng_Latn","mini plush advent calendar","迷你毛绒玩具圣诞倒数日历"
"eng_Latn","moo free advent calendar","moofree圣诞倒数日历"
"eng_Latn","nativity advent calendar wood","马槽木质圣诞倒数日历"
"eng_Latn","non food advent calendar","无食品圣诞倒数日历"
"eng_Latn","pregnancy advent calendar 2025","2025年孕妇圣诞倒数日历"
"eng_Latn","puppy advent calendar for kids","小狗儿童圣诞倒数日历"
"eng_Latn","quilting advent calendar 2025","2025年quilting圣诞倒数日历"
"eng_Latn","reusable nativity advent calendar","可重复使用马槽圣诞倒数日历"
"eng_Latn","self care advent calendar for women","自我护理女士圣诞倒数日历"
"eng_Latn","small advent calendar gifts","小号礼物圣诞倒数日历"
"eng_Latn","snoopy christmas advent calendar","史努比圣诞倒数日历"
"eng_Latn","taylor swift advent calendar 2026","2026年Taylor Swift圣诞倒数日历"
"eng_Latn","tumbler advent calendar","tumbler圣诞倒数日历"
"eng_Latn","useful advent calendar","useful圣诞倒数日历"
"eng_Latn","walker advent calendar 2025","2025年walker圣诞倒数日历"
"eng_Latn","walkers advent calendar","walkers圣诞倒数日历"
"eng_Latn","yoga advent calendar","yoga圣诞倒数日历"
"eng_Latn","young woman advent calendar 2025","2025年年轻人女士圣诞倒数日历"
"eng_Latn","yule advent calendar","yule圣诞倒数日历"
"eng_Latn","advent calendars bath bombs","沐浴泡澡球圣诞倒数日历"
"eng_Latn","advent calendars brain rot","脑力圣诞倒数日历"
"eng_Latn","advent calendars for college students","大学生students圣诞倒数日历"
"eng_Latn","advent calendars for young adults","年轻人成人圣诞倒数日历"
"eng_Latn","advent calendars kinder","Kinder圣诞倒数日历"
"eng_Latn","christmas advent calendars reusable","可重复使用圣诞倒数日历"
"eng_Latn","empty advent calendars to fill bulk","空白可填充批量圣诞倒数日历"
"eng_Latn","teen boys advent calendars","青少年男孩圣诞倒数日历"
"eng_Latn","golf avent calendar 2025","2025年高尔夫圣诞倒数日历"
"eng_Latn","12 day advent calendar teen boys","12天青少年男孩圣诞倒数日历"
"eng_Latn","4 year old boy advent calendar 2025","2025年4岁男孩圣诞倒数日历"
"eng_Latn","advent calendar 2024 women","2024年女士圣诞倒数日历"
"eng_Latn","advent calendar 2025 bath","2025年沐浴圣诞倒数日历"
"eng_Latn","advent calendar 2025 duck","2025年鸭子圣诞倒数日历"
"eng_Latn","advent calendar 2025 gummy candy","2025年软糖糖果圣诞倒数日历"
"eng_Latn","advent calendar 2025 hair","2025年头发护理圣诞倒数日历"
"eng_Latn","advent calendar 2025 kids squishmallow","2025年儿童Squishmallows圣诞倒数日历"
"eng_Latn","advent calendar 2025 mickey mouse","2025年米奇圣诞倒数日历"
"eng_Latn","advent calendar 2025 religious adult","2025年宗教成人圣诞倒数日历"
"eng_Latn","advent calendar 2025 rubber duck","2025年橡皮鸭圣诞倒数日历"
"eng_Latn","advent calendar 2025 toy","2025年玩具圣诞倒数日历"
"eng_Latn","advent calendar 2025 wwe","2025年WWE圣诞倒数日历"
"eng_Latn","advent calendar american girl","美国 女孩圣诞倒数日历"
"eng_Latn","advent calendar book collection","书籍collection圣诞倒数日历"
"eng_Latn","advent calendar charms","吊饰圣诞倒数日历"
"eng_Latn","advent calendar crafting","手工圣诞倒数日历"
"eng_Latn","advent calendar crochet kit","钩针编织套装圣诞倒数日历"
"eng_Latn","advent calendar dolls","dolls圣诞倒数日历"
"eng_Latn","advent calendar duck","鸭子圣诞倒数日历"
"eng_Latn","advent calendar for 16 year old girl","16岁女孩圣诞倒数日历"
"eng_Latn","advent calendar for 18 month old","18个月圣诞倒数日历"
"eng_Latn","advent calendar for gamer","游戏玩家圣诞倒数日历"
"eng_Latn","advent calendar for musicians","musicians圣诞倒数日历"
"eng_Latn","advent calendar for preteen girls","大龄儿童女孩圣诞倒数日历"
"eng_Latn","advent calendar for runners","跑者圣诞倒数日历"
"eng_Latn","advent calendar for women makeup","女士彩妆圣诞倒数日历"
"eng_Latn","advent calendar lego city","乐高城市圣诞倒数日历"
"eng_Latn","advent calendar magic the gathering","Magic: The Gathering圣诞倒数日历"
"eng_Latn","advent calendar of beauty","美妆圣诞倒数日历"
"eng_Latn","advent calendar origami","折纸圣诞倒数日历"
"eng_Latn","advent calendar reusable wood","可重复使用木质圣诞倒数日历"
"eng_Latn","advent calendar sex","成人情趣圣诞倒数日历"
"eng_Latn","advent calendar shower steamers","showersteamers圣诞倒数日历"
"eng_Latn","advent calendar star trek","《星际迷航》圣诞倒数日历"
"eng_Latn","advent calendar under 20 dollars","20美元以下圣诞倒数日历"
"eng_Latn","advent calendar witchy","女巫主题圣诞倒数日历"
"eng_Latn","advent calendar with coffee pods","咖啡胶囊圣诞倒数日历"
"eng_Latn","advent countdown calendar","圣诞倒数日历"
"eng_Latn","advent nail polish calendar","指甲护理指甲油圣诞倒数日历"
"eng_Latn","alien advent calendar","alien圣诞倒数日历"
"eng_Latn","art advent calendar 2025 kids","2025年艺术儿童圣诞倒数日历"
"eng_Latn","bark box dog advent calendar 2025","2025年BARK Box狗狗圣诞倒数日历"
"eng_Latn","bath toy advent calendar","沐浴玩具圣诞倒数日历"
"eng_Latn","bluey christmas advent calendar","Bluey圣诞倒数日历"
"eng_Latn","book reader advent calendar 2025","2025年读书爱好者圣诞倒数日历"
"eng_Latn","bosch advent calendar 2025","2025年博世圣诞倒数日历"
"eng_Latn","bug advent calendar 2025","2025年bug圣诞倒数日历"
"eng_Latn","byoma advent calendar","byoma圣诞倒数日历"
"eng_Latn","christmas advent calendar harry potter","《哈利·波特》圣诞倒数日历"
"eng_Latn","college student advent calendar","大学生学生圣诞倒数日历"
"eng_Latn","cthulhu advent calendar 2025","2025年cthulhu圣诞倒数日历"
"eng_Latn","dimond art advent calendar","dimond艺术圣诞倒数日历"
"eng_Latn","diy advent calendar pink","DIY粉色圣诞倒数日历"
"eng_Latn","dollhouse advent calendar","dollhouse圣诞倒数日历"
"eng_Latn","empty advent calendar for adults","空白成人圣诞倒数日历"
"eng_Latn","f1 racing advent calendar","F1赛车圣诞倒数日历"
"eng_Latn","formula one advent calendar 2025","2025年Formula One圣诞倒数日历"
"eng_Latn","freeze dried candy advent calendar","freezedried糖果圣诞倒数日历"
"eng_Latn","furby minis advent calendar","furbyminis圣诞倒数日历"
"eng_Latn","gems advent calendar 2025","2025年gems圣诞倒数日历"
"eng_Latn","ground coffee advent calendar","研磨咖啡圣诞倒数日历"
"eng_Latn","haba advent calendar 2025","2025年haba圣诞倒数日历"
"eng_Latn","hempz advent calendar","hempz圣诞倒数日历"
"eng_Latn","kaboom advent calendar 2025","2025年kaboom圣诞倒数日历"
"eng_Latn","large advent calendar 2025","2025年大号圣诞倒数日历"
"eng_Latn","large advent calendar boxes empty","大号盒子空白圣诞倒数日历"
"eng_Latn","lego flower bouquet advent calendar","乐高花卉花束圣诞倒数日历"
"eng_Latn","lego minecraft advent calendar 2025 christmas","2025年乐高《我的世界》圣诞倒数日历"
"eng_Latn","lps christmas advent calendar","LPS圣诞倒数日历"
"eng_Latn","medical advent calendar 2025","2025年medical圣诞倒数日历"
"eng_Latn","minecraft christmas advent calendar","《我的世界》圣诞倒数日历"
"eng_Latn","mini figure advent calendar","迷你玩偶圣诞倒数日历"
"eng_Latn","minions advent calendar","小黄人圣诞倒数日历"
"eng_Latn","minnie advent calendar 2025","2025年minnie圣诞倒数日历"
"eng_Latn","nature advent calendar 2025","2025年自然圣诞倒数日历"
"eng_Latn","ne doh advent calendar 2025","2025年nedoh圣诞倒数日历"
"eng_Latn","needoh squishies advent calendar","NeeDohsquishies圣诞倒数日历"
"eng_Latn","paint by number advent calendar","数字油画圣诞倒数日历"
"eng_Latn","panini advent calendar 2025","2025年panini圣诞倒数日历"
"eng_Latn","paris advent calendar","巴黎圣诞倒数日历"
"eng_Latn","paw patrol advent calendar 2025 toddler","2025年《汪汪队立大功》幼儿圣诞倒数日历"
"eng_Latn","perfume advent calendar for teens","香水青少年圣诞倒数日历"
"eng_Latn","pokemon calendar advent","宝可梦圣诞倒数日历"
"eng_Latn","pop mart advent calendar 2025","2025年Popmart圣诞倒数日历"
"eng_Latn","premium chocolate advent calendar","高端巧克力圣诞倒数日历"
"eng_Latn","princess advent calendar for girls","公主女孩圣诞倒数日历"
"eng_Latn","protein bar advent calendar 2025","2025年proteinbar圣诞倒数日历"
"eng_Latn","purple cow advent calendar","purple奶牛圣诞倒数日历"
"eng_Latn","rubix cube advent calendar 2025","2025年rubixcube圣诞倒数日历"
"eng_Latn","shopkins advent calendar 2025","2025年shopkins圣诞倒数日历"
"eng_Latn","simpsons christmas advent calendar","《辛普森一家》圣诞倒数日历"
"eng_Latn","skincare/makeup advent calendar","护肤彩妆圣诞倒数日历"
"eng_Latn","small dog advent calendar 2025","2025年小号狗狗圣诞倒数日历"
"eng_Latn","smiski advent calendar","smiski圣诞倒数日历"
"eng_Latn","stationery advent calendar for teen girls","文具青少年女孩圣诞倒数日历"
"eng_Latn","stuffie advent calendar 2025","2025年stuffie圣诞倒数日历"
"eng_Latn","swarovski advent calendar 2025","2025年swarovski圣诞倒数日历"
"eng_Latn","teddy bear advent calendar","泰迪熊圣诞倒数日历"
"eng_Latn","tennis advent calendar","网球圣诞倒数日历"
"eng_Latn","tennis advent calendar 2025","2025年网球圣诞倒数日历"
"eng_Latn","thomas and friends advent calendar","Thomas《老友记》圣诞倒数日历"
"eng_Latn","true crime advent calendar 2025","2025年truecrime圣诞倒数日历"
"eng_Latn","twinings advent calendar 2025","2025年twinings圣诞倒数日历"
"eng_Latn","ulta makeup advent calendar 2025","2025年ULTA彩妆圣诞倒数日历"
"eng_Latn","ulta mini brands advent calendar 2025","2025年ULTAMini Brands圣诞倒数日历"
"eng_Latn","w7 beauty blast advent calendar","W7 Beauty Blast圣诞倒数日历"
"eng_Latn","wooden advent calendar nativity","木质马槽圣诞倒数日历"
"eng_Latn","advent calendars 2025 for adults","2025年成人圣诞倒数日历"
"eng_Latn","advent calendars fillable","可填充圣诞倒数日历"
"eng_Latn","advent calendars sea glass","海洋玻璃圣诞倒数日历"
"eng_Latn","football advent calendars","足球圣诞倒数日历"
"eng_Latn","hello kitty advent calendars","Hello Kitty圣诞倒数日历"
"eng_Latn","lego flower advent calendars","乐高花卉圣诞倒数日历"
"eng_Latn","tea advent calendars 2025","2025年茶叶圣诞倒数日历"
"eng_Latn","candy avent calendar 2025","2025年糖果圣诞倒数日历"
"eng_Latn","harry potter avent calendar","《哈利·波特》圣诞倒数日历"
"eng_Latn","funko pop bitty countdown calendar","Funko Popbitty倒计时日历"
"eng_Latn","thanksgiving countdown calendar","感恩节倒计时日历"
"eng_Latn","12 day diy advent calendar","12天DIY圣诞倒数日历"
"eng_Latn","2026 advent calendar","2026年圣诞倒数日历"
"eng_Latn","adult chocolate advent calendar 2025","2025年成人巧克力圣诞倒数日历"
"eng_Latn","advent calendar 2025 baby girl","2025年婴幼儿女孩圣诞倒数日历"
"eng_Latn","advent calendar 2025 books for kids","2025年书籍儿童圣诞倒数日历"
"eng_Latn","advent calendar 2025 christmas vacation","2025年圣诞假期圣诞倒数日历"
"eng_Latn","advent calendar 2025 cooking","2025年烹饪圣诞倒数日历"
"eng_Latn","advent calendar 2025 for book lovers","2025年书籍爱好者圣诞倒数日历"
"eng_Latn","advent calendar 2025 frozen","2025年《冰雪奇缘》圣诞倒数日历"
"eng_Latn","advent calendar 2025 gnomes","2025年侏儒圣诞倒数日历"
"eng_Latn","advent calendar 2025 hair care","2025年头发护理护理圣诞倒数日历"
"eng_Latn","advent calendar 2025 k pop demon hunter","2025年《K-pop恶魔猎人》圣诞倒数日历"
"eng_Latn","advent calendar 2025 little girl","2025年小女孩圣诞倒数日历"
"eng_Latn","advent calendar 2025 paper","2025年纸质圣诞倒数日历"
"eng_Latn","advent calendar 2025 simpsons","2025年《辛普森一家》圣诞倒数日历"
"eng_Latn","advent calendar blank box","空白盒子圣诞倒数日历"
"eng_Latn","advent calendar boys age 7","7岁男孩圣诞倒数日历"
"eng_Latn","advent calendar chocolate candy","巧克力糖果圣诞倒数日历"
"eng_Latn","advent calendar for girls skincare","女孩护肤圣诞倒数日历"
"eng_Latn","advent calendar for mechanics","机械师圣诞倒数日历"
"eng_Latn","advent calendar for men coffee","男士咖啡圣诞倒数日历"
"eng_Latn","advent calendar for preteeens girls","preteeens女孩圣诞倒数日历"
"eng_Latn","advent calendar haribo","哈瑞宝圣诞倒数日历"
"eng_Latn","advent calendar lego flower","乐高花卉圣诞倒数日历"
"eng_Latn","advent calendar miniatures","微缩模型圣诞倒数日历"
"eng_Latn","advent calendar murder mystery","谋杀神秘圣诞倒数日历"
"eng_Latn","advent calendar stuffies","stuffies圣诞倒数日历"
"eng_Latn","advent calendar ulta 2025","2025年ULTA圣诞倒数日历"
"eng_Latn","advent calendar young woman","年轻人女士圣诞倒数日历"
"eng_Latn","advent charm bracelet calendar","手链圣诞倒数日历"
"eng_Latn","advent perfume calendar","香水圣诞倒数日历"
"eng_Latn","advent sticker calendar","贴纸圣诞倒数日历"
"eng_Latn","barbie little people advent calendar","芭比Little People圣诞倒数日历"
"eng_Latn","beauty advent calendar sets","美妆套装圣诞倒数日历"
"eng_Latn","bluey chocolate advent calendar","Bluey巧克力圣诞倒数日历"
"eng_Latn","bluey: the most amazing advent calendar book bundle","Blueymostamazing书籍套装圣诞倒数日历"
"eng_Latn","booklovers advent calendar","booklovers圣诞倒数日历"
"eng_Latn","bow advent calendar","bow圣诞倒数日历"
"eng_Latn","call of duty advent calendar","callduty圣诞倒数日历"
"eng_Latn","candy from around the world advent calendar","糖果世界各地圣诞倒数日历"
"eng_Latn","car accessories advent calendar 2025","2025年汽车配件圣诞倒数日历"
"eng_Latn","character advent calendar","character圣诞倒数日历"
"eng_Latn","cheer advent calendar 2025","2025年cheer圣诞倒数日历"
"eng_Latn","cheerleader advent calendar","cheerleader圣诞倒数日历"
"eng_Latn","chef advent calendar 2025","2025年chef圣诞倒数日历"
"eng_Latn","chocolate advent calendar 2025 adult","2025年巧克力成人圣诞倒数日历"
"eng_Latn","christmas candy advent calendar","糖果圣诞倒数日历"
"eng_Latn","christmas village advent calendar 2025","2025年圣诞村圣诞倒数日历"
"eng_Latn","college girl advent calendar","大学生女孩圣诞倒数日历"
"eng_Latn","computer advent calendar","computer圣诞倒数日历"
"eng_Latn","curly hair advent calendar","curly头发护理圣诞倒数日历"
"eng_Latn","d&d dice advent calendar","D&D骰子圣诞倒数日历"
"eng_Latn","dbz advent calendar","dbz圣诞倒数日历"
"eng_Latn","disney frozen advent calendar","迪士尼《冰雪奇缘》圣诞倒数日历"
"eng_Latn","diy advent calendar gifts","DIY礼物圣诞倒数日历"
"eng_Latn","dog advent calendar 2025 for kids","2025年狗狗儿童圣诞倒数日历"
"eng_Latn","dragon in the forest advent calendar","龙forest圣诞倒数日历"
"eng_Latn","emotional support crochet advent calendar","情绪支持钩针编织圣诞倒数日历"
"eng_Latn","eos advent calendar train","eos火车圣诞倒数日历"
"eng_Latn","equestrian advent calendar","equestrian圣诞倒数日历"
"eng_Latn","experiment advent calendar","实验圣诞倒数日历"
"eng_Latn","fancy chocolate advent calendar 2025","2025年精致巧克力圣诞倒数日历"
"eng_Latn","farmall advent calendar 2025","2025年farmall圣诞倒数日历"
"eng_Latn","felt advent calendar kit","毛毡套装圣诞倒数日历"
"eng_Latn","fenty advent calendar","fenty圣诞倒数日历"
"eng_Latn","fillable reusable advent calendar","可填充可重复使用圣诞倒数日历"
"eng_Latn","golden girls advent calendar","golden女孩圣诞倒数日历"
"eng_Latn","golden girls advent calendar 2025","2025年golden女孩圣诞倒数日历"
"eng_Latn","golf advent calendar 2026","2026年高尔夫圣诞倒数日历"
"eng_Latn","guitar advent calendar 2026","2026年吉他圣诞倒数日历"
"eng_Latn","hanging christmas advent calendar","悬挂式圣诞倒数日历"
"eng_Latn","happy beauty days 12-day advent calendar gift set","12天happy美妆礼物套装圣诞倒数日历"
"eng_Latn","hard candy advent calendar","hard糖果圣诞倒数日历"
"eng_Latn","hershey's advent calendar","hersheys圣诞倒数日历"
"eng_Latn","how to train your dragon advent calendar 2025","2025年《驯龙高手》圣诞倒数日历"
"eng_Latn","jack skellington advent calendar 2025","2025年jackskellington圣诞倒数日历"
"eng_Latn","kids candy advent calendar","儿童糖果圣诞倒数日历"
"eng_Latn","kids jewelry advent calendar 2025","2025年儿童珠宝首饰圣诞倒数日历"
"eng_Latn","kids puzzle advent calendar","儿童拼图圣诞倒数日历"
"eng_Latn","krampus advent calendar 2025","2025年krampus圣诞倒数日历"
"eng_Latn","lego duplo advent calendar 2025","2025年乐高DUPLO圣诞倒数日历"
"eng_Latn","little people disney princess advent calendar","Little People迪士尼公主圣诞倒数日历"
"eng_Latn","lol surprise advent calendar 2025","2025年LOL Surprise圣诞倒数日历"
"eng_Latn","luxury skincare advent calendar","奢华护肤圣诞倒数日历"
"eng_Latn","make up advent calendar ulta","彩妆ULTA圣诞倒数日历"
"eng_Latn","man crates advent calendar","男士crates圣诞倒数日历"
"eng_Latn","math advent calendar 2025","2025年数学圣诞倒数日历"
"eng_Latn","meat and cheese advent calendar","meat奶酪圣诞倒数日历"
"eng_Latn","miffy advent calendar","miffy圣诞倒数日历"
"eng_Latn","miku advent calendar","miku圣诞倒数日历"
"eng_Latn","mini brands ulta advent calendar","Mini BrandsULTA圣诞倒数日历"
"eng_Latn","mini lego advent calendar","迷你乐高圣诞倒数日历"
"eng_Latn","modelones advent calendar","modelones圣诞倒数日历"
"eng_Latn","needham advent calendar","needham圣诞倒数日历"
"eng_Latn","ninja turtles advent calendar 2025","2025年忍者神龟圣诞倒数日历"
"eng_Latn","one piece advent calendar 2025 anime","2025年《海贼王》动漫圣诞倒数日历"
"eng_Latn","ornaments advent calendar","装饰品圣诞倒数日历"
"eng_Latn","percy jackson advent calendar 2025","2025年percyjackson圣诞倒数日历"
"eng_Latn","perfume advent calendar￼","香水圣诞倒数日历"
"eng_Latn","poke mon advent calendar 2025","2025年pokemon圣诞倒数日历"
"eng_Latn","positive advent calendar","正能量圣诞倒数日历"
"eng_Latn","reader advent calendar","读者圣诞倒数日历"
"eng_Latn","rescuer advent calendar","The Rescuer圣诞倒数日历"
"eng_Latn","reusable empty advent calendar","可重复使用空白圣诞倒数日历"
"eng_Latn","salt water fishing advent calendar 2025","2025年saltwater钓鱼圣诞倒数日历"
"eng_Latn","santa advent calendar 2025","2025年santa圣诞倒数日历"
"eng_Latn","savage gear advent calendar","savagegear圣诞倒数日历"
"eng_Latn","scripture advent calendar 2025","2025年scripture圣诞倒数日历"
"eng_Latn","snake advent calendar","snake圣诞倒数日历"
"eng_Latn","soup advent calendar","soup圣诞倒数日历"
"eng_Latn","the woobles advent calendar","woobles圣诞倒数日历"
"eng_Latn","thomas the train advent calendar","托马斯小火车圣诞倒数日历"
"eng_Latn","toys chocolonely advent calendar","玩具chocolonely圣诞倒数日历"
"eng_Latn","twisted tales advent calendar","twistedtales圣诞倒数日历"
"eng_Latn","wet n wild advent calendar","wetnwild圣诞倒数日历"
"eng_Latn","wwii airplane advent calendar","wwiiairplane圣诞倒数日历"
"eng_Latn","young girl advent calendar 2025","2025年年轻人女孩圣诞倒数日历"
"eng_Latn","advent calendars 2025 candy","2025年糖果圣诞倒数日历"
"eng_Latn","advent calendars dogs","狗狗圣诞倒数日历"
"eng_Latn","advent calendars earrings","耳环圣诞倒数日历"
"eng_Latn","advent calendars for adults women","成人女士圣诞倒数日历"
"eng_Latn","advent calendars for boys age 10","10岁男孩圣诞倒数日历"
"eng_Latn","kpop advent calendars","K-pop圣诞倒数日历"
"eng_Latn","￼advent calendars","圣诞倒数日历"
"eng_Latn","avent calendar 2025 girls","2025年女孩圣诞倒数日历"
"eng_Latn","brain rot avent calendar","脑力圣诞倒数日历"
"eng_Latn","harry potter avent calendar 2025","2025年《哈利·波特》圣诞倒数日历"
"eng_Latn","star wars avent calendar 2025","2025年《星球大战》圣诞倒数日历"
"eng_Latn","christmas countdown calendar chocolate","巧克力圣诞倒计时日历"
"eng_Latn","countdown calendar christmas","圣诞倒计时日历"
"eng_Latn","felt christmas countdown calendar","毛毡圣诞倒计时日历"
"eng_Latn","12 days advent calendar 2025","2025年12天圣诞倒数日历"
"eng_Latn","2025 advent calendar women","2025年女士圣诞倒数日历"
"eng_Latn","5 year old boy advent calendar","5岁男孩圣诞倒数日历"
"eng_Latn","9 year old girl advent calendar","9岁女孩圣诞倒数日历"
"eng_Latn","adult disney advent calendar","成人迪士尼圣诞倒数日历"
"eng_Latn","advent beauty calendar 2025 sephora","2025年美妆丝芙兰圣诞倒数日历"
"eng_Latn","advent calendar 11 year old boy","11岁男孩圣诞倒数日历"
"eng_Latn","advent calendar 2025 crafting","2025年手工圣诞倒数日历"
"eng_Latn","advent calendar 2025 dungeons and dragons","2025年Dungeons & Dragons圣诞倒数日历"
"eng_Latn","advent calendar 2025 elf on the shelf","2025年The Elf on the Shelf圣诞倒数日历"
"eng_Latn","advent calendar 2025 five nights at freddy's","2025年《玩具熊的五夜后宫》圣诞倒数日历"
"eng_Latn","advent calendar 2025 girls teen","2025年女孩青少年圣诞倒数日历"
"eng_Latn","advent calendar 2025 kinder chocolate","2025年Kinder巧克力圣诞倒数日历"
"eng_Latn","advent calendar 2025 plushies","2025年毛绒玩具圣诞倒数日历"
"eng_Latn","advent calendar 2025 stuffed animals","2025年毛绒动物圣诞倒数日历"
"eng_Latn","advent calendar 2025 tween","2025年青少年圣诞倒数日历"
"eng_Latn","advent calendar book christmas eve love story","书籍evelove故事圣诞倒数日历"
"eng_Latn","advent calendar box diy","盒子DIY圣诞倒数日历"
"eng_Latn","advent calendar burts bees","Burt's Bees圣诞倒数日历"
"eng_Latn","advent calendar cars 2025","2025年汽车总动员圣诞倒数日历"
"eng_Latn","advent calendar cows","奶牛圣诞倒数日历"
"eng_Latn","advent calendar food 2025","2025年食品圣诞倒数日历"
"eng_Latn","advent calendar for girls lego","女孩乐高圣诞倒数日历"
"eng_Latn","advent calendar gnome","地精圣诞倒数日历"
"eng_Latn","advent calendar kinder chocolate","Kinder巧克力圣诞倒数日历"
"eng_Latn","advent calendar lip","唇部圣诞倒数日历"
"eng_Latn","advent calendar ninja turtles","忍者神龟圣诞倒数日历"
"eng_Latn","advent calendar spidey","蜘蛛侠圣诞倒数日历"
"eng_Latn","advent mystery calendar 2025","2025年神秘圣诞倒数日历"
"eng_Latn","adventure time advent calendar","adventuretime圣诞倒数日历"
"eng_Latn","alcohol advent calendar 2025 adult men","2025年酒类成人男士圣诞倒数日历"
"eng_Latn","beach advent calendar","沙滩圣诞倒数日历"
"eng_Latn","beer advent calendar box","啤酒盒子圣诞倒数日历"
"eng_Latn","best selling advent calendar 2025","2025年精选selling圣诞倒数日历"
"eng_Latn","booze advent calendar 2025","2025年酒类圣诞倒数日历"
"eng_Latn","build advent calendar","拼装圣诞倒数日历"
"eng_Latn","call of duty advent calendar 2025","2025年callduty圣诞倒数日历"
"eng_Latn","cats advent calendar","猫咪圣诞倒数日历"
"eng_Latn","christmas advent calendar bags","袋子圣诞倒数日历"
"eng_Latn","christmas eve love story advent calendar","evelove故事圣诞倒数日历"
"eng_Latn","christmas slime advent calendar","史莱姆圣诞倒数日历"
"eng_Latn","country advent calendar 2025","2025年country圣诞倒数日历"
"eng_Latn","crazy aarons thinking putty advent calendar","crazyaaronsthinkingputty圣诞倒数日历"
"eng_Latn","crystal cat advent calendar","水晶猫咪圣诞倒数日历"
"eng_Latn","diamond dot advent calendar","diamonddot圣诞倒数日历"
"eng_Latn","dragon egg advent calendar 2025","2025年龙egg圣诞倒数日历"
"eng_Latn","e l f advent calendar","e.l.f.圣诞倒数日历"
"eng_Latn","edible advent calendar for adults","可食用成人圣诞倒数日历"
"eng_Latn","educational advent calendar 2025","2025年educational圣诞倒数日历"
"eng_Latn","elf on a shelf advent calendar","The Elf on the Shelf圣诞倒数日历"
"eng_Latn","exit games advent calendar","EXITgames圣诞倒数日历"
"eng_Latn","face care advent calendar 2025","2025年face护理圣诞倒数日历"
"eng_Latn","fidget advent calendar￼","解压玩具圣诞倒数日历"
"eng_Latn","funny socks advent calendar","趣味袜子圣诞倒数日历"
"eng_Latn","golf advent calendar 2025 women","2025年高尔夫女士圣诞倒数日历"
"eng_Latn","grinch puzzle advent calendar","圣诞怪杰拼图圣诞倒数日历"
"eng_Latn","gum advent calendar 2025","2025年口香糖圣诞倒数日历"
"eng_Latn","hand cream advent calendar","handcream圣诞倒数日历"
"eng_Latn","horse advent calendar for girls","马女孩圣诞倒数日历"
"eng_Latn","infant advent calendar 2025 girls","2025年婴儿女孩圣诞倒数日历"
"eng_Latn","k-pop demon hunter advent calendar","《K-pop恶魔猎人》圣诞倒数日历"
"eng_Latn","kids advent calendar lego","儿童乐高圣诞倒数日历"
"eng_Latn","ladies advent calendar","女士圣诞倒数日历"
"eng_Latn","lego disney advent calendar","乐高迪士尼圣诞倒数日历"
"eng_Latn","lego disney frozen advent calendar 2025","2025年乐高迪士尼《冰雪奇缘》圣诞倒数日历"
"eng_Latn","lego flower advent calendar 2025 christmas","2025年乐高花卉圣诞倒数日历"
"eng_Latn","lego nativity advent calendar 2025 christmas","2025年乐高马槽圣诞倒数日历"
"eng_Latn","lego star wars christmas advent calendar","乐高《星球大战》圣诞倒数日历"
"eng_Latn","legos marvel advent calendar","乐高漫威圣诞倒数日历"
"eng_Latn","lingerie advent calendar","内衣圣诞倒数日历"
"eng_Latn","literary advent calendar 2025","2025年literary圣诞倒数日历"
"eng_Latn","lovehoney sex advent calendar","lovehoney成人情趣圣诞倒数日历"
"eng_Latn","magic trick advent calendar","魔法trick圣诞倒数日历"
"eng_Latn","makeup advent calendar sephora","彩妆丝芙兰圣诞倒数日历"
"eng_Latn","matchbox cars advent calendar","Matchbox汽车总动员圣诞倒数日历"
"eng_Latn","mens underwear advent calendar","男士内衣圣诞倒数日历"
"eng_Latn","minions advent calendar 2025","2025年小黄人圣诞倒数日历"
"eng_Latn","mixed candy advent calendar","mixed糖果圣诞倒数日历"
"eng_Latn","nerds advent calendar 2025","2025年极客圣诞倒数日历"
"eng_Latn","parrot advent calendar","parrot圣诞倒数日历"
"eng_Latn","pikachu advent calendar 2025","2025年皮卡丘圣诞倒数日历"
"eng_Latn","porsche 911 turbo advent calendar","Porsche911turbo圣诞倒数日历"
"eng_Latn","puzzles advent calendar","拼图圣诞倒数日历"
"eng_Latn","red bull calendar advent","红牛圣诞倒数日历"
"eng_Latn","sexy adult advent calendar","情趣成人圣诞倒数日历"
"eng_Latn","shrek advent calendar","shrek圣诞倒数日历"
"eng_Latn","simple advent calendar","simple圣诞倒数日历"
"eng_Latn","slime advent calendar 24 days","24天史莱姆圣诞倒数日历"
"eng_Latn","snack advent calendar 2025 for adults","2025年零食成人圣诞倒数日历"
"eng_Latn","spooky advent calendar 2025","2025年恐怖主题圣诞倒数日历"
"eng_Latn","squid game advent calendar","squidgame圣诞倒数日历"
"eng_Latn","starwars lego advent calendar","《星球大战》乐高圣诞倒数日历"
"eng_Latn","straw topper advent calendar 2025","2025年吸管装饰帽圣诞倒数日历"
"eng_Latn","tarte advent calendar","tarte圣诞倒数日历"
"eng_Latn","toddlers advent calendar 2025","2025年幼儿圣诞倒数日历"
"eng_Latn","touchland advent calendar 2025","2025年touchland圣诞倒数日历"
"eng_Latn","trolli advent calendar 2025","2025年trolli圣诞倒数日历"
"eng_Latn","unfinished wood advent calendar","unfinished木质圣诞倒数日历"
"eng_Latn","useful advent calendar 2025","2025年useful圣诞倒数日历"
"eng_Latn","vanilla advent calendar","vanilla圣诞倒数日历"
"eng_Latn","village advent calendar","村庄圣诞倒数日历"
"eng_Latn","woodworking advent calendar","woodworking圣诞倒数日历"
"eng_Latn","best advent calendars for boys","精选男孩圣诞倒数日历"
"eng_Latn","christmas advent calendars for kids chocolate","儿童巧克力圣诞倒数日历"
"eng_Latn","cool advent calendars for teen girls","酷青少年女孩圣诞倒数日历"
"eng_Latn","train advent calendars for kids","火车儿童圣诞倒数日历"
"eng_Latn","golf avent calendar","高尔夫圣诞倒数日历"
"eng_Latn","2025 advent calendar puzzle","2025年拼图圣诞倒数日历"
"eng_Latn","24 days of christmas puzzles advent calendar","24天拼图圣诞倒数日历"
"eng_Latn","adult couple advent calendar 2025","2025年成人情侣圣诞倒数日历"
"eng_Latn","adult woman advent calendar","成人女士圣诞倒数日历"
"eng_Latn","advent calendar 2025 earrings","2025年耳环圣诞倒数日历"
"eng_Latn","advent calendar 2025 football cards","2025年足球卡片圣诞倒数日历"
"eng_Latn","advent calendar 2025 lego star wars","2025年乐高《星球大战》圣诞倒数日历"
"eng_Latn","advent calendar 2026 kids","2026年儿童圣诞倒数日历"
"eng_Latn","advent calendar adopt me","Adopt Me圣诞倒数日历"
"eng_Latn","advent calendar amazon makeup","亚马逊彩妆圣诞倒数日历"
"eng_Latn","advent calendar body care","身体护理圣诞倒数日历"
"eng_Latn","advent calendar candy around the world","糖果世界各地圣诞倒数日历"
"eng_Latn","advent calendar christmas legos","乐高圣诞倒数日历"
"eng_Latn","advent calendar for girls toddler","女孩幼儿圣诞倒数日历"
"eng_Latn","advent calendar for older women","年长者女士圣诞倒数日历"
"eng_Latn","advent calendar friends tv show","《老友记》电视节目圣诞倒数日历"
"eng_Latn","advent calendar godzilla","哥斯拉圣诞倒数日历"
"eng_Latn","advent calendar holder with pockets","holder口袋圣诞倒数日历"
"eng_Latn","advent calendar muppets","muppets圣诞倒数日历"
"eng_Latn","advent calendar ornament","装饰品圣诞倒数日历"
"eng_Latn","advent calendar sesame street","芝麻街圣诞倒数日历"
"eng_Latn","advent calendar snack","零食圣诞倒数日历"
"eng_Latn","advent calendar whiskey 2025","2025年威士忌圣诞倒数日历"
"eng_Latn","advent calendar with doors","doors圣诞倒数日历"
"eng_Latn","advent chocolate calendar 2025 kids","2025年巧克力儿童圣诞倒数日历"
"eng_Latn","african american advent calendar","african美国圣诞倒数日历"
"eng_Latn","amazon advent calendar￼","亚马逊圣诞倒数日历"
"eng_Latn","army men advent calendar","军事男士圣诞倒数日历"
"eng_Latn","autism advent calendar","autism圣诞倒数日历"
"eng_Latn","book advent calendar romance","书籍浪漫圣诞倒数日历"
"eng_Latn","boys lego advent calendar","男孩乐高圣诞倒数日历"
"eng_Latn","bridgerton advent calendar","bridgerton圣诞倒数日历"
"eng_Latn","cadburys advent calendar","cadburys圣诞倒数日历"
"eng_Latn","catholic advent calendar 2025 adult","2025年天主教成人圣诞倒数日历"
"eng_Latn","chocolate advent calendar lindt","巧克力瑞士莲圣诞倒数日历"
"eng_Latn","christian lego advent calendar","基督教乐高圣诞倒数日历"
"eng_Latn","classic advent calendar 2025","2025年经典款圣诞倒数日历"
"eng_Latn","coffee syrup advent calendar","咖啡syrup圣诞倒数日历"
"eng_Latn","cowgirl advent calendar","cowgirl圣诞倒数日历"
"eng_Latn","dark romance book advent calendar","dark浪漫书籍圣诞倒数日历"
"eng_Latn","decaf coffee advent calendar","脱咖啡因咖啡圣诞倒数日历"
"eng_Latn","designer perfume advent calendar","designer香水圣诞倒数日历"
"eng_Latn","disney mini brands advent calendar 2025","2025年迪士尼Mini Brands圣诞倒数日历"
"eng_Latn","dog christmas advent calendar 2025","2025年狗狗圣诞倒数日历"
"eng_Latn","dog ornament advent calendar 2025","2025年狗狗装饰品圣诞倒数日历"
"eng_Latn","dragon ball advent calendar 2025","2025年《龙珠》圣诞倒数日历"
"eng_Latn","ducks advent calendar 2025","2025年鸭子圣诞倒数日历"
"eng_Latn","first advent calendar","first圣诞倒数日历"
"eng_Latn","games advent calendar 2025","2025年游戏圣诞倒数日历"
"eng_Latn","golfer advent calendar","高尔夫球手圣诞倒数日历"
"eng_Latn","good chocolate advent calendar 2025","2025年good巧克力圣诞倒数日历"
"eng_Latn","grinch dog advent calendar","圣诞怪杰狗狗圣诞倒数日历"
"eng_Latn","grooming advent calendar for men","理容男士圣诞倒数日历"
"eng_Latn","harry potter advent calendar for adults","《哈利·波特》成人圣诞倒数日历"
"eng_Latn","harry potter sock advent calendar","《哈利·波特》袜子圣诞倒数日历"
"eng_Latn","kids advent calendar 2025 christmas","2025年儿童圣诞倒数日历"
"eng_Latn","kitch advent calendar 2025","2025年kitch圣诞倒数日历"
"eng_Latn","legend of zelda advent calendar 2025","2025年《塞尔达传说》圣诞倒数日历"
"eng_Latn","lego christmas ornaments advent calendar","乐高装饰品圣诞倒数日历"
"eng_Latn","m and m advent calendar","m圣诞倒数日历"
"eng_Latn","magnetic blocks advent calendar","磁力积木圣诞倒数日历"
"eng_Latn","make up advent calendar sephora","彩妆丝芙兰圣诞倒数日历"
"eng_Latn","medicube advent calendar 2025","2025年medicube圣诞倒数日历"
"eng_Latn","medieval cats advent calendar","中世纪猫咪圣诞倒数日历"
"eng_Latn","minifigure advent calendar","迷你人仔圣诞倒数日历"
"eng_Latn","mlb advent calendar","mlb圣诞倒数日历"
"eng_Latn","muppets advent calendar 2025","2025年muppets圣诞倒数日历"
"eng_Latn","nail art advent calendar 2025","2025年指甲护理艺术圣诞倒数日历"
"eng_Latn","naughty advent calendar 2025","2025年淘气圣诞倒数日历"
"eng_Latn","new dough advent calendar 2025","2025年橡皮泥圣诞倒数日历"
"eng_Latn","piano advent calendar","piano圣诞倒数日历"
"eng_Latn","real wood advent calendar","真实木质圣诞倒数日历"
"eng_Latn","running advent calendar","running圣诞倒数日历"
"eng_Latn","russell stover advent calendar","russellstover圣诞倒数日历"
"eng_Latn","saltwater fishing advent calendar 2025","2025年海水钓鱼圣诞倒数日历"
"eng_Latn","scary advent calendar 2025","2025年scary圣诞倒数日历"
"eng_Latn","slime advent calendar￼","史莱姆圣诞倒数日历"
"eng_Latn","small trinkets for advent calendar","小号小饰品圣诞倒数日历"
"eng_Latn","sport card advent calendar 2025","2025年运动卡片圣诞倒数日历"
"eng_Latn","squishmallow advent calendar￼","Squishmallows圣诞倒数日历"
"eng_Latn","squishmellow advent calendar 2025","2025年squishmellow圣诞倒数日历"
"eng_Latn","teenage mutant ninja turtle advent calendar 2025","2025年青少年mutantninjaturtle圣诞倒数日历"
"eng_Latn","tv show advent calendar","电视节目圣诞倒数日历"
"eng_Latn","whiskey+advent+calendar+2025","2025年威士忌圣诞倒数日历"
"eng_Latn","wicked premium advent calendar","Wicked高端圣诞倒数日历"
"eng_Latn","adult advent calendars for men","成人男士圣诞倒数日历"
"eng_Latn","advent calendars christmas girls","女孩圣诞倒数日历"
"eng_Latn","advent calendars christmas lego","乐高圣诞倒数日历"
"eng_Latn","advent calendars for college guys","大学生男士圣诞倒数日历"
"eng_Latn","advent calendars spa","SPA圣诞倒数日历"
"eng_Latn","dog treats christmas advent calendars","狗狗零食圣诞倒数日历"
"eng_Latn","hockey advent calendars","冰球圣诞倒数日历"
"eng_Latn","avent calendar 2025 christmas girl","2025年女孩圣诞倒数日历"
"eng_Latn","bluey avent calendar","Bluey圣诞倒数日历"
"eng_Latn","christmas calendar countdown kids","儿童圣诞倒计时日历"
"eng_Latn","grinch christmas countdown calendar","圣诞怪杰圣诞倒计时日历"
"eng_Latn","2 year old boy advent calendar 2025","2025年2岁男孩圣诞倒数日历"
"eng_Latn","2025 tequila advent calendar","2025年龙舌兰酒圣诞倒数日历"
"eng_Latn","3d puzzle advent calendar","3D拼图圣诞倒数日历"
"eng_Latn","adult lego advent calendar","成人乐高圣诞倒数日历"
"eng_Latn","advent calendar 2025 baseball cards","2025年棒球卡片圣诞倒数日历"
"eng_Latn","advent calendar 2025 dior","2025年迪奥圣诞倒数日历"
"eng_Latn","advent calendar 2025 exit","2025年EXIT圣诞倒数日历"
"eng_Latn","advent calendar 2025 girls 12-14","2025年女孩1214圣诞倒数日历"
"eng_Latn","advent calendar 2025 hamilton","2025年hamilton圣诞倒数日历"
"eng_Latn","advent calendar 2025 national park","2025年国家公园圣诞倒数日历"
"eng_Latn","advent calendar 2025 womens","2025年女士圣诞倒数日历"
"eng_Latn","advent calendar accessories","配件圣诞倒数日历"
"eng_Latn","advent calendar flower","花卉圣诞倒数日历"
"eng_Latn","advent calendar flower bouquet","花卉花束圣诞倒数日历"
"eng_Latn","advent calendar for gardeners","gardeners圣诞倒数日历"
"eng_Latn","advent calendar for horse lovers","马爱好者圣诞倒数日历"
"eng_Latn","advent calendar for kids candy","儿童糖果圣诞倒数日历"
"eng_Latn","advent calendar gifts for men","礼物男士圣诞倒数日历"
"eng_Latn","advent calendar home alone","《小鬼当家》圣诞倒数日历"
"eng_Latn","advent calendar jelly","果冻圣诞倒数日历"
"eng_Latn","advent calendar makeup elf","彩妆e.l.f.圣诞倒数日历"
"eng_Latn","advent calendar pop","Pop圣诞倒数日历"
"eng_Latn","advent calendar sale","促销圣诞倒数日历"
"eng_Latn","advent calendar sour candy","酸味糖果圣诞倒数日历"
"eng_Latn","advent calendar target","target圣诞倒数日历"
"eng_Latn","advent calendar yarn","毛线圣诞倒数日历"
"eng_Latn","amazon makeup advent calendar 2025","2025年亚马逊彩妆圣诞倒数日历"
"eng_Latn","aviation advent calendar","aviation圣诞倒数日历"
"eng_Latn","baby advent calendar 6 months","婴幼儿6months圣诞倒数日历"
"eng_Latn","beard oil advent calendar","胡须油圣诞倒数日历"
"eng_Latn","best cat advent calendar","精选猫咪圣诞倒数日历"
"eng_Latn","blank advent calendar 2025","2025年空白圣诞倒数日历"
"eng_Latn","bluey the most amazing advent calendar book bundle","Blueymostamazing书籍套装圣诞倒数日历"
"eng_Latn","blush bar advent calendar 2025","2025年blushbar圣诞倒数日历"
"eng_Latn","board book advent calendar","board书籍圣诞倒数日历"
"eng_Latn","boys baseball advent calendar 2025","2025年男孩棒球圣诞倒数日历"
"eng_Latn","boys minecraft advent calendar 2025","2025年男孩《我的世界》圣诞倒数日历"
"eng_Latn","burts bee advent calendar","burtsbee圣诞倒数日历"
"eng_Latn","candles advent calendar","蜡烛圣诞倒数日历"
"eng_Latn","chocolate truffle advent calendar 2025","2025年巧克力松露圣诞倒数日历"
"eng_Latn","christian nativity advent calendar","基督教马槽圣诞倒数日历"
"eng_Latn","christmas vacation lego advent calendar","圣诞假期乐高圣诞倒数日历"
"eng_Latn","college dorm advent calendar","大学生dorm圣诞倒数日历"
"eng_Latn","craft beer advent calendar","手工啤酒圣诞倒数日历"
"eng_Latn","demon hunters advent calendar 2025","2025年恶魔猎人圣诞倒数日历"
"eng_Latn","disney christmas advent calendar","迪士尼圣诞倒数日历"
"eng_Latn","elf movie advent calendar 2025","2025年e.l.f.电影圣诞倒数日历"
"eng_Latn","empty blank advent calendar","空白圣诞倒数日历"
"eng_Latn","extra large fillable advent calendar","额外大号可填充圣诞倒数日历"
"eng_Latn","five nights at freddy advent calendar","fivenightsatfreddy圣诞倒数日历"
"eng_Latn","fox advent calendar","fox圣诞倒数日历"
"eng_Latn","friends lego advent calendar","《老友记》乐高圣诞倒数日历"
"eng_Latn","girls beauty advent calendar","女孩美妆圣诞倒数日历"
"eng_Latn","hiland cow advent calendar","hiland奶牛圣诞倒数日历"
"eng_Latn","hot chocolate advent calendar 2025 adult","2025年巧克力成人圣诞倒数日历"
"eng_Latn","itty bitty funko pop advent calendar","ittybittyFunko Pop圣诞倒数日历"
"eng_Latn","jameson whiskey advent calendar 2025","2025年jameson威士忌圣诞倒数日历"
"eng_Latn","kids sock advent calendar","儿童袜子圣诞倒数日历"
"eng_Latn","kids socks advent calendar 2025","2025年儿童袜子圣诞倒数日历"
"eng_Latn","lego city 2025 advent calendar","2025年乐高城市圣诞倒数日历"
"eng_Latn","lindt bear advent calendar 2025","2025年瑞士莲熊圣诞倒数日历"
"eng_Latn","littlest petshop advent calendar 2025","2025年Littlest Pet Shop圣诞倒数日历"
"eng_Latn","makeup advent calendar 2025 elf","2025年彩妆e.l.f.圣诞倒数日历"
"eng_Latn","makeup advent calendar for teen girls","彩妆青少年女孩圣诞倒数日历"
"eng_Latn","manly advent calendar 2025","2025年manly圣诞倒数日历"
"eng_Latn","mini advent calendar stuffers","迷你圣诞倒数日历填充物"
"eng_Latn","nike advent calendar","nike圣诞倒数日历"
"eng_Latn","organic tea advent calendar","有机茶叶圣诞倒数日历"
"eng_Latn","outdoors advent calendar","户外圣诞倒数日历"
"eng_Latn","p louise advent calendar 2025","2025年plouise圣诞倒数日历"
"eng_Latn","pokemon advent calendar 2025 kids","2025年宝可梦儿童圣诞倒数日历"
"eng_Latn","premium advent calendar for men","高端男士圣诞倒数日历"
"eng_Latn","racoon advent calendar","racoon圣诞倒数日历"
"eng_Latn","readers advent calendar 2025","2025年读者圣诞倒数日历"
"eng_Latn","red wine advent calendar 2025","2025年红色葡萄酒圣诞倒数日历"
"eng_Latn","revolve beauty advent calendar 2025","2025年revolve美妆圣诞倒数日历"
"eng_Latn","sexy advent calendar 2025 for couples","2025年情趣情侣圣诞倒数日历"
"eng_Latn","skateboard advent calendar 2025","2025年滑板圣诞倒数日历"
"eng_Latn","ski advent calendar 2025","2025年滑雪圣诞倒数日历"
"eng_Latn","skibidi toilet advent calendar","skibiditoilet圣诞倒数日历"
"eng_Latn","snow globe advent calendar 2025","2025年snowglobe圣诞倒数日历"
"eng_Latn","stitch bitty pop advent calendar","史迪奇bittyPop圣诞倒数日历"
"eng_Latn","tractor advent calendar 2025 kids","2025年拖拉机儿童圣诞倒数日历"
"eng_Latn","trolls advent calendar 2025","2025年trolls圣诞倒数日历"
"eng_Latn","vehicle advent calendar 2025","2025年vehicle圣诞倒数日历"
"eng_Latn","wera 2025 advent calendar","2025年wera圣诞倒数日历"
"eng_Latn","wooden advent calendar big drawers","木质big抽屉圣诞倒数日历"
"eng_Latn","wooden tree advent calendar","木质圣诞树圣诞倒数日历"
"eng_Latn","world war 2 advent calendar airplane","worldwar2airplane圣诞倒数日历"
"eng_Latn","advent calendars christmas boys","男孩圣诞倒数日历"
"eng_Latn","advent calendars crochet","钩针编织圣诞倒数日历"
"eng_Latn","advent calendars dark chocolate","黑巧克力圣诞倒数日历"
"eng_Latn","advent calendars for men 2025 cologne","2025年男士男士香水圣诞倒数日历"
"eng_Latn","beauty advent calendars￼","美妆圣诞倒数日历"
"eng_Latn","couples advent calendars","情侣圣诞倒数日历"
"eng_Latn","food advent calendars 2025","2025年食品圣诞倒数日历"
"eng_Latn","guitar advent calendars","吉他圣诞倒数日历"
"eng_Latn","lego christmas advent calendars","乐高圣诞倒数日历"
"eng_Latn","marvel advent calendars","漫威圣诞倒数日历"
"eng_Latn","organic chocolate advent calendars","有机巧克力圣诞倒数日历"
"eng_Latn","paw patrol avent calendar","《汪汪队立大功》圣诞倒数日历"
"eng_Latn","12 year old boy advent calendar","12岁男孩圣诞倒数日历"
"eng_Latn","2025 lego star wars advent calendar","2025年乐高《星球大战》圣诞倒数日历"
"eng_Latn","24 day advent calendar empty","24天空白圣诞倒数日历"
"eng_Latn","24 days makeup advent calendar","24天彩妆圣诞倒数日历"
"eng_Latn","25 day advent calendar for teen girls","25天青少年女孩圣诞倒数日历"
"eng_Latn","advent calendar 2025 birds","2025年鸟类圣诞倒数日历"
"eng_Latn","advent calendar 2025 for 11 year old girls","2025年11岁女孩圣诞倒数日历"
"eng_Latn","advent calendar 2025 for boys 10","2025年男孩10圣诞倒数日历"
"eng_Latn","advent calendar 2025 guitar picks","2025年吉他拨片圣诞倒数日历"
"eng_Latn","advent calendar 2025 k pop","2025年kPop圣诞倒数日历"
"eng_Latn","advent calendar 2025 plush","2025年毛绒玩具圣诞倒数日历"
"eng_Latn","advent calendar 2025 sweets","2025年糖果圣诞倒数日历"
"eng_Latn","advent calendar 2025 teens boys","2025年青少年男孩圣诞倒数日历"
"eng_Latn","advent calendar 5 year old","5岁圣诞倒数日历"
"eng_Latn","advent calendar bubble skincare","Bubble护肤圣诞倒数日历"
"eng_Latn","advent calendar for adults puzzle","成人拼图圣诞倒数日历"
"eng_Latn","advent calendar for adults whiskey","成人威士忌圣诞倒数日历"
"eng_Latn","advent calendar for toddlers boy","幼儿男孩圣诞倒数日历"
"eng_Latn","advent calendar hanging with pockets","悬挂口袋式圣诞倒数日历"
"eng_Latn","advent calendar hot cocoa","热可可圣诞倒数日历"
"eng_Latn","advent calendar inserts","inserts圣诞倒数日历"
"eng_Latn","advent calendar jurassic park","侏罗纪公园圣诞倒数日历"
"eng_Latn","advent calendar little girl","小女孩圣诞倒数日历"
"eng_Latn","advent calendar national park","国家公园圣诞倒数日历"
"eng_Latn","advent calendar refill items","refillitems圣诞倒数日历"
"eng_Latn","advent calendar skincare sephora","护肤丝芙兰圣诞倒数日历"
"eng_Latn","advent calendar tags","tags圣诞倒数日历"
"eng_Latn","advent calendar wife","妻子圣诞倒数日历"
"eng_Latn","air force advent calendar 2025","2025年airforce圣诞倒数日历"
"eng_Latn","amazon beauty advent calendar | exclusive 12 days of beauty 2025 | 8 full-size and 4 mini-size favor","2025年12天亚马逊美妆exclusive8fullsize4迷你favor圣诞倒数日历"
"eng_Latn","anatomy advent calendar 2025","2025年anatomy圣诞倒数日历"
"eng_Latn","animals advent calendar 2025","2025年动物圣诞倒数日历"
"eng_Latn","arts and craft advent calendar","艺术手工圣诞倒数日历"
"eng_Latn","best girls advent calendar","精选女孩圣诞倒数日历"
"eng_Latn","biblical advent calendar 2025","2025年圣经主题圣诞倒数日历"
"eng_Latn","black tea advent calendar 2025","2025年红茶叶圣诞倒数日历"
"eng_Latn","buldak advent calendar","buldak圣诞倒数日历"
"eng_Latn","christian advent calendar for teens","基督教青少年圣诞倒数日历"
"eng_Latn","christmas makeup advent calendar","彩妆圣诞倒数日历"
"eng_Latn","christmas train advent calendar 2025","2025年火车圣诞倒数日历"
"eng_Latn","coin collector advent calendar","coincollector圣诞倒数日历"
"eng_Latn","construction truck advent calendar","constructiontruck圣诞倒数日历"
"eng_Latn","daniel tiger advent calendar","danieltiger圣诞倒数日历"
"eng_Latn","dc comics advent calendar 2025","2025年dccomics圣诞倒数日历"
"eng_Latn","deer advent calendar","deer圣诞倒数日历"
"eng_Latn","dm snacks advent calendar","dm零食圣诞倒数日历"
"eng_Latn","dog ornament advent calendar","狗狗装饰品圣诞倒数日历"
"eng_Latn","electronic advent calendar","电子款圣诞倒数日历"
"eng_Latn","exit escape room advent calendar","EXITescaperoom圣诞倒数日历"
"eng_Latn","fancy advent calendar","精致圣诞倒数日历"
"eng_Latn","fantasy advent calendar 2025","2025年fantasy圣诞倒数日历"
"eng_Latn","finding jesus advent calendar","finding耶稣圣诞倒数日历"
"eng_Latn","firetruck advent calendar","消防车圣诞倒数日历"
"eng_Latn","fishing christmas advent calendar","垂钓圣诞倒数日历"
"eng_Latn","fresh water fishing advent calendar 2025","2025年freshwater钓鱼圣诞倒数日历"
"eng_Latn","genshin impact advent calendar","genshinimpact圣诞倒数日历"
"eng_Latn","girls advent calendar 2025 makeup","2025年女孩彩妆圣诞倒数日历"
"eng_Latn","golf advent calendar for adults","高尔夫成人圣诞倒数日历"
"eng_Latn","highland cow advent calendar 2025 - 3d 24 days of festival","2025年24天苏格兰高地牛3Dfestival圣诞倒数日历"
"eng_Latn","horses advent calendar 2025","2025年马匹圣诞倒数日历"
"eng_Latn","items for advent calendar","物品圣诞倒数日历"
"eng_Latn","juicy couture advent calendar","juicycouture圣诞倒数日历"
"eng_Latn","kawaii mini brands advent calendar","可爱Mini Brands圣诞倒数日历"
"eng_Latn","kids advent calendar 2025 minecraft","2025年儿童《我的世界》圣诞倒数日历"
"eng_Latn","kids advent calendar chocolate","儿童巧克力圣诞倒数日历"
"eng_Latn","kids skincare advent calendar","儿童护肤圣诞倒数日历"
"eng_Latn","kirby advent calendar 2025","2025年kirby圣诞倒数日历"
"eng_Latn","lego advent flower calendar 2025","2025年乐高花卉圣诞倒数日历"
"eng_Latn","lego plant advent calendar 2025","2025年乐高植物圣诞倒数日历"
"eng_Latn","lego princess advent calendar 2025","2025年乐高公主圣诞倒数日历"
"eng_Latn","lego spiderman advent calendar 2025","2025年乐高蜘蛛侠圣诞倒数日历"
"eng_Latn","lego tree advent calendar","乐高圣诞树圣诞倒数日历"
"eng_Latn","lol surprise doll advent calendar","LOLsurprise玩偶圣诞倒数日历"
"eng_Latn","lotr advent calendar 2025","2025年《指环王》圣诞倒数日历"
"eng_Latn","makeup advent calendar 2025 24 days","2025年24天彩妆圣诞倒数日历"
"eng_Latn","makeup advent calendar for women","彩妆女士圣诞倒数日历"
"eng_Latn","makeup advent calendar ulta","彩妆ULTA圣诞倒数日历"
"eng_Latn","marvel funko pop advent calendar 2025","2025年漫威Funko Pop圣诞倒数日历"
"eng_Latn","mexican advent calendar","mexican圣诞倒数日历"
"eng_Latn","mindfulness advent calendar","mindfulness圣诞倒数日历"
"eng_Latn","mini brands advent calendar food","Mini Brands食品圣诞倒数日历"
"eng_Latn","mini liquor bottle advent calendar","迷你酒类bottle圣诞倒数日历"
"eng_Latn","panini advent calendar","panini圣诞倒数日历"
"eng_Latn","pavoi jewelry advent calendar 2025","2025年pavoi珠宝首饰圣诞倒数日历"
"eng_Latn","phillies advent calendar 2025","2025年phillies圣诞倒数日历"
"eng_Latn","pony advent calendar","pony圣诞倒数日历"
"eng_Latn","pop funko advent calendar","PopFunko圣诞倒数日历"
"eng_Latn","preteen boy advent calendar","大龄儿童男孩圣诞倒数日历"
"eng_Latn","ps5 advent calendar","PS5圣诞倒数日历"
"eng_Latn","purfume advent calendar","purfume圣诞倒数日历"
"eng_Latn","puzzle advent calendar kids","拼图儿童圣诞倒数日历"
"eng_Latn","real whiskey advent calendar","真实威士忌圣诞倒数日历"
"eng_Latn","ring advent calendar","戒指圣诞倒数日历"
"eng_Latn","rubber duckie advent calendar 2025","2025年橡胶duckie圣诞倒数日历"
"eng_Latn","scary advent calendar","scary圣诞倒数日历"
"eng_Latn","spidey and his amazing friends advent calendar","蜘蛛侠hisamazing《老友记》圣诞倒数日历"
"eng_Latn","squish mallow advent calendar","squishmallow圣诞倒数日历"
"eng_Latn","squishies advent calendar","解压玩具圣诞倒数日历"
"eng_Latn","star wars 2025 advent calendar","2025年《星球大战》圣诞倒数日历"
"eng_Latn","stuffy advent calendar","stuffy圣诞倒数日历"
"eng_Latn","the building blocks advent calendar","积木圣诞倒数日历"
"eng_Latn","the nightmare before christmas advent calendar","《圣诞夜惊魂》圣诞倒数日历"
"eng_Latn","tiny gifts to put in advent calendar","可放入日历的小礼物圣诞倒数日历"
"eng_Latn","tony moly advent calendar","tonymoly圣诞倒数日历"
"eng_Latn","trout fishing advent calendar","trout钓鱼圣诞倒数日历"
"eng_Latn","ulta advent calendar for adults","ULTA成人圣诞倒数日历"
"eng_Latn","underwear advent calendar","内衣圣诞倒数日历"
"eng_Latn","vahdam tea advent calendar","vahdam茶叶圣诞倒数日历"
"eng_Latn","vehicle advent calendar","vehicle圣诞倒数日历"
"eng_Latn","wood nativity advent calendar","木质马槽圣诞倒数日历"
"eng_Latn","wwii tank advent calendar","二战坦克圣诞倒数日历"
"eng_Latn","young man advent calendar 2025","2025年年轻人男士圣诞倒数日历"
"eng_Latn","adult christmas advent calendars","成人圣诞倒数日历"
"eng_Latn","advent calendars dnd","D&D圣诞倒数日历"
"eng_Latn","advent calendars for 9 year old girls","9岁女孩圣诞倒数日历"
"eng_Latn","advent calendars for boys age 4","4岁男孩圣诞倒数日历"
"eng_Latn","advent calendars spiderman","蜘蛛侠圣诞倒数日历"
"eng_Latn","advent calendars toddler boy","幼儿男孩圣诞倒数日历"
"eng_Latn","advent. calendars","圣诞倒数日历"
"eng_Latn","empty advent calendars boxes to fill","空白盒子可填充圣诞倒数日历"
"eng_Latn","girls advent calendars 2025","2025年女孩圣诞倒数日历"
"eng_Latn","horse advent calendars","马匹圣诞倒数日历"
"eng_Latn","lindt chocolate advent calendars","瑞士莲巧克力圣诞倒数日历"
"eng_Latn","teen advent calendars 2025","2025年青少年圣诞倒数日历"
"eng_Latn","wood advent calendars","木质圣诞倒数日历"
"eng_Latn","avent calendar 2025 teen boy","2025年青少年男孩圣诞倒数日历"
"eng_Latn","fidget avent calendar","解压玩具圣诞倒数日历"
"eng_Latn","fnaf avent calendar","FNAF圣诞倒数日历"
"eng_Latn","kpop demon hunters avent calendar","《K-pop恶魔猎人》圣诞倒数日历"
"eng_Latn","taba squishy avent calendar","Taba解压玩具圣诞倒数日历"
"eng_Latn","12 days of socks advent calendar","12天袜子圣诞倒数日历"
"eng_Latn","49ers advent calendar","49ers圣诞倒数日历"
"eng_Latn","advent calendar 2025 2 year old girl","2025年2岁女孩圣诞倒数日历"
"eng_Latn","advent calendar 2025 cow","2025年奶牛圣诞倒数日历"
"eng_Latn","advent calendar 2025 disney princess","2025年迪士尼公主圣诞倒数日历"
"eng_Latn","advent calendar 2025 for 10 year old boys","2025年10岁男孩圣诞倒数日历"
"eng_Latn","advent calendar 2025 games","2025年游戏圣诞倒数日历"
"eng_Latn","advent calendar 2025 lindor","2025年Lindor圣诞倒数日历"
"eng_Latn","advent calendar 2025 teen girls lip gloss","2025年青少年女孩唇彩圣诞倒数日历"
"eng_Latn","advent calendar artist","艺术家圣诞倒数日历"
"eng_Latn","advent calendar boys pokemon","男孩宝可梦圣诞倒数日历"
"eng_Latn","advent calendar christmas story","故事圣诞倒数日历"
"eng_Latn","advent calendar disney 2025","2025年迪士尼圣诞倒数日历"
"eng_Latn","advent calendar fabric panel","布艺panel圣诞倒数日历"
"eng_Latn","advent calendar for children 2025","2025年儿童圣诞倒数日历"
"eng_Latn","advent calendar for girls chocolate","女孩巧克力圣诞倒数日历"
"eng_Latn","advent calendar for grandparents","grandparents圣诞倒数日历"
"eng_Latn","advent calendar for men jerky","男士肉干圣诞倒数日历"
"eng_Latn","advent calendar gingerbread house","姜饼屋圣诞倒数日历"
"eng_Latn","advent calendar godiva","Godiva圣诞倒数日历"
"eng_Latn","advent calendar redbull","红牛圣诞倒数日历"
"eng_Latn","advent calendar slime peachybabies","史莱姆peachybabies圣诞倒数日历"
"eng_Latn","advent calendar teenager","青少年圣诞倒数日历"
"eng_Latn","advent calendar with gummy candy","软糖糖果圣诞倒数日历"
"eng_Latn","advent cat calendar","猫咪圣诞倒数日历"
"eng_Latn","advent golf calendar","高尔夫圣诞倒数日历"
"eng_Latn","advent+beauty+calendar+2025","2025年美妆圣诞倒数日历"
"eng_Latn","angel advent calendar 2025","2025年天使圣诞倒数日历"
"eng_Latn","bigfoot advent calendar 2026","2026年大脚怪圣诞倒数日历"
"eng_Latn","blank cardboard advent calendar","空白纸板圣诞倒数日历"
"eng_Latn","blippi advent calendar 2025","2025年blippi圣诞倒数日历"
"eng_Latn","blocks advent calendar","积木圣诞倒数日历"
"eng_Latn","bluey book advent calendar 2025","2025年Bluey书籍圣诞倒数日历"
"eng_Latn","charcuterie advent calendar","charcuterie圣诞倒数日历"
"eng_Latn","cheese advent calendar 2025 for adults","2025年奶酪成人圣诞倒数日历"
"eng_Latn","chicago bears advent calendar 2025","2025年Chicago Bears圣诞倒数日历"
"eng_Latn","chihuahua advent calendar 2025","2025年chihuahua圣诞倒数日历"
"eng_Latn","childrens advent calendar with toys","儿童玩具圣诞倒数日历"
"eng_Latn","chocolate advent calendar 2025 adult women","2025年巧克力成人女士圣诞倒数日历"
"eng_Latn","christian advent calendar 2025 adult women","2025年基督教成人女士圣诞倒数日历"
"eng_Latn","christmas advent calendar 2025 kids chocolate","2025年儿童巧克力圣诞倒数日历"
"eng_Latn","christmas advent calendar puzzle 2025","2025年拼图圣诞倒数日历"
"eng_Latn","christmas bracelet advent calendar 2025","2025年手链圣诞倒数日历"
"eng_Latn","christmas calendar advent chocolate","巧克力圣诞倒数日历"
"eng_Latn","christmas earrings advent calendar","耳环圣诞倒数日历"
"eng_Latn","christmas tea advent calendar","茶叶圣诞倒数日历"
"eng_Latn","classic car advent calendar 2025","2025年classic汽车圣诞倒数日历"
"eng_Latn","coquette advent calendar","coquette圣诞倒数日历"
"eng_Latn","december advent calendar 2025","2025年december圣诞倒数日历"
"eng_Latn","designer advent calendar 2025","2025年designer圣诞倒数日历"
"eng_Latn","essential oils advent calendar","essentialoils圣诞倒数日历"
"eng_Latn","every jewels advent calendar","everyjewels圣诞倒数日历"
"eng_Latn","expensive advent calendar 2025","2025年expensive圣诞倒数日历"
"eng_Latn","female advent calendar","女性圣诞倒数日历"
"eng_Latn","ferrari advent calendar","ferrari圣诞倒数日历"
"eng_Latn","gadget advent calendar","gadget圣诞倒数日历"
"eng_Latn","german shepherd advent calendar","德国shepherd圣诞倒数日历"
"eng_Latn","girls advent calendar 2025 squishmallow","2025年女孩Squishmallows圣诞倒数日历"
"eng_Latn","great pretenders advent calendar","greatpretenders圣诞倒数日历"
"eng_Latn","hallmark advent calendar 2025","2025年hallmark圣诞倒数日历"
"eng_Latn","haribo gummy advent calendar 2025","2025年haribo软糖圣诞倒数日历"
"eng_Latn","harry potter funko advent calendar","《哈利·波特》Funko圣诞倒数日历"
"eng_Latn","hello kitty advent calendar￼","Hello Kitty圣诞倒数日历"
"eng_Latn","incense advent calendar 2025","2025年香薰圣诞倒数日历"
"eng_Latn","jewelry advent calendar￼","珠宝首饰圣诞倒数日历"
"eng_Latn","jurassic world chaos theory advent calendar","《侏罗纪世界：混沌理论》圣诞倒数日历"
"eng_Latn","kids nativity advent calendar 2025","2025年儿童马槽圣诞倒数日历"
"eng_Latn","kids ornament advent calendar","儿童装饰品圣诞倒数日历"
"eng_Latn","kids science advent calendar 2025","2025年儿童科学圣诞倒数日历"
"eng_Latn","kids toy advent calendar 2025","2025年儿童玩具圣诞倒数日历"
"eng_Latn","kpop christmas advent calendar","K-pop圣诞倒数日历"
"eng_Latn","labubu advent calendar 2025 christmas","2025年Labubu圣诞倒数日历"
"eng_Latn","lego avengers advent calendar","乐高《复仇者联盟》圣诞倒数日历"
"eng_Latn","lego minifigures advent calendar","乐高minifigures圣诞倒数日历"
"eng_Latn","lego tree advent calendar 2025","2025年乐高圣诞树圣诞倒数日历"
"eng_Latn","little people nativity advent calendar","Little People马槽圣诞倒数日历"
"eng_Latn","lottery ticket advent calendar","lotteryticket圣诞倒数日历"
"eng_Latn","make my own advent calendar","makemyown圣诞倒数日历"
"eng_Latn","makeup advent calendar elf","彩妆e.l.f.圣诞倒数日历"
"eng_Latn","mascara advent calendar 2025","2025年睫毛膏圣诞倒数日历"
"eng_Latn","mattel advent calendar 2025","2025年mattel圣诞倒数日历"
"eng_Latn","mechanics advent calendar","mechanics圣诞倒数日历"
"eng_Latn","medieval advent calendar","中世纪圣诞倒数日历"
"eng_Latn","mini puzzle advent calendar","迷你拼图圣诞倒数日历"
"eng_Latn","muppet christmas carol advent calendar","muppetcarol圣诞倒数日历"
"eng_Latn","mystery advent calendar for kids","神秘儿童圣诞倒数日历"
"eng_Latn","nail advent calendar 2025 teen girls","2025年指甲护理青少年女孩圣诞倒数日历"
"eng_Latn","national geo advent calendar","国家geo圣诞倒数日历"
"eng_Latn","night before christmas advent calendar","nightbefore圣诞倒数日历"
"eng_Latn","playmobile advent calendar","playmobile圣诞倒数日历"
"eng_Latn","premium beauty advent calendar","高端美妆圣诞倒数日历"
"eng_Latn","pura vida advent calendar 2025","2025年puravida圣诞倒数日历"
"eng_Latn","rescuer nativity advent calendar","The Rescuer马槽圣诞倒数日历"
"eng_Latn","revolution beauty advent calendar","Revolution Beauty圣诞倒数日历"
"eng_Latn","rituals advent calendar","Rituals圣诞倒数日历"
"eng_Latn","scented candle advent calendar","香氛蜡烛圣诞倒数日历"
"eng_Latn","seeds advent calendar","seeds圣诞倒数日历"
"eng_Latn","skin care advent calendar for kids","护肤儿童圣诞倒数日历"
"eng_Latn","skincare advent calendar 2025 ulta","2025年护肤ULTA圣诞倒数日历"
"eng_Latn","skz advent calendar 2025","2025年skz圣诞倒数日历"
"eng_Latn","solar system advent calendar","太阳系圣诞倒数日历"
"eng_Latn","sponge bob advent calendar","海绵宝宝圣诞倒数日历"
"eng_Latn","squishmallows 2025 advent calendar","2025年Squishmallows圣诞倒数日历"
"eng_Latn","stitch advent calendar bracelet","史迪奇手链圣诞倒数日历"
"eng_Latn","tea bag advent calendar","茶袋子圣诞倒数日历"
"eng_Latn","teen girl stationery advent calendar","青少年女孩文具圣诞倒数日历"
"eng_Latn","thanksgiving advent calendar 2025","2025年感恩节圣诞倒数日历"
"eng_Latn","the simpsons advent calendar 2025","2025年《辛普森一家》圣诞倒数日历"
"eng_Latn","tonymoly advent calendar","tonymoly圣诞倒数日历"
"eng_Latn","unicorn advent calendar for girls","独角兽女孩圣诞倒数日历"
"eng_Latn","velcro advent calendar","velcro圣诞倒数日历"
"eng_Latn","victoria's secret advent calendar","victoriassecret圣诞倒数日历"
"eng_Latn","waterdrop advent calendar","waterdrop圣诞倒数日历"
"eng_Latn","wera tools advent calendar 2025","2025年wera工具圣诞倒数日历"
"eng_Latn","wicked premium advent calendar 2025","2025年Wicked高端圣诞倒数日历"
"eng_Latn","womans advent calendar","womans圣诞倒数日历"
"eng_Latn","wooden refillable advent calendar","木质可重复填充圣诞倒数日历"
"eng_Latn","activity advent calendars for kids","活动儿童圣诞倒数日历"
"eng_Latn","advent calendars 2025 food","2025年食品圣诞倒数日历"
"eng_Latn","advent calendars dragon","龙圣诞倒数日历"
"eng_Latn","advent calendars for guys","男士圣诞倒数日历"
"eng_Latn","advent calendars horse","马匹圣诞倒数日历"
"eng_Latn","advent calendars sanrio","三丽鸥圣诞倒数日历"
"eng_Latn","advent calendars self care","自我护理圣诞倒数日历"
"eng_Latn","coffee advent calendars 2025","2025年咖啡圣诞倒数日历"
"eng_Latn","kids chocolate advent calendars","儿童巧克力圣诞倒数日历"
"eng_Latn","lego advent calendars christmas","乐高圣诞倒数日历"
"eng_Latn","men's advent calendars","男士s圣诞倒数日历"
"eng_Latn","puzzle advent calendars 2025","2025年拼图圣诞倒数日历"
"eng_Latn","funko pop countdown calendar","Funko Pop倒计时日历"
"eng_Latn","12 day makeup advent calendar","12天彩妆圣诞倒数日历"
"eng_Latn","12 days advent calendar empty","12天空白圣诞倒数日历"
"eng_Latn","2025 gilmore girls advent calendar","2025年《吉尔莫女孩》圣诞倒数日历"
"eng_Latn","2025 highland cow advent calendar","2025年苏格兰高地牛圣诞倒数日历"
"eng_Latn","24 day empty advent calendar","24天空白圣诞倒数日历"
"eng_Latn","24 day skincare advent calendar","24天护肤圣诞倒数日历"
"eng_Latn","25 days makeup advent calendar","25天彩妆圣诞倒数日历"
"eng_Latn","8 year old advent calendar","8岁圣诞倒数日历"
"eng_Latn","advent calendar 2025 10 year old boy","2025年10岁男孩圣诞倒数日历"
"eng_Latn","advent calendar 2025 axolotl","2025年六角恐龙圣诞倒数日历"
"eng_Latn","advent calendar 2025 for boys 3-4","2025年男孩34圣诞倒数日历"
"eng_Latn","advent calendar 2025 for her","2025年女士圣诞倒数日历"
"eng_Latn","advent calendar 2025 hotwheels","2025年风火轮圣诞倒数日历"
"eng_Latn","advent calendar 2025 nail","2025年指甲护理圣诞倒数日历"
"eng_Latn","advent calendar 2025 video game","2025年电子游戏圣诞倒数日历"
"eng_Latn","advent calendar activities","activities圣诞倒数日历"
"eng_Latn","advent calendar basketball 2025","2025年篮球圣诞倒数日历"
"eng_Latn","advent calendar bath bombs for kids","沐浴泡澡球儿童圣诞倒数日历"
"eng_Latn","advent calendar boxes empty wood","盒子空白木质圣诞倒数日历"
"eng_Latn","advent calendar coloring","涂色圣诞倒数日历"
"eng_Latn","advent calendar empty boxes","空白盒子圣诞倒数日历"
"eng_Latn","advent calendar fitness","健身圣诞倒数日历"
"eng_Latn","advent calendar for crocheters","crocheters圣诞倒数日历"
"eng_Latn","advent calendar for ladies","女士圣诞倒数日历"
"eng_Latn","advent calendar for pregnant women","pregnant女士圣诞倒数日历"
"eng_Latn","advent calendar for two","two圣诞倒数日历"
"eng_Latn","advent calendar golf balls","高尔夫balls圣诞倒数日历"
"eng_Latn","advent calendar kawaii","可爱圣诞倒数日历"
"eng_Latn","advent calendar large boxes","大号盒子圣诞倒数日历"
"eng_Latn","advent calendar magnetic tiles","磁力片圣诞倒数日历"
"eng_Latn","advent calendar planes","planes圣诞倒数日历"
"eng_Latn","advent calendar self fill","self可填充圣诞倒数日历"
"eng_Latn","advent calendar sweets","糖果圣诞倒数日历"
"eng_Latn","advent calendar teen jewelry","青少年珠宝首饰圣诞倒数日历"
"eng_Latn","advent calendar tequila","龙舌兰酒圣诞倒数日历"
"eng_Latn","advent calendar winnie the pooh","winniepooh圣诞倒数日历"
"eng_Latn","advent calendar with makeup","彩妆圣诞倒数日历"
"eng_Latn","advent calendar young men","年轻人男士圣诞倒数日历"
"eng_Latn","advent snack calendar 2025","2025年零食圣诞倒数日历"
"eng_Latn","baby's first advent calendar 2025","2025年婴幼儿sfirst圣诞倒数日历"
"eng_Latn","black advent calendar","黑色圣诞倒数日历"
"eng_Latn","block advent calendar","block圣诞倒数日历"
"eng_Latn","book advent calendar 2025 adult romance","2025年书籍成人浪漫圣诞倒数日历"
"eng_Latn","booktok advent calendar","booktok圣诞倒数日历"
"eng_Latn","boys advent calendar lego","男孩乐高圣诞倒数日历"
"eng_Latn","boys sock advent calendar 2025","2025年男孩袜子圣诞倒数日历"
"eng_Latn","build a car advent calendar 2025","2025年拼装汽车圣诞倒数日历"
"eng_Latn","cheap beauty advent calendar","实惠美妆圣诞倒数日历"
"eng_Latn","cheerleading advent calendar","cheerleading圣诞倒数日历"
"eng_Latn","choc advent calendar 2025","2025年choc圣诞倒数日历"
"eng_Latn","christian advent calendar 2025 teens","2025年基督教青少年圣诞倒数日历"
"eng_Latn","christmas advent calendar for dogs","狗狗圣诞倒数日历"
"eng_Latn","christmas count down advent calendar","countdown圣诞倒数日历"
"eng_Latn","christmas decoration advent calendar","decoration圣诞倒数日历"
"eng_Latn","coding advent calendar","coding圣诞倒数日历"
"eng_Latn","colourpop advent calendar","colourpop圣诞倒数日历"
"eng_Latn","crafters advent calendar 2025","2025年crafters圣诞倒数日历"
"eng_Latn","crossword advent calendar","crossword圣诞倒数日历"
"eng_Latn","crystal cats advent calendar","水晶猫咪圣诞倒数日历"
"eng_Latn","dc funko pop advent calendar","dcFunko Pop圣诞倒数日历"
"eng_Latn","decaf tea advent calendar 2025","2025年脱咖啡因茶叶圣诞倒数日历"
"eng_Latn","demon slayer christmas advent calendar","《鬼灭之刃》圣诞倒数日历"
"eng_Latn","disney princess little people advent calendar","迪士尼公主Little People圣诞倒数日历"
"eng_Latn","divine advent calendar","divine圣诞倒数日历"
"eng_Latn","dog treat christmas advent calendar 2025","2025年狗狗零食圣诞倒数日历"
"eng_Latn","e.l.f makeup advent calendar 2025","2025年e.l.f.彩妆圣诞倒数日历"
"eng_Latn","elemis advent calendar","elemis圣诞倒数日历"
"eng_Latn","elvis advent calendar","elvis圣诞倒数日历"
"eng_Latn","figure advent calendar","玩偶圣诞倒数日历"
"eng_Latn","fire truck advent calendar","消防车圣诞倒数日历"
"eng_Latn","fishing advent calendar for boys","钓鱼男孩圣诞倒数日历"
"eng_Latn","fishing lure advent calendar 2026","2026年钓鱼诱饵圣诞倒数日历"
"eng_Latn","five nights at freddys advent calendar","《玩具熊的五夜后宫》圣诞倒数日历"
"eng_Latn","foreign candy advent calendar","foreign糖果圣诞倒数日历"
"eng_Latn","fragrance advent calendar for women","香氛女士圣诞倒数日历"
"eng_Latn","funko pop nfl advent calendar 2025","2025年Funko PopNFL圣诞倒数日历"
"eng_Latn","funko pops advent calendar","Funkopops圣诞倒数日历"
"eng_Latn","gaming advent calendar men","游戏男士圣诞倒数日历"
"eng_Latn","godiva advent calendar 2025 adult","2025年Godiva成人圣诞倒数日历"
"eng_Latn","gundam advent calendar 2025","2025年高达圣诞倒数日历"
"eng_Latn","harry potter chocolate advent calendar","《哈利·波特》巧克力圣诞倒数日历"
"eng_Latn","harry potter hogwarts 24 day premium advent calendar - officially licensed christmas gifts & seasona","24天《哈利·波特》霍格沃茨高端officiallylicensed礼物seasona圣诞倒数日历"
"eng_Latn","holy advent calendar","Holy圣诞倒数日历"
"eng_Latn","hot wheels advent calendar for boys","风火轮男孩圣诞倒数日历"
"eng_Latn","ice hockey advent calendar 2025","2025年冰冰球圣诞倒数日历"
"eng_Latn","kids beauty advent calendar","儿童美妆圣诞倒数日历"
"eng_Latn","labubu advent calendar 2026","2026年Labubu圣诞倒数日历"
"eng_Latn","lego advent calendar 2023","2023年乐高圣诞倒数日历"
"eng_Latn","lego christian advent calendar 2025","2025年乐高基督教圣诞倒数日历"
"eng_Latn","lego city advent calendar 2025 christmas","2025年乐高城市圣诞倒数日历"
"eng_Latn","lionel advent calendar 2025","2025年lionel圣诞倒数日历"
"eng_Latn","little girl makeup advent calendar","小女孩彩妆圣诞倒数日历"
"eng_Latn","magnet tiles advent calendar","magnettiles圣诞倒数日历"
"eng_Latn","mary engelbreit advent calendar 2025","2025年Mary Engelbreit圣诞倒数日历"
"eng_Latn","mini 3d printed animals advent calendar","迷你3D打印动物圣诞倒数日历"
"eng_Latn","minnie advent calendar","minnie圣诞倒数日历"
"eng_Latn","mr beast lab swarms advent calendar","mrbeastlabswarms圣诞倒数日历"
"eng_Latn","music themed advent calendar","音乐主题款圣诞倒数日历"
"eng_Latn","naughty adult advent calendar 2025 for couples","2025年淘气成人情侣圣诞倒数日历"
"eng_Latn","nespresso vertuo advent calendar","Nespressovertuo圣诞倒数日历"
"eng_Latn","new advent calendar 2025","2025年新款圣诞倒数日历"
"eng_Latn","pokemon advent calendar 2026","2026年宝可梦圣诞倒数日历"
"eng_Latn","polaroid picture advent calendar","宝丽来图片圣诞倒数日历"
"eng_Latn","religious chocolate advent calendar 2025","2025年宗教巧克力圣诞倒数日历"
"eng_Latn","republic of tea advent calendar","republic茶叶圣诞倒数日历"
"eng_Latn","ritter sport advent calendar","rittersport圣诞倒数日历"
"eng_Latn","sea turtle advent calendar","海洋乌龟圣诞倒数日历"
"eng_Latn","sex toy advent calendar 2025","2025年成人情趣玩具圣诞倒数日历"
"eng_Latn","small gifts for advent calendar adults","小号礼物成人圣诞倒数日历"
"eng_Latn","spidey and friends advent calendar 2025","2025年蜘蛛侠《老友记》圣诞倒数日历"
"eng_Latn","star wars funko advent calendar","《星球大战》Funko圣诞倒数日历"
"eng_Latn","sticker advent calendar 2025 kids","2025年贴纸儿童圣诞倒数日历"
"eng_Latn","stone advent calendar 2025","2025年stone圣诞倒数日历"
"eng_Latn","swiss chocolate advent calendar","swiss巧克力圣诞倒数日历"
"eng_Latn","tactical advent calendar 2025","2025年tactical圣诞倒数日历"
"eng_Latn","takis advent calendar","takis圣诞倒数日历"
"eng_Latn","teddy bear advent calendar 2025","2025年泰迪熊圣诞倒数日历"
"eng_Latn","topps advent calendar basketball 2025","2025年Topps篮球圣诞倒数日历"
"eng_Latn","trucks advent calendar 2025","2025年卡车圣诞倒数日历"
"eng_Latn","vaseline advent calendar 2025","2025年vaseline圣诞倒数日历"
"eng_Latn","wnba advent calendar 2025","2025年wnba圣诞倒数日历"
"eng_Latn","womens perfume advent calendar 2025","2025年女士香水圣诞倒数日历"
"eng_Latn","wooden house advent calendar","木质房屋圣诞倒数日历"
"eng_Latn","world war 2 aircraft advent calendar","worldwar2飞机圣诞倒数日历"
"eng_Latn","wufers dog advent calendar 2025","2025年wufers狗狗圣诞倒数日历"
"eng_Latn","advent calendars 2025 teen girls","2025年青少年女孩圣诞倒数日历"
"eng_Latn","advent calendars 2025 women","2025年女士圣诞倒数日历"
"eng_Latn","advent calendars adults 2025","2025年成人圣诞倒数日历"
"eng_Latn","advent calendars fabric","布艺圣诞倒数日历"
"eng_Latn","advent calendars for dads","dads圣诞倒数日历"
"eng_Latn","advent calendars for girls￼","女孩圣诞倒数日历"
"eng_Latn","advent calendars horror","恐怖圣诞倒数日历"
"eng_Latn","advent calendars tween girls","青少年女孩圣诞倒数日历"
"eng_Latn","chocolate advent calendars for women","巧克力女士圣诞倒数日历"
"eng_Latn","christian advent calendars for kids","基督教儿童圣诞倒数日历"
"eng_Latn","fortnite advent calendars","Fortnite圣诞倒数日历"
"eng_Latn","holiday advent calendars","假日圣诞倒数日历"
"eng_Latn","religious advent calendars for kids","宗教儿童圣诞倒数日历"
"eng_Latn","sanrio advent calendars","三丽鸥圣诞倒数日历"
"eng_Latn","avent calendar 2025 christmas candy","2025年糖果圣诞倒数日历"
"eng_Latn","barbie avent calendar","芭比圣诞倒数日历"
"eng_Latn","dog avent calendar","狗狗圣诞倒数日历"
"eng_Latn","dog avent calendar 2025 christmas","2025年狗狗圣诞倒数日历"
"eng_Latn","girls avent calendar","女孩圣诞倒数日历"
"eng_Latn","teen avent calendar","青少年圣诞倒数日历"
"eng_Latn","2025 star wars advent calendar","2025年《星球大战》圣诞倒数日历"
"eng_Latn","2025 wicked advent calendar","2025年Wicked圣诞倒数日历"
"eng_Latn","25 drawer wooden advent calendar","25drawer木质圣诞倒数日历"
"eng_Latn","3d printed christmas advent calendar","3D打印圣诞倒数日历"
"eng_Latn","7 year old boy advent calendar","7岁男孩圣诞倒数日历"
"eng_Latn","adult advent calendar for men","成人男士圣诞倒数日历"
"eng_Latn","adult toy advent calendar","成人玩具圣诞倒数日历"
"eng_Latn","advent adult calendar 2025","2025年成人圣诞倒数日历"
"eng_Latn","advent alcohol calendar 2025","2025年酒类圣诞倒数日历"
"eng_Latn","advent calendar 1 year old boy","1岁男孩圣诞倒数日历"
"eng_Latn","advent calendar 2023 kids","2023年儿童圣诞倒数日历"
"eng_Latn","advent calendar 2025 for him","2025年男士圣诞倒数日历"
"eng_Latn","advent calendar 2025 for wife","2025年妻子圣诞倒数日历"
"eng_Latn","advent calendar 2025 luxury","2025年奢华圣诞倒数日历"
"eng_Latn","advent calendar 2025 stickers","2025年贴纸圣诞倒数日历"
"eng_Latn","advent calendar 2025 unicorn","2025年独角兽圣诞倒数日历"
"eng_Latn","advent calendar airplane","飞机圣诞倒数日历"
"eng_Latn","advent calendar babies","婴幼儿圣诞倒数日历"
"eng_Latn","advent calendar books for toddlers","书籍幼儿圣诞倒数日历"
"eng_Latn","advent calendar boxes to fill large","盒子可填充大号圣诞倒数日历"
"eng_Latn","advent calendar bts","bts圣诞倒数日历"
"eng_Latn","advent calendar charlotte tilbury","charlottetilbury圣诞倒数日历"
"eng_Latn","advent calendar crystal","水晶圣诞倒数日历"
"eng_Latn","advent calendar drawing","绘画圣诞倒数日历"
"eng_Latn","advent calendar for coworkers","coworkers圣诞倒数日历"
"eng_Latn","advent calendar for kids 9-12","儿童912圣诞倒数日历"
"eng_Latn","advent calendar for makeup","彩妆圣诞倒数日历"
"eng_Latn","advent calendar for teen boys candy","青少年男孩糖果圣诞倒数日历"
"eng_Latn","advent calendar for teena","teena圣诞倒数日历"
"eng_Latn","advent calendar for the family","家庭圣诞倒数日历"
"eng_Latn","advent calendar for toddler boys 2025","2025年幼儿男孩圣诞倒数日历"
"eng_Latn","advent calendar gold jewelry","金色珠宝首饰圣诞倒数日历"
"eng_Latn","advent calendar laneige","laneige圣诞倒数日历"
"eng_Latn","advent calendar lindor","Lindor圣诞倒数日历"
"eng_Latn","advent calendar lol doll","LOL玩偶圣诞倒数日历"
"eng_Latn","advent calendar puzzle for adults","拼图成人圣诞倒数日历"
"eng_Latn","advent calendar tweens","青少年圣诞倒数日历"
"eng_Latn","advent calendar ￼￼","圣诞倒数日历"
"eng_Latn","advent minecraft calendar","《我的世界》圣诞倒数日历"
"eng_Latn","advent slime calendar","史莱姆圣诞倒数日历"
"eng_Latn","air force advent calendar","airforce圣诞倒数日历"
"eng_Latn","anthropology advent calendar 2025","2025年anthropology圣诞倒数日历"
"eng_Latn","beauty advent calendar 2024","2024年美妆圣诞倒数日历"
"eng_Latn","beauty product advent calendar","美妆产品圣诞倒数日历"
"eng_Latn","bird lover advent calendar","鸟类爱好者圣诞倒数日历"
"eng_Latn","border collie advent calendar","bordercollie圣诞倒数日历"
"eng_Latn","bourbon advent calendar 2025 buffalo trace","2025年烈酒Buffalo Trace圣诞倒数日历"
"eng_Latn","boy toddler advent calendar 2025","2025年男孩幼儿圣诞倒数日历"
"eng_Latn","brian rot advent calendar","brian圣诞倒数日历"
"eng_Latn","bubble skincare advent calendar 2025 ulta","2025年Bubble护肤ULTA圣诞倒数日历"
"eng_Latn","build advent calendar 2025","2025年拼装圣诞倒数日历"
"eng_Latn","candy kittens advent calendar","糖果kittens圣诞倒数日历"
"eng_Latn","car building advent calendar","汽车建造圣诞倒数日历"
"eng_Latn","cat toys advent calendar 2025","2025年猫咪玩具圣诞倒数日历"
"eng_Latn","chap stick advent calendar","chapstick圣诞倒数日历"
"eng_Latn","childrens book advent calendar","儿童书籍圣诞倒数日历"
"eng_Latn","childrens christmas building blocks advent calendar","儿童积木圣诞倒数日历"
"eng_Latn","chips advent calendar","薯片圣诞倒数日历"
"eng_Latn","christmas advent calendar for men","男士圣诞倒数日历"
"eng_Latn","christmas building blocks advent calendar","积木圣诞倒数日历"
"eng_Latn","countdown advent calendar","圣诞倒数日历"
"eng_Latn","crazy aaron advent calendar","crazyaaron圣诞倒数日历"
"eng_Latn","cute advent calendar 2025 teen girls","2025年可爱青少年女孩圣诞倒数日历"
"eng_Latn","dancer advent calendar","dancer圣诞倒数日历"
"eng_Latn","dandy's world advent calendar","dandysworld圣诞倒数日历"
"eng_Latn","disney 100 advent calendar 2025","2025年迪士尼100圣诞倒数日历"
"eng_Latn","elvis advent calendar 2025","2025年elvis圣诞倒数日历"
"eng_Latn","escape room advent calendar kids","密室逃脱儿童圣诞倒数日历"
"eng_Latn","facial advent calendar 2025","2025年facial圣诞倒数日历"
"eng_Latn","fox advent calendar 2025","2025年fox圣诞倒数日历"
"eng_Latn","friends advent calendar bracelet","《老友记》手链圣诞倒数日历"
"eng_Latn","fun teen advent calendar","趣味青少年圣诞倒数日历"
"eng_Latn","funko disney advent calendar","Funko迪士尼圣诞倒数日历"
"eng_Latn","funny adult advent calendar 2025","2025年趣味成人圣诞倒数日历"
"eng_Latn","gabby doll house advent calendar","Gabby玩偶房屋圣诞倒数日历"
"eng_Latn","garfield advent calendar 2025","2025年garfield圣诞倒数日历"
"eng_Latn","girl makeup advent calendar 2025","2025年女孩彩妆圣诞倒数日历"
"eng_Latn","green tea advent calendar","绿茶叶圣诞倒数日历"
"eng_Latn","healthy snack advent calendar","健康零食圣诞倒数日历"
"eng_Latn","hot wheels christmas advent calendar 2025","2025年风火轮圣诞倒数日历"
"eng_Latn","hotel chocolat velvetiser advent calendar","hotelchocolatvelvetiser圣诞倒数日历"
"eng_Latn","insect advent calendar 2025","2025年昆虫圣诞倒数日历"
"eng_Latn","jeep advent calendar","jeep圣诞倒数日历"
"eng_Latn","jigsaw puzzle advent calendar 2025 for adults","2025年拼图成人圣诞倒数日历"
"eng_Latn","juegoal advent calendar","juegoal圣诞倒数日历"
"eng_Latn","keto advent calendar","keto圣诞倒数日历"
"eng_Latn","lindt dark chocolate advent calendar 2025","2025年瑞士莲黑巧克力圣诞倒数日历"
"eng_Latn","lionel nascar advent calendar","lionelnascar圣诞倒数日历"
"eng_Latn","makeup advent calendar 24 days","24天彩妆圣诞倒数日历"
"eng_Latn","makeup advent calendar girls","彩妆女孩圣诞倒数日历"
"eng_Latn","manger advent calendar","马槽圣诞倒数日历"
"eng_Latn","men’s advent calendar","男士s圣诞倒数日历"
"eng_Latn","milk makeup advent calendar","牛奶彩妆圣诞倒数日历"
"eng_Latn","mini brands book advent calendar 2025","2025年Mini Brands书籍圣诞倒数日历"
"eng_Latn","mini jesus advent calendar","迷你耶稣圣诞倒数日历"
"eng_Latn","miniatures advent calendar 2025","2025年微缩模型圣诞倒数日历"
"eng_Latn","modelones advent calendar 2025","2025年modelones圣诞倒数日历"
"eng_Latn","muppets advent calendar","muppets圣诞倒数日历"
"eng_Latn","nee doh christmas advent calendar","NeeDoh圣诞倒数日历"
"eng_Latn","olive and june advent calendar","olivejune圣诞倒数日历"
"eng_Latn","one year old advent calendar","1岁儿童圣诞倒数日历"
"eng_Latn","organic beauty advent calendar","有机美妆圣诞倒数日历"
"eng_Latn","organic chocolate advent calendar","有机巧克力圣诞倒数日历"
"eng_Latn","ornament advent calendar 2025 adult","2025年装饰品成人圣诞倒数日历"
"eng_Latn","plants vs zombies advent calendar","plantsvszombies圣诞倒数日历"
"eng_Latn","positive potato advent calendar","positivepotato圣诞倒数日历"
"eng_Latn","punch advent calendar","punch圣诞倒数日历"
"eng_Latn","pura vida advent calendar","puravida圣诞倒数日历"
"eng_Latn","purple advent calendar 2025","2025年紫色圣诞倒数日历"
"eng_Latn","refillable advent calendar drawers","可重复填充抽屉圣诞倒数日历"
"eng_Latn","reptile advent calendar","reptile圣诞倒数日历"
"eng_Latn","science experiment advent calendar 2025","2025年科学实验圣诞倒数日历"
"eng_Latn","shower steamers advent calendar","showersteamers圣诞倒数日历"
"eng_Latn","silly advent calendar","silly圣诞倒数日历"
"eng_Latn","smurfs advent calendar 2025","2025年smurfs圣诞倒数日历"
"eng_Latn","spiderman lego advent calendar","蜘蛛侠乐高圣诞倒数日历"
"eng_Latn","squishmallow advent calendar 2024","2024年Squishmallows圣诞倒数日历"
"eng_Latn","stitch christmas advent calendar","史迪奇圣诞倒数日历"
"eng_Latn","stress relief advent calendar","stressrelief圣诞倒数日历"
"eng_Latn","surprise advent calendar","surprise圣诞倒数日历"
"eng_Latn","survival kit advent calendar 2025 adults men teen boys","2025年生存套装成人男士青少年男孩圣诞倒数日历"
"eng_Latn","teen advent calendar 2025 sephora","2025年青少年丝芙兰圣诞倒数日历"
"eng_Latn","toddler advent calendar girls","幼儿女孩圣诞倒数日历"
"eng_Latn","ulta 24 days of beauty advent calendar 2025","2025年24天ULTA美妆圣诞倒数日历"
"eng_Latn","wellness advent calendar 2025","2025年wellness圣诞倒数日历"
"eng_Latn","whisky advent calendar 2025 with alcohol","2025年威士忌酒类圣诞倒数日历"
"eng_Latn","wooden advent calendar for kids","木质儿童圣诞倒数日历"
"eng_Latn","wooden empty advent calendar","木质空白圣诞倒数日历"
"eng_Latn","wwe funko pop advent calendar","WWEFunko Pop圣诞倒数日历"
"eng_Latn","yankees advent calendar 2025","2025年yankees圣诞倒数日历"
"eng_Latn","advent calendars 2025 makeup","2025年彩妆圣诞倒数日历"
"eng_Latn","advent calendars bracelets","手链圣诞倒数日历"
"eng_Latn","advent calendars for 10 year old boy","10岁男孩圣诞倒数日历"
"eng_Latn","advent calendars for adults alcohol","成人酒类圣诞倒数日历"
"eng_Latn","advent calendars for tween girl","青少年女孩圣诞倒数日历"
"eng_Latn","advent calendars k pop demon hunters","《KPop恶魔猎人》圣诞倒数日历"
"eng_Latn","advent calendars nee doh","NeeDoh圣诞倒数日历"
"eng_Latn","advent wooden calendars","木质圣诞倒数日历"
"eng_Latn","beer advent calendars","啤酒圣诞倒数日历"
"eng_Latn","hot chocolate advent calendars","热巧克力圣诞倒数日历"
"eng_Latn","nail polish advent calendars","指甲护理指甲油圣诞倒数日历"
"eng_Latn","state advent calendars","州主题圣诞倒数日历"
"eng_Latn","amazon avent calendar 2025","2025年亚马逊圣诞倒数日历"
"eng_Latn","fabric christmas countdown calendar","布艺圣诞倒计时日历"
"eng_Latn","hanukkah countdown calendar","光明节倒计时日历"
"eng_Latn","pink christmas countdown calendar","粉色圣诞倒计时日历"
"eng_Latn","11 year old girl advent calendar","11岁女孩圣诞倒数日历"
"eng_Latn","5 year old advent calendar 2025","2025年5岁圣诞倒数日历"
"eng_Latn","adult advent calendar 2025 for men cologne","2025年成人男士男士香水圣诞倒数日历"
"eng_Latn","adult men advent calendar","成人男士圣诞倒数日历"
"eng_Latn","advent 2025 calendar","2025年圣诞倒数日历"
"eng_Latn","advent calendar 1 year old girl","1岁女孩圣诞倒数日历"
"eng_Latn","advent calendar 2025 25 days","2025年25天圣诞倒数日历"
"eng_Latn","advent calendar 2025 9 year old boys","2025年9岁男孩圣诞倒数日历"
"eng_Latn","advent calendar 2025 adult woman","2025年成人女士圣诞倒数日历"
"eng_Latn","advent calendar 2025 adult women makeup","2025年成人女士彩妆圣诞倒数日历"
"eng_Latn","advent calendar 2025 building sets","2025年建造套装圣诞倒数日历"
"eng_Latn","advent calendar 2025 for gamers","2025年游戏玩家圣诞倒数日历"
"eng_Latn","advent calendar 2025 fragrance","2025年香氛圣诞倒数日历"
"eng_Latn","advent calendar 2025 gemstones","2025年宝石圣诞倒数日历"
"eng_Latn","advent calendar 2025 godiva","2025年Godiva圣诞倒数日历"
"eng_Latn","advent calendar 2025 jerky","2025年肉干圣诞倒数日历"
"eng_Latn","advent calendar 2025 kids fidget toys","2025年儿童解压玩具玩具圣诞倒数日历"
"eng_Latn","advent calendar 2025 lego minecraft","2025年乐高《我的世界》圣诞倒数日历"
"eng_Latn","advent calendar 2025 men cologne","2025年男士男士香水圣诞倒数日历"
"eng_Latn","advent calendar 2025 netflix","2025年奈飞圣诞倒数日历"
"eng_Latn","advent calendar 2025 pop","2025年Pop圣诞倒数日历"
"eng_Latn","advent calendar 2025 puzzle kids","2025年拼图儿童圣诞倒数日历"
"eng_Latn","advent calendar 2025 reusable","2025年可重复使用圣诞倒数日历"
"eng_Latn","advent calendar 2025 scented candles","2025年香氛蜡烛圣诞倒数日历"
"eng_Latn","advent calendar 2025 sensory","2025年感官圣诞倒数日历"
"eng_Latn","advent calendar 2025 teenage girl","2025年青少年女孩圣诞倒数日历"
"eng_Latn","advent calendar 2025 transformers","2025年变形金刚圣诞倒数日历"
"eng_Latn","advent calendar 2025 wooden","2025年木质圣诞倒数日历"
"eng_Latn","advent calendar 3d","3D圣诞倒数日历"
"eng_Latn","advent calendar college","大学生圣诞倒数日历"
"eng_Latn","advent calendar dogs 2025","2025年狗狗圣诞倒数日历"
"eng_Latn","advent calendar empty boxes to fill pink","空白盒子可填充粉色圣诞倒数日历"
"eng_Latn","advent calendar for 2025 adult","2025年成人圣诞倒数日历"
"eng_Latn","advent calendar for adult man","成人男士圣诞倒数日历"
"eng_Latn","advent calendar for boys football","男孩足球圣诞倒数日历"
"eng_Latn","advent calendar for car guys","汽车男士圣诞倒数日历"
"eng_Latn","advent calendar for college girls","大学生女孩圣诞倒数日历"
"eng_Latn","advent calendar for married couple","married情侣圣诞倒数日历"
"eng_Latn","advent calendar for my wife","my妻子圣诞倒数日历"
"eng_Latn","advent calendar for siblings","siblings圣诞倒数日历"
"eng_Latn","advent calendar gardening","园艺圣诞倒数日历"
"eng_Latn","advent calendar gift boxes","礼物盒子圣诞倒数日历"
"eng_Latn","advent calendar gifts for boys","礼物男孩圣诞倒数日历"
"eng_Latn","advent calendar kids candy","儿童糖果圣诞倒数日历"
"eng_Latn","advent calendar magnets","magnets圣诞倒数日历"
"eng_Latn","advent calendar mini brand","Mini 品牌圣诞倒数日历"
"eng_Latn","advent calendar motorcycle","摩托车圣诞倒数日历"
"eng_Latn","advent calendar mr beast","mrbeast圣诞倒数日历"
"eng_Latn","advent calendar shopkins","shopkins圣诞倒数日历"
"eng_Latn","advent calendar socks kids","袜子儿童圣诞倒数日历"
"eng_Latn","advent calendar stuffers adult","填充物成人圣诞倒数日历"
"eng_Latn","advent calendar whisky","威士忌圣诞倒数日历"
"eng_Latn","advent candle calendar 2025","2025年蜡烛圣诞倒数日历"
"eng_Latn","advent train calendar 2025","2025年火车圣诞倒数日历"
"eng_Latn","beauty blast advent calendar 2025","2025年Beauty Blast圣诞倒数日历"
"eng_Latn","big advent calendar 2025","2025年big圣诞倒数日历"
"eng_Latn","board game advent calendar 2025","2025年boardgame圣诞倒数日历"
"eng_Latn","car guy advent calendar 2025","2025年汽车男士圣诞倒数日历"
"eng_Latn","chai tea advent calendar","chai茶叶圣诞倒数日历"
"eng_Latn","chip advent calendar","chip圣诞倒数日历"
"eng_Latn","chocolate truffle advent calendar","巧克力松露圣诞倒数日历"
"eng_Latn","christian advent calendar for toddlers","基督教幼儿圣诞倒数日历"
"eng_Latn","christmas advent calendar 2025 teen girls","2025年青少年女孩圣诞倒数日历"
"eng_Latn","christmas books advent calendar","书籍圣诞倒数日历"
"eng_Latn","comic book advent calendar 2025","2025年漫画书籍圣诞倒数日历"
"eng_Latn","crochet kit advent calendar","钩针编织套装圣诞倒数日历"
"eng_Latn","crystal cat advent calendar 2025","2025年水晶猫咪圣诞倒数日历"
"eng_Latn","diamond dot advent calendar 2025","2025年diamonddot圣诞倒数日历"
"eng_Latn","dirtbike advent calendar","越野摩托车圣诞倒数日历"
"eng_Latn","disney funko pop advent calendar","迪士尼Funko Pop圣诞倒数日历"
"eng_Latn","diy wooden advent calendar","DIY木质圣诞倒数日历"
"eng_Latn","dog advent calendar 24 days","24天狗狗圣诞倒数日历"
"eng_Latn","dog lover advent calendar 2025","2025年狗狗爱好者圣诞倒数日历"
"eng_Latn","empty box advent calendar","空白盒子圣诞倒数日历"
"eng_Latn","enamel pin advent calendar","enamelpin圣诞倒数日历"
"eng_Latn","fun advent calendar s","趣味s圣诞倒数日历"
"eng_Latn","gluten free chocolate advent calendar","无麸质巧克力圣诞倒数日历"
"eng_Latn","goat advent calendar 2025","2025年goat圣诞倒数日历"
"eng_Latn","gravitrax advent calendar","gravitrax圣诞倒数日历"
"eng_Latn","gravitrax advent calendar 2025","2025年gravitrax圣诞倒数日历"
"eng_Latn","gremlins advent calendar","gremlins圣诞倒数日历"
"eng_Latn","haba my first advent calendar","HABA我的第一款圣诞倒数日历"
"eng_Latn","hello kitty christmas advent calendar 2025","2025年Hello Kitty圣诞倒数日历"
"eng_Latn","hersey chocolate advent calendar 2025","2025年hersey巧克力圣诞倒数日历"
"eng_Latn","instant coffee advent calendar","速溶咖啡圣诞倒数日历"
"eng_Latn","kids socks advent calendar","儿童袜子圣诞倒数日历"
"eng_Latn","kiko milano advent calendar 2025","2025年KIKO Milano圣诞倒数日历"
"eng_Latn","large pocket advent calendar","大号Pocket圣诞倒数日历"
"eng_Latn","large reusable advent calendar","大号可重复使用圣诞倒数日历"
"eng_Latn","legends of rock & metal advent calendar 2025","2025年摇滚与金属传奇圣诞倒数日历"
"eng_Latn","lego christian advent calendar","乐高基督教圣诞倒数日历"
"eng_Latn","lego figure advent calendar","乐高玩偶圣诞倒数日历"
"eng_Latn","lego mini figure advent calendar","乐高迷你玩偶圣诞倒数日历"
"eng_Latn","little people nativity advent calendar 2025","2025年Little People马槽圣诞倒数日历"
"eng_Latn","magnetic tiles advent calendar 2025","2025年磁力片圣诞倒数日历"
"eng_Latn","makita advent calendar","makita圣诞倒数日历"
"eng_Latn","minecraft advent calendar￼","《我的世界》圣诞倒数日历"
"eng_Latn","mini brands beauty advent calendar","Mini Brands美妆圣诞倒数日历"
"eng_Latn","minis advent calendar","minis圣诞倒数日历"
"eng_Latn","minis advent calendar 2025","2025年minis圣诞倒数日历"
"eng_Latn","moser roth advent calendar","moserroth圣诞倒数日历"
"eng_Latn","munchlings advent calendar 2025","2025年munchlings圣诞倒数日历"
"eng_Latn","nakatomi tower advent calendar","nakatomitower圣诞倒数日历"
"eng_Latn","necklace advent calendar 2025","2025年项链圣诞倒数日历"
"eng_Latn","new lego advent calendar 2025","2025年新款乐高圣诞倒数日历"
"eng_Latn","nfl football cards advent calendar 2025","2025年NFL足球卡片圣诞倒数日历"
"eng_Latn","paw patrol advent calendar 2025 boys","2025年《汪汪队立大功》男孩圣诞倒数日历"
"eng_Latn","pet shop advent calendar","宠物店圣诞倒数日历"
"eng_Latn","pokemon christmas advent calendar","宝可梦圣诞倒数日历"
"eng_Latn","recipe advent calendar 2025","2025年recipe圣诞倒数日历"
"eng_Latn","red sox advent calendar 2025","2025年红色sox圣诞倒数日历"
"eng_Latn","retro advent calendar","复古圣诞倒数日历"
"eng_Latn","rocks advent calendar","岩石圣诞倒数日历"
"eng_Latn","rpg advent calendar","rpg圣诞倒数日历"
"eng_Latn","scotch whiskey advent calendar","苏格兰威士忌威士忌圣诞倒数日历"
"eng_Latn","seashell advent calendar","seashell圣诞倒数日历"
"eng_Latn","skin care advent calendar for girls","护肤女孩圣诞倒数日历"
"eng_Latn","small dog advent calendar","小号狗狗圣诞倒数日历"
"eng_Latn","spa advent calendar 2025 for women","2025年SPA女士圣诞倒数日历"
"eng_Latn","sports car advent calendar 2025","2025年运动汽车圣诞倒数日历"
"eng_Latn","squishy toy advent calendar 2025","2025年解压玩具玩具圣诞倒数日历"
"eng_Latn","sudoku advent calendar 2025","2025年数独圣诞倒数日历"
"eng_Latn","super kitty advent calendar","superkitty圣诞倒数日历"
"eng_Latn","tackle box advent calendar","渔具盒圣诞倒数日历"
"eng_Latn","teen advent calendar jewelry","青少年珠宝首饰圣诞倒数日历"
"eng_Latn","teen craft advent calendar","青少年手工圣诞倒数日历"
"eng_Latn","teeny mates nfl 2025-2026 advent calendar","2025年2026年teenymatesNFL圣诞倒数日历"
"eng_Latn","tirtir advent calendar 2025","2025年tirtir圣诞倒数日历"
"eng_Latn","toddler advent calendar 2025 little people","2025年幼儿Little People圣诞倒数日历"
"eng_Latn","toddler boys advent calendar","幼儿男孩圣诞倒数日历"
"eng_Latn","toddler nativity advent calendar","幼儿马槽圣诞倒数日历"
"eng_Latn","topps holiday advent calendar 2025","2025年Topps假日圣诞倒数日历"
"eng_Latn","trivia advent calendar 2025","2025年trivia圣诞倒数日历"
"eng_Latn","vermont advent calendar chocolate","佛蒙特巧克力圣诞倒数日历"
"eng_Latn","wax melt advent calendar 2025","2025年融蜡圣诞倒数日历"
"eng_Latn","womans advent calendar 2025","2025年womans圣诞倒数日历"
"eng_Latn","ww 2 aircraft advent calendar","ww2飞机圣诞倒数日历"
"eng_Latn","2025 makeup advent calendars","2025年彩妆圣诞倒数日历"
"eng_Latn","advent book calendars for kids","书籍儿童圣诞倒数日历"
"eng_Latn","advent calendars for girls 10-12 tween","女孩1012青少年圣诞倒数日历"
"eng_Latn","advent calendars gilmore girls","《吉尔莫女孩》圣诞倒数日历"
"eng_Latn","advent calendars refillable","可重复填充圣诞倒数日历"
"eng_Latn","children's advent calendars","儿童s圣诞倒数日历"
"eng_Latn","christmas advent calendars harry potter","《哈利·波特》圣诞倒数日历"
"eng_Latn","empty advent calendars boxes","空白盒子圣诞倒数日历"
"eng_Latn","jewelry advent calendars for adults","珠宝首饰成人圣诞倒数日历"
"eng_Latn","ornament advent calendars","装饰品圣诞倒数日历"
"eng_Latn","playmobil advent calendars","Playmobil圣诞倒数日历"
"eng_Latn","12 day fillable advent calendar","12天可填充圣诞倒数日历"
"eng_Latn","13 year old boy advent calendar","13岁男孩圣诞倒数日历"
"eng_Latn","24 day advent calendar for adults","24天成人圣诞倒数日历"
"eng_Latn","24 day advent calendar makeup","24天彩妆圣诞倒数日历"
"eng_Latn","absolute football advent calendar","absolute足球圣诞倒数日历"
"eng_Latn","adult female advent calendar 2025","2025年成人女性圣诞倒数日历"
"eng_Latn","advent calendar 2025 dinosaur","2025年恐龙圣诞倒数日历"
"eng_Latn","advent calendar 2025 for teens boys","2025年青少年男孩圣诞倒数日历"
"eng_Latn","advent calendar 2025 kid","2025年儿童圣诞倒数日历"
"eng_Latn","advent calendar 2025 nee doh","2025年NeeDoh圣诞倒数日历"
"eng_Latn","advent calendar 2025 schleich","2025年Schleich圣诞倒数日历"
"eng_Latn","advent calendar 2025 teenage boy","2025年青少年男孩圣诞倒数日历"
"eng_Latn","advent calendar 2025makeup","2025年彩妆圣诞倒数日历"
"eng_Latn","advent calendar bugs","bugs圣诞倒数日历"
"eng_Latn","advent calendar camping","露营圣诞倒数日历"
"eng_Latn","advent calendar charm bracelets 2025 for girls","2025年charmbracelets女孩圣诞倒数日历"
"eng_Latn","advent calendar custom","定制圣诞倒数日历"
"eng_Latn","advent calendar fallout","《辐射》圣诞倒数日历"
"eng_Latn","advent calendar figures","figures圣诞倒数日历"
"eng_Latn","advent calendar for adults beauty","成人美妆圣诞倒数日历"
"eng_Latn","advent calendar for autistic boys","autistic男孩圣诞倒数日历"
"eng_Latn","advent calendar for big dogs","big狗狗圣诞倒数日历"
"eng_Latn","advent calendar for book lovers adults","书籍爱好者成人圣诞倒数日历"
"eng_Latn","advent calendar for cat treats","猫咪零食圣诞倒数日历"
"eng_Latn","advent calendar for girls age 3","3岁女孩圣诞倒数日历"
"eng_Latn","advent calendar for teen girls spa","青少年女孩SPA圣诞倒数日历"
"eng_Latn","advent calendar lancome","兰蔻圣诞倒数日历"
"eng_Latn","advent calendar men cologne","男士男士香水圣诞倒数日历"
"eng_Latn","advent calendar movies","movies圣诞倒数日历"
"eng_Latn","advent calendar my hero academia","《我的英雄学院》圣诞倒数日历"
"eng_Latn","advent calendar nedo","nedo圣诞倒数日历"
"eng_Latn","advent calendar paper bags","paperbags圣诞倒数日历"
"eng_Latn","advent calendar pocket holder","Pocketholder圣诞倒数日历"
"eng_Latn","advent calendar puzzles 2025","2025年拼图圣诞倒数日历"
"eng_Latn","advent calendar sewing","缝纫圣诞倒数日历"
"eng_Latn","advent calendar soccer 2025","2025年足球圣诞倒数日历"
"eng_Latn","advent calendar starwars","《星球大战》圣诞倒数日历"
"eng_Latn","advent calendar stuffers for boys","填充物男孩圣诞倒数日历"
"eng_Latn","advent calendar teenager girl","青少年女孩圣诞倒数日历"
"eng_Latn","advent calendar traditional","传统圣诞倒数日历"
"eng_Latn","advent calendar travel","旅行圣诞倒数日历"
"eng_Latn","advent calendar witch","女巫圣诞倒数日历"
"eng_Latn","advent crochet calendar 2025","2025年钩针编织圣诞倒数日历"
"eng_Latn","advent herbal tea calendar","草本茶叶圣诞倒数日历"
"eng_Latn","autism advent calendar 2025","2025年autism圣诞倒数日历"
"eng_Latn","ballerina advent calendar","ballerina圣诞倒数日历"
"eng_Latn","barbie mini land advent calendar","芭比迷你land圣诞倒数日历"
"eng_Latn","basketball cards advent calendar 2025","2025年篮球卡片圣诞倒数日历"
"eng_Latn","beatles advent calendar nail","beatles指甲护理圣诞倒数日历"
"eng_Latn","beetles advent calendar 2024","2024年Beetles圣诞倒数日历"
"eng_Latn","bob ross advent calendar","bobross圣诞倒数日历"
"eng_Latn","booze advent calendar","酒类圣诞倒数日历"
"eng_Latn","bowling advent calendar","bowling圣诞倒数日历"
"eng_Latn","bratz advent calendar","bratz圣诞倒数日历"
"eng_Latn","candy around the world advent calendar","糖果世界各地圣诞倒数日历"
"eng_Latn","cat christmas advent calendar","猫咪圣诞倒数日历"
"eng_Latn","cat christmas advent calendar 2025","2025年猫咪圣诞倒数日历"
"eng_Latn","christmas advent calendar 2025 kids candy","2025年儿童糖果圣诞倒数日历"
"eng_Latn","christmas felt advent calendar","毛毡圣诞倒数日历"
"eng_Latn","clarins advent calendar","clarins圣诞倒数日历"
"eng_Latn","cowboy advent calendar","cowboy圣诞倒数日历"
"eng_Latn","craft advent calendar for kids","手工儿童圣诞倒数日历"
"eng_Latn","crystal cats advent calendar 2025","2025年水晶猫咪圣诞倒数日历"
"eng_Latn","d&d advent calendar 2025 for adults","2025年D&D成人圣诞倒数日历"
"eng_Latn","diehard advent calendar","diehard圣诞倒数日历"
"eng_Latn","disney stitch advent calendar","迪士尼史迪奇圣诞倒数日历"
"eng_Latn","escape room advent calendar for teens","密室逃脱青少年圣诞倒数日历"
"eng_Latn","essential oils advent calendar 2025","2025年essentialoils圣诞倒数日历"
"eng_Latn","essie advent calendar","Essie圣诞倒数日历"
"eng_Latn","fall out advent calendar","Fallout圣诞倒数日历"
"eng_Latn","family games advent calendar 2025","2025年家庭游戏圣诞倒数日历"
"eng_Latn","food advent calendar for teens","食品青少年圣诞倒数日历"
"eng_Latn","fun advent calendar 2025 for kids","2025年趣味儿童圣诞倒数日历"
"eng_Latn","fun kids advent calendar 2025","2025年趣味儿童圣诞倒数日历"
"eng_Latn","funko advent calendar stranger things","Funko《怪奇物语》圣诞倒数日历"
"eng_Latn","funko nfl advent calendar 2025","2025年FunkoNFL圣诞倒数日历"
"eng_Latn","funko pop marvel advent calendar","Funko Pop漫威圣诞倒数日历"
"eng_Latn","girls christmas advent calendar","女孩圣诞倒数日历"
"eng_Latn","gourmet food advent calendar 2025","2025年美食食品圣诞倒数日历"
"eng_Latn","guardians of the galaxy advent calendar","guardiansgalaxy圣诞倒数日历"
"eng_Latn","guitar pick advent calendar 2026","2026年吉他拨片圣诞倒数日历"
"eng_Latn","hair product advent calendar 2025","2025年头发护理产品圣诞倒数日历"
"eng_Latn","jewelry advent calendar silver","银色珠宝首饰圣诞倒数日历"
"eng_Latn","jo malone advent calendar 2025","2025年jomalone圣诞倒数日历"
"eng_Latn","kids advent calendar 2025 books","2025年儿童书籍圣诞倒数日历"
"eng_Latn","kiehls advent calendar","kiehls圣诞倒数日历"
"eng_Latn","kitkat advent calendar 2025","2025年KitKat圣诞倒数日历"
"eng_Latn","kpop advent calendar for girls","K-pop女孩圣诞倒数日历"
"eng_Latn","kpop demon advent calendar 2025","2025年K-popdemon圣诞倒数日历"
"eng_Latn","kusmi tea advent calendar","kusmi茶叶圣诞倒数日历"
"eng_Latn","lego advent calendar city","乐高城市圣诞倒数日历"
"eng_Latn","lego car advent calendar","乐高汽车圣诞倒数日历"
"eng_Latn","lego jesus advent calendar 2025","2025年乐高耶稣圣诞倒数日历"
"eng_Latn","lego minifigure advent calendar 2025","2025年乐高minifigure圣诞倒数日历"
"eng_Latn","little people advent calendar 2025 boy","2025年Little People男孩圣诞倒数日历"
"eng_Latn","luxury beauty advent calendar","奢华美妆圣诞倒数日历"
"eng_Latn","mario kart advent calendar","马里奥kart圣诞倒数日历"
"eng_Latn","marzipan advent calendar 2025","2025年杏仁糖圣诞倒数日历"
"eng_Latn","mini barbie advent calendar","迷你芭比圣诞倒数日历"
"eng_Latn","mini brands toy advent calendar","Mini Brands玩具圣诞倒数日历"
"eng_Latn","monkey advent calendar","猴子圣诞倒数日历"
"eng_Latn","monkey advent calendar 2025","2025年猴子圣诞倒数日历"
"eng_Latn","monster truck advent calendar for boys","怪兽卡车男孩圣诞倒数日历"
"eng_Latn","montessori advent calendar","montessori圣诞倒数日历"
"eng_Latn","mouse advent calendar","mouse圣诞倒数日历"
"eng_Latn","nail kit advent calendar","指甲护理套装圣诞倒数日历"
"eng_Latn","new mom advent calendar 2025","2025年新手妈妈圣诞倒数日历"
"eng_Latn","office supply advent calendar 2025","2025年办公用品圣诞倒数日历"
"eng_Latn","ohio state advent calendar 2025","2025年ohiostate圣诞倒数日历"
"eng_Latn","outdoors advent calendar 2025","2025年户外圣诞倒数日历"
"eng_Latn","outer space advent calendar 2025","2025年outerspace圣诞倒数日历"
"eng_Latn","photography advent calendar","photography圣诞倒数日历"
"eng_Latn","pj masks advent calendar","pjmasks圣诞倒数日历"
"eng_Latn","power rangers advent calendar","powerrangers圣诞倒数日历"
"eng_Latn","quilting advent calendar","quilting圣诞倒数日历"
"eng_Latn","refillable wooden advent calendar","可重复填充木质圣诞倒数日历"
"eng_Latn","robotics advent calendar","robotics圣诞倒数日历"
"eng_Latn","rock legend advent calendar 2025","2025年摇滚legend圣诞倒数日历"
"eng_Latn","running advent calendar 2025","2025年running圣诞倒数日历"
"eng_Latn","sakerplus lego advent calendar","sakerplus乐高圣诞倒数日历"
"eng_Latn","salt advent calendar","salt圣诞倒数日历"
"eng_Latn","sensory toy advent calendar","感官玩具圣诞倒数日历"
"eng_Latn","sephora advent calendar 2025 skin care","2025年丝芙兰护肤圣诞倒数日历"
"eng_Latn","sephora makeup advent calendar 2025","2025年丝芙兰彩妆圣诞倒数日历"
"eng_Latn","somic advent calendar","somic圣诞倒数日历"
"eng_Latn","stitch charm bracelet advent calendar 2025","2025年史迪奇手链圣诞倒数日历"
"eng_Latn","superman advent calendar 2025","2025年超人圣诞倒数日历"
"eng_Latn","swear bears advent calendar","Swear Bears圣诞倒数日历"
"eng_Latn","taylor swift advent calendar 2025 adult","2025年Taylor Swift成人圣诞倒数日历"
"eng_Latn","tea advent calendar for adults","茶成人圣诞倒数日历"
"eng_Latn","thomas kinkade advent calendar puzzle","Thomaskinkade拼图圣诞倒数日历"
"eng_Latn","trending advent calendar 2025","2025年热门圣诞倒数日历"
"eng_Latn","trump advent calendar 2025","2025年trump圣诞倒数日历"
"eng_Latn","underwear advent calendar 2025","2025年内衣圣诞倒数日历"
"eng_Latn","warrior cats advent calendar","warrior猫咪圣诞倒数日历"
"eng_Latn","wet and wild advent calendar 2025","2025年wetwild圣诞倒数日历"
"eng_Latn","wicked advent calendar￼","Wicked圣诞倒数日历"
"eng_Latn","wobbles advent calendar","wobbles圣诞倒数日历"
"eng_Latn","wooden christmas tree advent calendar","木质圣诞树圣诞倒数日历"
"eng_Latn","world snack advent calendar","世界零食圣诞倒数日历"
"eng_Latn","advent calendars boxes","盒子圣诞倒数日历"
"eng_Latn","advent calendars cat","猫咪圣诞倒数日历"
"eng_Latn","advent calendars christmas teen girl","青少年女孩圣诞倒数日历"
"eng_Latn","advent calendars demon slayer","《鬼灭之刃》圣诞倒数日历"
"eng_Latn","advent calendars for 2 year old girl","2岁女孩圣诞倒数日历"
"eng_Latn","advent calendars for adult men","成人男士圣诞倒数日历"
"eng_Latn","advent calendars for musicians","musicians圣诞倒数日历"
"eng_Latn","advent calendars for seniors","seniors圣诞倒数日历"
"eng_Latn","advent calendars gnomes","侏儒圣诞倒数日历"
"eng_Latn","advent calendars jam","果酱圣诞倒数日历"
"eng_Latn","advent calendars monster jam","Monster Jam圣诞倒数日历"
"eng_Latn","advent calendars teen boy","青少年男孩圣诞倒数日历"
"eng_Latn","caspari advent calendars","caspari圣诞倒数日历"
"eng_Latn","cheap advent calendars for girls","实惠女孩圣诞倒数日历"
"eng_Latn","christmas advent calendars hello kitty","Hello Kitty圣诞倒数日历"
"eng_Latn","empty cardboard advent calendars to fill","空白纸板可填充圣诞倒数日历"
"eng_Latn","fillers for advent calendars","圣诞倒数日历填充物"
"eng_Latn","fun advent calendars for women","趣味女士圣诞倒数日历"
"eng_Latn","gluten free advent calendars","无麸质圣诞倒数日历"
"eng_Latn","hot wheels advent calendars","风火轮圣诞倒数日历"
"eng_Latn","mickey mouse advent calendars","米奇圣诞倒数日历"
"eng_Latn","military advent calendars","军事圣诞倒数日历"
"eng_Latn","sea glass advent calendars 2025","2025年海洋玻璃圣诞倒数日历"
"eng_Latn","sock advent calendars","袜子圣诞倒数日历"
"eng_Latn","what are the best-selling and highly-rated advent calendars available on amazon","whatare精选sellinghighlyratedavailable亚马逊圣诞倒数日历"
"eng_Latn","avent christmas calendar 2025","2025年圣诞倒数日历"
"eng_Latn","taylor swift avent calendar","Taylor Swift圣诞倒数日历"
"eng_Latn","12 day advent calendar beauty","12天美妆圣诞倒数日历"
"eng_Latn","2025 advent calendar men","2025年男士圣诞倒数日历"
"eng_Latn","3 year old girl advent calendar","3岁女孩圣诞倒数日历"
"eng_Latn","adult book advent calendar","成人书籍圣诞倒数日历"
"eng_Latn","adult sex advent calendar 2025","2025年成人成人情趣圣诞倒数日历"
"eng_Latn","advent beer calendar 2025","2025年啤酒圣诞倒数日历"
"eng_Latn","advent calendar 2025 1 year old","2025年1岁圣诞倒数日历"
"eng_Latn","advent calendar 2025 11 year old girl","2025年11岁女孩圣诞倒数日历"
"eng_Latn","advent calendar 2025 boys 11","2025年男孩11圣诞倒数日历"
"eng_Latn","advent calendar 2025 nuts","2025年坚果圣诞倒数日历"
"eng_Latn","advent calendar 2025 peanuts","2025年花生漫画圣诞倒数日历"
"eng_Latn","advent calendar 2025 plants","2025年plants圣诞倒数日历"
"eng_Latn","advent calendar 2025 unique","2025年独特圣诞倒数日历"
"eng_Latn","advent calendar animal","动物圣诞倒数日历"
"eng_Latn","advent calendar cardboard","纸板圣诞倒数日历"
"eng_Latn","advent calendar christmas puzzle","拼图圣诞倒数日历"
"eng_Latn","advent calendar couple","情侣圣诞倒数日历"
"eng_Latn","advent calendar dog treats","狗狗零食圣诞倒数日历"
"eng_Latn","advent calendar doorable","doorable圣诞倒数日历"
"eng_Latn","advent calendar for adults wine","成人葡萄酒圣诞倒数日历"
"eng_Latn","advent calendar for artist","艺术家圣诞倒数日历"
"eng_Latn","advent calendar for couple","情侣圣诞倒数日历"
"eng_Latn","advent calendar for couples spicy","情侣spicy圣诞倒数日历"
"eng_Latn","advent calendar for elderly women","老年女性圣诞倒数日历"
"eng_Latn","advent calendar for girls squishmallow","女孩Squishmallows圣诞倒数日历"
"eng_Latn","advent calendar for guys 2025","2025年男士圣诞倒数日历"
"eng_Latn","advent calendar for sports lovers","运动爱好者圣诞倒数日历"
"eng_Latn","advent calendar for teen boys sports","青少年男孩运动圣诞倒数日历"
"eng_Latn","advent calendar for toddler girls 2025","2025年幼儿女孩圣诞倒数日历"
"eng_Latn","advent calendar for tween girls 2025","2025年青少年女孩圣诞倒数日历"
"eng_Latn","advent calendar for two kids","two儿童圣诞倒数日历"
"eng_Latn","advent calendar gummy","软糖圣诞倒数日历"
"eng_Latn","advent calendar kits","kits圣诞倒数日历"
"eng_Latn","advent calendar knives","knives圣诞倒数日历"
"eng_Latn","advent calendar korean","韩式圣诞倒数日历"
"eng_Latn","advent calendar lego harry potter","乐高《哈利·波特》圣诞倒数日历"
"eng_Latn","advent calendar packaging","packaging圣诞倒数日历"
"eng_Latn","advent calendar porsche","Porsche圣诞倒数日历"
"eng_Latn","advent calendar putty","彩泥圣诞倒数日历"
"eng_Latn","advent calendar reusable hanging","可重复使用悬挂式圣诞倒数日历"
"eng_Latn","advent calendar tea bags","茶袋子圣诞倒数日历"
"eng_Latn","advent mens calendar 2025","2025年男士圣诞倒数日历"
"eng_Latn","army men advent calendar 2025","2025年军事男士圣诞倒数日历"
"eng_Latn","arts and craft advent calendar 2025","2025年艺术手工圣诞倒数日历"
"eng_Latn","avatar advent calendar","avatar圣诞倒数日历"
"eng_Latn","bath & body advent calendar","沐浴身体圣诞倒数日历"
"eng_Latn","beetles christmas advent calendar 2025","2025年Beetles圣诞倒数日历"
"eng_Latn","bowling advent calendar 2025","2025年bowling圣诞倒数日历"
"eng_Latn","boys advent calendar minecraft","男孩《我的世界》圣诞倒数日历"
"eng_Latn","boys socks advent calendar","男孩袜子圣诞倒数日历"
"eng_Latn","buffalo trace whiskey advent calendar","Buffalo Trace威士忌圣诞倒数日历"
"eng_Latn","candles advent calendar 2025","2025年蜡烛圣诞倒数日历"
"eng_Latn","chapter book advent calendar","chapter书籍圣诞倒数日历"
"eng_Latn","charm bracelet advent calendar for girls","手链女孩圣诞倒数日历"
"eng_Latn","chicago bears advent calendar","Chicago Bears圣诞倒数日历"
"eng_Latn","child advent calendar","child圣诞倒数日历"
"eng_Latn","chocolate advent calendar 2025 kinder","2025年巧克力Kinder圣诞倒数日历"
"eng_Latn","chocolate advent calendar for girls","巧克力女孩圣诞倒数日历"
"eng_Latn","christmas advent calendar boxes to fill","盒子可填充圣诞倒数日历"
"eng_Latn","christmas dog advent calendar","狗狗圣诞倒数日历"
"eng_Latn","christmas earring advent calendar","耳环圣诞倒数日历"
"eng_Latn","christmas wooden advent calendar","木质圣诞倒数日历"
"eng_Latn","clean beauty advent calendar","纯净美妆圣诞倒数日历"
"eng_Latn","clearance advent calendar","清仓圣诞倒数日历"
"eng_Latn","cloud slime advent calendar","cloud史莱姆圣诞倒数日历"
"eng_Latn","coffee ground advent calendar","咖啡ground圣诞倒数日历"
"eng_Latn","college football advent calendar","大学生足球圣诞倒数日历"
"eng_Latn","cool advent calendar for boys","酷男孩圣诞倒数日历"
"eng_Latn","curious george advent calendar","curiousgeorge圣诞倒数日历"
"eng_Latn","cvs advent calendar 2025","2025年CVS圣诞倒数日历"
"eng_Latn","dandy world advent calendar","dandyworld圣诞倒数日历"
"eng_Latn","dc funko advent calendar","dcFunko圣诞倒数日历"
"eng_Latn","dentist advent calendar","dentist圣诞倒数日历"
"eng_Latn","diy advent calendar empty boxes","DIY空白盒子圣诞倒数日历"
"eng_Latn","dnd advent calendar 2025 adult","2025年D&D成人圣诞倒数日历"
"eng_Latn","dnd miniatures advent calendar","D&Dminiatures圣诞倒数日历"
"eng_Latn","dr pepper advent calendar 2025","2025年drpepper圣诞倒数日历"
"eng_Latn","earring advent calendar for women","耳环女士圣诞倒数日历"
"eng_Latn","electronics advent calendar","electronics圣诞倒数日历"
"eng_Latn","elemis advent calendar 2025","2025年elemis圣诞倒数日历"
"eng_Latn","family game advent calendar","家庭游戏圣诞倒数日历"
"eng_Latn","festivus advent calendar","festivus圣诞倒数日历"
"eng_Latn","fillable advent calendar 12 days","12天可填充圣诞倒数日历"
"eng_Latn","fishing bait advent calendar 2025","2025年钓鱼bait圣诞倒数日历"
"eng_Latn","flower building advent calendar","花卉建造圣诞倒数日历"
"eng_Latn","football helmet advent calendar","足球helmet圣诞倒数日历"
"eng_Latn","funko pop advent calendar stranger things","Funko Pop《怪奇物语》圣诞倒数日历"
"eng_Latn","gingerbread house advent calendar 2025","2025年姜饼屋圣诞倒数日历"
"eng_Latn","girls bracelet advent calendar 2025","2025年女孩手链圣诞倒数日历"
"eng_Latn","grinch advent calendar 2025 ornaments","2025年圣诞怪杰装饰品圣诞倒数日历"
"eng_Latn","hot wheels advent calendar￼","风火轮圣诞倒数日历"
"eng_Latn","hunting advent calendar for men","狩猎男士圣诞倒数日历"
"eng_Latn","irish advent calendar 2025","2025年爱尔兰圣诞倒数日历"
"eng_Latn","italian advent calendar","意大利圣诞倒数日历"
"eng_Latn","jewelry advent calendar teens","珠宝首饰青少年圣诞倒数日历"
"eng_Latn","kids make up advent calendar 2025","2025年儿童彩妆圣诞倒数日历"
"eng_Latn","kitch advent calendar","kitch圣诞倒数日历"
"eng_Latn","lego animal advent calendar","乐高动物圣诞倒数日历"
"eng_Latn","lego spiderman advent calendar","乐高蜘蛛侠圣诞倒数日历"
"eng_Latn","linda advent calendar","linda圣诞倒数日历"
"eng_Latn","lindor chocolates advent calendar 2025","2025年Lindor巧克力圣诞倒数日历"
"eng_Latn","lindt holiday advent calendar","瑞士莲假日圣诞倒数日历"
"eng_Latn","lip care advent calendar 2025","2025年唇部护理圣诞倒数日历"
"eng_Latn","magnetic block advent calendar","magneticblock圣诞倒数日历"
"eng_Latn","makeup set advent calendar","彩妆套装圣诞倒数日历"
"eng_Latn","mens fishing advent calendar 2025","2025年男士钓鱼圣诞倒数日历"
"eng_Latn","mens grooming advent calendar 2025","2025年男士理容圣诞倒数日历"
"eng_Latn","middle finger advent calendar","middlefinger圣诞倒数日历"
"eng_Latn","mini brands fill the fridge advent calendar","Mini Brands可填充冰箱圣诞倒数日历"
"eng_Latn","monster jam mini advent calendar 2025","2025年Monster Jam迷你款圣诞倒数日历"
"eng_Latn","musician advent calendar 2025","2025年musician圣诞倒数日历"
"eng_Latn","nativity advent calendar for toddlers","马槽幼儿圣诞倒数日历"
"eng_Latn","newborn advent calendar","新生儿圣诞倒数日历"
"eng_Latn","paint your own advent calendar","paintyourown圣诞倒数日历"
"eng_Latn","paper craft advent calendar","纸质手工圣诞倒数日历"
"eng_Latn","paw patrol 2025 advent calendar","2025年《汪汪队立大功》圣诞倒数日历"
"eng_Latn","peppa pig christmas advent calendar","《小猪佩奇》圣诞倒数日历"
"eng_Latn","pirate advent calendar","pirate圣诞倒数日历"
"eng_Latn","plushies advent calendar","毛绒玩具圣诞倒数日历"
"eng_Latn","popular advent calendar","热门圣诞倒数日历"
"eng_Latn","positive crochet advent calendar","正能量钩针编织圣诞倒数日历"
"eng_Latn","precious moments, nativity advent calendar","Precious Moments马槽圣诞倒数日历"
"eng_Latn","revlon advent calendar","revlon圣诞倒数日历"
"eng_Latn","revolution beauty makeup advent calendar 2025","2025年Revolution Beauty彩妆圣诞倒数日历"
"eng_Latn","rock and metal advent calendar","摇滚金属圣诞倒数日历"
"eng_Latn","scotch whiskey advent calendar 2025","2025年苏格兰威士忌威士忌圣诞倒数日历"
"eng_Latn","scrapbook advent calendar","scrapbook圣诞倒数日历"
"eng_Latn","sea creature advent calendar","海洋creature圣诞倒数日历"
"eng_Latn","sexy adult advent calendar 2025 for couples","2025年情趣成人情侣圣诞倒数日历"
"eng_Latn","snow globe advent calendar","snowglobe圣诞倒数日历"
"eng_Latn","sour advent calendar","酸味圣诞倒数日历"
"eng_Latn","sour patch kid advent calendar","sourpatch儿童圣诞倒数日历"
"eng_Latn","sports advent calendar for teens","运动青少年圣诞倒数日历"
"eng_Latn","squishmallow advent calendar 2025 kids","2025年Squishmallows儿童圣诞倒数日历"
"eng_Latn","starburst advent calendar","starburst圣诞倒数日历"
"eng_Latn","steal a brain rot advent calendar","steal脑力圣诞倒数日历"
"eng_Latn","survival advent calendar for kids","生存儿童圣诞倒数日历"
"eng_Latn","tatcha advent calendar 2025","2025年tatcha圣诞倒数日历"
"eng_Latn","theatre advent calendar","theatre圣诞倒数日历"
"eng_Latn","thomas train advent calendar 2025","2025年Thomas火车圣诞倒数日历"
"eng_Latn","toys advent calendar","玩具圣诞倒数日历"
"eng_Latn","trinket advent calendar 2025","2025年小饰品圣诞倒数日历"
"eng_Latn","unfinished wooden advent calendar","unfinished木质圣诞倒数日历"
"eng_Latn","vermont advent calendar","佛蒙特圣诞倒数日历"
"eng_Latn","wicked official advent calendar","Wickedofficial圣诞倒数日历"
"eng_Latn","wnba advent calendar","wnba圣诞倒数日历"
"eng_Latn","womens jewelry advent calendar 2025","2025年女士珠宝首饰圣诞倒数日历"
"eng_Latn","wooden puzzle advent calendar","木质拼图圣诞倒数日历"
"eng_Latn","xmas advent calendar","圣诞倒数日历"
"eng_Latn","12 day advent calendars","12天圣诞倒数日历"
"eng_Latn","advent calendars 2025 boys","2025年男孩圣诞倒数日历"
"eng_Latn","advent calendars clearance","清仓圣诞倒数日历"
"eng_Latn","advent calendars cosmetics","化妆品圣诞倒数日历"
"eng_Latn","advent calendars for adults food","成人食品圣诞倒数日历"
"eng_Latn","advent calendars for baby girls","婴幼儿女孩圣诞倒数日历"
"eng_Latn","advent calendars for couples 2025","2025年情侣圣诞倒数日历"
"eng_Latn","advent calendars for coworkers","coworkers圣诞倒数日历"
"eng_Latn","advent calendars for young women","年轻人女士圣诞倒数日历"
"eng_Latn","advent calendars mini verse","Miniverse圣诞倒数日历"
"eng_Latn","advent calendars music","音乐圣诞倒数日历"
"eng_Latn","advent calendars survival kit","生存套装圣诞倒数日历"
"eng_Latn","advent calendars toy","玩具圣诞倒数日历"
"eng_Latn","advent calendars with ornaments","装饰品圣诞倒数日历"
"eng_Latn","best affordable advent calendars","精选affordable圣诞倒数日历"
"eng_Latn","boys advent calendars 2025","2025年男孩圣诞倒数日历"
"eng_Latn","christmas advent calendars for couples","情侣圣诞倒数日历"
"eng_Latn","german advent calendars chocolate","德国巧克力圣诞倒数日历"
"eng_Latn","jewelry advent calendars for women","珠宝首饰女士圣诞倒数日历"
"eng_Latn","lego set advent calendars","乐高套装圣诞倒数日历"
"eng_Latn","make up advent calendars￼","彩妆圣诞倒数日历"
"eng_Latn","sports themed advent calendars","运动主题款圣诞倒数日历"
"eng_Latn","stationery advent calendars","文具圣诞倒数日历"
"eng_Latn","top beauty advent calendars 2025","2025年热门美妆圣诞倒数日历"
"eng_Latn","vermont christmas company advent calendars","佛蒙特company圣诞倒数日历"
"eng_Latn","avent calendar 2025 lego","2025年乐高圣诞倒数日历"
"eng_Latn","girl avent calendar","女孩圣诞倒数日历"
"eng_Latn","grinch avent calendar","圣诞怪杰圣诞倒数日历"
"eng_Latn","stitch avent calendar 2025","2025年史迪奇圣诞倒数日历"
"eng_Latn","10 year old girl advent calendar","10岁女孩圣诞倒数日历"
"eng_Latn","12 day advent calendar chocolate","12天巧克力圣诞倒数日历"
"eng_Latn","12 days of puzzles advent calendar","12天拼图圣诞倒数日历"
"eng_Latn","2025 gnome advent calendar","2025年地精圣诞倒数日历"
"eng_Latn","7 day advent calendar","7天圣诞倒数日历"
"eng_Latn","7 year old advent calendar","7岁圣诞倒数日历"
"eng_Latn","advent building block calendar","积木圣诞倒数日历"
"eng_Latn","advent calendar 2025 12 days of beauty","2025年12天美妆圣诞倒数日历"
"eng_Latn","advent calendar 2025 chocolate nut free","2025年巧克力无坚果圣诞倒数日历"
"eng_Latn","advent calendar 2025 cvs","2025年CVS圣诞倒数日历"
"eng_Latn","advent calendar 2025 dog treats","2025年狗狗零食圣诞倒数日历"
"eng_Latn","advent calendar 2025 ebt","2025年ebt圣诞倒数日历"
"eng_Latn","advent calendar 2025 figurines","2025年人偶圣诞倒数日历"
"eng_Latn","advent calendar 2025 for girls 9-10","2025年女孩910圣诞倒数日历"
"eng_Latn","advent calendar 2025 girls 3","2025年女孩3圣诞倒数日历"
"eng_Latn","advent calendar 2025 haribo","2025年哈瑞宝圣诞倒数日历"
"eng_Latn","advent calendar 2025 japanese snacks","2025年日式零食圣诞倒数日历"
"eng_Latn","advent calendar 2025 nba","2025年NBA圣诞倒数日历"
"eng_Latn","advent calendar 2025 perfumes","2025年香水圣诞倒数日历"
"eng_Latn","advent calendar 2025 teen boys baseball","2025年青少年男孩棒球圣诞倒数日历"
"eng_Latn","advent calendar 2025 teen girls skincare and makeup elf","2025年青少年女孩护肤彩妆e.l.f.圣诞倒数日历"
"eng_Latn","advent calendar 2025 trucks","2025年卡车圣诞倒数日历"
"eng_Latn","advent calendar beauty sephora","美妆丝芙兰圣诞倒数日历"
"eng_Latn","advent calendar clearance","清仓圣诞倒数日历"
"eng_Latn","advent calendar for 14 year old girl","14岁女孩圣诞倒数日历"
"eng_Latn","advent calendar for 2025","2025年圣诞倒数日历"
"eng_Latn","advent calendar for deer hunters","deerhunters圣诞倒数日历"
"eng_Latn","advent calendar for teen girls self care","青少年女孩自我护理圣诞倒数日历"
"eng_Latn","advent calendar for young boys","年轻人男孩圣诞倒数日历"
"eng_Latn","advent calendar fuzzy socks","毛绒袜子圣诞倒数日历"
"eng_Latn","advent calendar house with doors","housedoors圣诞倒数日历"
"eng_Latn","advent calendar jokes","jokes圣诞倒数日历"
"eng_Latn","advent calendar knitting","编织圣诞倒数日历"
"eng_Latn","advent calendar lilo and stitch","《星际宝贝》圣诞倒数日历"
"eng_Latn","advent calendar minnie mouse","米妮圣诞倒数日历"
"eng_Latn","advent calendar ornaments kids","装饰品儿童圣诞倒数日历"
"eng_Latn","advent calendar pocket","口袋款圣诞倒数日历"
"eng_Latn","advent calendar puzzles for kids","拼图儿童圣诞倒数日历"
"eng_Latn","advent calendar spiderman 2025","2025年蜘蛛侠圣诞倒数日历"
"eng_Latn","advent calendar under 20","20以下圣诞倒数日历"
"eng_Latn","advent calendar video game","电子游戏圣诞倒数日历"
"eng_Latn","advent calendar vintage","复古圣诞倒数日历"
"eng_Latn","advent calendar wall","挂墙式圣诞倒数日历"
"eng_Latn","advent christmas calendar for kids","儿童圣诞倒数日历"
"eng_Latn","advent girls calendar","女孩圣诞倒数日历"
"eng_Latn","animals advent calendar","动物圣诞倒数日历"
"eng_Latn","baby christmas advent calendar","婴幼儿圣诞倒数日历"
"eng_Latn","beauty advent calendar sephora","美妆丝芙兰圣诞倒数日历"
"eng_Latn","best friend advent calendar 2025","2025年精选friend圣诞倒数日历"
"eng_Latn","bike advent calendar 2025","2025年bike圣诞倒数日历"
"eng_Latn","birds advent calendar 2025","2025年鸟类圣诞倒数日历"
"eng_Latn","black tea advent calendar","红茶叶圣诞倒数日历"
"eng_Latn","bonne maman 2025 limited run edition advent calendar, 24 mini spreads","2025年Bonne Mamanlimitedrunedition24迷你spreads圣诞倒数日历"
"eng_Latn","book advent calendar for girls","书籍女孩圣诞倒数日历"
"eng_Latn","book lover advent calendar for adults","书籍爱好者成人圣诞倒数日历"
"eng_Latn","book nook advent calendar","书籍nook圣诞倒数日历"
"eng_Latn","border collie advent calendar 2025","2025年bordercollie圣诞倒数日历"
"eng_Latn","bubble gum advent calendar","Bubblegum圣诞倒数日历"
"eng_Latn","bubble skincare advent calendar 2025","2025年Bubble护肤圣诞倒数日历"
"eng_Latn","character advent calendar 2025","2025年character圣诞倒数日历"
"eng_Latn","chiefs advent calendar 2025","2025年chiefs圣诞倒数日历"
"eng_Latn","christmas advent calendar 2025 food","2025年食品圣诞倒数日历"
"eng_Latn","christmas gnome advent calendar 2025","2025年地精圣诞倒数日历"
"eng_Latn","coffee bean advent calendar 2025","2025年咖啡bean圣诞倒数日历"
"eng_Latn","coffee pods advent calendar 2025","2025年咖啡胶囊圣诞倒数日历"
"eng_Latn","cologne advent calendar men","男士香水圣诞倒数日历"
"eng_Latn","disney charm bracelet advent calendar","迪士尼手链圣诞倒数日历"
"eng_Latn","disney twisted tales advent calendar","迪士尼twistedtales圣诞倒数日历"
"eng_Latn","diy fillable advent calendar","DIY可填充圣诞倒数日历"
"eng_Latn","drummer advent calendar 2025","2025年drummer圣诞倒数日历"
"eng_Latn","e.l.f. advent calendar","e.l.f.圣诞倒数日历"
"eng_Latn","elf on the shelf advent calendar train","The Elf on the Shelf火车圣诞倒数日历"
"eng_Latn","empty advent calendar 2025 adult","2025年空白成人圣诞倒数日历"
"eng_Latn","extra large drawer advent calendar","额外大号drawer圣诞倒数日历"
"eng_Latn","fast and furious advent calendar","fastfurious圣诞倒数日历"
"eng_Latn","fisherman's advent calendar","渔夫圣诞倒数日历"
"eng_Latn","fishermans advent calendar","Fisherman's圣诞倒数日历"
"eng_Latn","flowers advent calendar","花卉圣诞倒数日历"
"eng_Latn","football advent calendar for men","足球男士圣诞倒数日历"
"eng_Latn","fourth wing advent calendar","fourthwing圣诞倒数日历"
"eng_Latn","fun advent calendar for adults","趣味成人圣诞倒数日历"
"eng_Latn","funko marvel advent calendar","Funko漫威圣诞倒数日历"
"eng_Latn","funko pop bitty advent calendar","Funko Popbitty圣诞倒数日历"
"eng_Latn","fuzzy sock advent calendar 2025","2025年毛绒袜子圣诞倒数日历"
"eng_Latn","german shepherd advent calendar 2025","2025年德国shepherd圣诞倒数日历"
"eng_Latn","gin advent calendar 2025","2025年金酒圣诞倒数日历"
"eng_Latn","gorilla tag advent calendar","gorillatag圣诞倒数日历"
"eng_Latn","grandma advent calendar","祖母圣诞倒数日历"
"eng_Latn","hersheys chocolate advent calendar 2025","2025年hersheys巧克力圣诞倒数日历"
"eng_Latn","holiday calendar advent","假日圣诞倒数日历"
"eng_Latn","hot wheels muscle car advent calendar 2025","2025年风火轮肌肉汽车圣诞倒数日历"
"eng_Latn","huntrix advent calendar 2025","2025年Huntrix圣诞倒数日历"
"eng_Latn","international food advent calendar","国际食品圣诞倒数日历"
"eng_Latn","jewelry making advent calendar 2025","2025年珠宝首饰制作圣诞倒数日历"
"eng_Latn","joke advent calendar","笑话圣诞倒数日历"
"eng_Latn","kid book advent calendar 2025","2025年儿童书籍圣诞倒数日历"
"eng_Latn","kids advent calendar 2025 hot wheels","2025年儿童风火轮圣诞倒数日历"
"eng_Latn","kitten advent calendar","kitten圣诞倒数日历"
"eng_Latn","kpop demon hunters advent calendar 2025 christmas","2025年《K-pop恶魔猎人》圣诞倒数日历"
"eng_Latn","l'oreal 2025 advent calendar","2025年欧莱雅圣诞倒数日历"
"eng_Latn","large fillable advent calendar","大号可填充圣诞倒数日历"
"eng_Latn","lego advent calendar girls","乐高女孩圣诞倒数日历"
"eng_Latn","lego city advent calendar 2025 kids toy","2025年乐高城市儿童玩具圣诞倒数日历"
"eng_Latn","lego ninjago advent calendar 2025","2025年乐高ninjago圣诞倒数日历"
"eng_Latn","lindt holiday teddy bear chocolate candy advent calendar, 4.5 oz.","瑞士莲假日泰迪熊巧克力糖果45oz圣诞倒数日历"
"eng_Latn","lip smacker advent calendar","lipsmacker圣诞倒数日历"
"eng_Latn","madelaine advent calendar","madelaine圣诞倒数日历"
"eng_Latn","makeup advent calendar 2025 adult","2025年彩妆成人圣诞倒数日历"
"eng_Latn","makeup brush advent calendar 2025","2025年彩妆brush圣诞倒数日历"
"eng_Latn","makeup revolution advent calendar","彩妆Revolution圣诞倒数日历"
"eng_Latn","manicurist advent calendar","manicurist圣诞倒数日历"
"eng_Latn","mens tool advent calendar","男士工具圣诞倒数日历"
"eng_Latn","mini brands retro advent calendar","Mini Brandsretro圣诞倒数日历"
"eng_Latn","mini cologne advent calendar","迷你男士香水圣诞倒数日历"
"eng_Latn","mini makeup advent calendar","迷你彩妆圣诞倒数日历"
"eng_Latn","monster jam truck advent calendar 2025","2025年Monster Jam卡车圣诞倒数日历"
"eng_Latn","my first advent calendar baby","婴儿首款圣诞倒数日历"
"eng_Latn","nativity puzzle advent calendar","马槽拼图圣诞倒数日历"
"eng_Latn","needlepoint advent calendar","needlepoint圣诞倒数日历"
"eng_Latn","nespresso pods advent calendar","Nespressopods圣诞倒数日历"
"eng_Latn","newborn advent calendar 2025","2025年新生儿圣诞倒数日历"
"eng_Latn","numberblocks advent calendar","numberblocks圣诞倒数日历"
"eng_Latn","pickleball advent calendar 2025","2025年pickleball圣诞倒数日历"
"eng_Latn","planet advent calendar","planet圣诞倒数日历"
"eng_Latn","pocket advent calendar blank","Pocket空白圣诞倒数日历"
"eng_Latn","pokemon advent calendar 2024","2024年宝可梦圣诞倒数日历"
"eng_Latn","puzzle christmas advent calendar","拼图圣诞倒数日历"
"eng_Latn","red panda advent calendar","红色panda圣诞倒数日历"
"eng_Latn","rock n roll advent calendar 2025","2025年摇滚nroll圣诞倒数日历"
"eng_Latn","sailor moon advent calendar","《美少女战士》圣诞倒数日历"
"eng_Latn","scrapbook advent calendar 2025","2025年scrapbook圣诞倒数日历"
"eng_Latn","snack advent calendar for kids","零食儿童圣诞倒数日历"
"eng_Latn","soccer cards advent calendar","足球卡片圣诞倒数日历"
"eng_Latn","spice advent calendar 2025 adult","2025年香料成人圣诞倒数日历"
"eng_Latn","spiderman advent calendar 2025 kids","2025年蜘蛛侠儿童圣诞倒数日历"
"eng_Latn","squirrel advent calendar","squirrel圣诞倒数日历"
"eng_Latn","star wars advent calendar 2024","2024年《星球大战》圣诞倒数日历"
"eng_Latn","swedish advent calendar","瑞典圣诞倒数日历"
"eng_Latn","teen advent calendar 24 days","24天青少年圣诞倒数日历"
"eng_Latn","the dragon in the forest advent calendar","龙forest圣诞倒数日历"
"eng_Latn","thomas train advent calendar","Thomas火车圣诞倒数日历"
"eng_Latn","toy car advent calendar 2025","2025年玩具汽车圣诞倒数日历"
"eng_Latn","toys for advent calendar","玩具圣诞倒数日历"
"eng_Latn","treasures of japan advent calendar","treasuresjapan圣诞倒数日历"
"eng_Latn","twix advent calendar","twix圣诞倒数日历"
"eng_Latn","ufc advent calendar 2025","2025年ufc圣诞倒数日历"
"eng_Latn","wine advent calendar 2025 box","2025年葡萄酒盒子圣诞倒数日历"
"eng_Latn","wine advent calendar for adults","葡萄酒成人圣诞倒数日历"
"eng_Latn","wiskey advent calendar","wiskey圣诞倒数日历"
"eng_Latn","wooden diy advent calendar","木质DIY圣诞倒数日历"
"eng_Latn","yoga advent calendar 2025","2025年yoga圣诞倒数日历"
"eng_Latn","adult men advent calendars 2025","2025年成人男士圣诞倒数日历"
"eng_Latn","advent calendars 2025 beauty","2025年美妆圣诞倒数日历"
"eng_Latn","advent calendars 2025 for boys","2025年男孩圣诞倒数日历"
"eng_Latn","advent calendars for 1 year old","1岁圣诞倒数日历"
"eng_Latn","advent calendars for kids￼","儿童圣诞倒数日历"
"eng_Latn","advent calendars for woman","女士圣诞倒数日历"
"eng_Latn","advent calendars playmobil","Playmobil圣诞倒数日历"
"eng_Latn","blank advent calendars","空白圣诞倒数日历"
"eng_Latn","book lover advent calendars","书籍爱好者圣诞倒数日历"
"eng_Latn","christmas advent puzzle calendars","拼图圣诞倒数日历"
"eng_Latn","hot wheels advent calendars 2025","2025年风火轮圣诞倒数日历"
"eng_Latn","lego advent calendars￼","乐高圣诞倒数日历"
"eng_Latn","reusable advent calendars to fill","可重复使用可填充圣诞倒数日历"
"eng_Latn","top advent calendars 2025 for women","2025年热门女士圣诞倒数日历"
"eng_Latn","video game advent calendars","电子游戏圣诞倒数日历"
"eng_Latn","avent calendar 2025 christmas sephora","2025年丝芙兰圣诞倒数日历"
"eng_Latn","avent calendar empty box","空白盒子圣诞倒数日历"
"eng_Latn","beatles avent calendar nails","beatles指甲圣诞倒数日历"
"eng_Latn","baby countdown calendar","婴幼儿倒计时日历"
"eng_Latn","2 year old girl advent calendar","2岁女孩圣诞倒数日历"
"eng_Latn","2025 advent calendar beauty","2025年美妆圣诞倒数日历"
"eng_Latn","24 pocket advent calendar","24Pocket圣诞倒数日历"
"eng_Latn","24 small gifts for advent calendar","24小号礼物圣诞倒数日历"
"eng_Latn","3d printed advent calendar for kids","3D打印儿童圣诞倒数日历"
"eng_Latn","7 year old girl advent calendar","7岁女孩圣诞倒数日历"
"eng_Latn","adult couples advent calendar 2025","2025年成人情侣圣诞倒数日历"
"eng_Latn","advent bourbon calendar","烈酒圣诞倒数日历"
"eng_Latn","advent calendar 12 days of beauty","12天美妆圣诞倒数日历"
"eng_Latn","advent calendar 13 year old boy","13岁男孩圣诞倒数日历"
"eng_Latn","advent calendar 13 year old girl","13岁女孩圣诞倒数日历"
"eng_Latn","advent calendar 2024 chocolate","2024年巧克力圣诞倒数日历"
"eng_Latn","advent calendar 2025 3 year old boy","2025年3岁男孩圣诞倒数日历"
"eng_Latn","advent calendar 2025 adult women jewelry","2025年成人女士珠宝首饰圣诞倒数日历"
"eng_Latn","advent calendar 2025 chocolate kinder","2025年巧克力Kinder圣诞倒数日历"
"eng_Latn","advent calendar 2025 flower","2025年花卉圣诞倒数日历"
"eng_Latn","advent calendar 2025 gluten free","2025年无麸质圣诞倒数日历"
"eng_Latn","advent calendar 2025 italian brainrot","2025年意大利Brainrot圣诞倒数日历"
"eng_Latn","advent calendar 2025 kids slime","2025年儿童史莱姆圣诞倒数日历"
"eng_Latn","advent calendar 2025 socks men","2025年袜子男士圣诞倒数日历"
"eng_Latn","advent calendar 2025 sour candy","2025年酸味糖果圣诞倒数日历"
"eng_Latn","advent calendar 2025 space","2025年太空圣诞倒数日历"
"eng_Latn","advent calendar 2025 spidey","2025年蜘蛛侠圣诞倒数日历"
"eng_Latn","advent calendar 2025 teen boys basketball","2025年青少年男孩篮球圣诞倒数日历"
"eng_Latn","advent calendar 3d print","3Dprint圣诞倒数日历"
"eng_Latn","advent calendar adults chocolate","成人巧克力圣诞倒数日历"
"eng_Latn","advent calendar build a bear","Build-A-Bear圣诞倒数日历"
"eng_Latn","advent calendar construction trucks","建造卡车圣诞倒数日历"
"eng_Latn","advent calendar cow","奶牛圣诞倒数日历"
"eng_Latn","advent calendar dragon ball","《龙珠》圣诞倒数日历"
"eng_Latn","advent calendar filler ideas","fillerideas圣诞倒数日历"
"eng_Latn","advent calendar for 15 year old boy","15岁男孩圣诞倒数日历"
"eng_Latn","advent calendar for adults liquor","成人酒类圣诞倒数日历"
"eng_Latn","advent calendar for girls age 7","7岁女孩圣诞倒数日历"
"eng_Latn","advent calendar for girls stitch","女孩史迪奇圣诞倒数日历"
"eng_Latn","advent calendar for teen boy 2025","2025年青少年男孩圣诞倒数日历"
"eng_Latn","advent calendar for tweens girls","青少年女孩圣诞倒数日历"
"eng_Latn","advent calendar gifts for adults","礼物成人圣诞倒数日历"
"eng_Latn","advent calendar girls age 5","5岁女孩圣诞倒数日历"
"eng_Latn","advent calendar hanger","hanger圣诞倒数日历"
"eng_Latn","advent calendar husband","丈夫圣诞倒数日历"
"eng_Latn","advent calendar jewelry teens","珠宝首饰青少年圣诞倒数日历"
"eng_Latn","advent calendar lego marvel","乐高漫威圣诞倒数日历"
"eng_Latn","advent calendar making","制作圣诞倒数日历"
"eng_Latn","advent calendar mha","mha圣诞倒数日历"
"eng_Latn","advent calendar music lover","音乐爱好者圣诞倒数日历"
"eng_Latn","advent calendar nativity set","马槽套装圣诞倒数日历"
"eng_Latn","advent calendar no chocolate","无巧克力圣诞倒数日历"
"eng_Latn","advent calendar softball","垒球圣诞倒数日历"
"eng_Latn","advent calendar stationary","文具圣诞倒数日历"
"eng_Latn","advent calendar with fishing lures","钓鱼鱼饵圣诞倒数日历"
"eng_Latn","advent calendar women perfume","女士香水圣诞倒数日历"
"eng_Latn","alcoholic advent calendar","alcoholic圣诞倒数日历"
"eng_Latn","animal advent calendar 2025 kids","2025年动物儿童圣诞倒数日历"
"eng_Latn","artskills 25 day christmas craft advent calendar 2025","2025年25天artskills手工圣诞倒数日历"
"eng_Latn","assorted chocolate advent calendar 2025","2025年assorted巧克力圣诞倒数日历"
"eng_Latn","baby toddler advent calendar","婴幼儿幼儿圣诞倒数日历"
"eng_Latn","bath bombs advent calendar","沐浴泡澡球圣诞倒数日历"
"eng_Latn","bearhug advent calendar","BearHug圣诞倒数日历"
"eng_Latn","blank advent calendar box","空白盒子圣诞倒数日历"
"eng_Latn","blind bag advent calendar","blindbag圣诞倒数日历"
"eng_Latn","boston terrier advent calendar","波士顿梗犬圣诞倒数日历"
"eng_Latn","boys advent calendar 2025 roblox","2025年男孩Roblox圣诞倒数日历"
"eng_Latn","bratz advent calendar 2025","2025年bratz圣诞倒数日历"
"eng_Latn","buddy the elf advent calendar 2025","2025年buddye.l.f.圣诞倒数日历"
"eng_Latn","candy advent calendar￼","糖果圣诞倒数日历"
"eng_Latn","canvas advent calendar with pockets","帆布口袋圣诞倒数日历"
"eng_Latn","cheerleading advent calendar 2025","2025年cheerleading圣诞倒数日历"
"eng_Latn","choclate advent calendar","choclate圣诞倒数日历"
"eng_Latn","chocolate orange advent calendar","巧克力orange圣诞倒数日历"
"eng_Latn","christmas chocolate advent calendar 2025","2025年巧克力圣诞倒数日历"
"eng_Latn","christmas legos advent calendar","乐高圣诞倒数日历"
"eng_Latn","clarins advent calendar 2025","2025年clarins圣诞倒数日历"
"eng_Latn","clash royale advent calendar","clashroyale圣诞倒数日历"
"eng_Latn","colorado avalanche advent calendar","coloradoavalanche圣诞倒数日历"
"eng_Latn","cookies advent calendar 2025","2025年曲奇圣诞倒数日历"
"eng_Latn","coppenrath advent calendar","Coppenrath圣诞倒数日历"
"eng_Latn","cvs beauty advent calendar","CVS美妆圣诞倒数日历"
"eng_Latn","dairy milk advent calendar","dairymilk圣诞倒数日历"
"eng_Latn","deadpool advent calendar 2025","2025年deadpool圣诞倒数日历"
"eng_Latn","disney advent calendar puzzle","迪士尼拼图圣诞倒数日历"
"eng_Latn","disney charm advent calendar 2025","2025年迪士尼吊饰圣诞倒数日历"
"eng_Latn","disney jewelry advent calendar","迪士尼珠宝首饰圣诞倒数日历"
"eng_Latn","dog themed advent calendar 2025","2025年狗狗主题款圣诞倒数日历"
"eng_Latn","e.l.f advent calendar","e.l.f.圣诞倒数日历"
"eng_Latn","empty advent calendar kit","空白套装圣诞倒数日历"
"eng_Latn","extra large wooden advent calendar","额外大号木质圣诞倒数日历"
"eng_Latn","felt christmas advent calendar","毛毡圣诞倒数日历"
"eng_Latn","fishing advent calendar 2025 saltwater","2025年钓鱼海水圣诞倒数日历"
"eng_Latn","funko pop christmas advent calendar","Funko Pop圣诞倒数日历"
"eng_Latn","gemstones advent calendar","宝石圣诞倒数日历"
"eng_Latn","geography advent calendar","geography圣诞倒数日历"
"eng_Latn","ghostbusters advent calendar","ghostbusters圣诞倒数日历"
"eng_Latn","giraffe advent calendar","giraffe圣诞倒数日历"
"eng_Latn","girls make up advent calendar","女孩彩妆圣诞倒数日历"
"eng_Latn","glass ornament advent calendar","玻璃装饰品圣诞倒数日历"
"eng_Latn","gold jewelry advent calendar for women","金色珠宝首饰女士圣诞倒数日历"
"eng_Latn","golf advent calendar for boys","高尔夫男孩圣诞倒数日历"
"eng_Latn","halo advent calendar 2025","2025年halo圣诞倒数日历"
"eng_Latn","hot cocoa advent calendar 24 days","24天热可可圣诞倒数日历"
"eng_Latn","iron maiden advent calendar 2025","2025年ironmaiden圣诞倒数日历"
"eng_Latn","italian brain rot advent calendar 2025","2025年意大利脑力圣诞倒数日历"
"eng_Latn","jjk advent calendar","jjk圣诞倒数日历"
"eng_Latn","k-cup advent calendar","K-Cup咖啡胶囊圣诞倒数日历"
"eng_Latn","key chain advent calendar 2025","2025年keychain圣诞倒数日历"
"eng_Latn","kid makeup advent calendar 2025","2025年儿童彩妆圣诞倒数日历"
"eng_Latn","kiko advent calendar","kiko圣诞倒数日历"
"eng_Latn","kitchen advent calendar","厨房圣诞倒数日历"
"eng_Latn","large gnome advent calendar 2025","2025年大号地精圣诞倒数日历"
"eng_Latn","lego advent calendar 2025 girls","2025年乐高女孩圣诞倒数日历"
"eng_Latn","lego advent calendar flowers 2025","2025年乐高花卉圣诞倒数日历"
"eng_Latn","lego advent flower calendar","乐高花卉圣诞倒数日历"
"eng_Latn","lip liner advent calendar","lipliner圣诞倒数日历"
"eng_Latn","llama advent calendar","llama圣诞倒数日历"
"eng_Latn","magic the gathering advent calendar 2022","2022年Magic: The Gathering圣诞倒数日历"
"eng_Latn","make up advent calendar 2025 kids","2025年彩妆儿童圣诞倒数日历"
"eng_Latn","manger advent calendar 2025","2025年马槽圣诞倒数日历"
"eng_Latn","manly advent calendar","manly圣诞倒数日历"
"eng_Latn","merry christmas advent calendar","merry圣诞倒数日历"
"eng_Latn","mini brand books advent calendar","Mini 品牌书籍圣诞倒数日历"
"eng_Latn","mini fragrance advent calendar","迷你香氛圣诞倒数日历"
"eng_Latn","mini monster jam advent calendar 2025","2025年迷你Monster Jam圣诞倒数日历"
"eng_Latn","miss rachel advent calendar 2025","2025年missrachel圣诞倒数日历"
"eng_Latn","music lovers advent calendar 2025","2025年音乐爱好者圣诞倒数日历"
"eng_Latn","my melody advent calendar 2025","2025年mymelody圣诞倒数日历"
"eng_Latn","national lampoon advent calendar 2025","2025年National Lampoon圣诞倒数日历"
"eng_Latn","nativity advent calendar puzzle","马槽拼图圣诞倒数日历"
"eng_Latn","neto advent calendar","neto圣诞倒数日历"
"eng_Latn","polar express advent calendar 2025","2025年polarexpress圣诞倒数日历"
"eng_Latn","pop demon hunters advent calendar","Popdemonhunters圣诞倒数日历"
"eng_Latn","premium advent calendar","高端圣诞倒数日历"
"eng_Latn","pretzel advent calendar","pretzel圣诞倒数日历"
"eng_Latn","ramadan advent calendar","ramadan圣诞倒数日历"
"eng_Latn","rc car advent calendar","rc汽车圣诞倒数日历"
"eng_Latn","rock music advent calendar 2025","2025年摇滚音乐圣诞倒数日历"
"eng_Latn","runners advent calendar","跑者圣诞倒数日历"
"eng_Latn","sanrio christmas advent calendar","三丽鸥圣诞倒数日历"
"eng_Latn","savory advent calendar","savory圣诞倒数日历"
"eng_Latn","sephora collection advent calendar","丝芙兰collection圣诞倒数日历"
"eng_Latn","sexy adult advent calendar 2025","2025年情趣成人圣诞倒数日历"
"eng_Latn","snowflake and the missing christmas lights advent calendar tonie","snowflakemissinglightsTonie圣诞倒数日历"
"eng_Latn","soap advent calendar 2025","2025年肥皂圣诞倒数日历"
"eng_Latn","soccer advent calendar 2025 kids","2025年足球儿童圣诞倒数日历"
"eng_Latn","soccer cards advent calendar 2025","2025年足球卡片圣诞倒数日历"
"eng_Latn","sonic the hedgehog advent calendar 2025","2025年索尼克刺猬圣诞倒数日历"
"eng_Latn","soup advent calendar 2025","2025年soup圣诞倒数日历"
"eng_Latn","spellbinders advent calendar 2025","2025年spellbinders圣诞倒数日历"
"eng_Latn","squirrel advent calendar 2025","2025年squirrel圣诞倒数日历"
"eng_Latn","stitch advent calendar￼","史迪奇圣诞倒数日历"
"eng_Latn","stranger things advent calendar 2026","2026年《怪奇物语》圣诞倒数日历"
"eng_Latn","teen boy advent calendar 2025 candy","2025年青少年男孩糖果圣诞倒数日历"
"eng_Latn","toddler girls advent calendar","幼儿女孩圣诞倒数日历"
"eng_Latn","tony s chocolate advent calendar","tonys巧克力圣诞倒数日历"
"eng_Latn","vermont chocolate advent calendar 2025","2025年佛蒙特巧克力圣诞倒数日历"
"eng_Latn","walking dead advent calendar 2025","2025年walkingdead圣诞倒数日历"
"eng_Latn","whiskey smoker advent calendar","威士忌smoker圣诞倒数日历"
"eng_Latn","womens sock advent calendar 2025","2025年女士袜子圣诞倒数日历"
"eng_Latn","wood advent calendar 2025","2025年木质圣诞倒数日历"
"eng_Latn","wooden advent calendar refillable","木质可重复填充圣诞倒数日历"
"eng_Latn","“advent calendar”","圣诞倒数日历"
"eng_Latn","advent calendars 2025 wicked","2025年Wicked圣诞倒数日历"
"eng_Latn","advent calendars 25 days","25天圣诞倒数日历"
"eng_Latn","advent calendars ducks","鸭子圣诞倒数日历"
"eng_Latn","advent calendars fidget toys","解压玩具玩具圣诞倒数日历"
"eng_Latn","advent calendars fnaf","FNAF圣诞倒数日历"
"eng_Latn","advent calendars for foodies","foodies圣诞倒数日历"
"eng_Latn","advent calendars lps","LPS圣诞倒数日历"
"eng_Latn","advent calendars pokemon 2025","2025年宝可梦圣诞倒数日历"
"eng_Latn","advent calendars toddlers","幼儿圣诞倒数日历"
"eng_Latn","advent calendars under 20","20以下圣诞倒数日历"
"eng_Latn","advent calendars ￼￼","圣诞倒数日历"
"eng_Latn","advent calendars'","圣诞倒数日历"
"eng_Latn","barbie advent calendars","芭比圣诞倒数日历"
"eng_Latn","childrens advent calendars","儿童圣诞倒数日历"
"eng_Latn","christmas advent calendars puzzle","拼图圣诞倒数日历"
"eng_Latn","christmas advent calendars skincare","护肤圣诞倒数日历"
"eng_Latn","cocktail advent calendars","鸡尾酒圣诞倒数日历"
"eng_Latn","cologne advent calendars","男士香水圣诞倒数日历"
"eng_Latn","national geographic advent calendars","国家地理圣诞倒数日历"
"eng_Latn","religious advent calendars 2025","2025年宗教圣诞倒数日历"
"eng_Latn","anime avent calendar 2025","2025年动漫圣诞倒数日历"
"eng_Latn","squishy avent calendar","解压玩具圣诞倒数日历"
"eng_Latn","12 day advent calendar boys","12天男孩圣诞倒数日历"
"eng_Latn","2025 fishing advent calendar","2025年垂钓圣诞倒数日历"
"eng_Latn","2025 lego city advent calendar","2025年乐高城市圣诞倒数日历"
"eng_Latn","24 day beauty advent calendar 2025","2025年24天美妆圣诞倒数日历"
"eng_Latn","24 day snack advent calendar","24天零食圣诞倒数日历"
"eng_Latn","3d printed animals advent calendar 2025","2025年3D打印动物圣诞倒数日历"
"eng_Latn","9 year old boy advent calendar","9岁男孩圣诞倒数日历"
"eng_Latn","adult book advent calendar 2025","2025年成人书籍圣诞倒数日历"
"eng_Latn","adult male advent calendar","成人男性圣诞倒数日历"
"eng_Latn","advent beauty calendar 2025 ulta","2025年美妆ULTA圣诞倒数日历"
"eng_Latn","advent book calendar kids","书籍儿童圣诞倒数日历"
"eng_Latn","advent calendar 2025 broadway","2025年百老汇圣诞倒数日历"
"eng_Latn","advent calendar 2025 christmas ornaments","2025年装饰品圣诞倒数日历"
"eng_Latn","advent calendar 2025 coffee pods keurig","2025年咖啡podskeurig圣诞倒数日历"
"eng_Latn","advent calendar 2025 cows","2025年奶牛圣诞倒数日历"
"eng_Latn","advent calendar 2025 for girls 4 years old","2025年4岁女孩圣诞倒数日历"
"eng_Latn","advent calendar 2025 husband","2025年丈夫圣诞倒数日历"
"eng_Latn","advent calendar 2025 kids boys fishing","2025年儿童男孩钓鱼圣诞倒数日历"
"eng_Latn","advent calendar 2025 lego christmas","2025年乐高圣诞倒数日历"
"eng_Latn","advent calendar 2025 sol de janeiro","2025年Sol de Janeiro圣诞倒数日历"
"eng_Latn","advent calendar 2025 vegan","2025年纯素圣诞倒数日历"
"eng_Latn","advent calendar 2025 victoria secret","2025年Victoria's Secret圣诞倒数日历"
"eng_Latn","advent calendar adults 2025","2025年成人圣诞倒数日历"
"eng_Latn","advent calendar bath bombs","沐浴泡澡球圣诞倒数日历"
"eng_Latn","advent calendar bath toys","沐浴玩具圣诞倒数日历"
"eng_Latn","advent calendar christmas coloring book","涂色书籍圣诞倒数日历"
"eng_Latn","advent calendar coffee lovers","咖啡爱好者圣诞倒数日历"
"eng_Latn","advent calendar dad jokes","爸爸笑话圣诞倒数日历"
"eng_Latn","advent calendar doll","玩偶圣诞倒数日历"
"eng_Latn","advent calendar farm","农场圣诞倒数日历"
"eng_Latn","advent calendar for 17 year old boy","17岁男孩圣诞倒数日历"
"eng_Latn","advent calendar for boys age 2","2岁男孩圣诞倒数日历"
"eng_Latn","advent calendar for boys fortnite","男孩Fortnite圣诞倒数日历"
"eng_Latn","advent calendar for boys teen","男孩青少年圣诞倒数日历"
"eng_Latn","advent calendar for dog lovers","狗狗爱好者圣诞倒数日历"
"eng_Latn","advent calendar for elementary kids","elementary儿童圣诞倒数日历"
"eng_Latn","advent calendar for family 2025","2025年家庭圣诞倒数日历"
"eng_Latn","advent calendar for girls slime","女孩史莱姆圣诞倒数日历"
"eng_Latn","advent calendar for kids￼","儿童圣诞倒数日历"
"eng_Latn","advent calendar for nails","指甲圣诞倒数日历"
"eng_Latn","advent calendar for young adult women","年轻人成人女士圣诞倒数日历"
"eng_Latn","advent calendar gift","礼物圣诞倒数日历"
"eng_Latn","advent calendar storybook","故事书圣诞倒数日历"
"eng_Latn","advent calendar teens 2025","2025年青少年圣诞倒数日历"
"eng_Latn","advent candy calendar for kids","糖果儿童圣诞倒数日历"
"eng_Latn","advent makeup calendar for girls","彩妆女孩圣诞倒数日历"
"eng_Latn","advent tree calendar","圣诞树圣诞倒数日历"
"eng_Latn","advent. calendar","圣诞倒数日历"
"eng_Latn","angel advent calendar","天使圣诞倒数日历"
"eng_Latn","animal ornament advent calendar","动物装饰品圣诞倒数日历"
"eng_Latn","baby advent calendar 1 year","婴幼儿1圣诞倒数日历"
"eng_Latn","baby first advent calendar","婴幼儿首款圣诞倒数日历"
"eng_Latn","bath and body work advent calendar","Bath & 身体 Works圣诞倒数日历"
"eng_Latn","bbq sauce advent calendar","烧烤酱料圣诞倒数日历"
"eng_Latn","beatles nail advent calendar","beatles指甲护理圣诞倒数日历"
"eng_Latn","beetles nail advent calendar 2025","2025年Beetles指甲护理圣诞倒数日历"
"eng_Latn","belif advent calendar","belif圣诞倒数日历"
"eng_Latn","blues clues advent calendar","bluesclues圣诞倒数日历"
"eng_Latn","bocces bakery advent calendar","boccesbakery圣诞倒数日历"
"eng_Latn","boho advent calendar","boho圣诞倒数日历"
"eng_Latn","brain rot christmas advent calendar","脑力圣诞倒数日历"
"eng_Latn","bucilla advent calendar","bucilla圣诞倒数日历"
"eng_Latn","buildable advent calendar 2025","2025年buildable圣诞倒数日历"
"eng_Latn","cat figurine advent calendar","猫咪人偶圣诞倒数日历"
"eng_Latn","chainsaw man advent calendar","chainsaw男士圣诞倒数日历"
"eng_Latn","christmas advent calendar 2025 adults legos","2025年成人乐高圣诞倒数日历"
"eng_Latn","christmas advent calendar chocolates","巧克力圣诞倒数日历"
"eng_Latn","christmas advent calendar empty","空白圣诞倒数日历"
"eng_Latn","christmas tree ornament advent calendar 2025","2025年圣诞树装饰品圣诞倒数日历"
"eng_Latn","coffee advent calendar 2025 nespresso","2025年咖啡Nespresso圣诞倒数日历"
"eng_Latn","croc charm advent calendar","croccharm圣诞倒数日历"
"eng_Latn","crystal advent calendar 2025 for kids","2025年水晶儿童圣诞倒数日历"
"eng_Latn","decor advent calendar","装饰圣诞倒数日历"
"eng_Latn","dewalt advent calendar","dewalt圣诞倒数日历"
"eng_Latn","disney chocolate advent calendar 2025","2025年迪士尼巧克力圣诞倒数日历"
"eng_Latn","disney pixar cars advent calendar","迪士尼Pixar汽车总动员圣诞倒数日历"
"eng_Latn","dog advent calendar for kids","狗狗儿童圣诞倒数日历"
"eng_Latn","dr who advent calendar 2025","2025年drwho圣诞倒数日历"
"eng_Latn","e.l.f advent calendar 2025","2025年e.l.f.圣诞倒数日历"
"eng_Latn","electronic games advent calendar","electronicgames圣诞倒数日历"
"eng_Latn","elf advent calendar￼","e.l.f.圣诞倒数日历"
"eng_Latn","elf sleigh the holidays 24-day beauty and skincare advent calendar","24天e.l.f.sleighholidays美妆护肤圣诞倒数日历"
"eng_Latn","empty advent calendar 12 days","12天空白圣诞倒数日历"
"eng_Latn","faith glow advent calendar","faithglow圣诞倒数日历"
"eng_Latn","farming advent calendar 2025","2025年farming圣诞倒数日历"
"eng_Latn","fidget advent calendar 2025 boys","2025年解压玩具男孩圣诞倒数日历"
"eng_Latn","fidget advent calendar for teen boys","解压玩具青少年男孩圣诞倒数日历"
"eng_Latn","fidget spinner advent calendar 2025","2025年解压玩具spinner圣诞倒数日历"
"eng_Latn","fillable advent calendar cardboard","可填充纸板圣诞倒数日历"
"eng_Latn","fragrance advent calendar men","香氛男士圣诞倒数日历"
"eng_Latn","funko pop star wars advent calendar 2025","2025年Funko Pop《星球大战》圣诞倒数日历"
"eng_Latn","gabby cat advent calendar 2025","2025年Gabby猫咪圣诞倒数日历"
"eng_Latn","ghibli advent calendar 2025","2025年ghibli圣诞倒数日历"
"eng_Latn","green tea advent calendar 2025","2025年绿茶叶圣诞倒数日历"
"eng_Latn","guitar pic advent calendar 2025","2025年吉他pic圣诞倒数日历"
"eng_Latn","hair clip advent calendar","发夹圣诞倒数日历"
"eng_Latn","hippo advent calendar","hippo圣诞倒数日历"
"eng_Latn","hunger games advent calendar","hungergames圣诞倒数日历"
"eng_Latn","irish whiskey advent calendar 2025","2025年爱尔兰威士忌圣诞倒数日历"
"eng_Latn","jaws advent calendar 2025","2025年jaws圣诞倒数日历"
"eng_Latn","jibbitz advent calendar 2025","2025年jibbitz圣诞倒数日历"
"eng_Latn","kid christmas advent calendar 2025","2025年儿童圣诞倒数日历"
"eng_Latn","kids art advent calendar","儿童艺术圣诞倒数日历"
"eng_Latn","lavender advent calendar","lavender圣诞倒数日历"
"eng_Latn","lego marvel avengers advent calendar 2025","2025年乐高漫威《复仇者联盟》圣诞倒数日历"
"eng_Latn","legos advent calendar 2025 for boys","2025年乐高男孩圣诞倒数日历"
"eng_Latn","lion king advent calendar","lionking圣诞倒数日历"
"eng_Latn","little boys advent calendar","小型男孩圣诞倒数日历"
"eng_Latn","little girls makeup advent calendar 2025","2025年小女孩彩妆圣诞倒数日历"
"eng_Latn","lol dolls advent calendar","LOLdolls圣诞倒数日历"
"eng_Latn","lovepop advent calendar 2025","2025年lovepop圣诞倒数日历"
"eng_Latn","maltesers advent calendar","maltesers圣诞倒数日历"
"eng_Latn","mascara advent calendar","睫毛膏圣诞倒数日历"
"eng_Latn","melissa and doug christmas advent calendar","melissadoug圣诞倒数日历"
"eng_Latn","mens fragrance advent calendar 2025","2025年男士香氛圣诞倒数日历"
"eng_Latn","mens skincare advent calendar","男士护肤圣诞倒数日历"
"eng_Latn","michigan advent calendar","michigan圣诞倒数日历"
"eng_Latn","milk bone advent calendar for dogs","milkbone狗狗圣诞倒数日历"
"eng_Latn","minecraft chocolate advent calendar","《我的世界》巧克力圣诞倒数日历"
"eng_Latn","mini blocks advent calendar","迷你blocks圣诞倒数日历"
"eng_Latn","mini book ornament advent calendar 2025","2025年迷你书籍装饰品圣诞倒数日历"
"eng_Latn","mini food advent calendar","迷你食品圣诞倒数日历"
"eng_Latn","minnesota vikings advent calendar 2025","2025年minnesotavikings圣诞倒数日历"
"eng_Latn","monster high advent calendar 2025","2025年精灵高中圣诞倒数日历"
"eng_Latn","mr beast lab advent calendar 2025","2025年mrbeastlab圣诞倒数日历"
"eng_Latn","new yorker puzzle advent calendar","newyorker拼图圣诞倒数日历"
"eng_Latn","number blocks advent calendar","numberblocks圣诞倒数日历"
"eng_Latn","pagan advent calendar","pagan圣诞倒数日历"
"eng_Latn","pink advent calendar empty","粉色空白圣诞倒数日历"
"eng_Latn","pokemon holiday advent calendar","宝可梦假日圣诞倒数日历"
"eng_Latn","pop it advent calendar","Popit圣诞倒数日历"
"eng_Latn","saker advent calendar","saker圣诞倒数日历"
"eng_Latn","skin care advent calendar 2025 teen girls","2025年护肤青少年女孩圣诞倒数日历"
"eng_Latn","spanish advent calendar","spanish圣诞倒数日历"
"eng_Latn","stardew valley advent calendar","stardewvalley圣诞倒数日历"
"eng_Latn","swiftie advent calendar","swiftie圣诞倒数日历"
"eng_Latn","tea bags advent calendar","茶袋子圣诞倒数日历"
"eng_Latn","teen advent calendar fillers","青少年圣诞倒数日历填充物"
"eng_Latn","tequila advent calendar 2025 for adults","2025年龙舌兰酒成人圣诞倒数日历"
"eng_Latn","themed advent calendar","主题款圣诞倒数日历"
"eng_Latn","tim burton advent calendar","timburton圣诞倒数日历"
"eng_Latn","tonie advent calendar","Tonie圣诞倒数日历"
"eng_Latn","tony chocolate advent calendar 2025","2025年tony巧克力圣诞倒数日历"
"eng_Latn","trinkets for advent calendar","小饰品圣诞倒数日历"
"eng_Latn","trout fishing advent calendar 2025","2025年trout钓鱼圣诞倒数日历"
"eng_Latn","tween beauty advent calendar 2025","2025年青少年美妆圣诞倒数日历"
"eng_Latn","twining tea advent calendar","twining茶叶圣诞倒数日历"
"eng_Latn","ulta makeup advent calendar","ULTA彩妆圣诞倒数日历"
"eng_Latn","ulta mini brand advent calendar","ULTAMini 品牌圣诞倒数日历"
"eng_Latn","victorian advent calendar","victorian圣诞倒数日历"
"eng_Latn","womens makeup advent calendar","女士彩妆圣诞倒数日历"
"eng_Latn","women’s advent calendar","女士s圣诞倒数日历"
"eng_Latn","wooden village advent calendar","木质村庄圣诞倒数日历"
"eng_Latn","woodland advent calendar","woodland圣诞倒数日历"
"eng_Latn","wwe wrestling advent calendar 2025","2025年WWEwrestling圣诞倒数日历"
"eng_Latn","young men advent calendar 2025","2025年年轻人男士圣诞倒数日历"
"eng_Latn","24 day advent calendars","24天圣诞倒数日历"
"eng_Latn","advent beauty calendars 2025","2025年美妆圣诞倒数日历"
"eng_Latn","advent calendars 12 days","12天圣诞倒数日历"
"eng_Latn","advent calendars christmas adults","成人圣诞倒数日历"
"eng_Latn","advent calendars family","家庭圣诞倒数日历"
"eng_Latn","advent calendars for 3 year olds","3岁儿童圣诞倒数日历"
"eng_Latn","advent calendars for 9 year old boys","9岁男孩圣诞倒数日历"
"eng_Latn","advent calendars for girls 2025","2025年女孩圣诞倒数日历"
"eng_Latn","advent calendars jerky","肉干圣诞倒数日历"
"eng_Latn","advent calendars lego friends","乐高《老友记》圣诞倒数日历"
"eng_Latn","advent calendars makeup elf","彩妆e.l.f.圣诞倒数日历"
"eng_Latn","advent calendars mystery","神秘圣诞倒数日历"
"eng_Latn","advent calendars on sale","促销圣诞倒数日历"
"eng_Latn","advent calendars one piece","《海贼王》圣诞倒数日历"
"eng_Latn","advent calendars sonic","索尼克圣诞倒数日历"
"eng_Latn","beauty care advent calendars","美妆护理圣诞倒数日历"
"eng_Latn","bird advent calendars","鸟类圣诞倒数日历"
"eng_Latn","cadbury advent calendars","吉百利圣诞倒数日历"
"eng_Latn","catholic advent calendars 2025","2025年天主教圣诞倒数日历"
"eng_Latn","christmas advent calendars coffee","咖啡圣诞倒数日历"
"eng_Latn","crystal advent calendars","水晶圣诞倒数日历"
"eng_Latn","dog advent calendars 2025","2025年狗狗圣诞倒数日历"
"eng_Latn","gnome advent calendars","地精圣诞倒数日历"
"eng_Latn","liquor advent calendars 2025","2025年酒类圣诞倒数日历"
"eng_Latn","make up advent calendars 2025","2025年彩妆圣诞倒数日历"
"eng_Latn","movie themed advent calendars","电影主题款圣诞倒数日历"
"eng_Latn","popular advent calendars","热门圣诞倒数日历"
"eng_Latn","taylor swift advent calendars","Taylor Swift圣诞倒数日历"
"eng_Latn","toy advent calendars for girls","玩具女孩圣诞倒数日历"
"eng_Latn","unique christmas advent calendars","独特圣诞倒数日历"
"eng_Latn","vintage christmas advent calendars","复古圣诞倒数日历"
"eng_Latn","avent calendar for women","女士圣诞倒数日历"
"eng_Latn","guitar avent calendar","吉他圣诞倒数日历"
"eng_Latn","christmas countdown calendar kids","儿童圣诞倒计时日历"
"eng_Latn","wedding countdown calendar","wedding倒计时日历"
"eng_Latn","xmas countdown calendar","圣诞倒计时日历"
"eng_Latn","12 day advent calendar for boys","12天男孩圣诞倒数日历"
"eng_Latn","12 day fishing advent calendar","12天钓鱼圣诞倒数日历"
"eng_Latn","12 day of beauty advent calendar","12天美妆圣诞倒数日历"
"eng_Latn","2025 boys advent calendar","2025年男孩圣诞倒数日历"
"eng_Latn","2025 football advent calendar","2025年足球圣诞倒数日历"
"eng_Latn","2025 hotwheels advent calendar","2025年风火轮圣诞倒数日历"
"eng_Latn","24 days of whiskey advent calendar","24天威士忌圣诞倒数日历"
"eng_Latn","25 day advent calendar for women","25天女士圣诞倒数日历"
"eng_Latn","3d printer advent calendar 2025","2025年3Dprinter圣诞倒数日历"
"eng_Latn","adhd advent calendar","adhd圣诞倒数日历"
"eng_Latn","advent alcohol calendar","酒类圣诞倒数日历"
"eng_Latn","advent calendar 2025 bible","2025年圣经圣诞倒数日历"
"eng_Latn","advent calendar 2025 cookie","2025年饼干圣诞倒数日历"
"eng_Latn","advent calendar 2025 dragon ball","2025年《龙珠》圣诞倒数日历"
"eng_Latn","advent calendar 2025 fallout","2025年《辐射》圣诞倒数日历"
"eng_Latn","advent calendar 2025 for baby","2025年婴幼儿圣诞倒数日历"
"eng_Latn","advent calendar 2025 for kids boys","2025年儿童男孩圣诞倒数日历"
"eng_Latn","advent calendar 2025 for teen girl","2025年青少年女孩圣诞倒数日历"
"eng_Latn","advent calendar 2025 gaming","2025年游戏圣诞倒数日历"
"eng_Latn","advent calendar 2025 glow recipe","2025年Glow Recipe圣诞倒数日历"
"eng_Latn","advent calendar 2025 gummy","2025年软糖圣诞倒数日历"
"eng_Latn","advent calendar 2025 loreal","2025年欧莱雅圣诞倒数日历"
"eng_Latn","advent calendar 2025 teen girls sephora fav","2025年青少年女孩丝芙兰fav圣诞倒数日历"
"eng_Latn","advent calendar 24","24圣诞倒数日历"
"eng_Latn","advent calendar beads","beads圣诞倒数日历"
"eng_Latn","advent calendar broadway","百老汇圣诞倒数日历"
"eng_Latn","advent calendar building blocks for kids","积木儿童圣诞倒数日历"
"eng_Latn","advent calendar bulk","批量圣诞倒数日历"
"eng_Latn","advent calendar chocolate kinder","巧克力Kinder圣诞倒数日历"
"eng_Latn","advent calendar christmas village","圣诞村圣诞倒数日历"
"eng_Latn","advent calendar dog toys","狗狗玩具圣诞倒数日历"
"eng_Latn","advent calendar essence","essence圣诞倒数日历"
"eng_Latn","advent calendar fish","鱼圣诞倒数日历"
"eng_Latn","advent calendar food adult","食品成人圣诞倒数日历"
"eng_Latn","advent calendar for 18 year old boy","18岁男孩圣诞倒数日历"
"eng_Latn","advent calendar for adult daughter","成人daughter圣诞倒数日历"
"eng_Latn","advent calendar for adults snacks","成人零食圣诞倒数日历"
"eng_Latn","advent calendar for cats treats","猫咪零食圣诞倒数日历"
"eng_Latn","advent calendar for chefs","chefs圣诞倒数日历"
"eng_Latn","advent calendar for girls 2 year old","2岁女孩圣诞倒数日历"
"eng_Latn","advent calendar for kids 6-8","儿童68圣诞倒数日历"
"eng_Latn","advent calendar for skincare","护肤圣诞倒数日历"
"eng_Latn","advent calendar formula 1","F1圣诞倒数日历"
"eng_Latn","advent calendar funny adult","趣味成人圣诞倒数日历"
"eng_Latn","advent calendar gift bags","礼物袋子圣诞倒数日历"
"eng_Latn","advent calendar marvel 2025","2025年漫威圣诞倒数日历"
"eng_Latn","advent calendar marvel lego","漫威乐高圣诞倒数日历"
"eng_Latn","advent calendar mickey","米奇圣诞倒数日历"
"eng_Latn","advent calendar painting","绘画圣诞倒数日历"
"eng_Latn","advent calendar stuffers for kids","儿童圣诞倒数日历填充物"
"eng_Latn","advent calendar tarot","塔罗圣诞倒数日历"
"eng_Latn","advent calendar wine 2025","2025年葡萄酒圣诞倒数日历"
"eng_Latn","advent calendar with hot chocolate","巧克力圣诞倒数日历"
"eng_Latn","advent calendar woman 2025","2025年女士圣诞倒数日历"
"eng_Latn","advent cheese calendar 2025","2025年奶酪圣诞倒数日历"
"eng_Latn","advent escape room calendar 2025","2025年密室逃脱圣诞倒数日历"
"eng_Latn","alien advent calendar 2025","2025年alien圣诞倒数日历"
"eng_Latn","attack on titan advent calendar","attacktitan圣诞倒数日历"
"eng_Latn","baby jesus advent calendar 2025","2025年婴幼儿耶稣圣诞倒数日历"
"eng_Latn","baking advent calendar 2025 adult","2025年烘焙成人圣诞倒数日历"
"eng_Latn","beauty advent calendar 2025 24 days","2025年24天美妆圣诞倒数日历"
"eng_Latn","beauty makeup advent calendar","美妆彩妆圣诞倒数日历"
"eng_Latn","beauty product advent calendar 2025","2025年美妆产品圣诞倒数日历"
"eng_Latn","best advent calendar candy","精选糖果圣诞倒数日历"
"eng_Latn","best advent calendar for men","精选男士圣诞倒数日历"
"eng_Latn","beyblade advent calendar 2025","2025年beyblade圣诞倒数日历"
"eng_Latn","bible advent calendar for kids","圣经儿童圣诞倒数日历"
"eng_Latn","bluey awesome advent calendar book bundle","Blueyawesome书籍套装圣诞倒数日历"
"eng_Latn","buffalo trace advent calendar with alcohol","Buffalo Trace酒类圣诞倒数日历"
"eng_Latn","buffalo trace bourbon whiskey advent calendar","Buffalo Trace烈酒威士忌圣诞倒数日历"
"eng_Latn","building brick advent calendar","建造brick圣诞倒数日历"
"eng_Latn","candy advent calendar for adults","糖果成人圣诞倒数日历"
"eng_Latn","charms advent calendar","吊饰圣诞倒数日历"
"eng_Latn","chocolate advent calendar 2024","2024年巧克力圣诞倒数日历"
"eng_Latn","chocolate christmas advent calendar 2025","2025年巧克力圣诞倒数日历"
"eng_Latn","christmas advent calendar 2025 lego","2025年乐高圣诞倒数日历"
"eng_Latn","christmas calendar advent kids","儿童圣诞倒数日历"
"eng_Latn","coca cola advent calendar","可口可乐圣诞倒数日历"
"eng_Latn","college boy advent calendar 2025","2025年大学生男孩圣诞倒数日历"
"eng_Latn","comic book advent calendar","漫画书籍圣诞倒数日历"
"eng_Latn","country advent calendar","country圣诞倒数日历"
"eng_Latn","crocs advent calendar 2025","2025年crocs圣诞倒数日历"
"eng_Latn","decaf tea advent calendar","脱咖啡因茶叶圣诞倒数日历"
"eng_Latn","dental advent calendar","dental圣诞倒数日历"
"eng_Latn","diamond dotz advent calendar","diamonddotz圣诞倒数日历"
"eng_Latn","do it yourself advent calendar kit","doityourself套装圣诞倒数日历"
"eng_Latn","dove advent calendar 2025","2025年Dove圣诞倒数日历"
"eng_Latn","elf 24 day advent calendar 2025","2025年24天e.l.f.圣诞倒数日历"
"eng_Latn","elf make up advent calendar 2025","2025年e.l.f.彩妆圣诞倒数日历"
"eng_Latn","emo advent calendar 2025","2025年emo圣诞倒数日历"
"eng_Latn","empty diy advent calendar","空白DIY圣诞倒数日历"
"eng_Latn","eyeshadow advent calendar","eyeshadow圣诞倒数日历"
"eng_Latn","fidgets advent calendar 2025","2025年解压玩具圣诞倒数日历"
"eng_Latn","fisher price advent calendar 2025 little people","2025年Fisher-Price Little People圣诞倒数日历"
"eng_Latn","funko pop advent calendar pokemon","Funko Pop宝可梦圣诞倒数日历"
"eng_Latn","harry potter socks advent calendar","《哈利·波特》袜子圣诞倒数日历"
"eng_Latn","holiday beauty advent calendar","假日美妆圣诞倒数日历"
"eng_Latn","horror christmas advent calendar 2025","2025年恐怖圣诞倒数日历"
"eng_Latn","jujutsu kaisen advent calendar 2025","2025年《咒术回战》圣诞倒数日历"
"eng_Latn","kids 2025 advent calendar","2025年儿童圣诞倒数日历"
"eng_Latn","kids advent calendar books","儿童书籍圣诞倒数日历"
"eng_Latn","kids advent calendar stuffers","儿童圣诞倒数日历填充物"
"eng_Latn","kids ornament advent calendar 2025","2025年儿童装饰品圣诞倒数日历"
"eng_Latn","kisses advent calendar","kisses圣诞倒数日历"
"eng_Latn","kiwi crate advent calendar","kiwicrate圣诞倒数日历"
"eng_Latn","koala advent calendar","koala圣诞倒数日历"
"eng_Latn","korean makeup advent calendar","韩式彩妆圣诞倒数日历"
"eng_Latn","lego advent calendar adult","乐高成人圣诞倒数日历"
"eng_Latn","lego botanical advent calendar 2025","2025年乐高植物圣诞倒数日历"
"eng_Latn","lego brand advent calendar","乐高品牌圣诞倒数日历"
"eng_Latn","lego friends advent calendar 2024","2024年乐高《老友记》圣诞倒数日历"
"eng_Latn","lenox advent calendar","lenox圣诞倒数日历"
"eng_Latn","lindt holiday teddy bear advent calendar assorted chocolate candy","瑞士莲假日泰迪熊混合巧克力糖果圣诞倒数日历"
"eng_Latn","lipstick advent calendar","口红圣诞倒数日历"
"eng_Latn","lollipop advent calendar","lollipop圣诞倒数日历"
"eng_Latn","love pop advent calendar 2025","2025年lovePop圣诞倒数日历"
"eng_Latn","macys advent calendar 2025","2025年macys圣诞倒数日历"
"eng_Latn","makeup and skincare advent calendar 2025","2025年彩妆护肤圣诞倒数日历"
"eng_Latn","melissa and doug advent calendar 2025","2025年melissadoug圣诞倒数日历"
"eng_Latn","mini brands 2025 advent calendar","2025年Mini Brands圣诞倒数日历"
"eng_Latn","mini verse christmas advent calendar","Miniverse圣诞倒数日历"
"eng_Latn","moonshine advent calendar","moonshine圣诞倒数日历"
"eng_Latn","muppets christmas carol advent calendar","muppetscarol圣诞倒数日历"
"eng_Latn","my world advent calendar 2025","2025年myworld圣诞倒数日历"
"eng_Latn","mystery game advent calendar 2025","2025年神秘游戏圣诞倒数日历"
"eng_Latn","nail polish advent calendar for teen girls","指甲护理指甲油青少年女孩圣诞倒数日历"
"eng_Latn","nativity advent calendar drawers","马槽抽屉圣诞倒数日历"
"eng_Latn","nee doh advent calendar 2025 adult","2025年NeeDoh成人圣诞倒数日历"
"eng_Latn","neutrogena advent calendar","neutrogena圣诞倒数日历"
"eng_Latn","new york advent calendar","newyork圣诞倒数日历"
"eng_Latn","peanuts snoopy advent calendar","Peanuts史努比圣诞倒数日历"
"eng_Latn","pixi advent calendar","Pixi圣诞倒数日历"
"eng_Latn","playmobil advent calendar -","Playmobil圣诞倒数日历"
"eng_Latn","potion advent calendar 2025","2025年potion圣诞倒数日历"
"eng_Latn","potty advent calendar for toddlers","potty幼儿圣诞倒数日历"
"eng_Latn","prank advent calendar","prank圣诞倒数日历"
"eng_Latn","premier league advent calendar","premierleague圣诞倒数日历"
"eng_Latn","preteen boys advent calendar","大龄儿童男孩圣诞倒数日历"
"eng_Latn","reptile advent calendar 2025","2025年reptile圣诞倒数日历"
"eng_Latn","reusable dog advent calendar","可重复使用狗狗圣诞倒数日历"
"eng_Latn","rock legends advent calendar","摇滚传奇圣诞倒数日历"
"eng_Latn","romance novel advent calendar","浪漫novel圣诞倒数日历"
"eng_Latn","sauce advent calendar","酱料圣诞倒数日历"
"eng_Latn","schleich advent calendar 2025 horse club","2025年Schleichhorseclub圣诞倒数日历"
"eng_Latn","slime advent calendar for boys","史莱姆男孩圣诞倒数日历"
"eng_Latn","sports advent calendar for men","运动男士圣诞倒数日历"
"eng_Latn","squishmallow christmas advent calendar","Squishmallows圣诞倒数日历"
"eng_Latn","squishmas advent calendar","squishmas圣诞倒数日历"
"eng_Latn","star war advent calendar 2025","2025年starwar圣诞倒数日历"
"eng_Latn","star wars advent calendar lego","《星球大战》乐高圣诞倒数日历"
"eng_Latn","stich advent calendar","stich圣诞倒数日历"
"eng_Latn","stitch advent calendar for adults","史迪奇成人圣诞倒数日历"
"eng_Latn","straw cover advent calendar","strawcover圣诞倒数日历"
"eng_Latn","sweets advent calendar","糖果圣诞倒数日历"
"eng_Latn","taylor swift advent calendar￼","Taylor Swift圣诞倒数日历"
"eng_Latn","teen jewelry advent calendar 2025","2025年青少年珠宝首饰圣诞倒数日历"
"eng_Latn","the jigsaw puzzle advent calendar","拼图圣诞倒数日历"
"eng_Latn","treat advent calendar","零食圣诞倒数日历"
"eng_Latn","tween makeup advent calendar","青少年彩妆圣诞倒数日历"
"eng_Latn","tween skin care advent calendar","青少年护肤圣诞倒数日历"
"eng_Latn","useless facts for smart kids advent calendar","uselessfactssmart儿童圣诞倒数日历"
"eng_Latn","vending machine advent calendar 2025","2025年自动售货机圣诞倒数日历"
"eng_Latn","wooden advent calendar drawers","木质抽屉圣诞倒数日历"
"eng_Latn","yankee advent calendar 2025","2025年yankee圣诞倒数日历"
"eng_Latn","young girl advent calendar","年轻人女孩圣诞倒数日历"
"eng_Latn","2025 advent calendars for kids","2025年儿童圣诞倒数日历"
"eng_Latn","advent calendars 2025 lego","2025年乐高圣诞倒数日历"
"eng_Latn","advent calendars for 2 year olds","2olds圣诞倒数日历"
"eng_Latn","advent calendars for 2025","2025年圣诞倒数日历"
"eng_Latn","advent calendars for kids boys","儿童男孩圣诞倒数日历"
"eng_Latn","advent calendars funny","趣味圣诞倒数日历"
"eng_Latn","advent calendars gabby dollhouse","《盖比的娃娃屋》圣诞倒数日历"
"eng_Latn","advent calendars stuffed animals","毛绒动物圣诞倒数日历"
"eng_Latn","best advent calendars for teen girls","精选青少年女孩圣诞倒数日历"
"eng_Latn","boy advent calendars 2025","2025年男孩圣诞倒数日历"
"eng_Latn","catholic advent calendars","天主教圣诞倒数日历"
"eng_Latn","funko pop advent calendars 2025","2025年Funko Pop圣诞倒数日历"
"eng_Latn","hot cocoa advent calendars","热可可圣诞倒数日历"
"eng_Latn","jewelry advent calendars 2025","2025年珠宝首饰圣诞倒数日历"
"eng_Latn","kinder advent calendars","Kinder圣诞倒数日历"
"eng_Latn","lego advent calendars for adults","乐高成人圣诞倒数日历"
"eng_Latn","lego advent calendars on sale","乐高促销圣诞倒数日历"
"eng_Latn","luxury makeup advent calendars","奢华彩妆圣诞倒数日历"
"eng_Latn","old fashioned advent calendars","fashioned圣诞倒数日历"
"eng_Latn","puzzle advent calendars for adults","拼图成人圣诞倒数日历"
"eng_Latn","scratch off advent calendars","scratchoff圣诞倒数日历"
"eng_Latn","skin care advent calendars 2025","2025年护肤圣诞倒数日历"
"eng_Latn","avent calendar 2025 men","2025年男士圣诞倒数日历"
"eng_Latn","avent calendar 2025 whiskey","2025年威士忌圣诞倒数日历"
"eng_Latn","avent calendar kids","儿童圣诞倒数日历"
"eng_Latn","baseball avent calendar","棒球圣诞倒数日历"
"eng_Latn","disney avent calendar","迪士尼圣诞倒数日历"
"eng_Latn","glow recipe avent calendar","Glow Recipe圣诞倒数日历"
"eng_Latn","fishing countdown calendar","钓鱼倒计时日历"
"eng_Latn","wooden christmas countdown calendar","木质圣诞倒计时日历"
"eng_Latn","12 day chocolate advent calendar","12天巧克力圣诞倒数日历"
"eng_Latn","12 days of glow advent calendar","12天glow圣诞倒数日历"
"eng_Latn","3 year old girl advent calendar 2025","2025年3岁女孩圣诞倒数日历"
"eng_Latn","adult advent calendar for couples","成人情侣圣诞倒数日历"
"eng_Latn","adult christmas advent calendar 2025","2025年成人圣诞倒数日历"
"eng_Latn","adult man advent calendar","成人男士圣诞倒数日历"
"eng_Latn","advent calendar 2025 5 year old girl","2025年5岁女孩圣诞倒数日历"
"eng_Latn","advent calendar 2025 adult women sephora","2025年成人女士丝芙兰圣诞倒数日历"
"eng_Latn","advent calendar 2025 box","2025年盒子圣诞倒数日历"
"eng_Latn","advent calendar 2025 boys age 13","2025年13岁男孩圣诞倒数日历"
"eng_Latn","advent calendar 2025 for 12 year old girls","2025年12岁女孩圣诞倒数日历"
"eng_Latn","advent calendar 2025 for toddler","2025年幼儿圣诞倒数日历"
"eng_Latn","advent calendar 2025 for tweens","2025年青少年圣诞倒数日历"
"eng_Latn","advent calendar 2025 lotion","2025年身体乳圣诞倒数日历"
"eng_Latn","advent calendar 2025 men skincare","2025年男士护肤圣诞倒数日历"
"eng_Latn","advent calendar 2025 nintendo","2025年任天堂圣诞倒数日历"
"eng_Latn","advent calendar 2025 nutcracker","2025年胡桃夹子圣诞倒数日历"
"eng_Latn","advent calendar 2025 softball","2025年垒球圣诞倒数日历"
"eng_Latn","advent calendar 2025 teen girls earrings","2025年青少年女孩耳环圣诞倒数日历"
"eng_Latn","advent calendar 2025 tween girl","2025年青少年女孩圣诞倒数日历"
"eng_Latn","advent calendar 2025 young women","2025年年轻人女士圣诞倒数日历"
"eng_Latn","advent calendar around the world","世界各地圣诞倒数日历"
"eng_Latn","advent calendar calico critters","森林家族圣诞倒数日历"
"eng_Latn","advent calendar charlie brown","charliebrown圣诞倒数日历"
"eng_Latn","advent calendar coffee beans","咖啡beans圣诞倒数日历"
"eng_Latn","advent calendar coloring book adult","涂色书籍成人圣诞倒数日历"
"eng_Latn","advent calendar cross stitch","十字绣圣诞倒数日历"
"eng_Latn","advent calendar dinosaur 2025","2025年恐龙圣诞倒数日历"
"eng_Latn","advent calendar for 8 year-old boys","8岁男孩圣诞倒数日历"
"eng_Latn","advent calendar for infant girl","婴儿女孩圣诞倒数日历"
"eng_Latn","advent calendar for infants 2025","2025年婴儿圣诞倒数日历"
"eng_Latn","advent calendar for me","Me圣诞倒数日历"
"eng_Latn","advent calendar for new parents","newparents圣诞倒数日历"
"eng_Latn","advent calendar for older teen boys","年长者青少年男孩圣诞倒数日历"
"eng_Latn","advent calendar for teenagers girls","青少年女孩圣诞倒数日历"
"eng_Latn","advent calendar for women jewelry","女士珠宝首饰圣诞倒数日历"
"eng_Latn","advent calendar goodies","goodies圣诞倒数日历"
"eng_Latn","advent calendar grandma","祖母圣诞倒数日历"
"eng_Latn","advent calendar history","历史圣诞倒数日历"
"eng_Latn","advent calendar japan","日本圣诞倒数日历"
"eng_Latn","advent calendar lipgloss","唇彩圣诞倒数日历"
"eng_Latn","advent calendar spidey and friends","蜘蛛侠《老友记》圣诞倒数日历"
"eng_Latn","advent calendar with books for kids","书籍儿童圣诞倒数日历"
"eng_Latn","advent calendar with candy 2025","2025年糖果圣诞倒数日历"
"eng_Latn","advent calendar with gifts","礼物圣诞倒数日历"
"eng_Latn","advent calendar with snacks","零食圣诞倒数日历"
"eng_Latn","advent cat calendar 2025","2025年猫咪圣诞倒数日历"
"eng_Latn","advent gnome calendar 2025","2025年地精圣诞倒数日历"
"eng_Latn","advent hanging calendar","悬挂式圣诞倒数日历"
"eng_Latn","advent lego flower calendar 2025","2025年乐高花卉圣诞倒数日历"
"eng_Latn","aesthetic advent calendar","aesthetic圣诞倒数日历"
"eng_Latn","aesthetic advent calendar 2025","2025年aesthetic圣诞倒数日历"
"eng_Latn","among us advent calendar 2025","2025年amongus圣诞倒数日历"
"eng_Latn","antique advent calendar","antique圣诞倒数日历"
"eng_Latn","apothecary advent calendar","apothecary圣诞倒数日历"
"eng_Latn","art themed advent calendar","艺术主题款圣诞倒数日历"
"eng_Latn","baby advent calendar 2025 1 year old","2025年1岁婴幼儿圣诞倒数日历"
"eng_Latn","ball advent calendar","球圣诞倒数日历"
"eng_Latn","beer advent calendar for adults","啤酒成人圣诞倒数日历"
"eng_Latn","best advent calendar 2025 for men","2025年精选男士圣诞倒数日历"
"eng_Latn","bitty funko pop advent calendar","bittyFunko Pop圣诞倒数日历"
"eng_Latn","book ornament advent calendar 2025","2025年书籍装饰品圣诞倒数日历"
"eng_Latn","botanical advent calendar","植物圣诞倒数日历"
"eng_Latn","burts bees lip balm advent calendar","burtsbeeslipbalm圣诞倒数日历"
"eng_Latn","cadbury chocolate advent calendar","吉百利巧克力圣诞倒数日历"
"eng_Latn","calendar advent lego","乐高圣诞倒数日历"
"eng_Latn","choc advent calendar","choc圣诞倒数日历"
"eng_Latn","chocolate advent calendar 2025 2 pack","2025年巧克力2pack圣诞倒数日历"
"eng_Latn","chocolate advent calendar for boys","巧克力男孩圣诞倒数日历"
"eng_Latn","chocolate advent calendar for children","巧克力儿童圣诞倒数日历"
"eng_Latn","christmas advent calendar 2025 dark chocolate","2025年黑巧克力圣诞倒数日历"
"eng_Latn","christmas advent calendar for toddlers","幼儿圣诞倒数日历"
"eng_Latn","christmas advent calendar lego marvel","乐高漫威圣诞倒数日历"
"eng_Latn","christmas movie advent calendar 2025","2025年电影圣诞倒数日历"
"eng_Latn","college football advent calendar 2025","2025年大学生足球圣诞倒数日历"
"eng_Latn","computer advent calendar 2025","2025年computer圣诞倒数日历"
"eng_Latn","couples advent calendar 2025 adult","2025年情侣成人圣诞倒数日历"
"eng_Latn","crochet advent calendar 2025 kits","2025年钩针编织kits圣诞倒数日历"
"eng_Latn","cross stitch advent calendar kit","十字绣套装圣诞倒数日历"
"eng_Latn","dark chocolate advent calendar for adults","黑巧克力成人圣诞倒数日历"
"eng_Latn","davids tea advent calendar","davids茶叶圣诞倒数日历"
"eng_Latn","disney pin advent calendar","迪士尼pin圣诞倒数日历"
"eng_Latn","diy christmas advent calendar 2025","2025年DIY圣诞倒数日历"
"eng_Latn","dog themed advent calendar","狗狗主题款圣诞倒数日历"
"eng_Latn","electronic advent calendar 2025","2025年电子款圣诞倒数日历"
"eng_Latn","emotional support advent calendar 2025 crochet","2025年情绪支持钩针编织圣诞倒数日历"
"eng_Latn","ferrari advent calendar 2025","2025年ferrari圣诞倒数日历"
"eng_Latn","fifa advent calendar","fifa圣诞倒数日历"
"eng_Latn","fly by jing advent calendar","flybyjing圣诞倒数日历"
"eng_Latn","fort nite advent calendar 2025","2025年fortnite圣诞倒数日历"
"eng_Latn","freshwater fishing advent calendar 2025","2025年淡水钓鱼圣诞倒数日历"
"eng_Latn","frozen advent calendar 2025 kids","2025年《冰雪奇缘》儿童圣诞倒数日历"
"eng_Latn","funkopop advent calendar","funkopop圣诞倒数日历"
"eng_Latn","garfield advent calendar","garfield圣诞倒数日历"
"eng_Latn","gear head advent calendar","gearhead圣诞倒数日历"
"eng_Latn","girl lego advent calendar 2025","2025年女孩乐高圣诞倒数日历"
"eng_Latn","goose advent calendar 2025","2025年goose圣诞倒数日历"
"eng_Latn","grilling advent calendar 2025","2025年烧烤圣诞倒数日历"
"eng_Latn","grinch christmas advent calendar","圣诞怪杰圣诞倒数日历"
"eng_Latn","ground coffee advent calendar 2025","2025年研磨咖啡圣诞倒数日历"
"eng_Latn","gundam advent calendar","高达圣诞倒数日历"
"eng_Latn","hair product advent calendar","头发护理产品圣诞倒数日历"
"eng_Latn","hanging advent calendar 2025","2025年悬挂式圣诞倒数日历"
"eng_Latn","happy beauty days 12-day advent calendar gift set - 12pc","12天happy美妆礼物套装12pc圣诞倒数日历"
"eng_Latn","harry potter quidditch advent calendar","《哈利·波特》quidditch圣诞倒数日历"
"eng_Latn","hello kitty christmas advent calendar","Hello Kitty圣诞倒数日历"
"eng_Latn","horror themed advent calendar","恐怖主题款圣诞倒数日历"
"eng_Latn","hunting advent calendar for boys","狩猎男孩圣诞倒数日历"
"eng_Latn","in good taste wine advent calendar","goodtaste葡萄酒圣诞倒数日历"
"eng_Latn","ink advent calendar 2025","2025年ink圣诞倒数日历"
"eng_Latn","kids advent calendar 2025 boy","2025年儿童男孩圣诞倒数日历"
"eng_Latn","kids advent calendar 2025 disney","2025年儿童迪士尼圣诞倒数日历"
"eng_Latn","lego bouquet advent calendar","乐高花束圣诞倒数日历"
"eng_Latn","lego dinosaur advent calendar 2025","2025年乐高恐龙圣诞倒数日历"
"eng_Latn","lego frozen advent calendar","乐高《冰雪奇缘》圣诞倒数日历"
"eng_Latn","lego gingerbread house advent calendar","乐高gingerbreadhouse圣诞倒数日历"
"eng_Latn","lego people advent calendar 2025","2025年乐高人物圣诞倒数日历"
"eng_Latn","logo advent calendar 2025","2025年logo圣诞倒数日历"
"eng_Latn","lord of rings advent calendar","《指环王》圣诞倒数日历"
"eng_Latn","magic tricks advent calendar 2025","2025年魔法tricks圣诞倒数日历"
"eng_Latn","magnetic tile advent calendar 2025","2025年magnetictile圣诞倒数日历"
"eng_Latn","marine life advent calendar","marinelife圣诞倒数日历"
"eng_Latn","metal advent calendar 2025","2025年金属圣诞倒数日历"
"eng_Latn","mini barbie land advent calendar","迷你芭比land圣诞倒数日历"
"eng_Latn","mini christmas tree advent calendar","迷你圣诞树圣诞倒数日历"
"eng_Latn","minibook advent calendar","minibook圣诞倒数日历"
"eng_Latn","monster advent calendar 2025","2025年怪兽圣诞倒数日历"
"eng_Latn","mr beast lab advent calendar","mrbeastlab圣诞倒数日历"
"eng_Latn","mrs bench fidget toy advent calendar","mrsbench解压玩具玩具圣诞倒数日历"
"eng_Latn","my melody advent calendar","mymelody圣诞倒数日历"
"eng_Latn","my mini baby advent calendar","my迷你婴幼儿圣诞倒数日历"
"eng_Latn","names of jesus advent calendar","names耶稣圣诞倒数日历"
"eng_Latn","nativity set advent calendar for kids","马槽套装儿童圣诞倒数日历"
"eng_Latn","nativity wooden advent calendar","马槽木质圣诞倒数日历"
"eng_Latn","nbc advent calendar 2025","2025年nbc圣诞倒数日历"
"eng_Latn","nerf advent calendar 2025","2025年nerf圣诞倒数日历"
"eng_Latn","palm pals advent calendar","palmpals圣诞倒数日历"
"eng_Latn","panini kaboom advent calendar","paninikaboom圣诞倒数日历"
"eng_Latn","racing advent calendar 2025","2025年赛车圣诞倒数日历"
"eng_Latn","real whiskey advent calendar 2025","2025年真实威士忌圣诞倒数日历"
"eng_Latn","recipe advent calendar","recipe圣诞倒数日历"
"eng_Latn","reeses peanut butter cup advent calendar","reesespeanutbuttercup圣诞倒数日历"
"eng_Latn","religious advent calendar 2025 chocolate","2025年宗教巧克力圣诞倒数日历"
"eng_Latn","roblox advent calendar for boys","Roblox男孩圣诞倒数日历"
"eng_Latn","rubiks cube advent calendar 2025","2025年魔方圣诞倒数日历"
"eng_Latn","schnauzer advent calendar","schnauzer圣诞倒数日历"
"eng_Latn","sea glass ornament advent calendar","海洋玻璃装饰品圣诞倒数日历"
"eng_Latn","sephora 2025 advent calendar","2025年丝芙兰圣诞倒数日历"
"eng_Latn","ski advent calendar","滑雪圣诞倒数日历"
"eng_Latn","soccer advent calendar 2025 for adults","2025年足球成人圣诞倒数日历"
"eng_Latn","spider-man advent calendar 2025","2025年《蜘蛛侠》圣诞倒数日历"
"eng_Latn","squish along advent calendar","squishalong圣诞倒数日历"
"eng_Latn","squishmallows original 24-day micromallows holiday advent calendar","24天Squishmallowsoriginalmicromallows假日圣诞倒数日历"
"eng_Latn","stitch christmas advent calendar 2025","2025年史迪奇圣诞倒数日历"
"eng_Latn","stranger things christmas advent calendar","《怪奇物语》圣诞倒数日历"
"eng_Latn","tarot card advent calendar","塔罗卡片圣诞倒数日历"
"eng_Latn","taylor swift advent calendar 2024","2024年Taylor Swift圣诞倒数日历"
"eng_Latn","taylor swift charm bracelet advent calendar","Taylor Swift手链圣诞倒数日历"
"eng_Latn","tea bag advent calendar 2025","2025年茶袋子圣诞倒数日历"
"eng_Latn","the office funko pop advent calendar","The Office Funko Pop圣诞倒数日历"
"eng_Latn","things to put in an advent calendar","日历填充物圣诞倒数日历"
"eng_Latn","toddler advent calendar 2025 paw patrol","2025年幼儿《汪汪队立大功》圣诞倒数日历"
"eng_Latn","tonys chocolonely advent calendar","Tony'schocolonely圣诞倒数日历"
"eng_Latn","totoro advent calendar","totoro圣诞倒数日历"
"eng_Latn","tv show advent calendar 2025","2025年电视节目圣诞倒数日历"
"eng_Latn","vodka advent calendar 2025 for adults","2025年伏特加成人圣诞倒数日历"
"eng_Latn","work advent calendar 2025","2025年work圣诞倒数日历"
"eng_Latn","world snacks advent calendar","世界零食圣诞倒数日历"
"eng_Latn","advent calendars bath and body works","Bath & Body Works圣诞倒数日历"
"eng_Latn","advent calendars christmas tree","圣诞树圣诞倒数日历"
"eng_Latn","advent calendars flowers","花卉圣诞倒数日历"
"eng_Latn","advent calendars for 8 year old girls","8岁女孩圣诞倒数日历"
"eng_Latn","advent calendars for boys age 7","7岁男孩圣诞倒数日历"
"eng_Latn","advent calendars for husband","丈夫圣诞倒数日历"
"eng_Latn","advent calendars under 10 dollars","10美元以下圣诞倒数日历"
"eng_Latn","advent puzzle calendars","拼图圣诞倒数日历"
"eng_Latn","artist advent calendars","艺术家圣诞倒数日历"
"eng_Latn","best advent calendars for girls","精选女孩圣诞倒数日历"
"eng_Latn","chocolate advent calendars christmas","巧克力圣诞倒数日历"
"eng_Latn","christmas advent calendars adult","成人圣诞倒数日历"
"eng_Latn","christmas advent calendars teen girls","青少年女孩圣诞倒数日历"
"eng_Latn","german advent calendars christmas","德国圣诞倒数日历"
"eng_Latn","golf advent calendars 2025","2025年高尔夫圣诞倒数日历"
"eng_Latn","hanging advent calendars","悬挂式圣诞倒数日历"
"eng_Latn","hotwheels advent calendars","风火轮圣诞倒数日历"
"eng_Latn","survival advent calendars","生存圣诞倒数日历"
"eng_Latn","avent calendar for teen girls","青少年女孩圣诞倒数日历"
"eng_Latn","disney avent calendar 2025","2025年迪士尼圣诞倒数日历"
"eng_Latn","sephora avent calendar 2025","2025年丝芙兰圣诞倒数日历"
"eng_Latn","calendar christmas countdown","圣诞倒计时日历"
"eng_Latn","funko pop! bitty countdown calendar","Funko Popbitty倒计时日历"
"eng_Latn","12 days of christmas empty advent calendar","12天空白圣诞倒数日历"
"eng_Latn","12 year old girl advent calendar","12岁女孩圣诞倒数日历"
"eng_Latn","2 year old girl advent calendar 2025","2025年2岁女孩圣诞倒数日历"
"eng_Latn","2025 advent calendar for adults","2025年成人圣诞倒数日历"
"eng_Latn","2025 advent calendar teens girls","2025年青少年女孩圣诞倒数日历"
"eng_Latn","24 day dog advent calendar","24天狗狗圣诞倒数日历"
"eng_Latn","24 day flower advent calendar","24天花卉圣诞倒数日历"
"eng_Latn","adult puzzle advent calendar 2025","2025年成人拼图圣诞倒数日历"
"eng_Latn","advent bourbon calendar 2025","2025年烈酒圣诞倒数日历"
"eng_Latn","advent boys calendar 2025","2025年男孩圣诞倒数日历"
"eng_Latn","advent calendar 2025 6 year old girl","2025年6岁女孩圣诞倒数日历"
"eng_Latn","advent calendar 2025 adult male","2025年成人男性圣诞倒数日历"
"eng_Latn","advent calendar 2025 adult man","2025年成人男士圣诞倒数日历"
"eng_Latn","advent calendar 2025 beef jerky","2025年肉干圣诞倒数日历"
"eng_Latn","advent calendar 2025 building","2025年建造圣诞倒数日历"
"eng_Latn","advent calendar 2025 chocolates","2025年巧克力圣诞倒数日历"
"eng_Latn","advent calendar 2025 college boys","2025年大学生男孩圣诞倒数日历"
"eng_Latn","advent calendar 2025 dad","2025年爸爸圣诞倒数日历"
"eng_Latn","advent calendar 2025 dragons","2025年dragons圣诞倒数日历"
"eng_Latn","advent calendar 2025 flowers","2025年花卉圣诞倒数日历"
"eng_Latn","advent calendar 2025 food and drink","2025年食品饮品圣诞倒数日历"
"eng_Latn","advent calendar 2025 for 5 year old girl","2025年5岁女孩圣诞倒数日历"
"eng_Latn","advent calendar 2025 for woman","2025年女士圣诞倒数日历"
"eng_Latn","advent calendar 2025 game","2025年游戏圣诞倒数日历"
"eng_Latn","advent calendar 2025 hair accessories","2025年头发护理配件圣诞倒数日历"
"eng_Latn","advent calendar 2025 kids books","2025年儿童书籍圣诞倒数日历"
"eng_Latn","advent calendar 2025 maybelline","2025年美宝莲圣诞倒数日历"
"eng_Latn","advent calendar 2025 resin animals","2025年树脂动物圣诞倒数日历"
"eng_Latn","advent calendar 2025 snack","2025年零食圣诞倒数日历"
"eng_Latn","advent calendar 2025 tequila","2025年龙舌兰酒圣诞倒数日历"
"eng_Latn","advent calendar 2025 treats","2025年零食圣诞倒数日历"
"eng_Latn","advent calendar advent calendar","圣诞倒数日历"
"eng_Latn","advent calendar bigfoot","大脚怪圣诞倒数日历"
"eng_Latn","advent calendar bluey 2025","2025年Bluey圣诞倒数日历"
"eng_Latn","advent calendar bookish","书迷圣诞倒数日历"
"eng_Latn","advent calendar children","儿童圣诞倒数日历"
"eng_Latn","advent calendar christmas kids","儿童圣诞倒数日历"
"eng_Latn","advent calendar construction","建造圣诞倒数日历"
"eng_Latn","advent calendar cool","酷圣诞倒数日历"
"eng_Latn","advent calendar crochet animals","钩针编织动物圣诞倒数日历"
"eng_Latn","advent calendar for 6 month old","6个月圣诞倒数日历"
"eng_Latn","advent calendar for boys toddler","男孩幼儿圣诞倒数日历"
"eng_Latn","advent calendar for engineers","engineers圣诞倒数日历"
"eng_Latn","advent calendar for pictures","pictures圣诞倒数日历"
"eng_Latn","advent calendar for whiskey","威士忌圣诞倒数日历"
"eng_Latn","advent calendar journal","手账圣诞倒数日历"
"eng_Latn","advent calendar mac","MAC圣诞倒数日历"
"eng_Latn","advent calendar magic tricks","魔法tricks圣诞倒数日历"
"eng_Latn","advent calendar mini ornaments","迷你装饰品圣诞倒数日历"
"eng_Latn","advent calendar puzzle kids","拼图儿童圣诞倒数日历"
"eng_Latn","advent calendar stray kids","Stray Kids圣诞倒数日历"
"eng_Latn","advent calendar surprise","surprise圣诞倒数日历"
"eng_Latn","advent calendar tokens","tokens圣诞倒数日历"
"eng_Latn","advent calendar trains","trains圣诞倒数日历"
"eng_Latn","advent calendar with bible verses","bibleverses圣诞倒数日历"
"eng_Latn","advent calendar with stickers","贴纸圣诞倒数日历"
"eng_Latn","advent calendar young adult","年轻人成人圣诞倒数日历"
"eng_Latn","advent chocolate calendar 2025 adult","2025年巧克力成人圣诞倒数日历"
"eng_Latn","advent picture calendar","图片圣诞倒数日历"
"eng_Latn","around the world candy advent calendar","世界各地糖果圣诞倒数日历"
"eng_Latn","astrology advent calendar","astrology圣诞倒数日历"
"eng_Latn","avatar advent calendar 2025","2025年avatar圣诞倒数日历"
"eng_Latn","beauty advent calendar for adults","美妆成人圣诞倒数日历"
"eng_Latn","best 2025 advent calendar","2025年精选圣诞倒数日历"
"eng_Latn","best advent calendar for teen girl","精选青少年女孩圣诞倒数日历"
"eng_Latn","beuty advent calendar","beuty圣诞倒数日历"
"eng_Latn","boston terrier advent calendar 2025","2025年波士顿梗犬圣诞倒数日历"
"eng_Latn","boxes for advent calendar","盒子圣诞倒数日历"
"eng_Latn","boys 12 day advent calendar","12天男孩圣诞倒数日历"
"eng_Latn","car advent calendar for men","汽车男士圣诞倒数日历"
"eng_Latn","cars pixar advent calendar 2025","2025年汽车总动员Pixar圣诞倒数日历"
"eng_Latn","cat toys advent calendar","猫咪玩具圣诞倒数日历"
"eng_Latn","catnip advent calendar","catnip圣诞倒数日历"
"eng_Latn","chapstick 12 days of holiday advent calendar lip balm","ChapStick 12天假日润唇膏圣诞倒数日历"
"eng_Latn","chicolate advent calendar","chicolate圣诞倒数日历"
"eng_Latn","children’s advent calendar","儿童s圣诞倒数日历"
"eng_Latn","chocolate advent calendar 2025 girls","2025年巧克力女孩圣诞倒数日历"
"eng_Latn","chocolate filled advent calendar","巧克力filled圣诞倒数日历"
"eng_Latn","chocolates advent calendar","巧克力圣诞倒数日历"
"eng_Latn","christmas advent calendar for toddler girl","幼儿女孩圣诞倒数日历"
"eng_Latn","christmas advent calendar wooden","木质圣诞倒数日历"
"eng_Latn","christmas through the window advent calendar","throughwindow圣诞倒数日历"
"eng_Latn","classic whiskey advent calendar","classic威士忌圣诞倒数日历"
"eng_Latn","clean makeup advent calendar 2025","2025年纯净彩妆圣诞倒数日历"
"eng_Latn","clothing advent calendar","clothing圣诞倒数日历"
"eng_Latn","cool advent calendar for teens","酷青少年圣诞倒数日历"
"eng_Latn","cute advent calendar for girls","可爱女孩圣诞倒数日历"
"eng_Latn","cute christmas advent calendar","可爱圣诞倒数日历"
"eng_Latn","cvs advent calendar￼","CVS圣诞倒数日历"
"eng_Latn","dairy-free advent calendar","无乳制品圣诞倒数日历"
"eng_Latn","diecast car advent calendar","diecast汽车圣诞倒数日历"
"eng_Latn","disc golf advent calendar","disc高尔夫圣诞倒数日历"
"eng_Latn","diy 12 day advent calendar","12天DIY圣诞倒数日历"
"eng_Latn","dog treats advent calendar","狗狗零食圣诞倒数日历"
"eng_Latn","duck hunting advent calendar 2025","2025年鸭子狩猎圣诞倒数日历"
"eng_Latn","ducky advent calendar","ducky圣诞倒数日历"
"eng_Latn","emotional support advent calendar 2025 funny","2025年情绪支持趣味圣诞倒数日历"
"eng_Latn","erotic advent calendar","情趣圣诞倒数日历"
"eng_Latn","escape room advent calendar for kids","密室逃脱儿童圣诞倒数日历"
"eng_Latn","exit escape room advent calendar 2025","2025年EXITescaperoom圣诞倒数日历"
"eng_Latn","fireman advent calendar 2025","2025年fireman圣诞倒数日历"
"eng_Latn","frozen lego advent calendar","《冰雪奇缘》乐高圣诞倒数日历"
"eng_Latn","fun girls advent calendar","趣味女孩圣诞倒数日历"
"eng_Latn","funny advent calendar 2025 adult","2025年趣味成人圣诞倒数日历"
"eng_Latn","gifts for advent calendar","礼物圣诞倒数日历"
"eng_Latn","girls craft advent calendar 2025","2025年女孩手工圣诞倒数日历"
"eng_Latn","grinch advent calendar puzzle","圣诞怪杰拼图圣诞倒数日历"
"eng_Latn","guitar legends advent calendar 2025","2025年吉他传奇圣诞倒数日历"
"eng_Latn","harley advent calendar","harley圣诞倒数日历"
"eng_Latn","harry and david advent calendar 2025","2025年harrydavid圣诞倒数日历"
"eng_Latn","harry potter charm bracelet advent calendar","《哈利·波特》手链圣诞倒数日历"
"eng_Latn","harry potter official advent calendar","《哈利·波特》official圣诞倒数日历"
"eng_Latn","harry potter puzzle advent calendar","《哈利·波特》拼图圣诞倒数日历"
"eng_Latn","hatchimal advent calendar","hatchimal圣诞倒数日历"
"eng_Latn","hello kitty advent calendar for girls","Hello Kitty女孩圣诞倒数日历"
"eng_Latn","hershey chocolate advent calendar","hershey巧克力圣诞倒数日历"
"eng_Latn","hershey kisses advent calendar","好时之吻圣诞倒数日历"
"eng_Latn","hot ones advent calendar","ones圣诞倒数日历"
"eng_Latn","hot wheels toy cars & playset, 2025 advent calendar with 10 vehicles in 1:64 scale, 10 ornament clip","2025年风火轮玩具车及玩具套装圣诞倒数日历，含10辆1:64比例车辆和10个装饰夹"
"eng_Latn","hufflepuff advent calendar","hufflepuff圣诞倒数日历"
"eng_Latn","instant coffee advent calendar 2025","2025年速溶咖啡圣诞倒数日历"
"eng_Latn","jesus lego advent calendar","耶稣乐高圣诞倒数日历"
"eng_Latn","jewelry advent calendar 2025 girls","2025年珠宝首饰女孩圣诞倒数日历"
"eng_Latn","jewelry advent calendar gold","珠宝首饰金色圣诞倒数日历"
"eng_Latn","jurassic park advent calendar 2025 ornaments","2025年侏罗纪公园装饰品圣诞倒数日历"
"eng_Latn","k-pop demon hunters advent calendar 2025","2025年《KPop恶魔猎人》圣诞倒数日历"
"eng_Latn","kids advent calendar squishmallow","儿童Squishmallows圣诞倒数日历"
"eng_Latn","korres advent calendar 2025","2025年korres圣诞倒数日历"
"eng_Latn","lds advent calendar","lds圣诞倒数日历"
"eng_Latn","lego advent calendar friends","乐高《老友记》圣诞倒数日历"
"eng_Latn","lego advent nativity calendar","乐高马槽圣诞倒数日历"
"eng_Latn","lego dinosaur advent calendar","乐高恐龙圣诞倒数日历"
"eng_Latn","lighted advent calendar","lighted圣诞倒数日历"
"eng_Latn","little people barbie advent calendar","Little People芭比圣诞倒数日历"
"eng_Latn","lord of the ring advent calendar","lordring圣诞倒数日历"
"eng_Latn","loreal paris advent calendar 2025","2025年欧莱雅巴黎圣诞倒数日历"
"eng_Latn","magic dice advent calendar","魔法骰子圣诞倒数日历"
"eng_Latn","magnetic advent calendar for kids","magnetic儿童圣诞倒数日历"
"eng_Latn","make up advent calendar 2025 elf","2025年彩妆e.l.f.圣诞倒数日历"
"eng_Latn","make up advent calendar for girls","彩妆女孩圣诞倒数日历"
"eng_Latn","make-up advent calendar","彩妆圣诞倒数日历"
"eng_Latn","mattel minecraft advent calendar","mattel《我的世界》圣诞倒数日历"
"eng_Latn","mini figure advent calendar 2025","2025年迷你玩偶圣诞倒数日历"
"eng_Latn","miniature advent calendar 2025","2025年微缩模型圣诞倒数日历"
"eng_Latn","monster energy drink advent calendar","怪兽能量饮料圣诞倒数日历"
"eng_Latn","national geographic magic advent calendar","国家地理魔法圣诞倒数日历"
"eng_Latn","nativity advent calendar box","马槽盒子圣诞倒数日历"
"eng_Latn","nativity puzzle advent calendar 2025","2025年马槽拼图圣诞倒数日历"
"eng_Latn","neato advent calendar","neato圣诞倒数日历"
"eng_Latn","needoh advent calendar 2024","2024年NeeDoh圣诞倒数日历"
"eng_Latn","nivea advent calendar 2025","2025年nivea圣诞倒数日历"
"eng_Latn","ohio state advent calendar","ohiostate圣诞倒数日历"
"eng_Latn","opossum advent calendar 2025","2025年负鼠圣诞倒数日历"
"eng_Latn","organic chocolate advent calendar 2025","2025年有机巧克力圣诞倒数日历"
"eng_Latn","organic makeup advent calendar","有机彩妆圣诞倒数日历"
"eng_Latn","plant lover advent calendar 2025","2025年植物爱好者圣诞倒数日历"
"eng_Latn","pokeman advent calendar","pokeman圣诞倒数日历"
"eng_Latn","pokemon tcg advent calendar 2025","2025年宝可梦tcg圣诞倒数日历"
"eng_Latn","reader advent calendar 2025","2025年读者圣诞倒数日历"
"eng_Latn","reusable advent calendar with pockets","可重复使用口袋圣诞倒数日历"
"eng_Latn","reusable christmas advent calendar","可重复使用圣诞倒数日历"
"eng_Latn","runner advent calendar 2025","2025年跑者圣诞倒数日历"
"eng_Latn","sailor moon advent calendar 2025","2025年《美少女战士》圣诞倒数日历"
"eng_Latn","santa tracker advent calendar","santatracker圣诞倒数日历"
"eng_Latn","sees candies advent calendar","seescandies圣诞倒数日历"
"eng_Latn","sephora makeup advent calendar","丝芙兰彩妆圣诞倒数日历"
"eng_Latn","skiing advent calendar","skiing圣诞倒数日历"
"eng_Latn","skincare advent calendar for teen girls","护肤青少年女孩圣诞倒数日历"
"eng_Latn","sonny angel advent calendar 2025","2025年Sonny Angel圣诞倒数日历"
"eng_Latn","space themed advent calendar","太空主题款圣诞倒数日历"
"eng_Latn","step2 my first advent calendar","Step2我的第一款圣诞倒数日历"
"eng_Latn","strangers things advent calendar","strangersthings圣诞倒数日历"
"eng_Latn","swedish fish advent calendar","swedishfish圣诞倒数日历"
"eng_Latn","switch advent calendar","Switch圣诞倒数日历"
"eng_Latn","teen skincare advent calendar","青少年护肤圣诞倒数日历"
"eng_Latn","teenage boy advent calendar cologne","青少年男孩男士香水圣诞倒数日历"
"eng_Latn","teenager advent calendar boy","青少年男孩圣诞倒数日历"
"eng_Latn","tung tung sahur advent calendar","tungsahur圣诞倒数日历"
"eng_Latn","ucanbe advent calendar 2025","2025年ucanbe圣诞倒数日历"
"eng_Latn","ultra advent calendar 2025","2025年ultra圣诞倒数日历"
"eng_Latn","vampire diaries advent calendar 2025","2025年vampirediaries圣诞倒数日历"
"eng_Latn","weiner dog advent calendar 2025","2025年weiner狗狗圣诞倒数日历"
"eng_Latn","whiskey advent calendar 2025 for men","2025年威士忌男士圣诞倒数日历"
"eng_Latn","white wine advent calendar 2025","2025年白葡萄酒圣诞倒数日历"
"eng_Latn","wildlife advent calendar","wildlife圣诞倒数日历"
"eng_Latn","womens beauty advent calendar 2025","2025年女士美妆圣诞倒数日历"
"eng_Latn","wooden advent nativity calendar","木质马槽圣诞倒数日历"
"eng_Latn","wooden fillable advent calendar","木质可填充圣诞倒数日历"
"eng_Latn","adult advent+calendars","成人圣诞倒数日历"
"eng_Latn","advent calendars 2026","2026年圣诞倒数日历"
"eng_Latn","advent calendars bath and body","沐浴与身体护理圣诞倒数日历"
"eng_Latn","advent calendars crafts","手工圣诞倒数日历"
"eng_Latn","advent calendars diamond art","钻石艺术圣诞倒数日历"
"eng_Latn","advent calendars ebt eligible","支持EBT支付圣诞倒数日历"
"eng_Latn","advent calendars for 12 year old boys","12岁男孩圣诞倒数日历"
"eng_Latn","advent calendars for artists","artists圣诞倒数日历"
"eng_Latn","advent calendars for family","家庭圣诞倒数日历"
"eng_Latn","advent calendars for little boys","小型男孩圣诞倒数日历"
"eng_Latn","advent calendars moriah elizabeth","moriahelizabeth圣诞倒数日历"
"eng_Latn","advent calendars pokemon cards","宝可梦卡片圣诞倒数日历"
"eng_Latn","advent calendars with alcohol","酒类圣诞倒数日历"
"eng_Latn","advent toy calendars","玩具圣诞倒数日历"
"eng_Latn","best advent calendars for toddlers","精选幼儿圣诞倒数日历"
"eng_Latn","best tween advent calendars","精选青少年圣诞倒数日历"
"eng_Latn","empty advent calendars to fill wooden","空白可填充木质圣诞倒数日历"
"eng_Latn","labubu advent calendars","Labubu圣诞倒数日历"
"eng_Latn","roblox advent calendars","Roblox圣诞倒数日历"
"eng_Latn","tween advent calendars","青少年圣诞倒数日历"
"eng_Latn","avent calendar lego","乐高圣诞倒数日历"
"eng_Latn","chocolate avent calendar 2025","2025年巧克力圣诞倒数日历"
"eng_Latn","eos avent calendar","eos圣诞倒数日历"
"eng_Latn","kid avent calendar","儿童圣诞倒数日历"
"eng_Latn","mini brand avent calendar","Mini 品牌圣诞倒数日历"
"eng_Latn","squishmallow avent calendar","Squishmallows圣诞倒数日历"
"eng_Latn","dr bronner's magic soap 7 day countdown calendar","Dr. Bronner's Magic Soap 7天倒计时日历"
"eng_Latn","play doh countdown calendar","Play-Doh倒计时日历"
"eng_Latn","12 day advent calendar girls","12天女孩圣诞倒数日历"
"eng_Latn","2025 advent calendar for boys","2025年男孩圣诞倒数日历"
"eng_Latn","2025 advent calendar for men","2025年男士圣诞倒数日历"
"eng_Latn","2025 advent calendar for women","2025年女士圣诞倒数日历"
"eng_Latn","2025 advent calendar makeup","2025年彩妆圣诞倒数日历"
"eng_Latn","24 day advent calendar coffee","24天咖啡圣诞倒数日历"
"eng_Latn","3d printed toy advent calendar","3D打印玩具圣诞倒数日历"
"eng_Latn","67 advent calendar","67圣诞倒数日历"
"eng_Latn","adult female advent calendar","成人女性圣诞倒数日历"
"eng_Latn","advent calendar 18 month old","18个月圣诞倒数日历"
"eng_Latn","advent calendar 2025 5 year old boy","2025年5岁男孩圣诞倒数日历"
"eng_Latn","advent calendar 2025 batman","2025年蝙蝠侠圣诞倒数日历"
"eng_Latn","advent calendar 2025 d&d","2025年D&D圣诞倒数日历"
"eng_Latn","advent calendar 2025 for 2 year old girl","2025年2岁女孩圣诞倒数日历"
"eng_Latn","advent calendar 2025 korean skincare","2025年韩式护肤圣诞倒数日历"
"eng_Latn","advent calendar 2025 no candy","2025年无糖果圣诞倒数日历"
"eng_Latn","advent calendar 2025 no chocolate","2025年无巧克力圣诞倒数日历"
"eng_Latn","advent calendar 2025 sour patch kids","2025年sourpatch儿童圣诞倒数日历"
"eng_Latn","advent calendar 2025 spices","2025年香料圣诞倒数日历"
"eng_Latn","advent calendar 2025 sports cards","2025年运动卡片圣诞倒数日历"
"eng_Latn","advent calendar 2025 superhero","2025年超级英雄圣诞倒数日历"
"eng_Latn","advent calendar 2025 traditional","2025年传统圣诞倒数日历"
"eng_Latn","advent calendar 2025 wife","2025年妻子圣诞倒数日历"
"eng_Latn","advent calendar 2025 women makeup","2025年女士彩妆圣诞倒数日历"
"eng_Latn","advent calendar 2025 young adult","2025年年轻人成人圣诞倒数日历"
"eng_Latn","advent calendar 2026 chocolate","2026年巧克力圣诞倒数日历"
"eng_Latn","advent calendar adult woman","成人女士圣诞倒数日历"
"eng_Latn","advent calendar beuty","beuty圣诞倒数日历"
"eng_Latn","advent calendar cvs","CVS圣诞倒数日历"
"eng_Latn","advent calendar dc","dc圣诞倒数日历"
"eng_Latn","advent calendar electronics","electronics圣诞倒数日历"
"eng_Latn","advent calendar fidget adult","解压玩具成人圣诞倒数日历"
"eng_Latn","advent calendar fillers for teen girls","填充物青少年女孩圣诞倒数日历"
"eng_Latn","advent calendar for 10 year old","10岁圣诞倒数日历"
"eng_Latn","advent calendar for adults books","成人书籍圣诞倒数日历"
"eng_Latn","advent calendar for adults perfume","成人香水圣诞倒数日历"
"eng_Latn","advent calendar for beauty","美妆圣诞倒数日历"
"eng_Latn","advent calendar for black women","黑色女士圣诞倒数日历"
"eng_Latn","advent calendar for dogs 2025 barkbox","2025年狗狗barkbox圣诞倒数日历"
"eng_Latn","advent calendar for foodies","foodies圣诞倒数日历"
"eng_Latn","advent calendar for hanukkah","光明节圣诞倒数日历"
"eng_Latn","advent calendar for older boys","年长者男孩圣诞倒数日历"
"eng_Latn","advent calendar for polaroids","polaroids圣诞倒数日历"
"eng_Latn","advent calendar gift ideas","礼物ideas圣诞倒数日历"
"eng_Latn","advent calendar knife","刀具圣诞倒数日历"
"eng_Latn","advent calendar kuromi","酷洛米圣诞倒数日历"
"eng_Latn","advent calendar loccitane","欧舒丹圣诞倒数日历"
"eng_Latn","advent calendar men's cologne","男士s男士香水圣诞倒数日历"
"eng_Latn","advent calendar numbers 1-25","编号1-25圣诞倒数日历"
"eng_Latn","advent calendar plush toys","毛绒玩具玩具圣诞倒数日历"
"eng_Latn","advent calendar teacher","教师圣诞倒数日历"
"eng_Latn","advent calendar with cars","汽车总动员圣诞倒数日历"
"eng_Latn","advent calendar with jewelry","珠宝首饰圣诞倒数日历"
"eng_Latn","advent calendar with legos","乐高圣诞倒数日历"
"eng_Latn","advent calendar with mini books","迷你书籍圣诞倒数日历"
"eng_Latn","advent calendar with socks","袜子圣诞倒数日历"
"eng_Latn","advent calendar women self care 24 day","24天女士自我护理圣诞倒数日历"
"eng_Latn","advent minecraft calendar 2025","2025年《我的世界》圣诞倒数日历"
"eng_Latn","affirmation advent calendar","affirmation圣诞倒数日历"
"eng_Latn","amazon lego advent calendar","亚马逊乐高圣诞倒数日历"
"eng_Latn","american football advent calendar","美国足球圣诞倒数日历"
"eng_Latn","avatar the last airbender advent calendar","avatarlastairbender圣诞倒数日历"
"eng_Latn","baby yoda advent calendar","婴幼儿yoda圣诞倒数日历"
"eng_Latn","barbie advent calendar for girls","芭比女孩圣诞倒数日历"
"eng_Latn","barbie doll advent calendar","芭比玩偶圣诞倒数日历"
"eng_Latn","bark dog advent calendar 2025","2025年bark狗狗圣诞倒数日历"
"eng_Latn","basketball cards advent calendar","篮球卡片圣诞倒数日历"
"eng_Latn","bbq advent calendar for men","烧烤男士圣诞倒数日历"
"eng_Latn","beauty advent calendar 2025 cheap","2025年美妆实惠圣诞倒数日历"
"eng_Latn","best boy advent calendar","精选男孩圣诞倒数日历"
"eng_Latn","bluey advent calendar 2025 boys","2025年Bluey男孩圣诞倒数日历"
"eng_Latn","bluey chocolate advent calendar 2025","2025年Bluey巧克力圣诞倒数日历"
"eng_Latn","body scrub advent calendar","身体scrub圣诞倒数日历"
"eng_Latn","bouncy ball advent calendar","bouncy球圣诞倒数日历"
"eng_Latn","bourbon advent calendar 2025 with alcohol","2025年烈酒酒类圣诞倒数日历"
"eng_Latn","boy lego advent calendar 2025","2025年男孩乐高圣诞倒数日历"
"eng_Latn","boys football advent calendar 2025","2025年男孩足球圣诞倒数日历"
"eng_Latn","brain teasers advent calendar","脑力teasers圣诞倒数日历"
"eng_Latn","build a christmas tree advent calendar","拼装圣诞树圣诞倒数日历"
"eng_Latn","calendar 2025 advent","2025年圣诞倒数日历"
"eng_Latn","camera advent calendar 2025","2025年camera圣诞倒数日历"
"eng_Latn","car guy advent calendar","汽车男士圣诞倒数日历"
"eng_Latn","caspari advent calendar","caspari圣诞倒数日历"
"eng_Latn","cat construction advent calendar 2025","2025年猫咪建造圣诞倒数日历"
"eng_Latn","chanel advent calendar","chanel圣诞倒数日历"
"eng_Latn","chicago cubs advent calendar 2025","2025年chicagocubs圣诞倒数日历"
"eng_Latn","chocolate advent calendar 2025 for kids","2025年巧克力儿童圣诞倒数日历"
"eng_Latn","chocolate candy advent calendar","巧克力糖果圣诞倒数日历"
"eng_Latn","chocolate nativity advent calendar","巧克力马槽圣诞倒数日历"
"eng_Latn","christmas calendar advent makeup","彩妆圣诞倒数日历"
"eng_Latn","christmas tree advent calendar with ornaments","圣诞树装饰品圣诞倒数日历"
"eng_Latn","coffee advent calendar for men","咖啡男士圣诞倒数日历"
"eng_Latn","cologne advent calendar for teen boys","男士香水青少年男孩圣诞倒数日历"
"eng_Latn","cookie advent calendar boxes","饼干盒子圣诞倒数日历"
"eng_Latn","dancer advent calendar 2025","2025年dancer圣诞倒数日历"
"eng_Latn","disney chocolate advent calendar","迪士尼巧克力圣诞倒数日历"
"eng_Latn","disney duck advent calendar 2025","2025年迪士尼鸭子圣诞倒数日历"
"eng_Latn","dog lovers advent calendar","狗狗爱好者圣诞倒数日历"
"eng_Latn","duck christmas advent calendar","鸭子圣诞倒数日历"
"eng_Latn","ducks advent calendar","鸭子圣诞倒数日历"
"eng_Latn","edible advent calendar 2025 adult","2025年可食用成人圣诞倒数日历"
"eng_Latn","faith advent calendar","faith圣诞倒数日历"
"eng_Latn","ferrero advent calendar 2025","2025年Ferrero圣诞倒数日历"
"eng_Latn","finding jesus doll advent calendar","finding耶稣玩偶圣诞倒数日历"
"eng_Latn","fossil advent calendar 2025","2025年fossil圣诞倒数日历"
"eng_Latn","fp little people advent calendar","fpLittle People圣诞倒数日历"
"eng_Latn","funko pop disney advent calendar","Funko Pop迪士尼圣诞倒数日历"
"eng_Latn","gabby cat advent calendar","Gabby猫咪圣诞倒数日历"
"eng_Latn","game of thrones advent calendar 2025","2025年gamethrones圣诞倒数日历"
"eng_Latn","german wooden advent calendar","德国木质圣诞倒数日历"
"eng_Latn","giant gnome advent calendar 2025","2025年巨型地精圣诞倒数日历"
"eng_Latn","hatchimals advent calendar 2025","2025年hatchimals圣诞倒数日历"
"eng_Latn","health advent calendar","health圣诞倒数日历"
"eng_Latn","hunter advent calendar","猎人圣诞倒数日历"
"eng_Latn","kansas city chiefs advent calendar 2025","2025年kansas城市chiefs圣诞倒数日历"
"eng_Latn","kids christmas advent calendar 2025","2025年儿童圣诞倒数日历"
"eng_Latn","kiko advent calendar 2025","2025年kiko圣诞倒数日历"
"eng_Latn","kinetic sand advent calendar 2025","2025年动力沙圣诞倒数日历"
"eng_Latn","lego 24 day advent calendar","24天乐高圣诞倒数日历"
"eng_Latn","lego advent calendar 2025 pokemon","2025年乐高宝可梦圣诞倒数日历"
"eng_Latn","lego calendar advent","乐高圣诞倒数日历"
"eng_Latn","lego puzzle advent calendar","乐高拼图圣诞倒数日历"
"eng_Latn","lego sets advent calendar","乐高套装圣诞倒数日历"
"eng_Latn","legos flower advent calendar","乐高花卉圣诞倒数日历"
"eng_Latn","legos star wars advent calendar 2025","2025年乐高《星球大战》圣诞倒数日历"
"eng_Latn","mario advent calendar for boys","马里奥男孩圣诞倒数日历"
"eng_Latn","mclaren advent calendar 2025","2025年mclaren圣诞倒数日历"
"eng_Latn","men's grooming advent calendar","男士sgrooming圣诞倒数日历"
"eng_Latn","mens christmas advent calendar 2025","2025年男士圣诞倒数日历"
"eng_Latn","milk chocolate advent calendar for kids","牛奶巧克力儿童圣诞倒数日历"
"eng_Latn","minecraft advent calendar 2025 lego","2025年《我的世界》乐高圣诞倒数日历"
"eng_Latn","monster energy advent calendar 2025","2025年怪兽能量圣诞倒数日历"
"eng_Latn","my little pet shop advent calendar","My Littlest Pet Shop圣诞倒数日历"
"eng_Latn","nakatomi advent calendar","nakatomi圣诞倒数日历"
"eng_Latn","national lampoon's christmas vacation advent calendar 2025","2025年National Lampoon's Christmas Vacation圣诞倒数日历"
"eng_Latn","nerds advent calendar","极客圣诞倒数日历"
"eng_Latn","ninja advent calendar","ninja圣诞倒数日历"
"eng_Latn","non-chocolate advent calendar","无巧克力圣诞倒数日历"
"eng_Latn","outer banks advent calendar","outerbanks圣诞倒数日历"
"eng_Latn","paw patrol christmas advent calendar 2025","2025年《汪汪队立大功》圣诞倒数日历"
"eng_Latn","poop advent calendar","poop圣诞倒数日历"
"eng_Latn","prank advent calendar 2025","2025年prank圣诞倒数日历"
"eng_Latn","pre teen girl advent calendar","pre青少年女孩圣诞倒数日历"
"eng_Latn","preteen advent calendar 2025","2025年大龄儿童圣诞倒数日历"
"eng_Latn","pukka tea advent calendar","pukka茶叶圣诞倒数日历"
"eng_Latn","readers advent calendar","读者圣诞倒数日历"
"eng_Latn","refillable advent calendar 2025","2025年可重复填充圣诞倒数日历"
"eng_Latn","reuseable advent calendar","reuseable圣诞倒数日历"
"eng_Latn","rubber duck christmas advent calendar","橡皮鸭圣诞倒数日历"
"eng_Latn","rustic wooden advent calendar","rustic木质圣诞倒数日历"
"eng_Latn","science christmas advent calendar","科学圣诞倒数日历"
"eng_Latn","scrapbooking advent calendar","scrapbooking圣诞倒数日历"
"eng_Latn","sephora 25 days of beauty advent calendar","25天丝芙兰美妆圣诞倒数日历"
"eng_Latn","sex toys advent calendar","成人情趣玩具圣诞倒数日历"
"eng_Latn","shot advent calendar","shot圣诞倒数日历"
"eng_Latn","small items to fill advent calendar","小号物品可填充圣诞倒数日历"
"eng_Latn","sonic advent calendar 2025 boys","2025年索尼克男孩圣诞倒数日历"
"eng_Latn","sonic hedgehog advent calendar","索尼克刺猬圣诞倒数日历"
"eng_Latn","spa advent calendar for teens","SPA青少年圣诞倒数日历"
"eng_Latn","spiritual advent calendar","灵性主题圣诞倒数日历"
"eng_Latn","squid game advent calendar 2025","2025年squidgame圣诞倒数日历"
"eng_Latn","squish a long advent calendar","squishlong圣诞倒数日历"
"eng_Latn","squishy advent calendar￼","解压玩具圣诞倒数日历"
"eng_Latn","stickers advent calendar","贴纸圣诞倒数日历"
"eng_Latn","stranger things funko pop advent calendar 2025","2025年《怪奇物语》Funko Pop圣诞倒数日历"
"eng_Latn","tackle advent calendar","渔具圣诞倒数日历"
"eng_Latn","target beauty advent calendar","target美妆圣诞倒数日历"
"eng_Latn","teen advent calendar 2025 girl","2025年青少年女孩圣诞倒数日历"
"eng_Latn","terrys advent calendar","terrys圣诞倒数日历"
"eng_Latn","thomas minis advent calendar 2025","2025年Thomasminis圣诞倒数日历"
"eng_Latn","tiny mates advent calendar 2025","2025年小型mates圣诞倒数日历"
"eng_Latn","toddler advent calendar little people","幼儿Little People圣诞倒数日历"
"eng_Latn","tony's chocolonely advent calendar 2025","2025年tonyschocolonely圣诞倒数日历"
"eng_Latn","toy advent calendar 2025 girls","2025年玩具女孩圣诞倒数日历"
"eng_Latn","travel themed advent calendar","旅行主题款圣诞倒数日历"
"eng_Latn","truly advent calendar","truly圣诞倒数日历"
"eng_Latn","unique advent calendar for adults","独特成人圣诞倒数日历"
"eng_Latn","whims of the wicked advent calendar","whimsWicked圣诞倒数日历"
"eng_Latn","whisky advent calendar 2025 adult","2025年威士忌成人圣诞倒数日历"
"eng_Latn","witches advent calendar 2025","2025年witches圣诞倒数日历"
"eng_Latn","word search advent calendar","wordsearch圣诞倒数日历"
"eng_Latn","yves rocher advent calendar","yvesrocher圣诞倒数日历"
"eng_Latn","12 day empty advent calendars to fill","12天空白可填充圣诞倒数日历"
"eng_Latn","advent calendars animals","动物圣诞倒数日历"
"eng_Latn","advent calendars bonne maman","Bonne Maman圣诞倒数日历"
"eng_Latn","advent calendars building blocks","积木圣诞倒数日历"
"eng_Latn","advent calendars emotional support pals","情绪陪伴伙伴圣诞倒数日历"
"eng_Latn","advent calendars fishing lures","钓鱼鱼饵圣诞倒数日历"
"eng_Latn","advent calendars for 10 year olds","10olds圣诞倒数日历"
"eng_Latn","advent calendars for 3 year old girls","3岁女孩圣诞倒数日历"
"eng_Latn","advent calendars for kids lego","儿童乐高圣诞倒数日历"
"eng_Latn","advent calendars monster trucks","怪兽卡车圣诞倒数日历"
"eng_Latn","advent calendars nail polish","指甲护理指甲油圣诞倒数日历"
"eng_Latn","advent calendars nfl","NFL圣诞倒数日历"
"eng_Latn","amazon beauty advent calendars","亚马逊美妆圣诞倒数日历"
"eng_Latn","best advent calendars for tweens","精选青少年圣诞倒数日历"
"eng_Latn","bookish advent calendars","书迷圣诞倒数日历"
"eng_Latn","christmas advent calendars fidgets","解压玩具圣诞倒数日历"
"eng_Latn","empty advent calendars to fill kids","空白可填充儿童圣诞倒数日历"
"eng_Latn","empty wooden advent calendars to fill","空白木质可填充圣诞倒数日历"
"eng_Latn","fun advent calendars 2025","2025年趣味圣诞倒数日历"
"eng_Latn","gothic advent calendars","哥特圣诞倒数日历"
"eng_Latn","hunting advent calendars","狩猎圣诞倒数日历"
"eng_Latn","lego christmas advent calendars 2025","2025年乐高圣诞倒数日历"
"eng_Latn","toy advent calendars for kids","玩具儿童圣诞倒数日历"
"eng_Latn","unique advent calendars for boys","独特男孩圣诞倒数日历"
"eng_Latn","avent calendar 2025 christmas lego","2025年乐高圣诞倒数日历"
"eng_Latn","cute avent calendar","可爱圣诞倒数日历"
"eng_Latn","gilmore girls avent calendar","《吉尔莫女孩》圣诞倒数日历"
"eng_Latn","teen girl avent calendar","青少年女孩圣诞倒数日历"
"eng_Latn","halloween countdown calendar","万圣节倒计时日历"
"eng_Latn","18 doll advent calendar","18玩偶圣诞倒数日历"
"eng_Latn","2025 topps holiday baseball trading cards - advent calendar","2025年Topps假日棒球集换式卡牌圣诞倒数日历"
"eng_Latn","3d printed toys advent calendar","3D打印玩具圣诞倒数日历"
"eng_Latn","adult man advent calendar 2025","2025年成人男士圣诞倒数日历"
"eng_Latn","advent calendar 2025 airplane","2025年飞机圣诞倒数日历"
"eng_Latn","advent calendar 2025 dad jokes","2025年爸爸笑话圣诞倒数日历"
"eng_Latn","advent calendar 2025 for baby boy","2025年婴幼儿男孩圣诞倒数日历"
"eng_Latn","advent calendar 2025 for teenage girls","2025年青少年女孩圣诞倒数日历"
"eng_Latn","advent calendar 2025 godzilla","2025年哥斯拉圣诞倒数日历"
"eng_Latn","advent calendar 2025 korean","2025年韩式圣诞倒数日历"
"eng_Latn","advent calendar 2025 lego city","2025年乐高城市圣诞倒数日历"
"eng_Latn","advent calendar 2025 lego marvel","2025年乐高漫威圣诞倒数日历"
"eng_Latn","advent calendar 2025 lip","2025年唇部圣诞倒数日历"
"eng_Latn","advent calendar 2025 preteen","2025年大龄儿童圣诞倒数日历"
"eng_Latn","advent calendar 2025 teen boys soccer","2025年青少年男孩足球圣诞倒数日历"
"eng_Latn","advent calendar 2025 teen girls ulta","2025年青少年女孩ULTA圣诞倒数日历"
"eng_Latn","advent calendar 2025 tweens","2025年青少年圣诞倒数日历"
"eng_Latn","advent calendar adult 2025","2025年成人圣诞倒数日历"
"eng_Latn","advent calendar baseball 2025","2025年棒球圣诞倒数日历"
"eng_Latn","advent calendar beetles","Beetles圣诞倒数日历"
"eng_Latn","advent calendar cars disney","汽车总动员迪士尼圣诞倒数日历"
"eng_Latn","advent calendar cat toys","猫咪玩具圣诞倒数日历"
"eng_Latn","advent calendar childrens building blocks","儿童积木圣诞倒数日历"
"eng_Latn","advent calendar christmas gifts","礼物圣诞倒数日历"
"eng_Latn","advent calendar escape room kids","密室逃脱儿童圣诞倒数日历"
"eng_Latn","advent calendar fishing bass","钓鱼bass圣诞倒数日历"
"eng_Latn","advent calendar for 18 month old boy","18个月男孩圣诞倒数日历"
"eng_Latn","advent calendar for bf","bf圣诞倒数日历"
"eng_Latn","advent calendar for biys","biys圣诞倒数日历"
"eng_Latn","advent calendar for boyfriend 2025","2025年男朋友圣诞倒数日历"
"eng_Latn","advent calendar for boys 2 years old","2岁男孩圣诞倒数日历"
"eng_Latn","advent calendar for boys monster trucks","男孩怪兽卡车圣诞倒数日历"
"eng_Latn","advent calendar for christians","christians圣诞倒数日历"
"eng_Latn","advent calendar for golf","高尔夫圣诞倒数日历"
"eng_Latn","advent calendar for kids christian","儿童基督教圣诞倒数日历"
"eng_Latn","advent calendar for large dogs","大号狗狗圣诞倒数日历"
"eng_Latn","advent calendar for one year old boy","1岁男孩圣诞倒数日历"
"eng_Latn","advent calendar for photos","photos圣诞倒数日历"
"eng_Latn","advent calendar for teens girls skincare","青少年女孩护肤圣诞倒数日历"
"eng_Latn","advent calendar for travelers","travelers圣诞倒数日历"
"eng_Latn","advent calendar for women 2025 baking","2025年女士烘焙圣诞倒数日历"
"eng_Latn","advent calendar guys","男士圣诞倒数日历"
"eng_Latn","advent calendar hanging fillable","悬挂式可填充圣诞倒数日历"
"eng_Latn","advent calendar houses","houses圣诞倒数日历"
"eng_Latn","advent calendar jelly beans","jellybeans圣诞倒数日历"
"eng_Latn","advent calendar jewlery","珠宝首饰圣诞倒数日历"
"eng_Latn","advent calendar k cups","kcups圣诞倒数日历"
"eng_Latn","advent calendar keurig","keurig圣诞倒数日历"
"eng_Latn","advent calendar kitchen","厨房圣诞倒数日历"
"eng_Latn","advent calendar makeup for kids","彩妆儿童圣诞倒数日历"
"eng_Latn","advent calendar mini brands 2025","2025年Mini Brands圣诞倒数日历"
"eng_Latn","advent calendar mini coloring book","迷你涂色书籍圣诞倒数日历"
"eng_Latn","advent calendar mini figures","迷你figures圣诞倒数日历"
"eng_Latn","advent calendar musical","音乐剧圣诞倒数日历"
"eng_Latn","advent calendar nail kit","指甲护理套装圣诞倒数日历"
"eng_Latn","advent calendar national lampoon","National Lampoon圣诞倒数日历"
"eng_Latn","advent calendar nature","自然圣诞倒数日历"
"eng_Latn","advent calendar non food","无食品圣诞倒数日历"
"eng_Latn","advent calendar number tags","编号标签圣诞倒数日历"
"eng_Latn","advent calendar office supplies","officesupplies圣诞倒数日历"
"eng_Latn","advent calendar organic","有机圣诞倒数日历"
"eng_Latn","advent calendar preteen","大龄儿童圣诞倒数日历"
"eng_Latn","advent calendar princess disney","公主迪士尼圣诞倒数日历"
"eng_Latn","advent calendar rocks minerals","rocksminerals圣诞倒数日历"
"eng_Latn","advent calendar skincare bubble","护肤Bubble圣诞倒数日历"
"eng_Latn","advent calendar snoopy 2025","2025年史努比圣诞倒数日历"
"eng_Latn","advent calendar spa women","SPA女士圣诞倒数日历"
"eng_Latn","advent calendar stuffers for toddler","填充物幼儿圣诞倒数日历"
"eng_Latn","advent calendar supplies","用品圣诞倒数日历"
"eng_Latn","advent calendar thomas the train","托马斯小火车圣诞倒数日历"
"eng_Latn","advent calendar toddler boys","幼儿男孩圣诞倒数日历"
"eng_Latn","advent calendar treats for kids","零食儿童圣诞倒数日历"
"eng_Latn","advent calendar under 10","10以下圣诞倒数日历"
"eng_Latn","advent calendar under 5 dollars","5美元以下圣诞倒数日历"
"eng_Latn","advent calendar volleyball","排球圣诞倒数日历"
"eng_Latn","advent calendar warhammer","warhammer圣诞倒数日历"
"eng_Latn","advent candle calendar","蜡烛圣诞倒数日历"
"eng_Latn","advent duck calendar 2025","2025年鸭子圣诞倒数日历"
"eng_Latn","advent toddler calendar 2025","2025年幼儿圣诞倒数日历"
"eng_Latn","air dry clay advent calendar 2025","2025年风干黏土圣诞倒数日历"
"eng_Latn","airsoft advent calendar","airsoft圣诞倒数日历"
"eng_Latn","amazon 12 days of beauty advent calendar 2025","2025年12天亚马逊美妆圣诞倒数日历"
"eng_Latn","architecture advent calendar","architecture圣诞倒数日历"
"eng_Latn","art advent calendar 2025 women","2025年艺术女士圣诞倒数日历"
"eng_Latn","asian advent calendar","asian圣诞倒数日历"
"eng_Latn","beef jerky advent calendar for men","肉干男士圣诞倒数日历"
"eng_Latn","bonne maman jam advent calendar","Bonne MamanJam圣诞倒数日历"
"eng_Latn","booze advent calendar for adults","酒类成人圣诞倒数日历"
"eng_Latn","brain rot advent calendar 2025 boys","2025年脑力男孩圣诞倒数日历"
"eng_Latn","brambly hedge advent calendar","bramblyhedge圣诞倒数日历"
"eng_Latn","brio advent calendar","BRIO圣诞倒数日历"
"eng_Latn","broadway shows advent calendar","broadwayshows圣诞倒数日历"
"eng_Latn","bubble advent calendar skin care","Bubble护肤圣诞倒数日历"
"eng_Latn","bubble skin care advent calendar","Bubble护肤圣诞倒数日历"
"eng_Latn","byoma advent calendar 2025","2025年byoma圣诞倒数日历"
"eng_Latn","candy cane advent calendar","糖果cane圣诞倒数日历"
"eng_Latn","candy christmas advent calendar","糖果圣诞倒数日历"
"eng_Latn","car accessories advent calendar","汽车配件圣诞倒数日历"
"eng_Latn","cardinal advent calendar","cardinal圣诞倒数日历"
"eng_Latn","cat figure advent calendar","猫咪玩偶圣诞倒数日历"
"eng_Latn","cat treats advent calendar","猫咪零食圣诞倒数日历"
"eng_Latn","charm necklace advent calendar","charmnecklace圣诞倒数日历"
"eng_Latn","chess advent calendar 2025","2025年chess圣诞倒数日历"
"eng_Latn","chihuahua advent calendar","chihuahua圣诞倒数日历"
"eng_Latn","childs advent calendar","childs圣诞倒数日历"
"eng_Latn","chips advent calendar 2025","2025年薯片圣诞倒数日历"
"eng_Latn","chocolates advent calendar 2025","2025年巧克力圣诞倒数日历"
"eng_Latn","chocolates for advent calendar","巧克力圣诞倒数日历"
"eng_Latn","christmas advent calendar bracelets","手链圣诞倒数日历"
"eng_Latn","christmas advent calendar building blocks","积木圣诞倒数日历"
"eng_Latn","christmas advent calendar makeup","彩妆圣诞倒数日历"
"eng_Latn","christmas advent calendar skincare","护肤圣诞倒数日历"
"eng_Latn","christmas decor advent calendar","装饰圣诞倒数日历"
"eng_Latn","christmas duck advent calendar","鸭子圣诞倒数日历"
"eng_Latn","christmas gifts for women 2025 -12 days of christmas advent calendar for mom, wife, girlfriend, sist","2025年12天礼物女士妈妈妻子girlFriendsist圣诞倒数日历"
"eng_Latn","christmas house advent calendar","房屋圣诞倒数日历"
"eng_Latn","clean beauty advent calendar 2025","2025年纯净美妆圣诞倒数日历"
"eng_Latn","coffee advent calendar for adults","咖啡成人圣诞倒数日历"
"eng_Latn","coffee bean advent calendar","咖啡bean圣诞倒数日历"
"eng_Latn","coffee pods advent calendar","咖啡胶囊圣诞倒数日历"
"eng_Latn","crochet advent calendar with tools","钩针编织工具圣诞倒数日历"
"eng_Latn","crystal advent calendar for adults","水晶成人圣诞倒数日历"
"eng_Latn","daphne diary advent calendar","daphnediary圣诞倒数日历"
"eng_Latn","dc comics advent calendar","dccomics圣诞倒数日历"
"eng_Latn","dinosaur ornament advent calendar","恐龙装饰品圣诞倒数日历"
"eng_Latn","disney sock advent calendar","迪士尼袜子圣诞倒数日历"
"eng_Latn","disney storybook advent calendar 2025","2025年迪士尼故事书圣诞倒数日历"
"eng_Latn","diy advent calendar wood","DIY木质圣诞倒数日历"
"eng_Latn","diy advent calendar wooden","DIY木质圣诞倒数日历"
"eng_Latn","dog advent calendar￼","狗狗圣诞倒数日历"
"eng_Latn","dogman advent calendar","dogman圣诞倒数日历"
"eng_Latn","doh advent calendar","doh圣诞倒数日历"
"eng_Latn","drum advent calendar 2025","2025年drum圣诞倒数日历"
"eng_Latn","elderly advent calendar","老年人圣诞倒数日历"
"eng_Latn","empty advent calendar bags","空白袋子圣诞倒数日历"
"eng_Latn","empty advent calendar boxes to fill","空白盒子可填充圣诞倒数日历"
"eng_Latn","empty advent calendar kids","空白儿童圣诞倒数日历"
"eng_Latn","expectant mother advent calendar","expectantmother圣诞倒数日历"
"eng_Latn","fast and furious advent calendar 2025","2025年fastfurious圣诞倒数日历"
"eng_Latn","fenty beauty advent calendar","fenty美妆圣诞倒数日历"
"eng_Latn","fighter jet advent calendar","fighterjet圣诞倒数日历"
"eng_Latn","fishing advent calendar for kids","钓鱼儿童圣诞倒数日历"
"eng_Latn","fluffy sock advent calendar","fluffy袜子圣诞倒数日历"
"eng_Latn","fruit snack advent calendar","fruit零食圣诞倒数日历"
"eng_Latn","funko pop advent calendar 2025 pokemon","2025年Funko Pop宝可梦圣诞倒数日历"
"eng_Latn","funko star wars advent calendar","Funko《星球大战》圣诞倒数日历"
"eng_Latn","funkopop advent calendar 2025","2025年funkopop圣诞倒数日历"
"eng_Latn","gabby dollhouse advent calendar 2025 kids","2025年Gabby's Dollhouse儿童圣诞倒数日历"
"eng_Latn","gay advent calendar","gay圣诞倒数日历"
"eng_Latn","gem art advent calendar","宝石艺术圣诞倒数日历"
"eng_Latn","geology advent calendar","geology圣诞倒数日历"
"eng_Latn","girls lego advent calendar","女孩乐高圣诞倒数日历"
"eng_Latn","girls sock advent calendar 2025","2025年女孩袜子圣诞倒数日历"
"eng_Latn","gold charm bracelet advent calendar","金色手链圣诞倒数日历"
"eng_Latn","green bay packers advent calendar 2025","2025年greenbaypackers圣诞倒数日历"
"eng_Latn","grill advent calendar","grill圣诞倒数日历"
"eng_Latn","griswold advent calendar house","griswoldhouse圣诞倒数日历"
"eng_Latn","hanging wall advent calendar","悬挂式挂墙式圣诞倒数日历"
"eng_Latn","harry potter advent calendar gifts","《哈利·波特》礼物圣诞倒数日历"
"eng_Latn","harry potter funko pop advent calendar 2025","2025年《哈利·波特》Funko Pop圣诞倒数日历"
"eng_Latn","healing crystal advent calendar 2025","2025年healing水晶圣诞倒数日历"
"eng_Latn","hidden games advent calendar","hiddengames圣诞倒数日历"
"eng_Latn","holiday wooden village advent calendar","假日木质村庄圣诞倒数日历"
"eng_Latn","honeydukes advent calendar","honeydukes圣诞倒数日历"
"eng_Latn","hotwheels muscle car advent calendar 2025","2025年风火轮肌肉车圣诞倒数日历"
"eng_Latn","insight editions advent calendar","insighteditions圣诞倒数日历"
"eng_Latn","jeep duck advent calendar","jeep鸭子圣诞倒数日历"
"eng_Latn","kids advent calendar fillers","儿童圣诞倒数日历填充物"
"eng_Latn","kids advent calendar pokemon","儿童宝可梦圣诞倒数日历"
"eng_Latn","kids bath bomb advent calendar","儿童沐浴球圣诞倒数日历"
"eng_Latn","koop demon hunters advent calendar","koopdemonhunters圣诞倒数日历"
"eng_Latn","large advent calendar with drawers","大号抽屉圣诞倒数日历"
"eng_Latn","lego advent calendar 2025 for boys","2025年乐高男孩圣诞倒数日历"
"eng_Latn","lego advent calendar kids","乐高儿童圣诞倒数日历"
"eng_Latn","lego animal advent calendar 2025","2025年乐高动物圣诞倒数日历"
"eng_Latn","lego botanicals advent calendar","乐高botanicals圣诞倒数日历"
"eng_Latn","lego city advent calendar 2024","2024年乐高城市圣诞倒数日历"
"eng_Latn","lindt truffles advent calendar","瑞士莲truffles圣诞倒数日历"
"eng_Latn","marijuana advent calendar","marijuana圣诞倒数日历"
"eng_Latn","men advent calendar 2025 cologne","2025年男士男士香水圣诞倒数日历"
"eng_Latn","men socks advent calendar","男士袜子圣诞倒数日历"
"eng_Latn","mens advent calendar 2025 golf","2025年男士高尔夫圣诞倒数日历"
"eng_Latn","metal puzzle advent calendar","金属拼图圣诞倒数日历"
"eng_Latn","miami dolphins advent calendar 2025","2025年miamidolphins圣诞倒数日历"
"eng_Latn","mind craft advent calendar","mind手工圣诞倒数日历"
"eng_Latn","mini barbie advent calendar 2025","2025年迷你芭比圣诞倒数日历"
"eng_Latn","mini brands advent calendar 2025 food","2025年Mini Brands食品圣诞倒数日历"
"eng_Latn","mini ornaments advent calendar","迷你装饰品圣诞倒数日历"
"eng_Latn","mini perfumes advent calendar 2025","2025年迷你香水圣诞倒数日历"
"eng_Latn","music lover advent calendar","音乐爱好者圣诞倒数日历"
"eng_Latn","nido squishy advent calendar","nido解压玩具圣诞倒数日历"
"eng_Latn","non food advent calendar for kids","无食品儿童圣诞倒数日历"
"eng_Latn","opi nail polish advent calendar","opi指甲护理指甲油圣诞倒数日历"
"eng_Latn","outdoorsman advent calendar","outdoorsman圣诞倒数日历"
"eng_Latn","papier advent calendar","papier圣诞倒数日历"
"eng_Latn","patriots advent calendar","patriots圣诞倒数日历"
"eng_Latn","perfume sample advent calendar","香水sample圣诞倒数日历"
"eng_Latn","pikachu advent calendar","皮卡丘圣诞倒数日历"
"eng_Latn","pokemon pop advent calendar","宝可梦Pop圣诞倒数日历"
"eng_Latn","potato chip advent calendar","potatochip圣诞倒数日历"
"eng_Latn","prince advent calendar 2025","2025年prince圣诞倒数日历"
"eng_Latn","quilted advent calendar","quilted圣诞倒数日历"
"eng_Latn","rabbit advent calendar","rabbit圣诞倒数日历"
"eng_Latn","religious advent calendar 2025 teens","2025年宗教青少年圣诞倒数日历"
"eng_Latn","religious christmas advent calendar 2025 kids","2025年宗教儿童圣诞倒数日历"
"eng_Latn","savage gear advent calendar 2025","2025年savagegear圣诞倒数日历"
"eng_Latn","science advent calendar for kids","科学儿童圣诞倒数日历"
"eng_Latn","seahawks advent calendar","seahawks圣诞倒数日历"
"eng_Latn","seashell advent calendar 2025","2025年seashell圣诞倒数日历"
"eng_Latn","selfcare advent calendar 2025","2025年自我护理圣诞倒数日历"
"eng_Latn","sibling advent calendar","sibling圣诞倒数日历"
"eng_Latn","skin care advent calendar 2025 sephora","2025年护肤丝芙兰圣诞倒数日历"
"eng_Latn","smashmallow advent calendar","smashmallow圣诞倒数日历"
"eng_Latn","snoopy advent calendar 2025 adult","2025年史努比成人圣诞倒数日历"
"eng_Latn","sourdough advent calendar","sourdough圣诞倒数日历"
"eng_Latn","space nk beauty advent calendar","spacenk美妆圣诞倒数日历"
"eng_Latn","squishmallow 2025 advent calendar","2025年Squishmallows圣诞倒数日历"
"eng_Latn","stationery advent calendar 2025 adults","2025年文具成人圣诞倒数日历"
"eng_Latn","stationery advent calendar for girls","文具女孩圣诞倒数日历"
"eng_Latn","stick bots advent calendar 2025","2025年stickbots圣诞倒数日历"
"eng_Latn","teen advent calendar girls","青少年女孩圣诞倒数日历"
"eng_Latn","teen girl advent calendar 2025 skincare","2025年青少年女孩护肤圣诞倒数日历"
"eng_Latn","thomas kinkade advent calendar","Thomaskinkade圣诞倒数日历"
"eng_Latn","thomas kinkade disney 24 day advent calendar puzzles","24天Thomaskinkade迪士尼拼图圣诞倒数日历"
"eng_Latn","tirtir advent calendar","tirtir圣诞倒数日历"
"eng_Latn","topps baseball cards 2025 advent calendar","2025年Topps棒球卡片圣诞倒数日历"
"eng_Latn","toy advent calendar 2025 boys","2025年玩具男孩圣诞倒数日历"
"eng_Latn","try not to laugh advent calendar","trynotlaugh圣诞倒数日历"
"eng_Latn","tween advent calendar 2025 boys","2025年青少年男孩圣诞倒数日历"
"eng_Latn","tween advent calendar girls","青少年女孩圣诞倒数日历"
"eng_Latn","wooble advent calendar 2025","2025年wooble圣诞倒数日历"
"eng_Latn","world war ii advent calendar 2025","2025年二战圣诞倒数日历"
"eng_Latn","yogi tea advent calendar","yogi茶叶圣诞倒数日历"
"eng_Latn","zuru advent calendar 2025","2025年zuru圣诞倒数日历"
"eng_Latn","advent calendars bitty pop","bittyPop圣诞倒数日历"
"eng_Latn","advent calendars cheese","奶酪圣诞倒数日历"
"eng_Latn","advent calendars for 4 year old girls","4岁女孩圣诞倒数日历"
"eng_Latn","advent calendars for children 2025","2025年儿童圣诞倒数日历"
"eng_Latn","advent calendars for teachers","教师圣诞倒数日历"
"eng_Latn","advent calendars games","游戏圣诞倒数日历"
"eng_Latn","advent calendars magic","魔法圣诞倒数日历"
"eng_Latn","advent calendars mario","马里奥圣诞倒数日历"
"eng_Latn","advent calendars national geographic","国家地理圣诞倒数日历"
"eng_Latn","advent calendars squishmallow 2025","2025年Squishmallows圣诞倒数日历"
"eng_Latn","advent calendars with chocolate 2025","2025年巧克力圣诞倒数日历"
"eng_Latn","cheap advent calendars for kids","实惠儿童圣诞倒数日历"
"eng_Latn","crafting advent calendars","手工圣诞倒数日历"
"eng_Latn","dinosaur advent calendars","恐龙圣诞倒数日历"
"eng_Latn","disney advent calendars 2025","2025年迪士尼圣诞倒数日历"
"eng_Latn","felt advent calendars","毛毡圣诞倒数日历"
"eng_Latn","gourmet advent calendars","美食圣诞倒数日历"
"eng_Latn","lego advent calendars for 2025","2025年乐高圣诞倒数日历"
"eng_Latn","slime advent calendars for teens","史莱姆青少年圣诞倒数日历"
"eng_Latn","vegan advent calendars","纯素圣诞倒数日历"
"eng_Latn","wicked advent calendars 2025","2025年Wicked圣诞倒数日历"
"eng_Latn","avent calendar 2025 christmas makeup","2025年彩妆圣诞倒数日历"
"eng_Latn","avent calendar 2025 women","2025年女士圣诞倒数日历"
"eng_Latn","avent calendar teen","青少年圣诞倒数日历"
"eng_Latn","bluey avent calendar 2025","2025年Bluey圣诞倒数日历"
"eng_Latn","candy avent calendar","糖果圣诞倒数日历"
"eng_Latn","demon slayer avent calendar","《鬼灭之刃》圣诞倒数日历"
"eng_Latn","teen avent calendar 2025","2025年青少年圣诞倒数日历"
"eng_Latn","pregnancy countdown calendar","孕妇倒计时日历"
"eng_Latn","squish-a-longs holiday countdown calendar","Squish-A-Longs假日倒计时日历"
"eng_Latn","24 days of stationery advent calendar","24天文具圣诞倒数日历"
"eng_Latn","red bull racing adventskalender 2025","2025年红牛车队圣诞倒数日历"
"eng_Latn","black box men adventskalender 2025","2025年Black Box男士圣诞倒数日历"
"eng_Latn","advent calendar for filling","可填充圣诞倒数日历"
"eng_Latn","oracle red bull racing adventskalender","oracle红牛车队圣诞倒数日历"
"eng_Latn","pink marble advent calendar","粉色大理石圣诞倒数日历"
"eng_Latn","exit advent calendar english","EXIT英文圣诞倒数日历"
"eng_Latn","jewellery advent calendar","珠宝首饰圣诞倒数日历"
"eng_Latn","pink marble advent calendar 2025 24-day christmas countdown box","2025年24天粉色大理石盒子圣诞倒数日历"
"eng_Latn","douglas advent calendar 2025","2025年Douglas圣诞倒数日历"
"eng_Latn","advent calendar parfum","香水圣诞倒数日历"
"eng_Latn","christmas vacation adventskalender","圣诞假期圣诞倒数日历"
"eng_Latn","adventskalender for men","男士圣诞倒数日历"
"eng_Latn","Kids","儿童圣诞倒数日历"
"eng_Latn","Boys","男孩"
