source_language,source_text,translated_text
"eng_Latn","advent calendar","降临节日历"
"eng_Latn","advent calendar 2025","2025年圣诞倒数日历"
"eng_Latn","advent calendar beauty","圣诞日历美妆"
"eng_Latn","book advent calendar","书籍倒数日历"
"eng_Latn","advent calendar kids","儿童倒数日历"
"eng_Latn","advent calendar lego","乐高圣诞倒数日历"
"eng_Latn","lego advent calendar","乐高圣诞倒数日历"
"eng_Latn","lego flower advent calendar","乐高花朵倒数日历"
"eng_Latn","advent calendar 2025 beauty","2025年美妆日历"
"eng_Latn","advent calendar men","男士圣诞倒数日历"
"eng_Latn","advent calendar book","倒计时日历书"
"eng_Latn","stranger things advent calendar","《怪奇物语》圣诞倒数日历"
"eng_Latn","coffee advent calendar","咖啡日历"
"eng_Latn","perfume advent calendar","香水日历礼盒"
"eng_Latn","guitar pick advent calendar","吉他拨片圣诞倒数日历"
"eng_Latn","advent calendar 2025 kids","2025年儿童降临日历"
"eng_Latn","fishing advent calendar","钓鱼降临日历"
"eng_Latn","beauty advent calendar","美妆日历"
"eng_Latn","advent calendar star wars","《星球大战》主题的倒数日历"
"eng_Latn","lego advent calendar 2025","乐高2025年圣诞倒数日历"
"eng_Latn","beer advent calendar","啤酒倒数日历"
"eng_Latn","advent calendar chocolate","圣诞倒数日历巧克力"
"eng_Latn","jewelry advent calendar","珠宝主题的倒数日历"
"eng_Latn","makeup advent calendar","彩妆日历"
"eng_Latn","advent calendar women","女性圣诞倒数日历"
"eng_Latn","chocolate advent calendar","巧克力倒数日历"
"eng_Latn","advent calendar for men","男士圣诞倒数日历"
"eng_Latn","tea advent calendar","茶礼盒日历"
"eng_Latn","advent calendar harry potter","哈利波特主题的倒数日历"
"eng_Latn","advent calendar man","圣诞倒数日历男"
"eng_Latn","advent calendar tea","圣诞倒数日历茶"
"eng_Latn","hot wheels advent calendar","风火轮冒险日历"
"eng_Latn","marvel advent calendar","漫威降临日历"
"eng_Latn","huntrix advent calendar","huntrix 圣诞倒数日历"
"eng_Latn","dog advent calendar","狗狗主题的倒数日历"
"eng_Latn","gin advent calendar","杜松子酒圣诞倒数日历"
"eng_Latn","advent calendar 2025 chocolate","2025年巧克力圣诞倒数日历"
"eng_Latn","christmas advent calendar","圣诞降临日历"
"eng_Latn","harry potter advent calendar","哈利·波特主题的倒数日历"
"eng_Latn","advent calendar girls","圣诞日历女孩"
"eng_Latn","men advent calendar","男士圣诞倒数日历"
"eng_Latn","guitar advent calendar","吉他降临日历"
"eng_Latn","advent calendar makeup","圣诞倒数日历彩妆"
"eng_Latn","cat advent calendar","猫咪日历"
"eng_Latn","advent calendar perfume","香水日历"
"eng_Latn","redbull advent calendar","红牛历险日历"
"eng_Latn","wine advent calendar","葡萄酒倒数日历"
"eng_Latn","advent calendar for women","女士降临日历"
"eng_Latn","rituals advent calendar","仪式降临日历"
"eng_Latn","advent calendar boys","圣诞倒数日历男孩"
"eng_Latn","cheese advent calendar","奶酪日历"
"eng_Latn","advent calendar bags","圣诞倒数日历包"
"eng_Latn","advent calendar 2025 for men","2025年男士圣诞倒数日历"
"eng_Latn","legends of rock & metal advent calendar 2025","2025年摇滚与金属传奇人物降临日历"
"eng_Latn","advent calendar for man","男士圣诞倒数日历"
"eng_Latn","calendar advent","日历降临"
"eng_Latn","mens advent calendar 2025","2025年男士圣诞倒数日历"
"eng_Latn","crochet advent calendar","钩针编织的圣诞倒数日历"
"eng_Latn","advent calendar make up","圣诞倒数日历彩妆"
"eng_Latn","beer advent calendar 2025","2025年啤酒倒数日历"
"eng_Latn","advent calendar diy","DIY圣诞倒数日历"
"eng_Latn","boys advent calendar","男孩版圣诞倒数日历"
"eng_Latn","emotional support advent calendar","情感支持倒数日历"
"eng_Latn","advent calendar stranger things","《怪奇物语》降临日历"
"eng_Latn","kids advent calendar","儿童圣诞倒数日历"
"eng_Latn","stationery advent calendar","文具式圣诞倒数日历"
"eng_Latn","formula 1 advent calendar","F1赛车倒数日历"
"eng_Latn","studio ghibli advent calendar","吉卜力工作室圣诞倒数日历"
"eng_Latn","advent calendar cosmetics","日历式化妆品"
"eng_Latn","empty advent calendar","空白的圣诞倒数日历"
"eng_Latn","candle advent calendar","蜡烛式圣诞倒数日历"
"eng_Latn","f1 advent calendar","F1 倒计时日历"
"eng_Latn","minecraft advent calendar","《我的世界》圣诞倒数日历"
"eng_Latn","bosch advent calendar 2025","博世2025年圣诞倒数日历"
"eng_Latn","advent calendar minecraft","《我的世界》圣诞倒数日历"
"eng_Latn","advent calendar puzzle","圣诞倒数拼图"
"eng_Latn","nativity advent calendar","圣诞降临日历"
"eng_Latn","advent calendar adult","成人版圣诞倒数日历"
"eng_Latn","advent calendar jewelry","倒计时日历珠宝"
"eng_Latn","advent calendar playmobil","摩比世界（Playmobil）圣诞倒数日历"
"eng_Latn","tool advent calendar","工具日历"
"eng_Latn","dice advent calendar","骰子式圣诞倒数日历"
"eng_Latn","funko advent calendar","Funko Advent日历"
"eng_Latn","car advent calendar","汽车主题的日历"
"eng_Latn","lindt advent calendar","瑞士莲圣诞倒数日历"
"eng_Latn","revolution beauty makeup advent calendar 2025","2025年revolution beauty makeup advent日历"
"eng_Latn","sephora advent calendar","丝芙兰圣诞倒数日历"
"eng_Latn","advent calendar 2025 makeup","2025年化妆日历"
"eng_Latn","advent calendar for girls","女孩的圣诞倒数日历"
"eng_Latn","beauty advent calendar 2025","2025年美丽日历"
"eng_Latn","nutella advent calendar","能多益巧克力酱圣诞倒数日历"
"eng_Latn","toddler advent calendar","幼儿圣诞倒数日历"
"eng_Latn","advent calendar 2025 lego","2025年乐高圣诞倒数日历"
"eng_Latn","advent calendar 2025 men","2025年男士圣诞倒数日历"
"eng_Latn","advent calendar candy","圣诞倒数日历糖果"
"eng_Latn","calendar advent 2025","2025年降临日历"
"eng_Latn","erotic advent calendar","情色日历"
"eng_Latn","funko pop advent calendar","Funko Pop 圣诞倒数日历"
"eng_Latn","make up advent calendar","制作圣诞倒数日历"
"eng_Latn","pokemon advent calendar","宝可梦倒数日历"
"eng_Latn","advent calendar food","圣诞倒数日历食品"
"eng_Latn","advent calendar for kids","儿童降临日历"
"eng_Latn","advent calendar lindt","瑞士莲圣诞倒数日历"
"eng_Latn","unicorn advent calendar","独角兽主题的倒数日历"
"eng_Latn","advent calendar funko pop","降临日历Funko Pop"
"eng_Latn","advent calendar girl","圣诞倒数日历女孩"
"eng_Latn","bibliophile advent calendar","藏书家倒数日历"
"eng_Latn","chocolate advent calendar 2025","2025年巧克力降临日历"
"eng_Latn","flower advent calendar","花朵倒数日历"
"eng_Latn","guitar picks advent calendar","吉他拨片圣诞倒数日历"
"eng_Latn","harry potter advent calendar 2025","2025年哈利·波特主题的圣诞倒数日历"
"eng_Latn","hot wheels advent calendar 2025","2025年风火轮冒险日历"
"eng_Latn","slime advent calendar","史莱姆主题的倒数日历"
"eng_Latn","advent calendar football","足球主题的倒计时日历"
"eng_Latn","advent calendar hot wheels","倒计时日历风火轮玩具"
"eng_Latn","football advent calendar","足球主题的圣诞倒数日历"
"eng_Latn","lord of the rings advent calendar","《指环王》主题的倒数日历"
"eng_Latn","mens advent calendar","男士圣诞倒数日历"
"eng_Latn","advent calendar stitch","圣诞倒数日历针织"
"eng_Latn","friends advent calendar","朋友降临日历"
"eng_Latn","pokemon advent calendar 2025","2025年宝可梦倒数日历"
"eng_Latn","stitch advent calendar","针织圣诞倒数日历"
"eng_Latn","wicked advent calendar","邪恶的圣诞倒数日历"
"eng_Latn","wooden advent calendar","木质圣诞倒数日历"
"eng_Latn","puzzle advent calendar","拼图式圣诞倒数日历"
"eng_Latn","sock advent calendar","袜子倒数日历"
"eng_Latn","advent calendar coffee","倒计时日历咖啡"
"eng_Latn","diy advent calendar","DIY 圣诞倒数日历"
"eng_Latn","mini brands kawaii advent calendar","迷你品牌可爱圣诞倒数日历"
"eng_Latn","sea glass advent calendar","海玻璃圣诞倒数日历"
"eng_Latn","vegan advent calendar","素食主义者的圣诞倒数日历"
"eng_Latn","advent calendar for boys","男孩用的圣诞倒数日历"
"eng_Latn","advent calendar men 2025","2025年男士降临日历"
"eng_Latn","advent calendar socks","圣诞倒数日历袜"
"eng_Latn","anime advent calendar","动漫主题的圣诞倒数日历"
"eng_Latn","craft advent calendar","手工制作圣诞倒数日历"
"eng_Latn","crystal advent calendar","水晶日历"
"eng_Latn","sanrio advent calendar","三丽鸥圣诞倒数日历"
"deu_Latn","adventskalender 2025","2025年圣诞倒数日历"
"deu_Latn","adventskalender 2025 frauen","2025年圣诞倒数日历 女性"
"deu_Latn","adventskalender","圣诞倒数日历"
"deu_Latn","adventskalender zum befüllen","可填充的圣诞倒数日历"
"deu_Latn","adventskalender 2025 männer","2025年圣诞倒数日历 男士"
"deu_Latn","adventskalender 2025 kinder","2025年儿童圣诞日历"
"deu_Latn","adventskalender männer","圣诞倒数日历 男士"
"deu_Latn","adventskalender kinder","圣诞倒数日历 儿童"
"deu_Latn","adventskalender füllung","圣诞倒数日历填充物"
"deu_Latn","lego adventskalender 2025","乐高2025年圣诞倒数日历"
"deu_Latn","adventskalender 2025 mädchen","2025年圣诞倒数日历 女孩"
"deu_Latn","tee adventskalender 2025","茶 圣诞倒数日历 2025"
"deu_Latn","rituals adventskalender 2025","rituals 2025年圣诞倒数日历"
"deu_Latn","adventskalender frauen","圣诞倒数日历 女士"
"deu_Latn","adventskalender tüten","圣诞倒数日历袋子"
"deu_Latn","adventskalender mädchen","圣诞倒数日历 女孩"
"deu_Latn","playmobil adventskalender","playmobil 圣诞倒数日历"
"deu_Latn","lindt adventskalender 2025","林德特2025年圣诞倒数日历"
"deu_Latn","adventskalender schokolade","圣诞倒数日历 巧克力"
"deu_Latn","adventskalender lego","乐高圣诞日历"
"deu_Latn","harry potter adventskalender","哈利波特圣诞倒数日历"
"deu_Latn","adventskalender paare","圣诞倒数日历配对"
"deu_Latn","bosch adventskalender 2025","博世2025年圣诞倒数日历"
"deu_Latn","pokemon adventskalender 2025","宝可梦2025年圣诞日历"
"deu_Latn","lego adventskalender","乐高圣诞倒数日历"
"deu_Latn","kleinigkeiten für adventskalender","圣诞日历小物件"
"deu_Latn","wera adventskalender 2025","wera 2025年圣诞倒数日历"
"deu_Latn","red bull adventskalender 2025","2025年红牛圣诞日历"
"deu_Latn","adventskalender teenager mädchen","圣诞倒数日历 青少年 女孩"
"deu_Latn","weihnachtskalender 2025","2025年圣诞日历"
"deu_Latn","makita adventskalender 2025","牧田2025年圣诞倒数日历"
"deu_Latn","2025 adventskalender","2025年圣诞倒数日历"
"deu_Latn","adventskalender tee","圣诞倒数日历茶"
"deu_Latn","essence adventskalender 2025","精华圣诞倒数日历2025"
"deu_Latn","exit adventskalender 2025","2025年圣诞倒数日历退出"
"deu_Latn","minecraft adventskalender 2025","《我的世界》2025年圣诞日历"
"deu_Latn","pringles adventskalender 2025","宾利斯2025年圣诞倒数日历"
"deu_Latn","amorelie adventskalender 2025","amorelie 2025年圣诞倒数日历"
"deu_Latn","adventskalender selber befüllen","自行填充圣诞倒数日历"
"deu_Latn","adventskalender 2025 schokolade","2025年圣诞倒数日历 巧克力"
"deu_Latn","douglas adventskalender 2025","道格拉斯2025年圣诞倒数日历"
"deu_Latn","adventskalender rätsel","圣诞日历谜题"
"deu_Latn","adventskalender füllung kinder","圣诞倒数日历填充物儿童"
"deu_Latn","männer adventskalender 2025","男士2025年圣诞倒数日历"
"deu_Latn","beauty adventskalender 2025","2025年美妆圣诞倒数日历"
"deu_Latn","adventskalender zum befüllen kinder","可填充的圣诞倒数日历（儿童用）"
"deu_Latn","adventskalender chips","圣诞日历薯片"
"deu_Latn","kinder adventskalender 2025","儿童圣诞倒数日历 2025"
"deu_Latn","tee adventskalender","茶圣诞日历"
"deu_Latn","bier adventskalender 2025","2025年啤酒圣诞日历"
"deu_Latn","nivea adventskalender 2025","妮维雅2025年圣诞倒数日历"
"deu_Latn","adventskalender playmobil","playmobil圣诞倒数日历"
"deu_Latn","adventskalender säckchen","圣诞倒数日历小袋子"
"deu_Latn","red bull adventskalender","红牛圣诞倒数日历"
"deu_Latn","adventskalender 2025 beauty","2025年圣诞倒数日历 美妆"
"deu_Latn","nutella adventskalender 2025","Nutella圣诞倒数日历2025"
"deu_Latn","catrice adventskalender 2025","卡翠丝2025年圣诞倒数日历"
"deu_Latn","adventskalender für männer","男士圣诞倒数日历"
"deu_Latn","adventskalender lindt","林德特圣诞倒数日历"
"deu_Latn","adventskalender teenager jungs","圣诞倒数日历 青少年 男孩"
"deu_Latn","chips adventskalender 2025","薯片 圣诞倒数日历 2025"
"deu_Latn","schleich adventskalender 2025","施莱赫2025年圣诞倒数日历"
"deu_Latn","stitch adventskalender","stitch adventskalender"
"deu_Latn","adventskalender für paare","情侣圣诞倒数日历"
"deu_Latn","schmuck adventskalender 2025","2025年饰品圣诞倒数日历"
"deu_Latn","koro adventskalender 2025","科罗2025年圣诞倒数日历"
"deu_Latn","adventskalender jungen","圣诞倒数日历（针对年轻人）"
"deu_Latn","adventskalender frauen 2025","2025年女性圣诞倒数日历"
"deu_Latn","baby born adventskalender 2025","2025年宝宝诞生圣诞倒数日历"
"deu_Latn","adventskalender tüten zum befüllen","圣诞日历填充袋"
"deu_Latn","pixi adventskalender 2025","pixi 2025年圣诞倒数日历"
"deu_Latn","legami adventskalender 2025","legami 2025年圣诞倒数日历"
"deu_Latn","lindt adventskalender","林德特圣诞倒数日历"
"deu_Latn","adventskalender 2025 erwachsene","2025年成人圣诞倒数日历"
"deu_Latn","hot wheels adventskalender 2025","2025年热力轮历险记圣诞倒数日历"
"deu_Latn","Weihnachtskalender","圣诞日历"
"deu_Latn","werkzeug adventskalender 2025","工具 圣诞倒数日历 2025"
"deu_Latn","stranger things adventskalender","怪奇物语圣诞倒数日历"
"deu_Latn","adventskalender kinderschokolade","圣诞倒数日历 儿童巧克力"
"deu_Latn","haribo adventskalender 2025","哈丽宝2025年圣诞倒数日历"
"deu_Latn","purelei adventskalender 2025","purelei 2025年圣诞倒数日历"
"deu_Latn","adventskalender süßigkeiten","圣诞倒数日历 糖果"
"deu_Latn","adventskalender beauty","圣诞倒数日历 美容"
"deu_Latn","adventskalender harry potter","哈利波特圣诞倒数日历"
"deu_Latn","maybelline adventskalender 2025","美宝莲2025年圣诞倒数日历"
"deu_Latn","adventskalender schmuck","圣诞倒数日历饰品"
"deu_Latn","niederegger adventskalender 2025","Niederegger 圣诞倒数日历 2025"
"deu_Latn","kleinigkeiten für adventskalender kinder","儿童圣诞倒数日历的小配件"
"deu_Latn","adventskalender mädchen 10 jahre","圣诞倒数日历 女孩 10岁"
"deu_Latn","'adventskalender 2025","2025年圣诞倒数日历"
"deu_Latn","barbie adventskalender 2025","芭比2025年圣诞倒数日历"
"deu_Latn","adventskalender für frauen","女性用的圣诞倒数日历"
"deu_Latn","paar adventskalender 2025","2025年圣诞倒数日历几个"
"deu_Latn","adventskalender baby","圣诞倒数日历 宝宝"
"deu_Latn","adventskalender 2025 lego","2025年乐高圣诞日历"
"deu_Latn","milka adventskalender 2025","米尔卡2025年圣诞倒数日历"
"deu_Latn","adventskalender minecraft","《我的世界》圣诞倒数日历"
"deu_Latn","adventskalender jungen 10 jahre","10岁年轻人的圣诞倒数日历"
"deu_Latn","weihnachtskalender selbst befüllen","自行填充圣诞日历"
"deu_Latn","puzzle adventskalender","拼图圣诞日历"
"deu_Latn","adventskalender mann","圣诞倒数日历 男士"
"deu_Latn","rituals adventskalender","rituals 圣诞倒数日历"
"deu_Latn","lego minecraft adventskalender 2025","乐高我的世界2025年圣诞倒数日历"
"deu_Latn","kinderschokolade adventskalender","儿童巧克力 圣诞倒数日历"
"deu_Latn","hunde adventskalender 2025","2025年狗狗圣诞倒数日历"
"deu_Latn","after eight adventskalender","after eight 圣诞倒数日历"
"deu_Latn","adventskalender werkzeug","圣诞倒数日历工具"
"deu_Latn","tiptoi adventskalender 2025","蒂普托伊2025年圣诞倒数日历"
"deu_Latn","adventskalender zum befüllen stoff","可填充的圣诞倒数日历布料"
"deu_Latn","minecraft adventskalender","我的世界圣诞日历"
"deu_Latn","lakritz adventskalender","lakritz 圣诞倒数日历"
"deu_Latn","adventskalender 2025 tee","2025年圣诞倒数日历 茶饮"
"deu_Latn","fc bayern adventskalender 2025","拜仁慕尼黑2025圣诞倒数日历"
"deu_Latn","tüten adventskalender","女孩的复临日历"
"deu_Latn","socken adventskalender","袜子圣诞日历"
"deu_Latn","füllung adventskalender teenager","填充式圣诞倒数日历 青少年"
"deu_Latn","adventskalender erwachsene","成人圣诞日历"
"deu_Latn","parfüm adventskalender","香水 圣诞倒数日历"
"deu_Latn","weihnachtskalender 2025 für frauen","2025年女性圣诞日历"
"deu_Latn","kneipp adventskalender 2025","kneipp 2025年圣诞倒数日历"
"deu_Latn","playmobil adventskalender 2025","playmobil 2025年圣诞倒数日历"
"deu_Latn","pokemon adventskalender","宝可梦圣诞日历"
"deu_Latn","adventskalender schleich","圣诞倒数日历 Schleich"
"deu_Latn","schleich adventskalender","施莱希圣诞倒数日历"
"deu_Latn","protein adventskalender 2025","2025年蛋白质圣诞日历"
"deu_Latn","adventskalender hund","圣诞倒数日历 狗"
"deu_Latn","adventskalender buch","圣诞倒数日历书"
"deu_Latn","lego star wars adventskalender","乐高星球大战圣诞日历"
"deu_Latn","lego blumen adventskalender","乐高花朵圣诞倒数日历"
"deu_Latn","adventskalender mädchen 12 jahre","圣诞倒数日历 女孩 12岁"
"deu_Latn","adventskalender mädchen 8 jahre","圣诞倒数日历 女孩 8岁"
"deu_Latn","süßigkeiten adventskalender","糖果 圣诞倒数日历"
"deu_Latn","ankerkraut adventskalender 2025","2025年安克克劳特圣诞日历"
"deu_Latn","adventskalender 2025 süßigkeiten","2025年圣诞倒数日历 糖果"
"deu_Latn","star wars adventskalender 2025","星球大战2025年圣诞日历"
"deu_Latn","adventskalender füllung männer","圣诞倒数日历填充物 男士"
"deu_Latn","adventskalender zum selber befüllen","可自行填充的圣诞倒数日历"
"deu_Latn","paw patrol adventskalender 2025","《帕丁顿熊》2025年圣诞倒数日历"
"deu_Latn","adventskalender pokemon","译文：宝可梦圣诞倒数日历"
"deu_Latn","adventskalender 2025 lindt","2025年林德特圣诞倒数日历"
"deu_Latn","squishmallow adventskalender","squishmallow 圣诞倒数日历"
"deu_Latn","adventskalender buch kinder","圣诞日历书 儿童"
"deu_Latn","seeberger adventskalender","西伯格圣诞倒数日历"
"deu_Latn","adventskalender essence","圣诞倒数日历 精华液"
"deu_Latn","funko pop adventskalender","funko pop adventskalender"
"deu_Latn","adventskalender gewürze","圣诞日历 调味料"
"deu_Latn","stitch adventskalender 2025","刺绣圣诞倒数日历2025"
"deu_Latn","adventskalender für paare 2025","2025年情侣圣诞日历"
"deu_Latn","adventskalender vegan","素食主义圣诞倒数日历"
"deu_Latn","sugargang adventskalender","sugargang adventskalender"
"deu_Latn","asam beauty adventskalender 2025","asam beauty 2025年圣诞倒数日历"
"deu_Latn","pärchen adventskalender","成对的圣诞倒数日历"
"deu_Latn","adventskalender teenager","青少年圣诞倒数日历"
"deu_Latn","just spices adventskalender 2025","just spices 圣诞倒数日历 2025"
"deu_Latn","adventskalender jungen 12 jahre","圣诞日历 12岁男孩"
"deu_Latn","seeberger adventskalender 2025","西伯格2025年圣诞倒数日历"
"deu_Latn","adventskalender jungs","圣诞倒数日历 男孩"
"deu_Latn","gravitrax adventskalender 2025","gravitrax 2025年圣诞倒数日历"
"deu_Latn","kpop demon hunters adventskalender","Kpop恶魔猎人圣诞日历"
"deu_Latn","hitschies adventskalender","hitschies adventskalender"
"deu_Latn","kinder adventskalender","儿童圣诞倒数日历"
"deu_Latn","katzen adventskalender 2025","2025年猫咪圣诞倒数日历"
"deu_Latn","ausgefallene adventskalender für erwachsene","别致的成人版圣诞降临日历"
"deu_Latn","adventskalender zahlen aufkleber","圣诞日历支付贴纸"
"deu_Latn","angel adventskalender 2025","2025年天使圣诞倒数日历"
"deu_Latn","eis adventskalender 2025 für paare","2025年情侣款圣诞倒数日历冰品"
"deu_Latn","adventskalender protein","圣诞倒数日历 蛋白质"
"deu_Latn","adventskalender barbie","芭比圣诞倒数日历"
"deu_Latn","adventskalender frau","圣诞倒数日历（女士用）"
"deu_Latn","adventskalender rituals","圣诞倒数日历仪式"
"deu_Latn","adventskalender fußball","足球圣诞日历"
"deu_Latn","fitness adventskalender 2025","2025年健身圣诞日历"
"deu_Latn","escape adventskalender 2025","2025年逃离圣诞倒数日历"
"deu_Latn","adventskalender kosmetik","圣诞倒数日历 化妆品"
"deu_Latn","adventskalender pringles","圣诞日历 珍宝岛（Pringles）"
"deu_Latn","harry potter adventskalender 2025","哈利波特2025年圣诞倒数日历"
"deu_Latn","holy adventskalender","神圣的圣诞倒数日历"
"deu_Latn","adventskalender stitch","圣诞倒数日历 stitch"
"deu_Latn","adventskalender befüllen ideen","圣诞日历填充点子"
"deu_Latn","'adventskalender","圣诞日历"
"deu_Latn","freche freunde adventskalender","弗雷切弗伦德圣诞倒数日历"
"deu_Latn","barbie adventskalender","芭比圣诞倒数日历"
"deu_Latn","balea adventskalender 2025"," Balea 圣诞倒数日历 2025"
"deu_Latn","adventskalender katzen","圣诞倒数日历 猫"
"deu_Latn","kosmetik adventskalender 2025","2025年化妆品圣诞日历"
"deu_Latn","adventskalender schminke","圣诞倒数日历 美妆"
"deu_Latn","revell adventskalender","雷维尔圣诞倒数日历"
"deu_Latn","whisky adventskalender 2025","威士忌圣诞倒数日历 2025"
"deu_Latn","parfum adventskalender","香水 圣诞倒数日历"
"deu_Latn","adventskalender achtsamkeit","圣诞倒数日历 正念"
"deu_Latn","adventskalender 2025 teenager mädchen","2025年圣诞倒数日历 青少年 女孩"
"deu_Latn","frauen adventskalender 2025","女士2025年圣诞倒数日历"
"deu_Latn","schmuck adventskalender","饰品圣诞日历"
"deu_Latn","adventskalender socken","圣诞倒数日历袜子"
"deu_Latn","männer adventskalender","男士圣诞倒数日历"
"deu_Latn","essence adventskalender","精华圣诞倒数日历"
"deu_Latn","gewürz adventskalender 2025","2025年香料圣诞倒数日历"
"deu_Latn","adventskalender füllung frauen","圣诞日历填充物 女士"
"deu_Latn","schoko adventskalender 2025","2025年巧克力圣诞倒数日历"
"deu_Latn","adventskalender 2025 paare","2025年圣诞倒数日历（成对装）"
"deu_Latn","adventskalender 2025 frauen beauty","2025年圣诞倒数日历 女性 美容"
"deu_Latn","'adventskalender männer","圣诞日历 男士"
"deu_Latn","demon slayer adventskalender","斩恶魔圣诞日历"
"deu_Latn","adventskalender nüsse","圣诞倒数日历坚果"
"deu_Latn","werkzeug adventskalender","工具 圣诞倒数日历"
"deu_Latn","puzzle adventskalender 2025","拼图圣诞倒数日历 2025"
"deu_Latn","pferde adventskalender","马儿圣诞倒数日历"
"deu_Latn","buch adventskalender 2025","2025年圣诞倒数日历书籍"
"deu_Latn","checker tobi adventskalender 2025","2025年检查者托比圣诞倒数日历"
"deu_Latn","hazet adventskalender 2025","hazet 2025年圣诞倒数日历"
"deu_Latn","adventskalender 2025 kinderschokolade","2025年圣诞倒数日历 儿童巧克力"
"deu_Latn","bvb adventskalender 2025","bvb 2025年圣诞倒数日历"
"deu_Latn","adventskalender kinder 2 jahre","儿童（2岁）圣诞倒数日历"
"deu_Latn","adventskalender jungen 8 jahre","圣诞倒数日历 8岁儿童"
"deu_Latn","match attax adventskalender","比赛 attax 圣诞倒数日历"
"deu_Latn","rätsel adventskalender 2025","2025年谜题圣诞倒数日历"
"deu_Latn","adventskalender kinder schokolade","圣诞倒数日历 儿童 巧克力"
"deu_Latn","holy energy adventskalender","神圣能量圣诞倒数日历"
"deu_Latn","adventskalender essen","圣诞倒数日历食品"
"deu_Latn","adventskalender buch für erwachsene","成人版圣诞倒数日历书"
"deu_Latn","füllung adventskalender","填充式圣诞倒数日历"
"deu_Latn","rätsel adventskalender","谜题 圣诞倒数日历"
"deu_Latn","bluey adventskalender 2025","蓝精灵2025年圣诞倒数日历"
"deu_Latn","adventskalender zum befüllen groß","可填充的大号圣诞倒数日历"
"deu_Latn","adventskalender zahlen","圣诞倒数日历支付"
"deu_Latn","funny frisch adventskalender","搞笑新鲜圣诞倒数日历"
"deu_Latn","veganer adventskalender 2025","2025年纯素圣诞倒数日历"
"deu_Latn","adventskalender freundin","圣诞日历 女友"
"deu_Latn","weihnachtskalender 2025 kinder","2025年圣诞日历 儿童"
"deu_Latn","adventskalender haribo","哈丽宝圣诞日历"
"deu_Latn","marzipan adventskalender 2025","杏仁糖圣诞倒数日历 2025"
"deu_Latn","dart adventskalender 2025","2025年飞镖圣诞倒数日历"
"deu_Latn","adventskalender-frauen","圣诞倒数日历-女士"
"deu_Latn","adventskalender lakritz","圣诞倒数日历 桂皮"
"deu_Latn","adventskalender parfüm","圣诞倒数日历香水"
"deu_Latn","baby adventskalender","婴儿圣诞倒数日历"
"deu_Latn","baby born adventskalender","宝宝诞生圣诞倒数日历"
"deu_Latn","adventskalender inhalt kinder","圣诞倒数日历 内容 儿童"
"deu_Latn","makita adventskalender","牧田圣诞倒数日历"
"deu_Latn","adventskalender marzipan","圣诞日历 梅子糖"
"deu_Latn","adventskalender fitness","健身圣诞日历"
"deu_Latn","sephora adventskalender 2025","丝芙兰2025年圣诞倒数日历"
"deu_Latn","adventskalender damen","女士圣诞倒数日历"
"deu_Latn","mini adventskalender","迷你圣诞倒数日历"
"deu_Latn","schoko adventskalender","巧克力圣诞倒数日历"
"deu_Latn","säckchen adventskalender zum befüllen","小袋子圣诞倒数日历（可填充）"
"deu_Latn","adventskalender lindt 2025","林德特2025年圣诞倒数日历"
"deu_Latn","adventskalender 2025 jungs","2025年男孩圣诞倒数日历"
"deu_Latn","adventskalender 2025 schmuck","2025年圣诞倒数日历 珠宝"
"deu_Latn","diamond painting adventskalender","钻石画圣诞倒数日历"
"deu_Latn","weihnachtskalender 2025 für männer","2025年男士圣诞日历"
"deu_Latn","legami adventskalender","legami 圣诞倒数日历"
"deu_Latn","adventskalender paare 2025","2025年圣诞倒数日历套装"
"deu_Latn","anime adventskalender","动漫圣诞日历"
"deu_Latn","lego city adventskalender 2025","乐高城市2025年圣诞倒数日历"
"deu_Latn","adventskalender kinder 3 jahre","儿童圣诞倒数日历 3岁"
"deu_Latn","more adventskalender 2025","更多2025年圣诞日历"
"deu_Latn","exit adventskalender","圣诞倒数日历退出"
"deu_Latn","make up adventskalender 2025","2025年圣诞倒数日历组合套装"
"deu_Latn","papiertüten adventskalender","纸袋 圣诞倒数日历"
"deu_Latn","'adventskalender kinder","儿童圣诞倒数日历"
"deu_Latn","adventskalender baby born","圣诞倒数日历 宝宝诞生"
"deu_Latn","adventskalender junge","圣诞日历 年轻"
"deu_Latn","pringles adventskalender","品客圣诞倒数日历"
"deu_Latn","adventskalender 2025 make up","2025年圣诞倒数日历 美妆"
"deu_Latn","adventskalender für hunde","狗狗的圣诞倒数日历"
"deu_Latn","adventskalender füllung teenager","圣诞倒数日历填充物 青少年"
"deu_Latn","adventskalender playmobil 2025","2025年playmobil圣诞倒数日历"
"deu_Latn","capybara adventskalender","水豚圣诞倒数日历"
"deu_Latn","kleine geschenke für adventskalender","适用于圣诞倒数日历的小礼物"
"deu_Latn","pandora adventskalender","潘多拉圣诞倒数日历"
"deu_Latn","polly pocket adventskalender","波莉·波克圣诞倒数日历"
"deu_Latn","adventskalender selbst befüllen","自定义填充圣诞日历"
"deu_Latn","douglas adventskalender","道格拉斯圣诞倒数日历"
"deu_Latn","chips adventskalender","薯片 圣诞倒数日历"
"deu_Latn","yankee candle adventskalender","Yankee Candle 圣诞倒数日历"
"deu_Latn","adventskalender 2025 chips","2025年圣诞倒数日历薯片"
"deu_Latn","adventskalender für kinder","儿童圣诞倒数日历"
"deu_Latn","adventskalender snacks","圣诞倒数日历零食"
"deu_Latn","achtsamkeit adventskalender 2025","谨慎性 圣诞倒数日历 2025"
"deu_Latn","adventskalender basteln","自制圣诞日历"
"deu_Latn","kaffee adventskalender 2025","2025年咖啡圣诞日历"
"deu_Latn","drei fragezeichen adventskalender","三个问号圣诞倒数日历"
"deu_Latn","hello kitty adventskalender","hello kitty 圣诞倒数日历"
"deu_Latn","bluebrixx adventskalender","bluebrixx 圣诞倒数日历"
"deu_Latn","more nutrition adventskalender","更多营养的圣诞倒数日历"
"deu_Latn","adventskalender puzzle","圣诞日历拼图"
"deu_Latn","adventskalender milka","圣诞倒数日历 milka"
"deu_Latn","adventskalender kerzen","圣诞倒数日历蜡烛"
"deu_Latn","kosmetik adventskalender","化妆品圣诞倒数日历"
"deu_Latn","disney adventskalender","迪士尼圣诞倒数日历"
"deu_Latn","aufkleber adventskalender zahlen","贴纸 圣诞倒数日历 支付"
"deu_Latn","adventskalender selber basteln","自制圣诞日历"
"deu_Latn","adventskalender paw patrol","圣诞倒数日历 巴布熊巡逻队"
"deu_Latn","adventskalender 2025 männer werkzeug","2025年男士工具圣诞日历"
"deu_Latn","adventskalender 2025 harry potter","2025年哈利波特圣诞倒数日历"
"deu_Latn","lego friends adventskalender 2025","乐高朋友2025年圣诞倒数日历"
"deu_Latn","adventskalender 2025 frauen parfüm","2025年圣诞倒数日历 女士香水"
"deu_Latn","essie adventskalender 2025","essie 2025年圣诞倒数日历"
"deu_Latn","fußball adventskalender","足球圣诞日历"
"deu_Latn","adventskalender gesund","健康圣诞日历"
"deu_Latn","tip toi adventskalender 2025","2025年提普托伊圣诞倒数日历"
"deu_Latn","adventskalender schokolade 2025","2025年圣诞倒数日历 巧克力"
"deu_Latn","fussball adventskalender 2025","2025年足球圣诞日历"
"deu_Latn","adventskalender zum befüllen xxl","可填充的圣诞倒数日历（XXL）"
"deu_Latn","erotischer adventskalender","色情圣诞倒数日历"
"deu_Latn","bosch adventskalender","博世圣诞倒数日历"
"deu_Latn","veganer adventskalender","纯素圣诞倒数日历"
"deu_Latn","adventskalender make up","圣诞倒数日历 化妆"
"deu_Latn","adventskalender pralinen","圣诞日历巧克力"
"deu_Latn","adventskalender männer 2025","2025年男士圣诞倒数日历"
"deu_Latn","adventskalender kleinkind","圣诞倒数日历 幼儿"
"deu_Latn","adventskalender tüten groß","圣诞倒数日历大袋子"
"deu_Latn","adventskalender mädchen 6 jahre","圣诞倒数日历 女孩 6岁"
"deu_Latn","adventskalender 2025 werkzeug","2025年圣诞倒数日历 工具"
"deu_Latn","grinch adventskalender 2025","2025年格林奇圣诞倒数日历"
"deu_Latn","kleinigkeiten für adventskalender erwachsene","成人版圣诞倒数日历小物件"
"deu_Latn","adventskalender inhalt","圣诞日历内容"
"deu_Latn","sugar gang adventskalender","糖帮圣诞倒数日历"
"deu_Latn","stoff adventskalender zum befüllen","可填充的布制圣诞倒数日历"
"deu_Latn","adventskalender red bull","红牛圣诞倒数日历"
"deu_Latn","adventskalender für erwachsene","成人圣诞倒数日历"
"deu_Latn","porsche adventskalender 2025","保时捷2025年圣诞倒数日历"
"deu_Latn","adventskalender marmelade","圣诞倒数日历 果酱"
"deu_Latn","adventskalender pferde","圣诞倒数日历 马"
"deu_Latn","wednesday adventskalender","周三圣诞日历"
"deu_Latn","adventskalender jungen 6 jahre","6岁儿童圣诞倒数日历"
"deu_Latn","adventskalender 2025 kinder mädchen","2025年圣诞倒数日历 儿童 女孩"
"deu_Latn","adventskalender 2025 kinder jungen","2025年圣诞倒数日历 儿童 男孩"
"deu_Latn","adventskalender parfüm damen","圣诞日历 女士香水"
"deu_Latn","lego harry potter adventskalender","乐高哈利波特圣诞倒数日历"
"deu_Latn","loreal adventskalender 2025","欧莱雅2025年圣诞倒数日历"
"deu_Latn","schokoladen adventskalender 2025","2025年巧克力圣诞倒数日历"
"deu_Latn","adventskalender für schwangere","孕妇圣诞日历"
"deu_Latn","beauty adventskalender","美妆圣诞倒数日历"
"deu_Latn","diy adventskalender zum befüllen","DIY可填充圣诞倒数日历"
"deu_Latn","reeses adventskalender","丽丝绒圣诞倒数日历"
"deu_Latn","slime adventskalender","史莱姆圣诞倒数日历"
"deu_Latn","adventskalender bier","圣诞倒数日历 啤酒"
"deu_Latn","wera adventskalender","wera adventskalender"
"deu_Latn","adventskalender fussball","圣诞倒数日历 足球"
"deu_Latn","tüten adventskalender zum befüllen","可填充的纸袋式圣诞倒数日历"
"deu_Latn","adventskalender auto","圣诞倒数日历 汽车"
"deu_Latn","adventskalender lustig","趣味圣诞倒数日历"
"deu_Latn","one piece adventskalender","单件圣诞倒数日历"
"deu_Latn","adventskalender 2025 rituals","2025年圣诞倒数日历 rituals"
"deu_Latn","adventskalender 2025 paar","2025年圣诞倒数日历 一对"
"deu_Latn","nuss adventskalender","坚果圣诞倒数日历"
"deu_Latn","tiptoi adventskalender","tiptoi 圣诞倒数日历"
"deu_Latn","adventskalender kaffee","圣诞倒数日历 咖啡"
"deu_Latn","adventskalender herren","男士圣诞倒数日历"
"deu_Latn","adventskalender gummibärchen","圣诞倒数日历 橡皮糖"
"deu_Latn","adventskalender jugendliche jungs","圣诞倒数日历 青少年男孩"
"deu_Latn","adventskalender makita","圣诞日历 麻吉达"
"deu_Latn","pukka adventskalender 2025","pukka 2025年圣诞倒数日历"
"deu_Latn","adventskalender mädchen 4 jahre","圣诞日历 女孩 4岁"
"deu_Latn","adventskalender minecraft 2025","2025年我的世界（Minecraft）圣诞日历"
"deu_Latn","adventskalender 2025 playmobil","2025年playmobil圣诞日历"
"deu_Latn","salami adventskalender","萨拉米香肠圣诞倒数日历"
"deu_Latn","adventskalender mädchen 5 jahre","圣诞倒数日历 女孩 5岁"
"deu_Latn","adventskalender mama","圣诞倒数日历妈妈"
"deu_Latn","adventskalender angeln","圣诞倒数日历 钓鱼"
"deu_Latn","inhalt adventskalender kinder","圣诞倒数日历 内容 儿童"
"deu_Latn","adventskalender puzzle erwachsene","圣诞日历拼图 成人"
"deu_Latn","hunde adventskalender","狗狗圣诞倒数日历"
"deu_Latn","angel adventskalender","天使圣诞倒数日历"
"deu_Latn","paw patrol adventskalender","《帕哇巡逻队》圣诞倒数日历"
"deu_Latn","adventskalender anime","动漫圣诞倒数日历"
"deu_Latn","adventskalender 2025 gewürze","2025年圣诞倒数日历 香料"
"deu_Latn","adventskalender diy","自制圣诞日历DIY"
"deu_Latn","manhattan adventskalender 2025","曼哈顿2025年圣诞倒数日历"
"deu_Latn","fortnite adventskalender","堡垒之夜圣诞日历"
"deu_Latn","adventskalender star wars","《星球大战》圣诞倒数日历"
"deu_Latn","koro adventskalender","科罗圣诞日历"
"deu_Latn","die drei ausrufezeichen adventskalender","三个感叹号的圣诞倒数日历"
"deu_Latn","adventskalender 2025 frauen schmuck","2025年圣诞倒数日历 女士饰品"
"deu_Latn","adventskalender beste freundin","圣诞倒数日历 最好的朋友"
"deu_Latn","haribo adventskalender","哈瑞宝圣诞倒数日历"
"deu_Latn","adventskalender sport","圣诞倒数日历 运动"
"deu_Latn","nutella adventskalender","耐图拉圣诞倒数日历"
"deu_Latn","k pop demon hunter adventskalender","K-pop恶魔猎人圣诞日历"
"deu_Latn","mini geschenke für adventskalender","迷你圣诞倒数日历小礼物"
"deu_Latn","adventskalender fc bayern","拜仁慕尼黑圣诞倒数日历"
"deu_Latn","weihnachtskalender männer","圣诞日历 男士"
"deu_Latn","adventskalender sprüche","圣诞日历寄语"
"deu_Latn","ideen für adventskalender füllung","圣诞倒数日历填充物创意"
"deu_Latn","adventskalender dunkle schokolade","圣诞倒数日历 黑巧克力"
"deu_Latn","adventskalender säckchen groß","圣诞倒数日历大袋子"
"deu_Latn","adventskalender harry potter 2025","哈利波特2025年圣诞倒数日历"
"deu_Latn","adventskalender rätsel erwachsene","圣诞倒数日历谜题 成人"
"deu_Latn","adventskalender hunde 2025","2025年狗狗圣诞日历"
"deu_Latn","protein adventskalender","蛋白质圣诞日历"
"deu_Latn","anime adventskalender 2025","2025年动漫圣诞日历"
"deu_Latn","adventskalender hotwheels","热轮圣诞倒数日历"
"deu_Latn","adventskalender lego 2025","乐高2025年圣诞倒数日历"
"deu_Latn","adventskalender nutella","坚果巧克力圣诞日历 nutella"
"deu_Latn","zahlen adventskalender","支付圣诞倒数日历"
"deu_Latn","adventskalender bücher","圣诞日历书籍"
"deu_Latn","adventskalender experimente","圣诞日历实验"
"deu_Latn","adventskalender aufkleber","圣诞倒数日历贴纸"
"deu_Latn","adventskalender after eight","圣诞倒数日历 after eight"
"deu_Latn","adventskalender rituals 2025","2025年圣诞倒数日历仪式"
"deu_Latn","adventskalender sticker 1-24","圣诞倒数日历贴纸 1-24"
"deu_Latn","adventskalender gaming","游戏圣诞日历"
"deu_Latn","wein adventskalender 2025","葡萄酒 圣诞倒数日历 2025"
"deu_Latn","adventskalender kinder zum befüllen","儿童填充式圣诞倒数日历"
"deu_Latn","bier adventskalender","啤酒圣诞日历"
"deu_Latn","after eight adventskalender 2025","2025年After Eight圣诞倒数日历"
"deu_Latn","edelstein adventskalender","宝石圣诞倒数日历"
"deu_Latn","füllung für adventskalender mann","男士圣诞倒数日历填充物"
"deu_Latn","adventskalender dinosaurier","圣诞日历恐龙"
"deu_Latn","babor adventskalender 2025","babor 2025年圣诞倒数日历"
"deu_Latn","yogi tee adventskalender 2025","瑜伽衫2025年圣诞倒数日历"
"deu_Latn","adventskalender 2025 kinder lego","2025年儿童乐高圣诞倒数日历"
"deu_Latn","papierdrachen adventskalender","纸风筝 圣诞倒数日历"
"deu_Latn","weihnachtskalender kinder","儿童圣诞日历"
"deu_Latn","parfüm adventskalender herren","男士香水圣诞倒数日历"
"deu_Latn","adventskalender befüllen","圣诞倒数日历填充"
"deu_Latn","ehrlich brothers adventskalender 2025","ehrlich brothers adventskalender 2025"
"deu_Latn","bastel adventskalender","手工制作的圣诞倒数日历"
"deu_Latn","adventskalender 2025 kosmetik","2025年圣诞倒数日历 美容"
"deu_Latn","kerzen adventskalender","蜡烛 圣诞降临日日历"
"deu_Latn","marvel adventskalender","漫威圣诞日历"
"deu_Latn","adventskalender 2025 frauen kosmetik","2025年圣诞倒数日历 女性化妆品"
"deu_Latn","gabbys dollhouse adventskalender","加比娃娃的圣诞倒数日历"
"deu_Latn","adventskalender ideen zum befüllen","圣诞倒数日历填充点子"
"deu_Latn","adventskalender lego flower","乐高花形圣诞倒数日历"
"deu_Latn","'adventskalender zum befüllen","可填充的圣诞倒数日历"
"deu_Latn","adventskalender badezusatz","圣诞倒数日历 泡澡添加剂"
"deu_Latn","adventskalender holz","圣诞倒数日历 木制"
"deu_Latn","adventskalender 2025 minecraft","2025年《我的世界》圣诞日历"
"deu_Latn","brainrot adventskalender","大脑腐烂圣诞日历"
"deu_Latn","adventskalender beutel","圣诞日历袋"
"deu_Latn","mädchen adventskalender","女孩圣诞倒数日历"
"deu_Latn","adventskalender personalisiert","定制圣诞日历"
"deu_Latn","stray kids adventskalender","流浪少年团圣诞倒数日历"
"deu_Latn","adventskalender douglas","道格拉斯圣诞倒数日历"
"deu_Latn","holi adventskalender 2025","霍利2025年圣诞倒数日历"
"deu_Latn","sex adventskalender für paar","情侣性爱圣诞日历"
"deu_Latn","adventskalender niederegger","圣诞倒数日历 Niederegger"
"deu_Latn","ddr adventskalender 2025","ddr adventskalender 2025"
"deu_Latn","airfryer adventskalender","空气炸锅圣诞倒数日历"
"deu_Latn","esn adventskalender","esn 圣诞倒数日历"
"deu_Latn","krimi adventskalender 2025","2025年犯罪小说圣诞日历"
"deu_Latn","weleda adventskalender 2025","薇乐达2025年圣诞倒数日历"
"deu_Latn","adventskalender 2025 kinder 2 jahre","2025年圣诞倒数日历 儿童 2岁"
"deu_Latn","kaffee adventskalender","咖啡圣诞倒数日历"
"deu_Latn","adventskalender inhalt männer","圣诞倒数日历 内容 男士"
"deu_Latn","schokoladen adventskalender","巧克力圣诞倒数日历"
"deu_Latn","kleine geschenke adventskalender kinder","小礼物 圣诞倒数日历 儿童"
"deu_Latn","adventskalender für katzen","猫用圣诞倒数日历"
"deu_Latn","fitness adventskalender","健身圣诞日历"
"deu_Latn","waterdrop adventskalender 2025","水滴圣诞倒数日历2025"
"deu_Latn","rentner adventskalender","退休人员圣诞倒数日历"
"deu_Latn","legami adventskalender stifte limited edition","legami 圣诞倒数日历 笔 限量版"
"deu_Latn","amazon adventskalender 2025","亚马逊2025年圣诞倒数日历"
"deu_Latn","adventskalender 2025 männer parfüm","2025年圣诞倒数日历 男士香水"
"deu_Latn","edle tropfen adventskalender","高档酒滴圣诞倒数日历"
"deu_Latn","kleine geschenke adventskalender","小礼物 圣诞倒数日历"
"deu_Latn","adventskalender pokemon 2025","2025年宝可梦圣诞日历"
"deu_Latn","tatort adventskalender 2025","tatort adventskalender 2025"
"deu_Latn","adventskalender hunde","圣诞倒数日历 狗"
"deu_Latn","adventskalender makeup","圣诞倒数日历化妆品"
"deu_Latn","kinder schokolade adventskalender","儿童巧克力圣诞倒数日历"
"deu_Latn","adventskalender 2025 essence","2025年圣诞倒数日历 essence"
"deu_Latn","adventskalender aufkleber zahlen","圣诞倒数日历贴纸付费"
"deu_Latn","snack adventskalender","零食圣诞倒数日历"
"deu_Latn","netflix adventskalender","网飞圣诞倒数日历"
"deu_Latn","die drei fragezeichen adventskalender","《三个问题》圣诞倒数日历"
"deu_Latn","niederegger adventskalender","Niederegger圣诞倒数日历"
"deu_Latn","adventskalender 2025 kinder schokolade","2025年圣诞倒数日历 儿童巧克力"
"deu_Latn","gin adventskalender 2025","金酒圣诞倒数日历 2025"
"deu_Latn","kosmos adventskalender 2025","科斯莫斯2025年圣诞倒数日历"
"deu_Latn","ninjago adventskalender","忍者神龟圣诞倒数日历"
"deu_Latn","tinti adventskalender 2025","蒂蒂2025年圣诞倒数日历"
"deu_Latn","roblox adventskalender","roblox 圣诞倒数日历"
"deu_Latn","rotbäckchen adventskalender","红腹滨鹬圣诞倒数日历"
"deu_Latn","adventskalender 2025 junge","2025年年轻版圣诞倒数日历"
"deu_Latn","geschenke für adventskalender","圣诞日历礼品"
"deu_Latn","adventskalender sticker","圣诞倒数日历贴纸"
"deu_Latn","adventskalender alkohol","圣诞倒数日历 酒精"
"deu_Latn","adventskalender kreativ","创意圣诞倒数日历"
"deu_Latn","katzen adventskalender","猫咪圣诞倒数日历"
"deu_Latn","lego duplo adventskalender","乐高得宝圣诞倒数日历"
"deu_Latn","saatgut adventskalender 2025","2025年种子圣诞倒数日历"
"deu_Latn","adventskalender 2025 zum befüllen","2025年可填充的圣诞倒数日历"
"deu_Latn","adventskalender häkeln","钩织圣诞倒数日历"
"deu_Latn","milka adventskalender","米尔卡圣诞日历"
"deu_Latn","adventskalender geschenke kinder","圣诞倒数日历 儿童礼物"
"deu_Latn","playstation adventskalender","playstation adventskalender"
"deu_Latn","whisky adventskalender","威士忌圣诞倒数日历"
"deu_Latn","bueno adventskalender","bueno adventskalender"
"deu_Latn","chupa chups adventskalender 2025","chupa chups 圣诞倒数日历 2025"
"deu_Latn","ferrero adventskalender","费列罗圣诞倒数日历"
"deu_Latn","schleim adventskalender","粘液圣诞倒数日历"
"deu_Latn","einhell adventskalender 2025","einhell 2025年圣诞倒数日历"
"deu_Latn","reber adventskalender 2025","雷贝尔2025年圣诞倒数日历"
"deu_Latn","adventskalender 2025 frauen sex","2025年圣诞倒数日历 女性 性"
"deu_Latn","adventskalender erstleser","圣诞倒数日历 初读者"
"deu_Latn","adventskalender socken damen","圣诞倒数日历 女士袜子"
"deu_Latn","adventskalender weiße schokolade","圣诞倒数日历 白巧克力"
"deu_Latn","golf adventskalender","高尔夫圣诞日历"
"deu_Latn","adventskalender stranger things","《怪奇物语》圣诞倒数日历"
"deu_Latn","adventskalender jugendliche","圣诞倒数日历 青少年"
"deu_Latn","brawl stars adventskalender 2025"," brawl stars adventskalender 2025"
"deu_Latn","eis de adventskalender 2025","2025年圣诞倒数日历冰淇淋"
"deu_Latn","formel 1 adventskalender","正式1号圣诞倒数日历"
"deu_Latn","adventskalender mädchen 3 jahre","圣诞日历 女孩 3岁"
"deu_Latn","hot wheels adventskalender","热轮圣诞倒数日历"
"deu_Latn","adventskalender schoko","圣诞倒数日历 巧克力"
"deu_Latn","süßigkeiten für adventskalender","用于圣诞倒数日历的糖果"
"deu_Latn","adventskalender müsli","圣诞倒数日历 燕麦片"
"deu_Latn","adventskalender marzipan 2025","2025年杏仁糖历"
"deu_Latn","adventskalender 2025 frauen rituals","2025年圣诞倒数日历 女士 Rituals"
"deu_Latn","adventskalender 2025 für paare","2025年情侣圣诞倒数日历"
"deu_Latn","adventskalender 2025 parfüm","2025年圣诞倒数日历 香水"
"deu_Latn","adventskalender 2025 teenager jungen","2025年圣诞倒数日历 青少年 男孩"
"deu_Latn","adventskalender 2025 pokemon","2025年宝可梦圣诞日历"
"deu_Latn","adventskalender 2025 douglas","2025年道格拉斯圣诞倒数日历"
"deu_Latn","adventskalender 2025 vegan","2025年素食圣诞日历"
"deu_Latn","adventskalender maybelline","圣诞倒数日历 美宝莲"
"deu_Latn","adventskalender edelsteine","圣诞倒数日历宝石"
"deu_Latn","kleinigkeiten zum adventskalender befüllen ideen frauen","为圣诞倒数日历填充小物件的创意（适合女性）"
"deu_Latn","adventskalender stoff","圣诞倒数日历布料"
"deu_Latn","adventskalender 2025 teenager","2025年圣诞倒数日历 青少年"
"deu_Latn","adventskalender 2025 kinder 3 jahre","2025年圣诞倒数日历 3岁儿童"
"deu_Latn","adventskalender für teenager","青少年圣诞倒数日历"
"deu_Latn","clipper adventskalender 2025","2025年剪刀手圣诞日历"
"deu_Latn","jutesäckchen adventskalender","麻布袋式圣诞倒数日历"
"deu_Latn","adventskalender exit","圣诞倒数日历 退出"
"deu_Latn","adventskalender disney","迪士尼圣诞倒数日历"
"deu_Latn","adventskalender frühstück","圣诞倒数日历 早餐"
"deu_Latn","whiskey adventskalender 2025","2025年威士忌圣诞倒数日历"
"deu_Latn","gewürz adventskalender","香料圣诞日历"
"deu_Latn","match attax adventskalender 25/26","匹配attax圣诞倒数日历25/26"
"deu_Latn","gilmore girls adventskalender","《吉尔莫女孩》圣诞倒数日历"
"deu_Latn","häkel adventskalender 2025","钩针编织圣诞降临日历2025"
"deu_Latn","star wars adventskalender","星球大战圣诞日历"
"deu_Latn","adventskalender skincare","圣诞倒数日历 护肤品"
"deu_Latn","kknekki adventskalender","kknekki 圣诞倒数日历"
"deu_Latn","adventskalender funko pop","圣诞倒数日历 Funko Pop"
"deu_Latn","wichtel adventskalender","重量 Advent Calendar"
"deu_Latn","adventskalender oma","圣诞日历 oma"
"deu_Latn","f1 adventskalender","F1 圣诞倒数日历"
"deu_Latn","bayern münchen adventskalender","拜仁慕尼黑圣诞日历"
"deu_Latn","adventskalender für mädchen","女孩的圣诞倒数日历"
"deu_Latn","adventskalender 2025 mädchen 12 jahre","2025年圣诞倒数日历 女孩 12岁"
"deu_Latn","adventskalender bosch","圣诞倒数日历 博世"
"deu_Latn","personalisierter adventskalender","个性化圣诞倒数日历"
"deu_Latn","skincare adventskalender","护肤圣诞倒数日历"
"deu_Latn","adventskalender kinder 1 jahr","儿童圣诞倒数日历 1岁"
"deu_Latn","bibi und tina adventskalender","bibi und tina 圣诞倒数日历"
"deu_Latn","adventskalender amerikanische süßigkeiten","圣诞倒数日历 美国糖果"
"deu_Latn","adventskalender gabbys dollhouse","圣诞倒数日历 加比娃娃屋"
"deu_Latn","adventskalender inhalt frauen","圣诞日历 内容 女士"
"deu_Latn","ritter sport adventskalender","瑞特体育圣诞倒数日历"
"deu_Latn","paarzeit adventskalender 2025","2025年倒数日历 几个（时间单位）"
"deu_Latn","adventskalender säckchen zum befüllen","圣诞倒数日历填充小袋"
"deu_Latn","adventskalender erwachsene 2025","2025年成人圣诞倒数日历"
"deu_Latn","adventskalender zum aufhängen","挂式圣诞倒数日历"
"deu_Latn","adventskalender ab 1 jahr","1岁以上儿童的圣诞倒数日历"
"deu_Latn","lego adventskalender 2025 blumen","乐高2025年圣诞倒数日历花卉"
"deu_Latn","adventskalender jagd","圣诞倒数日历狩猎"
"deu_Latn","diy adventskalender","DIY圣诞倒数日历"
"deu_Latn","teenager adventskalender","青少年圣诞倒数日历"
"deu_Latn","adventskalender mädchen 7 jahre","圣诞倒数日历 女孩 7岁"
"deu_Latn","ramen adventskalender","拉面圣诞日历"
"deu_Latn","adventskalender 2025 schminke","2025年圣诞倒数日历 化妆品"
"deu_Latn","einhell adventskalender","einhell 圣诞倒数日历"
"deu_Latn","adventskalender capybara","圣诞倒数日历水豚"
"deu_Latn","adventskalender 2025 jungen 12 jahre","2025年圣诞倒数日历，适合12岁少年"
"deu_Latn","adventskalender jungen 4 jahre","4岁儿童圣诞倒数日历"
"deu_Latn","füllung adventskalender kinder","填充 圣诞倒数日历 儿童"
"deu_Latn","adventskalender beauty mädchen","圣诞倒数日历 美容 女孩"
"deu_Latn","adventskalender squishmallow","圣诞倒数日历史迪奇绒布玩偶"
"deu_Latn","adventskalender die drei ausrufezeichen","圣诞倒数日历 三个感叹号"
"deu_Latn","adventskalender nivea","尼维达圣诞倒数日历"
"deu_Latn","adventskalender 2025 jungen","2025年圣诞倒数日历 青年款"
"deu_Latn","adventskalender die drei fragezeichen","圣诞倒数日历 三问"
"deu_Latn","parfum adventskalender damen","女士香水圣诞倒数日历"
"deu_Latn","adventskalender 2025 fussball","2025年圣诞倒数日历 足球"
"deu_Latn","adventskalender socken herren","圣诞倒数日历 男士袜子"
"deu_Latn","adventskalender zum befüllen holz","可填充的圣诞倒数日历（木质）"
"deu_Latn","lego star wars adventskalender 2025","乐高星球大战2025年圣诞日历"
"deu_Latn","sudoku adventskalender 2025","2025年数独圣诞倒数日历"
"deu_Latn","tüten für adventskalender","用于圣诞倒数日历的袋子"
"deu_Latn","adventskalender büro","圣诞倒数日历 办公室"
"deu_Latn","lego friends adventskalender","乐高朋友圣诞倒数日历"
"deu_Latn","survival adventskalender","生存圣诞日历"
"deu_Latn","adventskalender bilder","圣诞日历图片"
"deu_Latn","adventskalender douglas 2025","2025年道格拉斯圣诞倒数日历"
"deu_Latn","adventskalender legami","圣诞倒数日历 Legami"
"deu_Latn","socken adventskalender herren","男士袜子圣诞倒数日历"
"deu_Latn","adventskalender ohne schokolade","不含巧克力的圣诞倒数日历"
"deu_Latn","das kleine böse buch adventskalender","邪恶小书圣诞倒数日历"
"deu_Latn","dino adventskalender","恐龙圣诞日历"
"deu_Latn","adventskalender kleinigkeiten kinder","圣诞日历 小物件 儿童"
"deu_Latn","adventskalender krimi","圣诞倒数日历 神探小说"
"deu_Latn","paar adventskalender","几本圣诞倒数日历"
"deu_Latn","purelei adventskalender","purelei 圣诞倒数日历"
"deu_Latn","adventskalender nougat","圣诞倒数日历牛轧糖"
"deu_Latn","adventskalender schleim","圣诞倒数日历 粘液"
"deu_Latn","auto adventskalender","汽车圣诞日历"
"deu_Latn","adventskalender 2025 marzipan","2025年圣诞倒数日历 榛子糖"
"deu_Latn","adventskalender diamond painting","圣诞日历钻石画"
"deu_Latn","fußball adventskalender 2025","2025年足球圣诞日历"
"deu_Latn","adventskalender klemmbausteine","圣诞日历 卡片夹积木"
"deu_Latn","lego ninjago adventskalender","乐高忍者勇士圣诞倒数日历"
"deu_Latn","nuss adventskalender 2025","2025年坚果圣诞倒数日历"
"deu_Latn","adventskalender 2025 jugendliche","2025年圣诞倒数日历 青年"
"deu_Latn","gravitrax adventskalender","gravitrax 圣诞倒数日历"
"deu_Latn","erotik adventskalender","色情圣诞倒数日历"
"deu_Latn","adventskalender 2025 pringles","2025年圣诞倒数日历 普林格尔"
"deu_Latn","yoga adventskalender","瑜伽圣诞倒数日历"
"deu_Latn","adventskalender ab 2 jahre","2岁以上适用的圣诞倒数日历"
"deu_Latn","adventskalender für mama","妈妈的圣诞倒数日历"
"deu_Latn","adventskalender hot wheels 2025","2025年热火轮圣诞日历"
"deu_Latn","adventskalender 2025 essen","2025年圣诞倒数日历 食品"
"deu_Latn","adventskalender in der dose","罐装圣诞倒数日历"
"deu_Latn","adventskalender selber machen","自制圣诞倒数日历"
"deu_Latn","adventskalender papier","圣诞倒数日历纸"
"deu_Latn","nostalgischer adventskalender","怀旧圣诞倒数日历"
"deu_Latn","schmink adventskalender","化妆圣诞倒数日历"
"deu_Latn","zweisamkeit adventskalender","双人时光 圣诞倒数日历"
"deu_Latn","adventskalender fortnite","《堡垒之夜》圣诞日历"
"deu_Latn","adventskalender geschenke","圣诞倒数日历 礼物"
"deu_Latn","adventskalender wein","圣诞倒数日历 葡萄酒"
"deu_Latn","duplo adventskalender","duplo圣诞倒数日历"
"deu_Latn","adventskalender 2025 red bull","2025年圣诞倒数日历 红牛"
"deu_Latn","adventskalender baby 1 jahr","圣诞日历 宝宝 1 岁"
"deu_Latn","adventskalender drei fragezeichen","三问圣诞日历"
"deu_Latn","capybara adventskalender 2025","水豚2025年圣诞倒数日历"
"deu_Latn","adventskalender für schulklassen","学校班级用的圣诞倒数日历"
"deu_Latn","bastel adventskalender 2025","手工制作2025年圣诞倒数日历"
"deu_Latn","lustige adventskalender","有趣的圣诞降临日历"
"deu_Latn","make up adventskalender","自制圣诞倒数日历"
"deu_Latn","adventskalender jungs 10 jahre","圣诞倒数日历 男孩 10岁"
"deu_Latn","adventskalender schokolade kinder","圣诞日历 巧克力 儿童"
"deu_Latn","erotischer adventskalender 2025","2025年色情圣诞倒数日历"
"deu_Latn","adventskalender wera","圣诞倒数日历 wera"
"deu_Latn","wissen mit johnny adventskalender","与约翰尼一起的智慧圣诞倒数日历"
"deu_Latn","adventskalender fussball 2025","2025年足球主题圣诞倒数日历"
"deu_Latn","adventskalender kinder 4 jahre","儿童圣诞倒数日历 4岁"
"deu_Latn","klemmbausteine adventskalender","夹子积木 圣诞倒数日历"
"deu_Latn","m asam adventskalender 2025","m asam 2025年圣诞倒数日历"
"deu_Latn","marzipan adventskalender","杏仁糖圣诞倒数日历"
"deu_Latn","socken adventskalender damen","女士袜子圣诞日历"
"deu_Latn","pixi adventskalender","pixi 圣诞倒数日历"
"deu_Latn","adventskalender peppa wutz","圣诞倒数日历 彭彭猪"
"deu_Latn","adventskalender spielzeug","圣诞日历玩具"
"deu_Latn","adventskalender jungs 12 jahre","圣诞倒数日历 男孩 12岁"
"deu_Latn","honig adventskalender 2025","2025年蜂蜜圣诞日历"
"deu_Latn","adventskalender backen","制作圣诞倒数日历"
"deu_Latn","sticker adventskalender","贴纸 圣诞倒数日历"
"deu_Latn","adventskalender katze","圣诞倒数日历 猫"
"deu_Latn","adventskalender koro","圣诞倒数日历 koro"
"deu_Latn","bonne maman adventskalender 2025","bonne maman 2025年圣诞倒数日历"
"deu_Latn","selbstgemachter adventskalender","自制的圣诞倒数日历"
"deu_Latn","adventskalender tee 2025","2025年圣诞倒数日历茶"
"deu_Latn","adventskalender bayern münchen","圣诞日历 巴伐利亚 慕尼黑"
"deu_Latn","adventskalender escape","圣诞倒数日历逃脱"
"deu_Latn","adventskalender schmuck frauen","圣诞倒数日历 饰品 女士"
"deu_Latn","adventskalender 2025 milka","2025年milka圣诞倒数日历"
"deu_Latn","adventskalender 2025 fitness","2025年圣诞倒数日历 健身"
"deu_Latn","amazon adventskalender","亚马逊圣诞倒数日历"
"deu_Latn","adventskalender klein","小圣诞日历"
"deu_Latn","nivea adventskalender","妮维雅圣诞倒数日历"
"deu_Latn","peppa wutz adventskalender","佩帕猪历险记圣诞倒数日历"
"deu_Latn","mini parfüm adventskalender","迷你香水圣诞倒数日历"
"deu_Latn","räucherkerzen adventskalender","香薰蜡烛 圣诞倒数日历"
"deu_Latn","adventskalender checker tobi","圣诞倒数日历 检查器 Tobi"
"deu_Latn","adventskalender formel 1","圣诞日历 宝马方程式赛车"
"deu_Latn","adventskalender feuerwehr","圣诞倒数日历 消防队"
"deu_Latn","deine zweisamkeit adventskalender","你的独处时光 圣诞倒数日历"
"deu_Latn","adventskalender essence 2025","2025年精华圣诞倒数日历"
"deu_Latn","basketball adventskalender","篮球圣诞倒数日历"
"deu_Latn","play doh adventskalender 2025","play doh 圣诞倒数日历 2025"
"deu_Latn","adventskalender 2025 snacks","2025年圣诞倒数日历零食"
"deu_Latn","eis adventskalender 2025","2025年冰冻圣诞日历"
"deu_Latn","adventskalender duell","圣诞倒数日历对决"
"deu_Latn","adventskalender bibi und tina","圣诞日历比比和蒂娜"
"deu_Latn","artdeco adventskalender 2025","雅诗兰黛2025年圣诞倒数日历"
"deu_Latn","bts adventskalender","BTS圣诞倒数日历"
"deu_Latn","coca-cola adventskalender","可口可乐圣诞倒数日历"
"deu_Latn","icrush adventskalender 2025","icrush 2025年圣诞倒数日历"
"deu_Latn","adventskalender lego friends","乐高朋友系列圣诞日历"
"deu_Latn","adventskalender balea","圣诞倒数日历 Balea"
"deu_Latn","adventskalender 2025 protein","2025年圣诞倒数日历 蛋白质"
"deu_Latn","adventskalender kosmetik 2025","2025年化妆品圣诞日历"
"deu_Latn","elf cosmetics adventskalender","elf化妆品圣诞倒数日历"
"deu_Latn","gaming adventskalender","游戏圣诞日历"
"deu_Latn","adventskalender 2025 haribo","2025年圣诞倒数日历 haribo"
"deu_Latn","adventskalender 1 jährige","一年期圣诞倒数日历"
"deu_Latn","lego blumen adventskalender 2025","乐高花卉2025年圣诞倒数日历"
"deu_Latn","besondere adventskalender 2025","2025特别版圣诞倒数日历"
"deu_Latn","adventskalender duftkerzen","圣诞倒数日历香薰蜡烛"
"deu_Latn","roblox adventskalender 2025","roblox 2025年圣诞倒数日历"
"deu_Latn","adventskalender einhorn","圣诞倒数日历 鹿角"
"deu_Latn","adventskalender 2025 schleich","2025年圣诞倒数日历 Schleich"
"deu_Latn","adventskalender roblox","roblox 圣诞倒数日历"
"deu_Latn","knobel adventskalender","拼图圣诞日历"
"deu_Latn","escape room adventskalender 2025","密室逃脱 圣诞倒数日历 2025"
"deu_Latn","adventskalender exit 2025","2025年圣诞倒数日历"
"deu_Latn","adventskalender tütchen","圣诞倒数日历小袋装"
"deu_Latn","adventskalender whisky","威士忌圣诞日历"
"deu_Latn","frauen adventskalender","女性圣诞倒数日历"
"deu_Latn","spielzeug adventskalender 2025","2025年玩具圣诞倒数日历"
"deu_Latn","adventskalender häuser","圣诞倒数日历 房屋（样式/设计）"
"deu_Latn","füllung für adventskalender frauen","填充物适用于女性圣诞倒数日历"
"deu_Latn","adventskalender 2025 frauen douglas","2025年圣诞倒数日历 女士版 douglas"
"deu_Latn","nyx adventskalender","nyx adventskalender"
"deu_Latn","darts adventskalender 2025","飞镖圣诞倒数日历2025"
"deu_Latn","maybelline adventskalender","美宝莲圣诞倒数日历"
"deu_Latn","adventskalender familie","圣诞倒数日历 家庭装"
"deu_Latn","adventskalender männer werkzeug","圣诞倒数日历 男士 工具"
"deu_Latn","adventskalender eltern","圣诞倒数日历 父母"
"deu_Latn","icrimax adventskalender","icrimax 圣诞倒数日历"
"deu_Latn","bülow adventskalender","bülow 圣诞倒数日历"
"deu_Latn","disney adventskalender 2025","迪士尼2025年圣诞倒数日历"
"deu_Latn","einhorn adventskalender","独角兽圣诞倒数日历"
"deu_Latn","engelbert strauss adventskalender 2025","恩格尔伯特·施特劳斯 2025年圣诞倒数日历"
"deu_Latn","adventskalender papiertüten","圣诞倒数日历纸袋"
"deu_Latn","wellness adventskalender 2025","2025年养生圣诞日历"
"deu_Latn","minecraft lego adventskalender 2025","我的世界乐高2025年圣诞日历"
"deu_Latn","oreo adventskalender","奥利奥圣诞倒数日历"
"deu_Latn","adventskalender mädchen 9 jahre","圣诞倒数日历 女孩 9岁"
"deu_Latn","teekanne adventskalender 2025","茶壶 圣诞倒数日历 2025"
"deu_Latn","weihnachtskalender für frauen","女性圣诞日历"
"deu_Latn","adventskalender vegan 2025","2025年素食圣诞日历"
"deu_Latn","adventskalender zum selbst befüllen","可自行填充的圣诞倒数日历"
"deu_Latn","weihnachtskalender frauen","圣诞日历 女士"
"deu_Latn","schokolade adventskalender 2025","巧克力 圣诞倒数日历 2025"
"deu_Latn","adventskalender befüllen inhalt kinder","圣诞日历填充内容儿童"
"deu_Latn","lego minecraft adventskalender","乐高我的世界圣诞倒数日历"
"deu_Latn","adventskalender 2025 socken","2025年圣诞倒数日历 袜子"
"deu_Latn","adventskalender rentner","退休老人圣诞日历"
"deu_Latn","besser im glas adventskalender","玻璃材质圣诞倒数日历"
"deu_Latn","buch adventskalender","圣诞日历书"
"deu_Latn","taylor swift adventskalender","泰勒·斯威夫特圣诞倒数日历"
"deu_Latn","adventskalender amazon","亚马逊圣诞倒数日历"
"deu_Latn","brandnooz adventskalender 2025","brandnooz 圣诞倒数日历 2025"
"deu_Latn","geschenke adventskalender kinder","礼品 圣诞倒数日历 儿童"
"deu_Latn","weihnachtskalender schokolade","圣诞日历 巧克力"
"deu_Latn","brio adventskalender","brio 圣诞倒数日历"
"deu_Latn","checker tobi adventskalender","棋盘图案托比圣诞倒数日历"
"deu_Latn","ankerkraut adventskalender","安克尔克劳特圣诞倒数日历"
"deu_Latn","adventskalender tiptoi","adventskalender tiptoi"
"deu_Latn","'adventskalender frauen","圣诞日历 女士"
"deu_Latn","adventskalender beauty damen","圣诞日历 美容 女士"
"deu_Latn","adventskalender ferrero","费列罗圣诞倒数日历"
"deu_Latn","adventskalender ideen","圣诞倒数日历点子"
"deu_Latn","adventskalender karten","圣诞倒数日历卡片"
"deu_Latn","mon cheri adventskalender","我的宝贝圣诞倒数日历"
"deu_Latn","adventskalender 2025 rätsel","2025年圣诞倒数日历谜题"
"deu_Latn","adventskalender schleich 2025","圣诞倒数日历 Schleich 2025"
"deu_Latn","adventskalender schwangerschaft","怀孕期圣诞日历"
"deu_Latn","adventskalender zahlen holz","圣诞倒数日历 付款 木材"
"deu_Latn","adventskalender pixi bücher 2025","2025年pixi书信冒险日历"
"deu_Latn","fortnite adventskalender 2025","《堡垒之夜》2025年圣诞倒数日历"
"deu_Latn","adventskalender nostalgie","圣诞倒数日历 怀旧"
"deu_Latn","milwaukee adventskalender 2025","密尔沃基2025年圣诞倒数日历"
"deu_Latn","adventskalender japan","日本圣诞日历"
"deu_Latn","adventskalender kpop demon hunters","圣诞倒数日历 KPOP 恶魔猎人"
"deu_Latn","adventskalender karten mit türchen","圣诞日历卡片带小门"
"deu_Latn","adventskalender 2025 stitch","2025年圣诞倒数日历 Stitch"
"deu_Latn","adventskalender leer","圣诞倒数日历 空"
"deu_Latn","adventskalender sex","圣诞倒数日历 性爱"
"deu_Latn","kinder bueno adventskalender","儿童版布恩奥圣诞倒数日历"
"deu_Latn","adventskalender glutenfrei","无麸质圣诞日历"
"deu_Latn","adventskalender mädchen 11 jahre","圣诞倒数日历 女孩 11岁"
"deu_Latn","neonail adventskalender 2025","霓虹美甲圣诞日历2025"
"deu_Latn","adventskalender jugendliche mädchen","圣诞日历 青春少女"
"deu_Latn","engelbert strauss adventskalender","恩格尔伯特·施特劳斯圣诞倒数日历"
"deu_Latn","adventskalender basteln für erwachsene","成人手工制作圣诞日历"
"deu_Latn","weihnachtskalender für männer","男士圣诞日历"
"deu_Latn","adventskalender grinch","圣诞倒数日历 难缠的格林奇"
"deu_Latn","außergewöhnliche adventskalender","独特的圣诞倒数日历"
"deu_Latn","adventskalender schmuck mädchen","圣诞日历 饰品 女孩"
"deu_Latn","adventskalender wednesday","圣诞倒数日历 周三"
"deu_Latn","nyx adventskalender 2025","Nyx 圣诞倒数日历 2025"
"deu_Latn","adventskalender 2025 nüsse","2025年圣诞倒数日历 坚果"
"deu_Latn","adventskalender wurst","圣诞日历香肠"
"deu_Latn","lindor adventskalender 2025","林德霍夫2025年圣诞倒数日历"
"deu_Latn","adventskalender 2025 kerzen","2025年圣诞倒数日历 烛台"
"deu_Latn","adventskalender kochen","圣诞倒数日历烹饪"
"deu_Latn","toblerone adventskalender 2025","托布勒酮圣诞倒数日历 2025"
"deu_Latn","ahead adventskalender 2025","2025年圣诞倒数日历"
"deu_Latn","dino adventskalender 2025","2025年恐龙圣诞倒数日历"
"deu_Latn","schokoladen-adventskalender","巧克力圣诞倒数日历"
"deu_Latn","adventskalender survival","圣诞倒数日历 生存套装"
"deu_Latn","jurassic world adventskalender","侏罗纪世界圣诞倒数日历"
"deu_Latn","adventskalender oma und opa","圣诞倒数日历 爷爷和奶奶"
"deu_Latn","adventskalender bio","圣诞日历 有机"
"deu_Latn","adventskalender marvel","漫威圣诞倒数日历"
"deu_Latn","coole adventskalender","酷炫的圣诞倒数日历"
"deu_Latn","lol adventskalender 2025","lol 圣诞倒数日历 2025"
"deu_Latn","adventskalender bluey","蓝色小精灵圣诞倒数日历"
"deu_Latn","die coolsten adventskalender 2025","最酷的2025年圣诞倒数日历"
"deu_Latn","partner adventskalender 2025","合作方2025年圣诞倒数日历"
"deu_Latn","fussball adventskalender","足球圣诞倒数日历"
"deu_Latn","jean & len adventskalender 2025","jean & len 2025年圣诞倒数日历"
"deu_Latn","kinder schokolade adventskalender 2025","儿童巧克力 圣诞倒数日历 2025"
"deu_Latn","müsli adventskalender","麦片圣诞倒数日历"
"deu_Latn","adventskalender funny frisch","圣诞倒数日历 搞笑 新鲜"
"deu_Latn","adventskalender geschenke frau","圣诞日历 礼物 女士"
"deu_Latn","parfüm adventskalender frauen","香水 圣诞倒数日历 女士"
"deu_Latn","süßigkeiten adventskalender 2025","2025年圣诞糖果日历"
"deu_Latn","adventskalender 2025 bier","2025年圣诞倒数日历 啤酒"
"deu_Latn","adventskalender lego blumen","乐高花形圣诞倒数日历"
"deu_Latn","adventskalender rätsel kinder","圣诞倒数日历谜题儿童"
"deu_Latn","adventskalender zeichnen","绘制圣诞倒数日历"
"deu_Latn","adventskalender freche freunde","圣诞倒数日历 骄傲的朋友"
"deu_Latn","aufkleber adventskalender","贴纸 圣诞倒数日历"
"deu_Latn","adventskalender edle tropfen","圣诞倒数日历 珍贵点滴"
"deu_Latn","24 kleinteile für den adventskalender","24个小零件用于圣诞倒数日历"
"deu_Latn","adventskalender 2025 männer bier","2025年圣诞倒数日历 男士 啤酒"
"deu_Latn","nespresso adventskalender","奈斯派索圣诞倒数日历"
"deu_Latn","adventskalender figuren","圣诞日历人物"
"deu_Latn","adventskalender für jungs","男生圣诞倒数日历"
"deu_Latn","adventskalender hello kitty","圣诞倒数日历 Hello Kitty"
"deu_Latn","adventskalender jungen 3 jahre","圣诞倒数日历 3岁儿童"
"deu_Latn","kinderschokolade adventskalender 2025","儿童巧克力 圣诞倒数日历 2025"
"deu_Latn","adventskalender für eltern","家长用的圣诞倒数日历"
"deu_Latn","adventskalender geschichten kinder","圣诞日历 故事 儿童"
"deu_Latn","adventskalender kaugummi","圣诞倒数日历口香糖"
"deu_Latn","kiffer adventskalender","大麻信徒圣诞倒数日历"
"deu_Latn","adventskalender stitch 2025","2025年刺绣圣诞倒数日历"
"deu_Latn","adventskalender verpackungen","圣诞日历包装"
"deu_Latn","nougat adventskalender","牛轧糖圣诞倒数日历"
"deu_Latn","adventskalender 2025 pralinen","2025年圣诞倒数日历 糖果"
"deu_Latn","adventskalender catrice 2025","2025年catrice圣诞倒数日历"
"deu_Latn","adventskalender zum befüllen häuser","可填充的圣诞倒数日历（用于房屋装饰）"
"deu_Latn","sonnentor adventskalender 2025","2025年Sonnentor圣诞倒数日历"
"deu_Latn","adventskalender werkzeug 2025","2025年圣诞倒数日历工具"
"deu_Latn","matcha adventskalender","抹茶圣诞倒数日历"
"deu_Latn","adventskalender traktor","圣诞日历 拖拉机"
"deu_Latn","fc bayern adventskalender","拜仁慕尼黑圣诞倒数日历"
"deu_Latn","rum adventskalender 2025","朗姆酒圣诞倒数日历2025"
"deu_Latn","adventskalender tüten kinder","圣诞倒数日历袋子儿童"
"deu_Latn","erwachsene adventskalender 2025","2025年成人圣诞倒数日历"
"deu_Latn","pralinen adventskalender","圣诞巧克力倒数日历"
"deu_Latn","vegan adventskalender","纯素圣诞倒数日历"
"deu_Latn","adventskalender 2 jahre","圣诞倒数日历 2年"
"deu_Latn","adventskalender kerze","圣诞倒数日历蜡烛"
"deu_Latn","adventskalender garten","圣诞倒数日历 花园"
"deu_Latn","adventskalender pferde mädchen","圣诞倒数日历 马 女孩"
"deu_Latn","hitschies adventskalender 2025","hitschies 2025年圣诞倒数日历"
"deu_Latn","adventskalender für babys","婴儿圣诞日历"
"deu_Latn","adventskalender proteinriegel","圣诞倒数日历 蛋白棒"
"deu_Latn","adventskalender wellness","圣诞日历 健康护理"
"deu_Latn","snoopy adventskalender","史努比圣诞倒数日历"
"deu_Latn","teenager adventskalender füllung","青少年圣诞倒数日历填充物"
"deu_Latn","adventskalender männer füllung","圣诞倒数日历 男士 填充"
"deu_Latn","adventskalender parfum","圣诞倒数日历香水"
"deu_Latn","säckchen adventskalender","小袋子 圣诞降临日日历"
"deu_Latn","inhalt adventskalender","内容 Advent Calendar"
"deu_Latn","schmink adventskalender 2025","2025年化妆圣诞日历"
"deu_Latn","weihnachtskalender mädchen","圣诞日历 女孩"
"deu_Latn","adventskalender kollegen","圣诞日历 同事"
"deu_Latn","gummibärchen adventskalender","软糖小熊圣诞倒数日历"
"deu_Latn","häkel adventskalender","钩针编织圣诞倒数日历"
"deu_Latn","kaugummi adventskalender","口香糖 圣诞倒数日历"
"deu_Latn","adventskalender zartbitter","圣诞倒数日历 丝滑苦甜"
"deu_Latn","mädchen adventskalender 2025","女孩圣诞倒数日历2025"
"deu_Latn","adventskalender frauen kosmetik","圣诞倒数日历 女性 化妆品"
"deu_Latn","adventskalender 2025 für frauen","2025年女性圣诞倒数日历"
"deu_Latn","adventskalender 2025 lakritz","2025年圣诞倒数日历 桂皮"
"deu_Latn","naruto adventskalender","火影忍者圣诞日历"
"deu_Latn","adventskalender kneipp","圣诞日历 kneipp"
"deu_Latn","adventskalender lego minecraft","乐高我的世界圣诞日历"
"deu_Latn","adventskalender barbie 2025","2025年芭比圣诞倒数日历"
"deu_Latn","adventskalender süßigkeiten aus aller welt","圣诞倒数日历 来自世界各地的糖果"
"deu_Latn","duftkerzen adventskalender","香薰蜡烛 圣诞倒数日历"
"deu_Latn","fnaf adventskalender","fnaf 圣诞倒数日历"
"deu_Latn","ingwer shot adventskalender","姜味烈酒圣诞倒数日历"
"deu_Latn","viba adventskalender","维巴圣诞倒数日历"
"deu_Latn","adventskalender steine","圣诞倒数日历石头"
"deu_Latn","adventskalender demon slayer","《咒术回战》圣诞倒数日历"
"deu_Latn","adventskalender günstig","圣诞倒数日历便宜"
"deu_Latn","adventskalender wichtel","圣诞倒数日历 神秘交换礼物"
"deu_Latn","adventskalender escape room","圣诞倒数日历密室逃脱"
"deu_Latn","adventskalender malen","圣诞日历涂色"
"deu_Latn","rituals adventskalender 2025 frauen","rituals 2025年圣诞倒数日历 女士"
"deu_Latn","adventskalender 2025 kinder playmobil","2025年圣诞倒数日历 儿童玩模"
"deu_Latn","adventskalender amorelie 2025","2025年阿莫莉爱圣诞日历"
"deu_Latn","nespresso adventskalender 2025","奈斯派索2025年圣诞倒数日历"
"deu_Latn","kleinigkeiten für adventskalender frauen","女性用圣诞倒数日历小配件"
"deu_Latn","sport adventskalender","运动圣诞日历"
"deu_Latn","adventskalender kinder lego","儿童乐高圣诞日历"
"deu_Latn","hidden games adventskalender","隐藏游戏圣诞日历"
"deu_Latn","snack adventskalender 2025","2025年零食圣诞倒数日历"
"deu_Latn","feuerwehr adventskalender","消防队圣诞倒数日历"
"deu_Latn","leo lausemaus adventskalender","Leo Lausmaus 圣诞倒数日历"
"deu_Latn","adventskalender 2025 für männer","2025年男士圣诞倒数日历"
"deu_Latn","geschenke für adventskalender kinder","儿童圣诞倒数日历礼物"
"deu_Latn","peanuts adventskalender","花生圣诞日历"
"deu_Latn","adventskalender für zwei","双人圣诞倒数日历"
"deu_Latn","adventskalender modellbau","圣诞日历模型制作"
"deu_Latn","herren adventskalender","男士圣诞倒数日历"
"deu_Latn","manga adventskalender 2025","漫画圣诞日历 2025"
"deu_Latn","squishmallows adventskalender","挤压毛绒圣诞倒数日历"
"deu_Latn","tonys chocolonely adventskalender","tonys chocolonely 圣诞倒数日历"
"deu_Latn","adventskalender 2025 barbie","2025年圣诞倒数日历 巴比娃娃"
"deu_Latn","adventskalender geschichten","圣诞日历故事"
"deu_Latn","pixie adventskalender 2025","2025年精灵圣诞倒数日历"
"deu_Latn","adventskalender 2025 maybelline new york","2025年玛姬丽·梦露纽约圣诞倒数日历"
"deu_Latn","adventskalender krippe","圣诞倒数日历 舞台场景"
"deu_Latn","adventskalender lego star wars","乐高星球大战圣诞倒数日历"
"deu_Latn","adventskalender 2025 jungen 10 jahre","2025年圣诞倒数日历 10岁 青少年"
"deu_Latn","adventskalender dino","圣诞日历恐龙"
"deu_Latn","adventskalender lego city","乐高城市系列圣诞倒数日历"
"deu_Latn","adventskalender mini","迷你圣诞日历"
"deu_Latn","super mario adventskalender","超级马里奥圣诞倒数日历"
"deu_Latn","adventskalender bvb","bvb圣诞倒数日历"
"deu_Latn","adventskalender gravitrax","格拉维特拉克斯圣诞倒数日历"
"deu_Latn","adventskalender mädchen 2 jahre","圣诞倒数日历 女孩 2岁"
"deu_Latn","elf adventskalender","elf adventskalender"
"deu_Latn","coppenrath adventskalender","科彭拉德圣诞倒数日历"
"deu_Latn","porsche adventskalender","保时捷圣诞倒数日历"
"deu_Latn","zahlen für adventskalender","为圣诞倒数日历付款"
"deu_Latn","ü ei adventskalender","圣诞倒数日历"
"deu_Latn","adventskalender 2025 damen","2025年圣诞倒数日历 女士"
"deu_Latn","beyblade adventskalender","beyblade adventskalender"
"deu_Latn","adventskalender playmobil mädchen","playmobil女孩圣诞倒数日历"
"deu_Latn","amerikanische süßigkeiten adventskalender","美国糖果圣诞倒数日历"
"deu_Latn","adventskalender buch teenager","圣诞日历 书籍 青少年"
"deu_Latn","catrice adventskalender","catrice 圣诞倒数日历"
"deu_Latn","conni adventskalender 2025","conni 2025年圣诞倒数日历"
"deu_Latn","adventskalender 2025 männer auto","2025年圣诞倒数日历 男士 汽车"
"deu_Latn","adventskalender duplo","圣诞倒数日历双层版"
"deu_Latn","adventskalender saatgut","圣诞日历种子"
"deu_Latn","adventskalender slime","圣诞倒数日历史莱姆"
"deu_Latn","adventskalender kristalle","圣诞倒数日历 珠宝"
"deu_Latn","adventskalender legami 2025","2025年legami圣诞倒数日历"
"deu_Latn","adventskalender stoff zum befüllen","圣诞倒数日历填充布料"
"deu_Latn","adventskalender technik","圣诞倒数日历 技术"
"deu_Latn","wichtel adventskalender 2025","维奇特尔2025年圣诞倒数日历"
"deu_Latn","xlaeta adventskalender","xlaeta 圣诞倒数日历"
"deu_Latn","adventskalender mit sprüchen","带有名言的圣诞倒数日历"
"deu_Latn","adventskalender revell","圣诞倒数日历 revell"
"deu_Latn","adopt me adventskalender","领养我 圣诞倒数日历"
"deu_Latn","adventskalender füllung mädchen","圣诞日历填充物 女孩"
"deu_Latn","balea adventskalender"," Balea 圣诞倒数日历"
"deu_Latn","escape adventskalender","逃亡圣诞日历"
"deu_Latn","ideen adventskalender kinder","儿童圣诞倒数日历创意"
"deu_Latn","adventskalender 2025 makita","2025年圣诞倒数日历 makita"
"deu_Latn","adventskalender boxen zum befüllen","装填式圣诞倒数日历盒"
"deu_Latn","mini adventskalender 2025","2025年迷你圣诞倒数日历"
"deu_Latn","playmobil adventskalender mädchen","playmobil 圣诞倒数日历 女孩"
"deu_Latn","adventskalender parfüm herren","圣诞倒数日历 男士香水"
"deu_Latn","formel 1 adventskalender 2025","2025年正式版圣诞倒数日历"
"deu_Latn","revell adventskalender 2025","雷维尔2025年圣诞倒数日历"
"deu_Latn","adventskalender 2025 mädchen 10","2025年女孩圣诞倒数日历10（注：此处“10”可能指日历的某一部分或特定设计，根据上下文可能需要具体调整，但直接翻译保持原样）"
"deu_Latn","adventskalender stoffbeutel","圣诞日历布袋"
"deu_Latn","parfum adventskalender herren","男士香水圣诞日历"
"deu_Latn","adventskalender papa","圣诞倒数日历 爸爸"
"deu_Latn","adventskalender rituals 2025 frauen","2025年女性圣诞日历仪式"
"deu_Latn","adventskalender stifte","圣诞倒数日历 铅笔"
"deu_Latn","befüllbarer adventskalender","可填充的圣诞降临日历"
"deu_Latn","kerzen adventskalender 2025","2025年圣诞蜡烛历"
"deu_Latn","zotter adventskalender","佐特圣诞倒数日历"
"deu_Latn","adventskalender autos","圣诞倒数日历 汽车"
"deu_Latn","franzis adventskalender","弗朗西斯圣诞倒数日历"
"deu_Latn","kpop adventskalender 2025","Kpop 2025年圣诞倒数日历"
"deu_Latn","lego ninjago adventskalender 2025","乐高忍者勇士2025圣诞倒数日历"
"deu_Latn","bluey adventskalender","蓝色女孩圣诞倒数日历"
"deu_Latn","erotische adventskalender 2025","2025年色情圣诞倒数日历"
"deu_Latn","esn adventskalender 2025","esn 圣诞倒数日历 2025"
"deu_Latn","playstation adventskalender 2025","2025年PlayStation圣诞倒数日历"
"deu_Latn","adventskalender basteln kinder","儿童手工制作圣诞日历"
"deu_Latn","amorelie adventskalender","amorelie 圣诞倒数日历"
"deu_Latn","dm adventskalender 2025","dm 圣诞倒数日历 2025"
"deu_Latn","die drei adventskalender","这三本圣诞倒数日历"
"deu_Latn","trolli adventskalender 2025","特洛利2025年圣诞倒数日历"
"deu_Latn","adventskalender erotisch paare","圣诞倒数日历 情趣情侣"
"deu_Latn","adventskalender gewürze 2025","2025年圣诞倒数日历 香料"
"deu_Latn","adventskalender kleinkind 2 jahre","圣诞倒数日历 幼儿 2岁"
"deu_Latn","adventskalender senioren","圣诞倒数日历（针对老年人）"
"deu_Latn","adventskalender tiere","圣诞日历动物"
"deu_Latn","experimente adventskalender","实验性圣诞倒数日历"
"deu_Latn","adventskalender 2025 kinder 4 jahre","2025年儿童（4岁）圣诞倒数日历"
"deu_Latn","fc bayern münchen adventskalender","拜仁慕尼黑圣诞倒数日历"
"deu_Latn","funny frisch adventskalender 2025","搞笑新鲜2025年圣诞倒数日历"
"deu_Latn","adventskalender männer parfüm","圣诞倒数日历 男士 香水"
"deu_Latn","adventskalender paw patrol 2025","2025年帕丁顿熊历险记圣诞倒数日历"
"deu_Latn","adventskalender stricken","编织圣诞倒数日历"
"deu_Latn","füllung für adventskalender","圣诞日历填充物"
"deu_Latn","stray kids adventskalender 2025","流浪少年团2025年圣诞倒数日历"
"deu_Latn","schleim adventskalender 2025","2025年黏液圣诞倒数日历"
"deu_Latn","adventskalender füllung kinder 3 jahre","圣诞日历填充物 儿童 3岁"
"deu_Latn","kleinigkeiten für adventskalender mann","圣诞倒数日历小物件 男士"
"deu_Latn","adventskalender 2 jahre junge","圣诞倒数日历 2岁 幼年"
"deu_Latn","adventskalender bueno","adventskalender bueno"
"deu_Latn","adventskalender spiderman","蜘蛛侠圣诞倒数日历"
"deu_Latn","adventskalender zum befüllen tüten","可填充的圣诞倒数日历袋子"
"deu_Latn","adventskalender milka 2025","2025年米尔卡（Milka）圣诞倒数日历"
"deu_Latn","no cosmetics adventskalender","无化妆品圣诞倒数日历"
"deu_Latn","pferde adventskalender 2025","2025年马儿圣诞倒数日历"
"deu_Latn","adventskalender jungen 5 jahre","5岁儿童圣诞日历"
"deu_Latn","merci adventskalender 2025","谢谢2025年圣诞倒数日历"
"deu_Latn","adventskalender musik","圣诞日历音乐"
"deu_Latn","hsv adventskalender","HSV 圣诞倒数日历"
"deu_Latn","loccitane adventskalender 2025","loccitane 2025年圣诞倒数日历"
"deu_Latn","yoga adventskalender 2025","瑜伽2025年圣诞日历"
"deu_Latn","adventskalender bastelset","圣诞倒数日历手工套装"
"deu_Latn","bücher adventskalender 2025","书籍 圣诞倒数日历 2025"
"deu_Latn","ks tools adventskalender 2025","克斯工具2025年圣诞倒数日历"
"deu_Latn","adventskalender mädchen 13 jahre","圣诞倒数日历 女孩 13岁"
"deu_Latn","adventskalender teenager junge","圣诞倒数日历 青少年 年轻人"
"deu_Latn","baby adventskalender 1 jahr","婴儿圣诞倒数日历 1岁"
"deu_Latn","demon slayer adventskalender 2025","恶魔杀手机器人2025年圣诞倒数日历"
"deu_Latn","holy adventskalender 2025","2025年神圣圣诞日历"
"deu_Latn","wein adventskalender","葡萄酒圣诞日历"
"deu_Latn","adventskalender catrice","圣诞倒数日历 Catrice"
"deu_Latn","auto adventskalender 2025","2025年汽车圣诞日历"
"deu_Latn","lego city adventskalender","乐高城市圣诞倒数日历"
"deu_Latn","inhalt adventskalender männer","Advent Calendar 男士"
"deu_Latn","kochbuch für teenager adventskalender","青少年烹饪书圣诞日历"
"deu_Latn","mentos adventskalender","曼妥思圣诞倒数日历"
"deu_Latn","adventskalender holy","圣诞倒数日历 holy"
"deu_Latn","adventskalender mit schokolade","装有巧克力的圣诞降临日历"
"deu_Latn","familien adventskalender","家庭圣诞倒数日历"
"deu_Latn","grinch adventskalender","格里恩奇圣诞倒数日历"
"deu_Latn","schokolade adventskalender","巧克力 圣诞倒数日历"
"deu_Latn","sol de janeiro adventskalender","sol de janeiro 圣诞倒数日历"
"deu_Latn","adventskalender 2025 anime","2025年动漫圣诞日历"
"deu_Latn","eis deluxe adventskalender","冰爽豪华圣诞倒数日历"
"deu_Latn","lebenskompass adventskalender","生活指南 圣诞倒数日历"
"deu_Latn","schleich horse club adventskalender","施莱赫马俱乐部圣诞倒数日历"
"deu_Latn","adventskalender räucherkerzen","圣诞倒数日历 熏香蜡烛"
"fra_Latn","pokémon adventskalender","宝可梦圣诞日历"
"deu_Latn","adventskalender kiste","圣诞倒数日历盒"
"deu_Latn","gabby dollhouse adventskalender","加布娃娃房子圣诞倒数日历"
"deu_Latn","sex adventskalender","性爱圣诞日历"
"deu_Latn","holz adventskalender zum befüllen","可填充的木质圣诞倒数日历"
"deu_Latn","nostalgie adventskalender","怀旧圣诞倒数日历"
"deu_Latn","wurst adventskalender","香肠圣诞日历"
"deu_Latn","adventskalender 2025 hund","2025年圣诞倒数日历 狗"
"deu_Latn","adventskalender blumen","圣诞倒数日历 花卉"
"deu_Latn","adventskalender fussball karten","圣诞倒数日历 足球 卡片"
"deu_Latn","adventskalender ideen kinder","圣诞日历 儿童创意"
"deu_Latn","adventskalender red bull 2025","2025年红牛圣诞倒数日历"
"deu_Latn","adventskalender seeberger 2025","圣诞日历 Seeberger 2025"
"deu_Latn","lego adventskalender blumen","乐高圣诞倒数日历花朵"
"deu_Latn","lego adventskalender erwachsene","乐高圣诞倒数日历 成人版"
"deu_Latn","teekanne adventskalender","茶壶 圣诞倒数日历"
"deu_Latn","adventskalender 2025 hot wheels","2025年圣诞倒数日历 热轮（Hot Wheels）"
"deu_Latn","ninjago adventskalender 2025","忍者龟2025年圣诞倒数日历"
"deu_Latn","adventskalender angeln 2025","2025年钓鱼式圣诞倒数日历"
"deu_Latn","adventskalender geschenke männer","圣诞倒数日历 男士礼物"
"deu_Latn","adventskalender knobelspiele","圣诞倒数日历益智游戏"
"deu_Latn","haba adventskalender","haba 圣诞倒数日历"
"deu_Latn","just spices adventskalender","仅香料圣诞倒数日历"
"deu_Latn","klo adventskalender 2025","2025年厕所（Klo）圣诞倒数日历"
"deu_Latn","adventskalender bausatz","圣诞日历组装套件"
"deu_Latn","adventskalender chips funny frisch","圣诞倒数日历 薄脆饼干 搞笑 新鲜"
"deu_Latn","adventskalender für kleinkinder","适合幼儿的圣诞倒数日历"
"deu_Latn","adventskalender 2025 selber machen","2025年自制圣诞倒数日历"
"deu_Latn","adventskalender kinder 2025","2025年儿童圣诞倒数日历"
"deu_Latn","adventskalender ritter sport","圣诞倒数日历 Ritter Sport"
"deu_Latn","adventskalender 3 jahre","圣诞倒数日历 3年"
"deu_Latn","elsa adventskalender 2025","elsa adventskalender 2025"
"deu_Latn","adventskalender eis","圣诞倒数日历 冰淇淋"
"deu_Latn","adventskalender zum befüllen mädchen","可填充的圣诞日历女孩用"
"deu_Latn","katjes adventskalender 2025","2025年katjes圣诞倒数日历"
"deu_Latn","adventskalender 2025 nutella","2025年圣诞倒数日历 Nutella"
"deu_Latn","adventskalender zum befüllen klein","可填充的小型圣诞倒数日历"
"deu_Latn","adventskalender zum befüllen männer","可填充的圣诞倒数日历（适用于男性）"
"deu_Latn","lakritz adventskalender 2025","lakritz 2025年圣诞倒数日历"
"deu_Latn","adventskalender süssigkeiten","圣诞倒数日历 糖果"
"deu_Latn","beauty adventskalender mädchen","美妆圣诞倒数日历女孩"
"deu_Latn","kreativ adventskalender","创意圣诞倒数日历"
"deu_Latn","adventskalender nüsse 2025","2025年圣诞倒数日历坚果"
"deu_Latn","kneipp adventskalender","克奈普圣诞倒数日历"
"deu_Latn","makeup adventskalender 2025","美妆圣诞倒数日历2025"
"deu_Latn","adventskalender füllung erwachsene","圣诞倒数日历填充物 成人"
"deu_Latn","adventskalender after eight 2025","2025年after eight圣诞倒数日历"
"deu_Latn","revolution adventskalender 2025","2025年革命圣诞日历"
"deu_Latn","neoh adventskalender","neoh 圣诞倒数日历"
"deu_Latn","adventskalender paar","圣诞倒数日历（成对）"
"deu_Latn","herren adventskalender 2025","男士2025年圣诞倒数日历"
"deu_Latn","adventskalender nummern aufkleber","圣诞日历数字贴纸"
"deu_Latn","happy socks adventskalender","快乐袜子圣诞倒数日历"
"deu_Latn","lena gercke adventskalender","莱娜·格尔克圣诞倒数日历"
"deu_Latn","adventskalender 2025 lustig","2025年趣味圣诞倒数日历"
"deu_Latn","energy adventskalender","能量圣诞日历"
"deu_Latn","adventskalender autos für jungs","圣诞倒数日历 男孩汽车玩具"
"deu_Latn","adventskalender hot wheels","圣诞倒数日历 热力轮（Hot Wheels）"
"deu_Latn","adventskalender sexspielzeug für paare","圣诞倒数日历 男女情侣性玩具"
"deu_Latn","ferrero adventskalender 2025","费列罗2025年圣诞倒数日历"
"deu_Latn","die drei fragezeichen kids adventskalender","三个问号儿童圣诞倒数日历"
"deu_Latn","warhammer adventskalender","战锤圣诞日历"
"deu_Latn","adventskalender 2025 puzzle","2025年圣诞日历拼图"
"deu_Latn","adventskalender ankerkraut","圣诞日历 圣诞槲寄生"
"deu_Latn","familien adventskalender 2025","2025年家庭圣诞倒数日历"
"deu_Latn","rituals rituals adventskalender","rituals rituals 圣诞倒数日历"
"deu_Latn","adventskalender pringles 2025","2025年宾丽家圣诞日历"
"deu_Latn","mini brands adventskalender 2025","迷你品牌2025年圣诞倒数日历"
"deu_Latn","mon cherie adventskalender","我的宝贝圣诞倒数日历"
"deu_Latn","adventskalender nagellack","圣诞倒数日历 甲油"
"deu_Latn","stoffsäckchen adventskalender","布袋圣诞日历"
"deu_Latn","adventskalender 2025 baby","2025年圣诞倒数日历 宝宝"
"deu_Latn","adventskalender bücher kinder","圣诞倒数日历 书籍 儿童"
"deu_Latn","adventskalender liebe","圣诞倒数日历 爱心"
"deu_Latn","tkkg adventskalender","TKKG 圣诞倒数日历"
"deu_Latn","adventskalender 2025 buch","2025年圣诞倒数日历 书"
"deu_Latn","adventskalender knete","圣诞日历 面团"
"deu_Latn","damen adventskalender 2025","女士2025年圣诞倒数日历"
"deu_Latn","adventskalender 2025 exit","2025年圣诞倒数日历 退出"
"deu_Latn","adventskalender 2025 rituals frauen","2025年圣诞倒数日历 rituals 女士"
"deu_Latn","adventskalender 2025 mann","2025年圣诞倒数日历 男士"
"deu_Latn","adventskalender postkarten","圣诞倒数日历明信片"
"deu_Latn","harry potter lego adventskalender","哈利波特乐高圣诞倒数日历"
"deu_Latn","pralinen adventskalender 2025","2025年松露巧克力圣诞倒数日历"
"deu_Latn","adventskalender männer ideen","圣诞日历 男士 设计灵感"
"deu_Latn","nivea men adventskalender 2025","妮维雅男士2025年圣诞倒数日历"
"deu_Latn","adventskalender ab 3 jahre","3岁以上儿童的圣诞倒数日历"
"deu_Latn","adventskalender für 1 jährige","1岁儿童的圣诞倒数日历"
"deu_Latn","füllung für adventskalender kinder","儿童圣诞倒数日历填充物"
"deu_Latn","motorrad adventskalender","摩托车 圣诞倒数日历"
"deu_Latn","adventskalender 2025 after eight","2025年圣诞倒数日历 after eight"
"deu_Latn","adventskalender 2025 alkohol","2025年圣诞倒数日历 酒精"
"deu_Latn","adventskalender 4 jahre junge","圣诞日历 4年新款"
"deu_Latn","adventskalender zartbitter schokolade","圣诞倒数日历 无糖苦巧克力"
"deu_Latn","marmeladen adventskalender 2025","2025年果酱圣诞倒数日历"
"deu_Latn","adventskalender nuss","圣诞倒数日历 花生"
"deu_Latn","glück adventskalender marmelade","幸福 圣诞倒数日历 果酱"
"deu_Latn","holy energy adventskalender 2025","2025年圣能圣诞倒数日历"
"deu_Latn","sachen für adventskalender","Advent Calendar的东西"
"deu_Latn","adventskalender 2025 gesund","2025年健康圣诞日历"
"deu_Latn","adventskalender für freundin","给女友的圣诞倒数日历"
"deu_Latn","adventskalender häuschen","圣诞日历小屋"
"deu_Latn","adventskalender kosmos","圣诞倒数日历 宇宙"
"deu_Latn","wieso weshalb warum adventskalender","为什么 为何 原因 圣诞倒数日历"
"deu_Latn","adventskalender 2025 sex","2025年圣诞倒数日历 性爱"
"deu_Latn","adventskalender roblox 2025","2025年roblox圣诞日历"
"deu_Latn","adventskalender 2025 männer schokolade","2025年圣诞倒数日历 男士 巧克力"
"deu_Latn","adventskalender pixi","圣诞倒数日历 pixi"
"deu_Latn","adventskalender 3 jahre junge","圣诞日历 3年新"
"deu_Latn","adventskalender puzzle kinder","圣诞倒数日历拼图儿童"
"deu_Latn","baby adventskalender ab 6 monate","6个月起适用的婴儿圣诞倒数日历"
"deu_Latn","krimi adventskalender","犯罪小说圣诞日历"
"deu_Latn","adventskalender achtsamkeit 2025","2025年圣诞倒数日历 正念"
"deu_Latn","foto adventskalender","圣诞倒数日历照片"
"deu_Latn","füllung für adventskalender männer","男士圣诞倒数日历填充物"
"deu_Latn","glutenfrei adventskalender","无麸质圣诞倒数日历"
"deu_Latn","papier adventskalender zum befüllen","可填充的纸制圣诞倒数日历"
"deu_Latn","sex adventskalender 2025","2025年性爱圣诞日历"
"deu_Latn","adventskalender ehrlich brothers","圣诞倒数日历 Ehrlich Brothers"
"deu_Latn","adventskalender pandora","潘多拉圣诞倒数日历"
"deu_Latn","adventskalender 2025 selbst befüllen","2025年圣诞倒数日历 自行填充"
"deu_Latn","blumen adventskalender","花卉圣诞倒数日历"
"deu_Latn","gesunder adventskalender","健康圣诞降临日历"
"deu_Latn","postkarten adventskalender","明信片 圣诞倒数日历"
"deu_Latn","smarties adventskalender","smarties adventskalender"
"deu_Latn","juicy bomb adventskalender","多汁炸弹圣诞倒数日历"
"deu_Latn","lindor adventskalender","林德曼圣诞倒数日历"
"deu_Latn","adventskalender 2025 catrice","2025年圣诞倒数日历 Catrice"
"deu_Latn","adventskalender für jugendliche","青少年圣诞倒数日历"
"deu_Latn","adventskalender süßigkeiten 2025","2025年圣诞倒数日历糖果"
"deu_Latn","bvb adventskalender","bvb 圣诞倒数日历"
"deu_Latn","charlotte tilbury adventskalender","夏洛特·蒂尔伯里圣诞倒数日历"
"deu_Latn","adventskalender 2 jahre mädchen","圣诞日历 2岁 女孩"
"deu_Latn","adventskalender eiskönigin","圣诞倒数日历 冰雪奇缘"
"deu_Latn","adventskalender schwester","圣诞倒数日历 姐妹"
"deu_Latn","adventskalender super mario","超级马里奥圣诞倒数日历"
"deu_Latn","escape room adventskalender","密室逃脱圣诞日历"
"deu_Latn","adventskalender 2025 niederegger","2025年尼德雷格格圣诞倒数日历"
"deu_Latn","adventskalender 2025 nivea","2025年妮维雅圣诞倒数日历"
"deu_Latn","adventskalender zum befüllen säckchen","可填充的圣诞倒数日历小袋装"
"deu_Latn","aoste adventskalender","Aoste 圣诞倒数日历"
"deu_Latn","adventskalender badespaß","圣诞倒数日历 泳池乐趣"
"deu_Latn","adventskalender lebkuchen","圣诞倒数日历姜饼"
"deu_Latn","bitty pop adventskalender","bitty pop 圣诞倒数日历"
"deu_Latn","nivea adventskalender 2025 frauen","妮维雅2025年圣诞日历 女性"
"deu_Latn","xxl adventskalender 2025","2025年XXL圣诞倒数日历"
"deu_Latn","adventskalender 2025 star wars","2025年星球大战圣诞日历"
"deu_Latn","funko adventskalender","funko adventskalender"
"deu_Latn","adventskalender karte","圣诞日历卡片"
"deu_Latn","dnd adventskalender","dnd adventskalender（译文：dnd 圣诞倒数日历）"
"deu_Latn","drei ausrufezeichen adventskalender","三个感叹号圣诞倒数日历"
"deu_Latn","adventskalender lego duplo","乐高得宝圣诞日历"
"deu_Latn","adventskalender schleich pferde","圣诞日历 沙利赫 马"
"deu_Latn","amazon-adventskalender","亚马逊圣诞倒数日历"
"deu_Latn","lilo und stitch adventskalender","《莉萝与史迪奇》圣诞倒数日历"
"deu_Latn","adventskalender badespaß kinder","圣诞倒数日历 泳池乐趣 儿童"
"deu_Latn","adventskalender schreibwaren","圣诞日历 文具"
"deu_Latn","adventskalender star wars 2025","2025年星球大战圣诞倒数日历"
"deu_Latn","freche freunde adventskalender 2025","弗雷切朋友2025年圣诞倒数日历"
"deu_Latn","wasgij adventskalender","wasgij 圣诞倒数日历"
"deu_Latn","adventskalender 2025 auto","2025年圣诞倒数日历 汽车"
"deu_Latn","adventskalender 2025 disney","2025年迪士尼圣诞倒数日历"
"deu_Latn","adventskalender für teenager mädchen","青少年女孩的圣诞倒数日历"
"deu_Latn","adventskalender haribo 2025","2025年哈瑞宝圣诞倒数日历"
"deu_Latn","lindt-adventskalender","林德特圣诞倒数日历"
"deu_Latn","würth adventskalender 2025","2025年Würth圣诞倒数日历"
"deu_Latn","adventskalender schminke kinder","圣诞倒数日历 儿童化妆品"
"deu_Latn","adventskalender-säckchen","圣诞倒数日历小袋"
"deu_Latn","kosmos adventskalender","科斯莫斯圣诞倒数日历"
"deu_Latn","stranger things adventskalender 2025","《怪奇物语》2025年圣诞倒数日历"
"deu_Latn","survival adventskalender 2025","2025生存圣诞日历"
"deu_Latn","adventskalender 2025 männer kosmetik","2025年圣诞倒数日历 男士化妆品"
"deu_Latn","adventskalender 2025 wera","2025年圣诞倒数日历 wera"
"deu_Latn","böker adventskalender 2025","Böker 2025年圣诞倒数日历"
"deu_Latn","herr der ringe adventskalender","指环王圣诞倒数日历"
"deu_Latn","kiko adventskalender 2025","kiko 圣诞倒数日历 2025"
"deu_Latn","coole adventskalender 2025","2025年酷炫的圣诞倒数日历"
"deu_Latn","funko pop adventskalender 2025","funko pop adventskalender 2025"
"deu_Latn","labubu adventskalender","labubu 圣诞倒数日历"
"deu_Latn","adventskalender 2025 marmelade","2025年圣诞倒数日历 果酱"
"deu_Latn","adventskalender deko","圣诞日历装饰"
"deu_Latn","fishermans friends adventskalender","渔夫之友圣诞倒数日历"
"deu_Latn","kleinigkeiten für adventskalender männer","适用于男士的圣诞倒数日历小物件"
"deu_Latn","tütchen adventskalender","小袋装圣诞倒数日历"
"deu_Latn","adventskalender 2025 angeln","2025年圣诞倒数日历 钓鱼"
"deu_Latn","adventskalender haare","圣诞倒数日历 发辫"
"deu_Latn","adventskalender match attax","圣诞倒数日历 match attax"
"deu_Latn","adventskalender schmuck silber","圣诞倒数日历 珠宝 银"
"deu_Latn","schokolade für adventskalender","用于圣诞倒数日历的巧克力"
"deu_Latn","kitkat adventskalender 2025","2025年奇巧圣诞倒数日历"
"deu_Latn","ovomaltine adventskalender 2025","欧文麦提2025年圣诞倒数日历"
"deu_Latn","adventskalender befüllen ideen kinder","圣诞倒数日历填充创意儿童"
"deu_Latn","adventskalender 2025 frau","2025年圣诞倒数日历 女士"
"deu_Latn","adventskalender 2025 katzen","2025年圣诞倒数日历 猫咪"
"deu_Latn","adventskalender für oma","给奶奶的圣诞倒数日历"
"deu_Latn","adventskalender gesunde snacks","圣诞日历 健康零食"
"deu_Latn","my müsli adventskalender","我的麦片圣诞倒数日历"
"deu_Latn","peppa wutz adventskalender 2025","2025年佩奇伍兹圣诞倒数日历"
"deu_Latn","rabenhorst adventskalender 2025","拉本霍斯特2025年圣诞倒数日历"
"deu_Latn","adventskalender 2025 amorelie","2025年圣诞倒数日历 amorelie"
"deu_Latn","squishy adventskalender 2025","2025款软萌圣诞倒数日历"
"deu_Latn","adventskalender 1 jahr","圣诞倒数日历 1 年"
"deu_Latn","adventskalender 2025 kaffee","2025年圣诞倒数日历 咖啡"
"deu_Latn","adventskalender damen 2025","2025年女士圣诞倒数日历"
"deu_Latn","adventskalender nutella 2025","2025年Nutella圣诞倒数日历"
"deu_Latn","ravensburger adventskalender 2025","ravensburger 2025年圣诞倒数日历"
"deu_Latn","woozle goozle adventskalender","woozle goozle 圣诞倒数日历"
"deu_Latn","adventskalender nummern","圣诞倒数日历数字"
"deu_Latn","adventskalender parfüm männer","圣诞日历 男士香水"
"deu_Latn","adventskalender pferd","圣诞倒数日历 马"
"deu_Latn","adventskalender salami","圣诞倒数日历 萨拉米香肠"
"deu_Latn","adventskalender zum befüllen papier","可填充的圣诞倒数日历 纸质"
"deu_Latn","adventskalender inhalt teenager","圣诞倒数日历 内容 青少年"
"deu_Latn","adventskalender porsche","圣诞日历 保时捷"
"deu_Latn","brio adventskalender 2025","brio 2025年圣诞倒数日历"
"deu_Latn","adventskalender haarschmuck","圣诞日历 发饰"
"deu_Latn","pettersson und findus adventskalender","佩特松与芬杜斯圣诞倒数日历"
"deu_Latn","adventskalender 12 jahre mädchen","圣诞倒数日历 12年 女孩"
"deu_Latn","adventskalender 2025 pferde","2025年圣诞倒数日历 马"
"deu_Latn","adventskalender erotik","圣诞倒数日历 情趣"
"deu_Latn","adventskalender snacks aus aller welt","来自世界各地的圣诞日历零食"
"deu_Latn","frühstück adventskalender","早餐 圣诞倒数日历"
"deu_Latn","adventskalender 2025 herren","2025年男士圣诞倒数日历"
"deu_Latn","adventskalender bluey 2025","2025年蓝色小精灵圣诞倒数日历"
"deu_Latn","adventskalender jungen 7 jahre","7岁儿童圣诞倒数日历"
"deu_Latn","angler adventskalender 2025","angler adventskalender 2025"
"deu_Latn","hsv adventskalender 2025","HSV圣诞日历2025"
"deu_Latn","adventskalender 2025 erotisch","2025年圣诞倒数日历 淫荡"
"deu_Latn","adventskalender bausteine","圣诞日历积木"
"deu_Latn","blue brixx adventskalender","蓝色brixx圣诞倒数日历"
"deu_Latn","ferrero rocher adventskalender","费列罗罗彻圣诞倒数日历"
"deu_Latn","kosmetik adventskalender für teenager","适合青少年的化妆品圣诞日历"
"deu_Latn","adventskalender mutter","圣诞倒数日历 母亲"
"deu_Latn","marvel adventskalender 2025","漫威2025年圣诞日历"
"deu_Latn","bio adventskalender","有机圣诞日历"
"deu_Latn","inhalt adventskalender frau","内容 复临日历 女人"
"deu_Latn","adventskalender honig","圣诞日历 蜂蜜"
"deu_Latn","cupper adventskalender 2025","cupper adventskalender 2025"
"deu_Latn","kreuzworträtsel adventskalender","填字游戏 圣诞倒数日历"
"deu_Latn","matchbox adventskalender","火柴盒圣诞倒数日历"
"deu_Latn","nfl adventskalender 2025","NFL圣诞倒数日历2025"
"deu_Latn","adventskalender buch mädchen","圣诞日历 书籍 女孩"
"deu_Latn","adventskalender one piece","圣诞倒数日历 海贼王"
"deu_Latn","adventskalender pärchen","圣诞倒数日历成对（或：圣诞倒数日历配对）"
"deu_Latn","geschenktüten adventskalender","礼品袋 圣诞倒数日历"
"deu_Latn","gewürze adventskalender","香料圣诞倒数日历"
"deu_Latn","nagellack adventskalender","指甲油圣诞日历"
"deu_Latn","peters adventskalender 2025","peters 2025年圣诞倒数日历"
"deu_Latn","adventskalender kinder 10 jahre","儿童圣诞倒数日历 10周年"
"deu_Latn","adventskalender ninjago","忍者神龟圣诞倒数日历"
"deu_Latn","männer-adventskalender","男士圣诞倒数日历"
"deu_Latn","makita weihnachtskalender 2025","牧田2025年圣诞日历"
"deu_Latn","weihnachtskalender tee","圣诞日历茶"
"deu_Latn","adventskalender für frauen 2025","2025年女性圣诞倒数日历"
"deu_Latn","adventskalender hitschies","圣诞倒数日历hitschies"
"deu_Latn","adventskalender playstation","PlayStation 复临 日历"
"deu_Latn","hello kitty adventskalender 2025","hello kitty 2025年圣诞倒数日历"
"deu_Latn","spiderman adventskalender","蜘蛛侠圣诞日历"
"deu_Latn","winnie pooh adventskalender","维尼熊圣诞倒数日历"
"deu_Latn","weihnachtskalender lego","乐高圣诞日历"
"deu_Latn","m&m adventskalender 2025","m&m 圣诞倒数日历 2025"
"deu_Latn","adventskalender makita 2025","2025年牧田（Makita）圣诞倒数日历"
"deu_Latn","adventskalender schokolade erwachsene","圣诞倒数日历 巧克力 成人"
"deu_Latn","kleinigkeiten adventskalender","小细节 圣诞倒数日历"
"deu_Latn","adventskalender bilder nostalgie","圣诞倒数日历图片 怀旧"
"deu_Latn","adventskalender fc bayern münchen","拜仁慕尼黑圣诞日历"
"deu_Latn","adventskalender monster high","《怪兽高中》圣诞倒数日历"
"deu_Latn","adventskalender motorrad","摩托车圣诞倒数日历"
"deu_Latn","adventskalender+2025","2025年圣诞倒数日历"
"deu_Latn","amazon beauty adventskalender 2025","亚马逊美妆圣诞倒数日历2025"
"deu_Latn","füllung adventskalender mädchen","填充圣诞倒数日历女孩"
"deu_Latn","labubu adventskalender 2025","labubu 2025年圣诞倒数日历"
"deu_Latn","meßmer tee adventskalender","梅斯默茶圣诞倒数日历"
"deu_Latn","mini parfum adventskalender","迷你香水圣诞倒数日历"
"deu_Latn","paar minuten adventskalender","几分钟的圣诞倒数日历"
"deu_Latn","adventskalender frauen parfüm","圣诞倒数日历 女性 香水"
"deu_Latn","adventskalender getränke","圣诞倒数日历饮品"
"deu_Latn","adventskalender schnaps","圣诞日历烈酒"
"deu_Latn","ausgefallene adventskalender","别致的圣诞降临日历"
"deu_Latn","jutebeutel adventskalender","黄麻袋 圣诞倒数日历"
"deu_Latn","skin care adventskalender","护肤圣诞倒数日历"
"deu_Latn","adventskalender 2025 gummibärchen","2025年圣诞倒数日历 软糖小熊"
"deu_Latn","adventskalender edelsteine kinder","圣诞倒数日历 宝石 儿童"
"deu_Latn","adventskalender zaubertrick","圣诞日历魔法把戏"
"deu_Latn","sport adventskalender 2025","2025年运动圣诞日历"
"deu_Latn","adventskalender brainrot","圣诞倒数日历 脑白金"
"deu_Latn","adventskalender ohne süßigkeiten","无糖果的圣诞日历"
"deu_Latn","adventskalender yoga","瑜伽圣诞日历"
"deu_Latn","dr oetker adventskalender","德奥特克圣诞倒数日历"
"deu_Latn","kleine geschenke für adventskalender erwachsene","成人用圣诞倒数日历小礼物"
"deu_Latn","müsli adventskalender 2025","穆斯利圣诞倒数日历2025"
"deu_Latn","schnaps adventskalender 2025","2025年圣诞历酒"
"deu_Latn","adventskalender weleda","圣诞倒数日历 Weleda"
"deu_Latn","spongebob adventskalender","海绵宝宝圣诞日历"
"deu_Latn","adventskalender 2025 basteln","2025年圣诞倒数日历手工制作"
"deu_Latn","adventskalender xxl","圣诞倒数日历 xxl"
"deu_Latn","besondere adventskalender","特别的圣诞倒数日历"
"deu_Latn","f1 adventskalender 2025","F1 圣诞倒数日历 2025"
"deu_Latn","zahlen aufkleber 1 bis 24 adventskalender","支付贴纸1至24圣诞日历"
"deu_Latn","adventskalender just spices","圣诞倒数日历 just spices"
"deu_Latn","adventskalender zuckerfrei","无糖圣诞倒数日历"
"deu_Latn","adventskalender 2025 paw patrol","2025年圣诞倒数日历 Paw Patrol"
"deu_Latn","adventskalender bosch 2025","2025年博世圣诞倒数日历"
"deu_Latn","ddr adventskalender","ddr 圣诞倒数日历"
"deu_Latn","parfum adventskalender 2025","2025年香水圣诞倒数日历"
"deu_Latn","rubbellos adventskalender","刮刮乐 圣诞倒数日历"
"deu_Latn","adventskalender brawl stars","圣诞倒数日历 破坏都市"
"deu_Latn","adventskalender drei ausrufezeichen","圣诞倒数日历 三个感叹号"
"deu_Latn","adventskalender familien","圣诞日历 家庭款"
"deu_Latn","adventskalender nähen","圣诞倒数日历缝制"
"deu_Latn","adventskalender paare erwachsene erotisch","圣诞倒数日历 成对 成人 诱惑"
"deu_Latn","adventskalender verpackung","圣诞倒数日历包装"
"deu_Latn","flex adventskalender 2025","flex 2025年圣诞倒数日历"
"deu_Latn","gaming adventskalender 2025","2025年游戏主题圣诞倒数日历"
"deu_Latn","lebenskompass adventskalender 2025","生活指南2025年圣诞倒数日历"
"deu_Latn","adventskalender gin","圣诞日历金酒"
"deu_Latn","adventskalender jungen 14 jahre","14岁青少年圣诞倒数日历"
"deu_Latn","adventskalender kreativ erwachsene","创意成人圣诞倒数日历"
"deu_Latn","adventskalender 2025 männer pflege","2025年圣诞倒数日历 男士 护理"
"deu_Latn","adventskalender ferrero 2025","费列罗2025年圣诞倒数日历"
"deu_Latn","adventskalender für männer 2025","2025年男士圣诞倒数日历"
"deu_Latn","christlicher adventskalender","基督教圣诞倒数日历"
"deu_Latn","o donnell moonshine adventskalender","奥唐奈月光圣诞日历"
"deu_Latn","adventskalender 10 jahre mädchen","圣诞倒数日历 10周年 女孩"
"deu_Latn","adventskalender 2025 ferrero","2025年费列罗圣诞倒数日历"
"deu_Latn","adventskalender 3 fragezeichen","圣诞日历 3问号"
"deu_Latn","adventskalender chips 2025","2025年圣诞倒数日历薯片"
"deu_Latn","adventskalender pokemon karten","圣诞倒数日历宝可梦卡牌"
"deu_Latn","pokemon karten adventskalender","宝可梦卡片圣诞日历"
"deu_Latn","adventskalender 2024","2024年圣诞倒数日历"
"deu_Latn","adventskalender checker tobi 2025","2025年托比（Tobi）圣诞倒数日历检查器"
"deu_Latn","adventskalender frauen rituals","圣诞日历 女士 Rituals"
"deu_Latn","adventskalender schule der magischen tiere","魔法动物学校圣诞日历"
"deu_Latn","adventskalender tüten klein","圣诞倒数日历小袋子"
"deu_Latn","adventskalender vegan schokolade","素食圣诞日历巧克力"
"deu_Latn","adventskalender armband","圣诞倒数日历手链"
"deu_Latn","masam adventskalender 2025","2025年masam圣诞日历"
"deu_Latn","super mario adventskalender 2025","超级马里奥2025年圣诞倒数日历"
"deu_Latn","adventskalender 2025 lego blumen","2025年乐高圣诞倒数日历 花卉"
"deu_Latn","adventskalender ingwer shots","姜味圣诞倒数日历（或：姜味圣诞日历）"
"deu_Latn","traktor adventskalender","拖拉机圣诞日历"
"deu_Latn","adventskalender boxen","圣诞倒数日历盒装"
"deu_Latn","adventskalender ddr","圣诞倒数日历 DDR"
"deu_Latn","adventskalender elektronik","电子圣诞日历"
"deu_Latn","adventskalender mann 2025","2025年男士圣诞倒数日历"
"deu_Latn","adventskalender zug","圣诞倒数日历"
"deu_Latn","frühstück adventskalender 2025","早餐 圣诞倒数日历 2025"
"deu_Latn","achtsamkeit adventskalender","谨慎性 圣诞日历"
"deu_Latn","adventskalender 3 jahre mädchen","圣诞倒数日历 3岁 女孩"
"deu_Latn","adventskalender befüllung","圣诞倒数日历填充物"
"deu_Latn","befüllung adventskalender kinder","儿童圣诞倒数日历填充物"
"deu_Latn","adventskalender 2025 mädchen 8 jahre","2025年圣诞倒数日历 女孩 8岁"
"deu_Latn","adventskalender mädchen beauty","圣诞倒数日历 女孩 美容"
"deu_Latn","nougat adventskalender 2025","2025年牛轧糖圣诞倒数日历"
"deu_Latn","adventskalender füllung ideen","圣诞日历填充创意"
"deu_Latn","adventskalender kinder mädchen","儿童女孩圣诞倒数日历"
"deu_Latn","adventskalender mit foto","带照片的圣诞倒数日历"
"deu_Latn","adventskalender toblerone","托布勒酮圣诞日历"
"deu_Latn","windel adventskalender","尿布圣诞倒数日历"
"deu_Latn","'adventskalender für paare","情侣圣诞倒数日历"
"deu_Latn","adventskalender 2025 sport","2025年运动主题圣诞日历"
"deu_Latn","adventskalender gitarre","圣诞倒数日历 吉他"
"deu_Latn","adventskalender holz zum befüllen","圣诞倒数日历 木质 可填充"
"deu_Latn","adventskalender kleinigkeiten","圣诞倒数日历 小物件"
"deu_Latn","adventskalender maus","圣诞倒数日历 鼠标"
"deu_Latn","adventskalender spirituell","圣诞倒数日历 灵性"
"deu_Latn","back adventskalender 2025","2025年倒数日历（背面款）"
"deu_Latn","nissin adventskalender","日清圣诞日历"
"deu_Latn","adventskalender 2025 legami","2025年圣诞倒数日历 legami"
"deu_Latn","die maus adventskalender","die maus adventskalender"
"deu_Latn","geschenke für adventskalender frauen","圣诞日历礼品 女性"
"deu_Latn","lebkuchen adventskalender","圣诞姜饼历"
"deu_Latn","squishy adventskalender","软萌的圣诞倒数日历"
"deu_Latn","24 tüten für adventskalender","24袋用于圣诞倒数日历"
"deu_Latn","adventskalender 10 jahre junge","圣诞日历 10周年纪念版"
"deu_Latn","adventskalender chupa chups","圣诞日历 奇巧棒棒糖"
"deu_Latn","adventskalender experimente kinder","圣诞倒数日历 实验 儿童"
"deu_Latn","adventskalender für reiter und pferd","骑手与马用的圣诞倒数日历"
"deu_Latn","gesunder adventskalender 2025","健康2025年圣诞降临日历"
"deu_Latn","mr beast adventskalender","mr beast 圣诞倒数日历"
"deu_Latn","adventskalender ninjago lego","尼加加历（Adventskalender Ninjago）乐高"
"deu_Latn","adventskalender tinti","蒂蒂圣诞倒数日历"
"deu_Latn","adventskalender usa","圣诞倒数日历 美国"
"deu_Latn","malen nach zahlen adventskalender","按数字涂色的圣诞倒数日历"
"deu_Latn","rätsel adventskalender erwachsene","谜题 圣诞倒数日历 成人"
"deu_Latn","sternenschweif adventskalender","星尘尾迹圣诞倒数日历"
"deu_Latn","adventskalender jungen 2 jahre","圣诞倒数日历 2岁儿童"
"deu_Latn","adventskalender rum","复临日历房间"
"deu_Latn","füllung adventskalender männer","填充式圣诞倒数日历 男士"
"deu_Latn","golf adventskalender 2025","高尔夫圣诞倒数日历 2025"
"deu_Latn","adventskalender 2025 frühstück","2025年圣诞倒数日历 早餐"
"deu_Latn","adventskalender kpop","圣诞倒数日历 KPOP"
"deu_Latn","adventskalender more","圣诞倒数日历 更多"
"deu_Latn","hitschler adventskalender 2025","hitschler adventskalender 2025"
"deu_Latn","vegan adventskalender 2025","2025年纯素圣诞倒数日历"
"deu_Latn","wera adventskalender 2024","wera adventskalender 2024"
"deu_Latn","kinder adventskalender 2025 schokolade","2025年儿童圣诞倒数日历 巧克力"
"deu_Latn","odonnell adventskalender 2025","奥唐奈2025年圣诞倒数日历"
"deu_Latn","adventskalender 2025 bücher","2025年圣诞倒数日历书籍"
"deu_Latn","adventskalender 2025 männer whiskey","2025年圣诞倒数日历 男士 霍格酒"
"deu_Latn","adventskalender beutel stoff","圣诞日历袋布料"
"deu_Latn","adventskalender dm","dm圣诞日历"
"deu_Latn","adventskalender drachen","圣诞倒数日历 龙形"
"deu_Latn","adventskalender junge 10 jahre","圣诞倒数日历 10周年纪念版"
"deu_Latn","adventskalender jäger","圣诞倒数日历 贾格（品牌名）"
"deu_Latn","adventskalender mädchen 14 jahre","圣诞倒数日历 女孩 14岁"
"deu_Latn","adventskalender 2025 bosch","2025年圣诞倒数日历 博世"
"deu_Latn","kleines spielzeug für adventskalender","圣诞倒数日历的小玩具"
"deu_Latn","bts adventskalender 2025","bts adventskalender 2025"
"deu_Latn","kleinigkeiten adventskalender kinder","小物件 圣诞倒数日历 儿童"
"deu_Latn","playmobil junior adventskalender","playmobil junior adventskalender"
"deu_Latn","adventskalender 2025 koro","2025年圣诞倒数日历 koro"
"deu_Latn","adventskalender baby 6 monate","圣诞倒数日历 宝宝 6个月"
"deu_Latn","adventskalender dart","圣诞倒数日历 飞镖"
"deu_Latn","adventskalender seeberger","adventskalender seeberger"
"deu_Latn","jungs adventskalender 2025","2025年男孩圣诞倒数日历"
"deu_Latn","saatgut adventskalender","种子 圣诞倒数日历"
"deu_Latn","trend it up adventskalender 2025","潮流升级 圣诞倒数日历 2025"
"deu_Latn","adventskalender 2025 mama","2025年圣诞倒数日历 妈妈"
"deu_Latn","adventskalender 2025 schoko","2025年圣诞倒数日历 巧克力"
"deu_Latn","adventskalender snoopy","圣诞倒数日历 史努比"
"deu_Latn","netflix adventskalender 2025","netflix 2025年圣诞倒数日历"
"deu_Latn","ramen adventskalender 2025","拉面圣诞倒数日历2025"
"deu_Latn","adventskalender 2025 freundin","2025年圣诞倒数日历 女友"
"deu_Latn","adventskalender 2025 kinder zum befüllen","2025年儿童填充式圣诞倒数日历"
"deu_Latn","adventskalender für 2 jährige","适合2岁儿童的圣诞倒数日历"
"deu_Latn","einhorn adventskalender 2025","独角兽2025年圣诞倒数日历"
"deu_Latn","instant nudeln adventskalender","即食面条 圣诞倒数日历"
"deu_Latn","adventskalender mit parfümproben","香水试用装的圣诞倒数日历"
"deu_Latn","adventskalender revel","圣诞倒数日历 revel"
"deu_Latn","adventskalender saft","圣诞日历果汁"
"deu_Latn","holzzahlen adventskalender","holzzahlen adventskalender"
"deu_Latn","lakrids by bülow adventskalender","lakrids by bülow 圣诞倒数日历"
"deu_Latn","lotta leben adventskalender","lotta leben 圣诞倒数日历"
"deu_Latn","rubbellos adventskalender lotto","刮刮乐 圣诞倒数日历 彩票"
"deu_Latn","adventskalender 2025 parfüm damen","2025年圣诞倒数日历 女士香水"
"deu_Latn","adventskalender 2026","2026年圣诞倒数日历"
"deu_Latn","adventskalender kekse","圣诞倒数日历饼干"
"deu_Latn","craze adventskalender","热门圣诞日历"
"deu_Latn","stoffbeutel adventskalender","布袋 圣诞倒数日历"
"deu_Latn","adventskalender 2025 balea","2025年圣诞倒数日历 Balea"
"deu_Latn","adventskalender minecraft lego","《我的世界》乐高圣诞倒数日历"
"deu_Latn","adventskalender mit speisen & getränken","带食物和饮料的圣诞倒数日历"
"deu_Latn","adventskalender schachteln","圣诞倒数日历盒子"
"deu_Latn","adventskalender steine kristalle","圣诞日历 石头 水晶"
"deu_Latn","aufkleber zahlen adventskalender","贴纸 支付 圣诞日历"
"deu_Latn","dart adventskalender","dart adventskalender"
"deu_Latn","ehrlich brothers adventskalender","ehrlich brothers adventskalender"
"deu_Latn","loreal paris adventskalender 2025","欧莱雅巴黎2025年圣诞倒数日历"
"deu_Latn","rentner adventskalender 2025","退休人员2025年圣诞倒数日历"
"deu_Latn","ritual adventskalender 2025","2025年Ritual圣诞倒数日历"
"deu_Latn","adventskalender foto","圣诞日历照片"
"deu_Latn","adventskalender kinder füllung","儿童圣诞倒数日历填充物"
"deu_Latn","adventskalender zum befüllen rosa","可填充的粉色圣诞倒数日历"
"deu_Latn","weihnachtskalender 2025 schokolade","2025年圣诞日历 巧克力"
"deu_Latn","adventskalender diabetiker","糖尿病患者圣诞倒数日历"
"deu_Latn","adventskalender jungen 9 jahre","圣诞倒数日历 9岁儿童"
"deu_Latn","adventskalender sugar gang","圣诞倒数日历 糖果日历"
"deu_Latn","bmw adventskalender","宝马圣诞倒数日历"
"deu_Latn","primavera adventskalender 2025","2025年春日圣诞日历"
"deu_Latn","adventskalender camping","圣诞日历 露营"
"deu_Latn","eis.de adventskalender 2025","eis.de 圣诞倒数日历 2025"
"deu_Latn","manner adventskalender 2025","manner 圣诞倒数日历 2025"
"deu_Latn","reber adventskalender","雷伯圣诞倒数日历"
"deu_Latn","topp adventskalender","顶级圣诞倒数日历"
"deu_Latn","adventskalender opa","圣诞倒数日历 爷爷"
"deu_Latn","buch adventskalender 2025 kinder","2025年儿童圣诞倒数日历书籍"
"deu_Latn","fahrrad adventskalender","自行车圣诞倒数日历"
"deu_Latn","lego technic adventskalender 2025","乐高机械系列圣诞倒数日历2025"
"deu_Latn","lego weihnachtskalender","乐高圣诞日历"
"deu_Latn","adventskalender 2025 sprüche","2025年圣诞倒数日历寄语"
"deu_Latn","adventskalender feuerwehrmann sam","圣诞倒数日历消防员山姆"
"deu_Latn","adventskalender häuschen zum befüllen","圣诞日历小屋，用于填充"
"deu_Latn","adventskalender kerzen 1-24","圣诞倒数日历蜡烛 1-24"
"deu_Latn","amorelie adventskalender 2025 für paare","amorelie 2025年情侣圣诞倒数日历"
"deu_Latn","bastel adventskalender kinder","儿童手工制作圣诞倒数日历"
"deu_Latn","kleiner adventskalender","小圣诞倒数日历"
"deu_Latn","adventskalender gesundheit","健康圣诞日历"
"deu_Latn","adventskalender lindor","圣诞倒数日历 Lindor"
"deu_Latn","lancome adventskalender 2025","兰蔻2025年圣诞倒数日历"
"deu_Latn","mein erster adventskalender","我的第一个圣诞倒数日历"
"deu_Latn","yogi tea adventskalender","瑜伽茶圣诞倒数日历"
"deu_Latn","adventskalender 2025 mädchen beauty","2025年圣诞倒数日历 女孩 美妆"
"deu_Latn","adventskalender oreo","圣诞倒数日历 oreo"
"deu_Latn","adventskalender puppe","圣诞倒数日历玩偶"
"deu_Latn","cocktail adventskalender","鸡尾酒圣诞日历"
"deu_Latn","paluten adventskalender","帕卢滕圣诞倒数日历"
"deu_Latn","adventskalender disney 2025","迪士尼2025年圣诞倒数日历"
"deu_Latn","adventskalender jutesäckchen","圣诞日历麻布袋"
"deu_Latn","adventskalender manga","漫画圣诞日历"
"deu_Latn","adventskalender-tüten","圣诞倒数日历袋"
"deu_Latn","'adventskalender lego","乐高圣诞日历"
"deu_Latn","icrimax adventskalender 2025","icrimax 2025年圣诞倒数日历"
"deu_Latn","ideen für adventskalender füllung kinder","儿童圣诞倒数日历填充物创意"
"deu_Latn","adventskalender 2025 tüten","2025年圣诞倒数日历袋子"
"deu_Latn","adventskalender dose","圣诞倒数日历罐"
"deu_Latn","adventskalender für senioren","老年人圣诞倒数日历"
"deu_Latn","adventskalender salzig","圣诞倒数日历（咸味）"
"deu_Latn","kpop adventskalender","KPOP圣诞倒数日历"
"deu_Latn","nintendo adventskalender","任天堂圣诞倒数日历"
"deu_Latn","adventskalender 2025 rätsel erwachsene","2025年圣诞倒数日历 成人谜题"
"deu_Latn","adventskalender kinder 6 jahre","儿童（6岁）圣诞倒数日历"
"deu_Latn","adventskalender outdoor","户外圣诞倒数日历"
"deu_Latn","glutenfreier adventskalender","无麸质圣诞降临日历"
"deu_Latn","ironmaxx adventskalender 2025","ironmaxx 2025年圣诞倒数日历"
"deu_Latn","adventskalender kinder playmobil","儿童圣诞倒数日历 Playmobil"
"deu_Latn","adventskalender m&m","m&m 圣诞倒数日历"
"deu_Latn","airfryer adventskalender 2025","空气炸锅 圣诞倒数日历 2025"
"deu_Latn","lauensteiner adventskalender","劳恩施泰纳圣诞倒数日历"
"deu_Latn","lets battle adventskalender","让我们来比拼圣诞倒数日历"
"deu_Latn","lustige adventskalender für erwachsene","成人趣味圣诞降临日历"
"deu_Latn","adventskalender 2025 beauty essence","2025年圣诞倒数日历 美容精华"
"deu_Latn","adventskalender besonders","圣诞倒数日历 特别版"
"deu_Latn","adventskalender füllung für kinder","儿童用圣诞倒数日历填充物"
"deu_Latn","lego-adventskalender","乐高圣诞倒数日历"
"deu_Latn","adventskalender 2025 skin care","2025年圣诞倒数日历 护肤"
"deu_Latn","adventskalender 2025 wein","2025年圣诞倒数日历 葡萄酒"
"deu_Latn","adventskalender jungen 13 jahre","圣诞倒数日历 13岁男孩"
"deu_Latn","adventskalender nintendo","圣诞倒数日历 任天堂"
"deu_Latn","adventskalender tiptoi 2025","2025年Tiptoi圣诞倒数日历"
"deu_Latn","adventskalender fidget toy","圣诞倒数日历解压玩具"
"deu_Latn","kristall adventskalender","水晶圣诞倒数日历"
"deu_Latn","ravensburger adventskalender","ravensburger 圣诞倒数日历"
"deu_Latn","schleich adventskalender horse club","施莱赫圣诞倒数日历 马术俱乐部"
"deu_Latn","sherlock holmes adventskalender","夏洛克·福尔摩斯圣诞倒数日历"
"deu_Latn","adventskalender baden","圣诞倒数日历 泡澡"
"deu_Latn","adventskalender christlich","圣诞日历 基督教风格"
"deu_Latn","adventskalender kinder 8 jahre","儿童圣诞倒数日历 8岁"
"deu_Latn","adventskalender mon cherie","圣诞倒数日历 mon cherie"
"deu_Latn","adventskalender nostalgisch","复古风圣诞日历"
"deu_Latn","dinge für adventskalender","圣诞倒数日历配件"
"deu_Latn","männer adventskalender ideen","男士圣诞倒数日历创意"
"deu_Latn","adventskalender 12 jahre junge","圣诞倒数日历 12年青春"
"deu_Latn","adventskalender jungen 11 jahre","11岁青少年圣诞日历"
"deu_Latn","geschenke adventskalender","礼品 圣诞倒数日历"
"deu_Latn","adventskalender lego ninjago","乐高忍者侠圣诞倒数日历"
"deu_Latn","befüllung adventskalender","填充式圣诞倒数日历"
"deu_Latn","clipper adventskalender","剪刀式圣诞倒数日历"
"deu_Latn","edelstein adventskalender 2025","2025年宝石圣诞倒数日历"
"deu_Latn","frozen adventskalender 2025","2025年冷冻圣诞倒数日历"
"deu_Latn","my müsli adventskalender 2025","我的麦片圣诞倒数日历 2025"
"deu_Latn","sephora adventskalender","丝芙兰圣诞倒数日历"
"deu_Latn","adventskalender ankerkraut 2025","2025年圣诞倒数日历 圣诞槲寄生"
"deu_Latn","adventskalender gamer","游戏者圣诞日历"
"deu_Latn","adventskalender reeses"," Reese's圣诞倒数日历"
"deu_Latn","adventskalender schmuck gold","圣诞倒数日历 珠宝 金色"
"deu_Latn","coca cola adventskalender 2025","可口可乐2025年圣诞倒数日历"
"deu_Latn","adventskalender energy drink","圣诞倒数日历 能量饮料"
"deu_Latn","adventskalender nivea 2025","尼维达2025年圣诞倒数日历"
"deu_Latn","adventskalender schule","圣诞倒数日历 学校"
"deu_Latn","japan adventskalender 2025","日本2025年圣诞倒数日历"
"deu_Latn","lustiger adventskalender","有趣的圣诞倒数日历"
"deu_Latn","naruto adventskalender 2025","火影忍者2025年圣诞日历"
"deu_Latn","tut tut baby flitzer adventskalender","宝宝小车圣诞倒数日历"
"deu_Latn","wurst adventskalender 2025","2025年香肠圣诞倒数日历"
"deu_Latn","adventskalender 2025 mädchen 3 jahre","2025年圣诞倒数日历 女孩 3岁"
"deu_Latn","adventskalender lego harry potter","乐高哈利波特圣诞倒数日历"
"deu_Latn","adventskalender mozartkugeln","圣诞日历 莫扎特巧克力球"
"deu_Latn","adventskalender ohne zucker","无糖圣诞倒数日历"
"deu_Latn","adventskalender sportler","圣诞倒数日历 运动员"
"deu_Latn","asia adventskalender","亚洲圣诞倒数日历"
"deu_Latn","bio adventskalender 2025","2025年有机圣诞日历"
"deu_Latn","makramee adventskalender","钩针编织圣诞倒数日历"
"deu_Latn","wednesday adventskalender 2025","2025年周三圣诞倒数日历"
"deu_Latn","adventskalender k pop demon hunters","圣诞倒数日历 K-pop 恶魔猎人"
"deu_Latn","adventskalender katzenliebhaber","圣诞倒数日历 猫咪爱好者"
"deu_Latn","salami adventskalender 2025","2025年萨拉米香肠圣诞倒数日历"
"deu_Latn","kinder weihnachtskalender","儿童圣诞日历"
"deu_Latn","adventskalender partner","圣诞倒数日历伴侣"
"deu_Latn","geschenke adventskalender frau","礼品 圣诞倒数日历 女士"
"deu_Latn","gourmet adventskalender 2025","2025年美食圣诞倒数日历"
"deu_Latn","hazet adventskalender","hazet 圣诞倒数日历"
"deu_Latn","luxus adventskalender 2025","奢华圣诞倒数日历 2025"
"deu_Latn","prinz adventskalender 2025","prinz adventskalender 2025"
"deu_Latn","schminke adventskalender 2025","2025年化妆圣诞日历"
"deu_Latn","adventskalender netflix","Netflix 圣诞倒数日历"
"deu_Latn","eis adventskalender","冰圣诞日历"
"deu_Latn","lol adventskalender","lol 圣诞日历"
"deu_Latn","nfl adventskalender","nfl 圣诞倒数日历"
"deu_Latn","outdoor adventskalender","户外圣诞倒数日历"
"deu_Latn","teenager adventskalender 2025","青少年2025年圣诞倒数日历"
"deu_Latn","adventskalender matchbox","圣诞日历 matchbox"
"deu_Latn","adventskalender selber befüllen kinder","自制圣诞倒数日历 儿童用"
"deu_Latn","adventskalender frozen","《冰雪奇缘》圣诞日历"
"deu_Latn","duplo adventskalender 2025","2025年duplo圣诞倒数日历"
"deu_Latn","rc adventskalender","rc 圣诞倒数日历"
"deu_Latn","technik adventskalender","技术圣诞日历"
"deu_Latn","wellness adventskalender","养生圣诞日历"
"deu_Latn","adventskalender mädchen schmuck","圣诞倒数日历 女孩 饰品"
"deu_Latn","adventskalender pflege","圣诞倒数日历 护理"
"deu_Latn","adventskalender retro","复古圣诞倒数日历"
"deu_Latn","adventskalender 2025 hunde","2025年圣诞倒数日历 狗"
"deu_Latn","kleinigkeiten für den adventskalender","圣诞日历的小物件"
"deu_Latn","socken adventskalender 2025","2025年袜子圣诞倒数日历"
"deu_Latn","adventskalender 2025 frauen make up","2025年圣诞倒数日历 女性 化妆"
"deu_Latn","adventskalender 2025 für kinder","2025年儿童圣诞倒数日历"
"deu_Latn","adventskalender kinderschokolade 2025","2025年儿童巧克力圣诞倒数日历"
"deu_Latn","adventskalender merci","圣诞倒数日历 merci"
"deu_Latn","adventskalender smarties","圣诞倒数日历 smarties"
"deu_Latn","dackel adventskalender","dackel adventskalender 译文：达克尔圣诞倒数日历"
"deu_Latn","glück marmelade adventskalender","幸福 果酱 圣诞倒数日历"
"deu_Latn","purelei adventskalender 2024","purelei 2024年圣诞倒数日历"
"deu_Latn","tee adventskalender 2025 teekanne","茶 圣诞倒数日历 2025 茶壶"
"deu_Latn","yves rocher adventskalender 2025","伊夫黎雪2025年圣诞倒数日历"
"deu_Latn","bosch weihnachtskalender 2025","博世2025年圣诞日历"
"deu_Latn","lindt weihnachtskalender","林德圣诞日历"
"deu_Latn","adventskalender 2025 kneipp","2025年圣诞倒数日历 kneipp"
"deu_Latn","adventskalender basketball","圣诞倒数日历 篮球"
"deu_Latn","adventskalender handwerker","圣诞倒数日历 工匠"
"deu_Latn","adventskalender jurassic world","侏罗纪世界圣诞倒数日历"
"deu_Latn","adventskalender mit alkohol","含酒精的圣诞倒数日历"
"deu_Latn","adventskalender männer kosmetik","圣诞倒数日历 男士 化妆品"
"deu_Latn","alverde adventskalender 2025","alverde 2025年圣诞倒数日历"
"deu_Latn","kleine sachen für adventskalender","圣诞倒数日历中的小物件"
"deu_Latn","schalke adventskalender 2025","沙尔克2025年圣诞倒数日历"
"deu_Latn","toffifee adventskalender","toffifee 圣诞倒数日历"
"deu_Latn","adventskalender mädchen teenager","圣诞倒数日历 女孩 青少年"
"deu_Latn","kinder adventskalender füllung","儿童圣诞倒数日历填充物"
"deu_Latn","lego duplo adventskalender 2025","乐高Duplo 2025年圣诞倒数日历"
"deu_Latn","snoopy adventskalender 2025","2025年史努比圣诞倒数日历"
"deu_Latn","24 kleine geschenke für adventskalender","24件小礼物用于圣诞倒数日历"
"deu_Latn","adventskalender bier 2025","2025年圣诞倒数日历 啤酒"
"deu_Latn","adventskalender freund","圣诞倒数日历 好友"
"deu_Latn","adventskalender mädchen schminke","圣诞倒数日历 女孩 化妆"
"deu_Latn","adventskalender spongebob","海绵宝宝圣诞倒数日历"
"deu_Latn","adventskalender wiederverwendbar","可重复使用的圣诞日历"
"deu_Latn","evelyn burdecki adventskalender","伊芙琳·布尔德基圣诞倒数日历"
"deu_Latn","adventskalender herzhaft","圣诞倒数日历（含肉食）"
"deu_Latn","adventskalender klammern 1-24","圣诞倒数日历夹子 1-24"
"deu_Latn","adventskalender knabbereien","圣诞日历零食"
"deu_Latn","adventskalender zum befüllen aufhängen","可填充挂式圣诞倒数日历"
"deu_Latn","isana adventskalender 2025","isana 2025年圣诞倒数日历"
"deu_Latn","mein allererster adventskalender","我的第一个圣诞倒数日历"
"deu_Latn","personalisierte adventskalender","个性化圣诞倒数日历"
"deu_Latn","retro adventskalender","复古圣诞倒数日历"
"deu_Latn","wajos adventskalender 2025","wajos 2025年圣诞倒数日历"
"deu_Latn","adventskalender 5 jahre junge","圣诞日历 5年新"
"deu_Latn","adventskalender aus holz","木制圣诞倒数日历"
"deu_Latn","adventskalender kleine geschenke","圣诞倒数日历 小礼物"
"deu_Latn","beauty adventskalender 2025 frauen","2025年女性美妆圣诞日历"
"deu_Latn","kiste für adventskalender","装圣诞倒数日历的箱子"
"deu_Latn","lego adventskalender 2025 minecraft","乐高2025年圣诞日历 游戏人生（或：我的世界）"
"deu_Latn","adventskalender 2025 eis","2025年圣诞倒数日历 冰淇淋"
"deu_Latn","adventskalender auto erwachsene","圣诞倒数日历 汽车 成人"
"deu_Latn","adventskalender eis de","圣诞倒数日历冰淇淋"
"deu_Latn","adventskalender fahrrad","圣诞倒数日历 自行车"
"deu_Latn","adventskalender naruto","火影忍者圣诞日历"
"deu_Latn","adventskalender socken kinder","圣诞倒数日历儿童袜"
"deu_Latn","corny adventskalender 2025","2025年玉米主题圣诞倒数日历"
"deu_Latn","ideen für adventskalender","圣诞倒数日历点子"
"deu_Latn","topmodel adventskalender","顶级模特圣诞日历"
"deu_Latn","vision board adventskalender","愿景板 圣诞倒数日历"
"deu_Latn","adventskalender 2025 achtsamkeit","2025年圣诞倒数日历 正念"
"deu_Latn","adventskalender lego technik","乐高技术系列圣诞倒数日历"
"deu_Latn","ahoj brause adventskalender","阿霍伊饮料圣诞日历"
"deu_Latn","gin adventskalender","金酒圣诞倒数日历"
"deu_Latn","adventskalender 2025 baby born","2025年圣诞倒数日历 Baby Born"
"deu_Latn","adventskalender squishy","圣诞倒数日历 柔软款"
"deu_Latn","bibi und tina adventskalender 2025","bibi und tina 2025年圣诞倒数日历"
"deu_Latn","gepps adventskalender 2025","gepps 2025年圣诞倒数日历"
"deu_Latn","lego adventskalender harry potter","乐高圣诞倒数日历 哈利波特"
"deu_Latn","peppa pig adventskalender","佩奇猪圣诞倒数日历"
"deu_Latn","puppen adventskalender 2025","2025年玩偶圣诞倒数日历"
"deu_Latn","siku adventskalender","siku adventskalender"
"deu_Latn","adventskalender 2025 funko pop","2025年圣诞倒数日历 Funko Pop"
"deu_Latn","adventskalender 2025 whiskey","2025年圣诞倒数日历 威士忌"
"deu_Latn","adventskalender bauen","制作圣诞倒数日历"
"deu_Latn","holz adventskalender","木质圣诞倒数日历"
"deu_Latn","musik adventskalender","音乐圣诞日历"
"deu_Latn","one piece adventskalender 2025","2025年单件圣诞倒数日历"
"deu_Latn","tip toi adventskalender","tip toi 圣诞倒数日历"
"deu_Latn","werder bremen adventskalender","云达不莱梅圣诞倒数日历"
"deu_Latn","weihnachtskalender für kinder","儿童圣诞日历"
"deu_Latn","adventskalender buch erwachsene","圣诞日历 书籍 成人"
"deu_Latn","adventskalender zum befüllen wand","可填充的圣诞倒数日历（壁挂式）"
"deu_Latn","bilder adventskalender","图片 圣诞倒数日历"
"deu_Latn","k pop adventskalender","韩流音乐圣诞倒数日历"
"deu_Latn","slime adventskalender 2025","2025年史莱姆圣诞倒数日历"
"deu_Latn","wicked adventskalender","邪恶的圣诞倒数日历"
"deu_Latn","adventskalender kinder 5 jahre","儿童圣诞倒数日历 5岁"
"deu_Latn","adventskalender kuscheltiere","圣诞倒数日历 毛绒玩具"
"deu_Latn","bodylab adventskalender 2025","bodylab 圣诞倒数日历 2025"
"deu_Latn","cocktail adventskalender 2025","鸡尾酒圣诞倒数日历2025"
"deu_Latn","adventskalender 2025 spielzeug","2025年圣诞倒数日历 玩具"
"deu_Latn","adventskalender ausgefallen","独特设计的圣诞倒数日历"
"deu_Latn","adventskalender elsa","圣诞倒数日历 Elsa"
"deu_Latn","adventskalender füllen","圣诞倒数日历填充"
"deu_Latn","adventskalender für zwei personen","双人圣诞倒数日历"
"deu_Latn","kinder adventskalender zum befüllen","儿童填充式圣诞倒数日历"
"deu_Latn","sachen suchen adventskalender","东西搜索 Advent Calendar"
"deu_Latn","adventskalender ideen zum befüllen kinder","圣诞倒数日历 填充创意（适合）儿童"
"deu_Latn","adventskalender mann füllung","圣诞倒数日历 男士 填充物"
"deu_Latn","adventskalender mädchen 15 jahre","圣诞倒数日历 女孩 15岁"
"deu_Latn","kleine geschenke für adventskalender kinder","儿童圣诞倒数日历小礼物"
"deu_Latn","lego marvel adventskalender 2025","乐高漫威2025年圣诞倒数日历"
"deu_Latn","rätsel adventskalender kinder","儿童谜语圣诞日历"
"deu_Latn","adventskalender bayern münchen 2025","2025年巴伐利亚慕尼黑圣诞日历"
"deu_Latn","adventskalender kakao","圣诞倒数日历 巧克力"
"deu_Latn","adventskalender lilo und stitch","圣诞倒数日历《莉萝与史迪奇》"
"deu_Latn","adventskalender manhattan","圣诞倒数日历 曼哈顿"
"deu_Latn","my little pony adventskalender","我的小马驹圣诞倒数日历"
"deu_Latn","'adventskalender 2025 männer","2025年圣诞倒数日历 男士"
"deu_Latn","3 fragezeichen adventskalender 2025","3问号2025年圣诞倒数日历"
"deu_Latn","adventskalender kind","圣诞倒数日历 儿童"
"deu_Latn","folia adventskalender","folia adventskalender"
"deu_Latn","lavera adventskalender 2025","lavera 2025年圣诞倒数日历"
"deu_Latn","toblerone adventskalender","托布勒酮圣诞倒数日历"
"deu_Latn","duftkerzen adventskalender 2025","2025年圣诞蜡烛香薰历"
"deu_Latn","loreal adventskalender","欧莱雅圣诞倒数日历"
"deu_Latn","more adventskalender","更多圣诞倒数日历"
"deu_Latn","männer adventskalender füllung","男士圣诞倒数日历填充物"
"deu_Latn","adventskalender 2025 junge 6 jahre","2025年圣诞倒数日历 6岁儿童用"
"deu_Latn","adventskalender 2025 mädchen 5 jahre","2025年圣诞倒数日历 女孩 5岁"
"deu_Latn","adventskalender kunst","圣诞日历装饰"
"deu_Latn","badebomben adventskalender","浴球 圣诞倒数日历"
"deu_Latn","frozen adventskalender","冷冻圣诞倒数日历"
"deu_Latn","geschenke adventskalender mann","礼物 圣诞倒数日历 男士"
"deu_Latn","snocks adventskalender 2025","snocks 2025年圣诞倒数日历"
"deu_Latn","strauss adventskalender 2025","施特劳斯2025年圣诞倒数日历"
"deu_Latn","adventskalender polly pocket","圣诞倒数日历 派利口袋"
"deu_Latn","adventskalender zum befüllen schwarz","可填充的圣诞倒数日历（黑色）"
"deu_Latn","bio tee adventskalender 2025","2025年有机茶圣诞倒数日历"
"deu_Latn","holzkiste adventskalender","木箱 圣诞倒数日历"
"deu_Latn","japan adventskalender","日本圣诞倒数日历"
"deu_Latn","schmuck adventskalender silber","首饰 圣诞倒数日历 银色"
"deu_Latn","adventskalender golf","圣诞倒数日历 高尔夫"
"deu_Latn","früchtetee adventskalender","水果茶 圣诞倒数日历"
"deu_Latn","papier adventskalender","纸制圣诞倒数日历"
"deu_Latn","schmuck adventskalender mädchen","首饰 圣诞季日历 女孩"
"deu_Latn","adventskalender 2025 jungen 9 jahre","2025年圣诞倒数日历 适合9岁儿童"
"deu_Latn","adventskalender 2025 männer socken","2025年圣诞倒数日历 男士袜子"
"deu_Latn","adventskalender für sportler","运动者圣诞日历"
"deu_Latn","adventskalender schokolade lindt","圣诞倒数日历 林德特巧克力"
"deu_Latn","adventskalender zum befüllen boxen","可填充的圣诞倒数日历盒子"
"deu_Latn","adventskalender zweisamkeit","圣诞倒数日历 二人时光"
"deu_Latn","dresdner essenz adventskalender","德累斯顿精华圣诞倒数日历"
"deu_Latn","k pop adventskalender 2025","K-pop 圣诞倒数日历 2025"
"deu_Latn","monster high adventskalender","怪兽高中圣诞日历"
"deu_Latn","schleich adventskalender 2025 pferde","施莱赫2025年圣诞倒数日历 马"
"deu_Latn","schule der magischen tiere adventskalender","魔法动物学校圣诞倒数日历"
"deu_Latn","'adventskalender tüten","圣诞倒数日历袋子"
"deu_Latn","adventskalender ehrlich brothers 2025","2025年Ehrlich Brothers圣诞倒数日历"
"deu_Latn","adventskalender eisenbahn","圣诞倒数日历 铁路"
"deu_Latn","adventskalender f1","圣诞倒数日历 f1"
"deu_Latn","harry potter adventskalender socken","哈利波特圣诞倒数日历袜子"
"deu_Latn","adventskalender 2025 kinder 10 jahre","2025年儿童（10岁）圣诞倒数日历"
"deu_Latn","adventskalender 2025 kinder minecraft","2025年儿童版我的世界（Minecraft）圣诞倒数日历"
"deu_Latn","adventskalender bluebrixx","圣诞倒数日历 bluebrixx"
"deu_Latn","adventskalender für gamer","游戏玩家圣诞倒数日历"
"deu_Latn","essence adventskalender 2025 neu","精华圣诞日历2025新款"
"deu_Latn","sachen für adventskalender kinder","儿童圣诞倒数日历用品"
"deu_Latn","sallys adventskalender 2025","sallys 圣诞倒数日历 2025"
"deu_Latn","schmuck adventskalender gold","饰品 圣诞倒数日历 金色"
"deu_Latn","vegane adventskalender 2025","2025年纯素圣诞倒数日历"
"deu_Latn","zahlen adventskalender aufkleber","支付圣诞倒数日历贴纸"
"deu_Latn","adventskalender ab 4 jahre","适合4岁以上儿童的圣诞日历"
"deu_Latn","adventskalender diy set","圣诞日历DIY套装"
"deu_Latn","adventskalender grundschule","小学圣诞日历"
"deu_Latn","adventskalender weihnachtsbaum","圣诞倒数日历 圣诞树"
"deu_Latn","füllung adventskalender frauen","填充物 圣诞倒数日历 女士"
"deu_Latn","adventskalender ehemann","圣诞倒数日历 丈夫"
"deu_Latn","adventskalender jungs 5 jahre","圣诞倒数日历 男孩 5岁"
"deu_Latn","playmobil adventskalender polizei","playmobil圣诞倒数日历 警察"
"deu_Latn","adventskalender 2025 kreativ","2025年创意圣诞日历"
"deu_Latn","adventskalender asiatisch","亚洲风圣诞倒数日历"
"deu_Latn","adventskalender freundinnen","圣诞倒数日历 女友"
"deu_Latn","adventskalender füllung für teenager","青少年用圣诞倒数日历填充物"
"deu_Latn","adventskalender haus","圣诞倒数日历 家用"
"deu_Latn","bücher adventskalender","书籍 圣诞倒数日历"
"deu_Latn","gamer adventskalender","游戏玩家圣诞倒数日历"
"deu_Latn","handwerker adventskalender","手工艺人圣诞倒数日历"
"deu_Latn","m.asam adventskalender 2025","m.asam 2025年圣诞倒数日历"
"deu_Latn","yankee candles adventskalender","yankee candles 圣诞倒数日历"
"deu_Latn","adventskalender funko","圣诞倒数日历 Funko"
"deu_Latn","adventskalender rotbäckchen","圣诞倒数日历红颊雀"
"deu_Latn","exit game adventskalender 2025","退出游戏2025年圣诞日历"
"deu_Latn","jungen adventskalender 2025","2025年年轻人圣诞倒数日历"
"deu_Latn","sudoku adventskalender","数独圣诞倒数日历"
"deu_Latn","weihnachtskalender zum befüllen","可填充的圣诞日历"
"deu_Latn","adventskalender 2025 mädchen 10 jahre","2025年圣诞倒数日历 女孩 10岁"
"deu_Latn","adventskalender 4 jahre mädchen","圣诞倒数日历 4岁 女孩"
"deu_Latn","adventskalender esn","圣诞倒数日历 esn"
"deu_Latn","adventskalender für teenager jungs","青少年男孩圣诞倒数日历"
"deu_Latn","adventskalender nägel","圣诞倒数日历 钉子"
"deu_Latn","fresco adventskalender","fresco adventskalender"
"deu_Latn","lego adventskalender star wars","乐高圣诞倒数日历星球大战"
"deu_Latn","mac adventskalender 2025","2025年mac圣诞倒数日历"
"deu_Latn","spielzeug adventskalender","玩具圣诞倒数日历"
"deu_Latn","weleda adventskalender","维蕾德圣诞倒数日历"
"deu_Latn","adventskalender 2025 fußball","2025年足球圣诞日历"
"deu_Latn","adventskalender 2025 kleinkind","2025年圣诞倒数日历 幼儿用"
"deu_Latn","adventskalender pralinen ohne alkohol","圣诞日历巧克力，无酒精"
"deu_Latn","adventskalender zum befüllen große taschen","可填充的圣诞倒数日历 大袋子"
"deu_Latn","billie eilish adventskalender","比莉·艾利什圣诞倒数日历"
"deu_Latn","lichtungen adventskalender 2025","2025年圣诞倒数日历（带林间空地图案）"
"deu_Latn","lindt hello adventskalender 2025","林德特 hello 圣诞倒数日历 2025"
"deu_Latn","rum adventskalender","朗姆酒圣诞日历"
"deu_Latn","adventskalender 2025 escape","2025年圣诞倒数日历 escape"
"deu_Latn","adventskalender 2025 familie","2025年家庭圣诞日历"
"deu_Latn","adventskalender brio","圣诞日历 brio"
"deu_Latn","adventskalender für kollegen","给同事的圣诞倒数日历"
"deu_Latn","adventskalender für paare sex","情侣圣诞倒数日历性爱用品"
"deu_Latn","leerer adventskalender zum befüllen","空的圣诞降临日历，可填充"
"deu_Latn","weihnachtskalender lindt","林德圣诞日历"
"deu_Latn","adventskalender coppenrath","圣诞倒数日历 Coppenrath"
"deu_Latn","adventskalender fortnite 2025","2025年堡垒之夜圣诞日历"
"deu_Latn","adventskalender whisky 2025","2025年威士忌圣诞倒数日历"
"deu_Latn","adventskalender zum befüllen hängend","可填充悬挂式圣诞倒数日历"
"deu_Latn","exit adventskalender fortgeschrittene","退出圣诞倒数日历 高级"
"deu_Latn","sonic adventskalender","声波圣诞倒数日历"
"deu_Latn","whiskey adventskalender","威士忌圣诞倒数日历"
"deu_Latn","adventskalender 2025 amerikanische süßigkeiten","2025年圣诞倒数日历 美国糖果"
"deu_Latn","adventskalender 2025 experimente","2025年圣诞倒数日历 实验"
"deu_Latn","adventskalender 2025 männer sport","2025年男士运动圣诞倒数日历"
"deu_Latn","adventskalender 2025 amazon","2025年亚马逊圣诞倒数日历"
"deu_Latn","adventskalender 2025 fortnite","2025年圣诞倒数日历 fortnite"
"deu_Latn","adventskalender bauernhof","圣诞日历 农场"
"deu_Latn","adventskalender karte mit türchen","圣诞倒数日历带小门的卡片"
"deu_Latn","adventskalender polly pocket 2025","2025年波莉口袋圣诞倒数日历"
"deu_Latn","adventskalender zum basteln","手工制作的圣诞倒数日历"
"deu_Latn","adventskalender zum befüllen karton","可填充的圣诞倒数日历 纸箱"
"deu_Latn","deko adventskalender","圣诞装饰倒数日历"
"deu_Latn","pokemon karten adventskalender 2025","宝可梦卡牌2025年圣诞倒数日历"
"deu_Latn","vfb adventskalender","VFB圣诞日历"
"deu_Latn","weihnachtskalender kinderschokolade","圣诞日历 儿童巧克力"
"deu_Latn","adventskalender engelbert strauss","圣诞倒数日历 Engelbert Strauss"
"deu_Latn","adventskalender witzig","趣味圣诞倒数日历"
"deu_Latn","kakao adventskalender","可可圣诞倒数日历"
"deu_Latn","proteinriegel adventskalender","蛋白质棒 圣诞倒数日历"
"deu_Latn","spiritueller adventskalender","精神层面的圣诞倒数日历"
"deu_Latn","tatort adventskalender","犯罪现场（电视剧）圣诞倒数日历"
"deu_Latn","adventskalender 6 jahre junge","圣诞倒数日历 6年新"
"deu_Latn","adventskalender aufhängen","圣诞倒数日历挂起来"
"deu_Latn","adventskalender kinder spielzeug","圣诞倒数日历 儿童玩具"
"deu_Latn","adventskalender lol","圣诞倒数日历 lol"
"deu_Latn","dackel adventskalender 2025","达克尔2025年圣诞倒数日历"
"deu_Latn","hund adventskalender","狗狗圣诞倒数日历"
"deu_Latn","adventskalender cocktail","圣诞日历鸡尾酒"
"deu_Latn","adventskalender jungs 9 jahre","圣诞倒数日历 男孩 9岁"
"deu_Latn","adventskalender sephora","圣诞倒数日历 塞美丽雅"
"deu_Latn","adventskalender sprüche erwachsene","圣诞倒数日历成人语录"
"deu_Latn","body attack adventskalender 2025","body attack 2025年圣诞倒数日历"
"deu_Latn","drei fragezeichen kids adventskalender","三只小猪儿童圣诞倒数日历"
"deu_Latn","exit adventskalender der zauber von weihnachten","圣诞倒数日历，感受圣诞的魔力"
"deu_Latn","füllung adventskalender erwachsene","填充物 圣诞倒数日历 成人"
"deu_Latn","handwerker adventskalender 2025","2025年工匠圣诞倒数日历"
"deu_Latn","heilemann adventskalender","海勒曼圣诞倒数日历"
"deu_Latn","roland kaiser adventskalender 2025","罗兰·凯撒2025年圣诞倒数日历"
"deu_Latn","sex adventskalender 2025 für paare","2025年情侣性爱圣诞日历"
"deu_Latn","topps adventskalender 25/26","topps adventskalender 25/26"
"deu_Latn","adventskalender kerzen 2025","2025年圣诞倒数日历蜡烛"
"deu_Latn","adventskalender kreuzworträtsel","圣诞日历填字游戏"
"deu_Latn","adventskalender küche","圣诞倒数日历 厨房"
"deu_Latn","adventskalender sudoku","圣诞日历数独"
"deu_Latn","effol adventskalender 2025","effol 2025年圣诞倒数日历"
"deu_Latn","mclaren adventskalender","迈凯伦圣诞日历"
"deu_Latn","more nutrition adventskalender 2025","2025年营养丰富圣诞倒数日历"
"deu_Latn","petronella apfelmus adventskalender","Petronella Apfelmus 圣诞倒数日历"
"deu_Latn","adventskalender charms","圣诞倒数日历挂饰"
"deu_Latn","adventskalender für beste freundin","给挚友的圣诞倒数日历"
"deu_Latn","adventskalender wolle","圣诞倒数日历羊毛"
"deu_Latn","douglas adventskalender 2025 frauen","道格拉斯2025年圣诞倒数日历 女士"
"deu_Latn","kleinigkeiten für adventskalender mädchen","女孩用的圣诞倒数日历小物件"
"deu_Latn","spielzeug für adventskalender","圣诞倒数日历中的玩具"
"deu_Latn","adventskalender krimi erwachsene","圣诞倒数日历 犯罪小说 成人"
"deu_Latn","adventskalender laktosefrei","无乳糖圣诞日历"
"deu_Latn","adventskalender to go","随身携带的圣诞倒数日历"
"deu_Latn","friends adventskalender","朋友圣诞倒数日历"
"deu_Latn","porridge adventskalender","粥式圣诞日历"
"deu_Latn","windlicht adventskalender","风灯 圣诞倒数日历"
"deu_Latn","adventskalender 13 jahre mädchen","圣诞倒数日历 13岁 女孩"
"deu_Latn","adventskalender 2025 frauen schokolade","2025年圣诞倒数日历 女士 巧克力"
"deu_Latn","adventskalender 2025 nougat","2025年圣诞倒数日历 牛轧糖"
"deu_Latn","adventskalender 4 jahre","圣诞倒数日历 4年"
"deu_Latn","adventskalender füllung mann","圣诞倒数日历填充物 男士"
"deu_Latn","adventskalender kinder junge","圣诞倒数日历 儿童 青少年"
"deu_Latn","adventskalender prinzessin","圣诞倒数日历 公主"
"deu_Latn","adventskalender purelei 2025","2025年纯蕾德（或特定品牌名）圣诞倒数日历"
"deu_Latn","eulen adventskalender","猫头鹰圣诞倒数日历"
"deu_Latn","getränke adventskalender","饮料 圣诞倒数日历"
"deu_Latn","mama adventskalender","妈妈圣诞倒数日历"
"deu_Latn","adventskalender 2025 marvel","2025漫威圣诞倒数日历"
"deu_Latn","adventskalender roboter","圣诞倒数日历 机器人"
"deu_Latn","festool adventskalender 2025","费斯托2025年圣诞倒数日历"
"deu_Latn","kleinkind adventskalender","幼儿 圣诞倒数日历"
"deu_Latn","lego technic adventskalender","乐高机械组圣诞倒数日历"
"deu_Latn","tinti adventskalender","蒂蒂圣诞倒数日历"
"deu_Latn","adventskalender 2025 chips funny frisch","2025年圣诞倒数日历 有趣 饼干 新鲜"
"deu_Latn","adventskalender häuser zum befüllen","圣诞倒数日历填充屋"
"deu_Latn","adventskalender kosmetik mädchen","圣诞倒数日历 化妆品 女孩"
"deu_Latn","adventskalender ramen","圣诞日历拉面"
"deu_Latn","elf adventskalender 2025","2025年elf圣诞倒数日历"
"deu_Latn","harry potter adventskalender lego","哈利波特圣诞倒数日历乐高"
"deu_Latn","kalea bier adventskalender 2025","卡莱啤酒圣诞倒数日历2025"
"deu_Latn","messer adventskalender","刀具圣诞日历"
"deu_Latn","miniverse adventskalender","迷你宇宙圣诞日历"
"deu_Latn","adventskalender 2025 roblox","2025年圣诞倒数日历 roblox"
"deu_Latn","adventskalender für mütter","母亲专用的圣诞倒数日历"
"deu_Latn","adventskalender männer parfum","圣诞倒数日历 男士 香水"
"deu_Latn","adventskalender naturkosmetik","圣诞日历 天然化妆品"
"deu_Latn","adventskalender pflanzen","圣诞日历植物"
"deu_Latn","adventskalender reduziert","圣诞倒数日历打折"
"deu_Latn","adventskalender schminke essence","圣诞倒数日历 化妆品 爱丽小屋"
"deu_Latn","herren adventskalender füllung","男士圣诞倒数日历填充物"
"deu_Latn","samen adventskalender 2025","2025年萨曼圣诞日历"
"deu_Latn","tonies adventskalender 2025","tonies 2025年圣诞倒数日历"
"deu_Latn","adventskalender 2025 frauen tee","2025年圣诞倒数日历 女士茶"
"deu_Latn","adventskalender bagger","圣诞倒数日历 挖掘机"
"deu_Latn","adventskalender jungs 7 jahre","圣诞倒数日历 男孩 7岁"
"deu_Latn","adventskalender tüten schwarz","圣诞倒数日历袋 黑色"
"deu_Latn","essie adventskalender","essie圣诞倒数日历"
"deu_Latn","kerzen-adventskalender","蜡烛圣诞倒数日历"
"deu_Latn","adventskalender 2025 gaming","2025年游戏圣诞日历"
"deu_Latn","adventskalender 2025 müsli","2025年圣诞倒数日历 燕麦片"
"deu_Latn","adventskalender für oma und opa","给爷爷奶奶的圣诞倒数日历"
"deu_Latn","adventskalender stich","圣诞倒数日历关键词"
"deu_Latn","adventskalender säckchen stoff","圣诞倒数日历小袋布料"
"deu_Latn","adventskalender teelichter","圣诞倒数日历 茶灯"
"deu_Latn","cars adventskalender","汽车圣诞日历"
"deu_Latn","die drei !!! adventskalender","die drei !!! adventskalender"
"deu_Latn","makita adventskalender 2025 männer","牧田2025年圣诞倒数日历 男士款"
"deu_Latn","adventskalender befüllbar","可填充的圣诞倒数日历"
"deu_Latn","adventskalender gravitrax 2025","2025年重力板游戏圣诞日历"
"deu_Latn","adventskalender lehrer","圣诞倒数日历 教师"
"deu_Latn","adventskalender postkarte","圣诞倒数日历明信片"
"deu_Latn","dinosaurier adventskalender 2025","2025年恐龙圣诞倒数日历"
"deu_Latn","spiderman adventskalender 2025","蜘蛛侠2025年圣诞日历"
"deu_Latn","tkkg adventskalender 2025","《探路小帮手》2025年圣诞倒数日历"
"deu_Latn","adventskalender essie","essie 圣诞倒数日历"
"deu_Latn","adventskalender für teams","团队用的圣诞倒数日历"
"deu_Latn","adventskalender maybelline 2025","2025年美宝莲圣诞倒数日历"
"deu_Latn","adventskalender spiele","圣诞倒数日历游戏"
"deu_Latn","experiment adventskalender","实验圣诞倒数日历"
"deu_Latn","feuerwehr adventskalender 2025","2025年消防队圣诞倒数日历"
"deu_Latn","füllung adventskalender freundin","填充 圣诞倒数日历 女友"
"deu_Latn","galupy adventskalender","加鲁普圣诞倒数日历"
"deu_Latn","max verstappen adventskalender","马克斯·范德帕伦圣诞倒数日历"
"deu_Latn","real madrid adventskalender","皇家马德里圣诞倒数日历"
"deu_Latn","sugar gang adventskalender xxl","糖帮圣诞倒数日历XXL"
"deu_Latn","zahlen sticker adventskalender","支付贴纸 圣诞倒数日历"
"deu_Latn","adventskalender￼","圣诞倒数日历"
"deu_Latn","erwachsenen adventskalender","成人圣诞倒数日历"
"deu_Latn","füllung adventskalender kind 1 jahr","填充式圣诞倒数日历 适合1岁儿童"
"deu_Latn","gabbys dollhouse adventskalender 2025","加比娃娃的圣诞倒数日历 2025"
"deu_Latn","mini brands adventskalender","迷你品牌圣诞倒数日历"
"deu_Latn","schleich adventskalender pferde","施莱赫圣诞倒数日历 马"
"deu_Latn","adventskalender 2025 kinder süßigkeiten","2025年圣诞倒数日历 儿童糖果"
"deu_Latn","adventskalender dackel","圣诞倒数日历 卷毛狗（或译为“腊肠犬”，根据上下文确定具体品牌或型号名称，此处保留原样）"
"deu_Latn","adventskalender flugzeuge","圣诞日历 飞机"
"deu_Latn","adventskalender junge 5 jahre","圣诞倒数日历 5岁儿童用"
"deu_Latn","adventskalender playdoh","圣诞倒数日历 Play-Doh"
"deu_Latn","adventskalender zum selbstbefüllen","可自行填充的圣诞倒数日历"
"deu_Latn","gym adventskalender","健身房圣诞倒数日历"
"deu_Latn","k-pop demon hunter adventskalender","K-pop恶魔猎人圣诞日历"
"deu_Latn","mario adventskalender","马里奥圣诞日历"
"deu_Latn","vfb stuttgart adventskalender","斯图加特VFB圣诞倒数日历"
"deu_Latn","'adventskalender 2025 kinder","2025年儿童圣诞倒数日历"
"deu_Latn","adventskalender weisse schokolade","圣诞日历 白巧克力"
"deu_Latn","blackpink adventskalender","blackpink 圣诞倒数日历"
"deu_Latn","du spinnst wohl adventskalender","你是不是疯了，圣诞倒数日历"
"deu_Latn","kreativer adventskalender","创意圣诞倒数日历"
"deu_Latn","lego adventskalender minecraft","乐高圣诞日历 我的世界"
"deu_Latn","adventskalender 2025 ankerkraut","2025年圣诞倒数日历 驼奶"
"deu_Latn","adventskalender 2025 badezusatz","2025年圣诞倒数日历 泡澡添加剂"
"deu_Latn","adventskalender 2025 kinder pokemon","2025年儿童宝可梦圣诞日历"
"deu_Latn","adventskalender 2025 kinder schleich","2025年圣诞倒数日历 儿童 Schleich（品牌名）"
"deu_Latn","adventskalender 2025 mädchen 4 jahre","2025年圣诞倒数日历 女孩 4岁"
"deu_Latn","adventskalender enten","圣诞倒数日历"
"deu_Latn","adventskalender manner","圣诞倒数日历 马恩纳"
"deu_Latn","adventskalender ohrringe","圣诞倒数日历耳环"
"deu_Latn","adventskalender purelei","圣诞日历纯羊毛"
"deu_Latn","fidget toys adventskalender","解压玩具圣诞日历"
"deu_Latn","filz adventskalender zum befüllen","可填充的羊毛毡圣诞倒数日历"
"deu_Latn","wolfsblut adventskalender 2025","沃尔夫斯布卢特2025年圣诞倒数日历"
"deu_Latn","adventskalender labubus","圣诞日历 labubus"
"deu_Latn","adventskalender likör","圣诞倒数日历利口酒"
"deu_Latn","adventskalender lustig frauen","圣诞倒数日历 搞笑 女性"
"deu_Latn","adventskalender malen nach zahlen","根据数字涂色的圣诞日历"
"deu_Latn","adventskalender protein 2025","2025年蛋白质圣诞日历"
"deu_Latn","alkohol adventskalender","酒精 圣诞倒数日历"
"deu_Latn","fensterbild adventskalender","窗户图片 圣诞倒数日历"
"deu_Latn","gabby adventskalender","Gabby 圣诞倒数日历"
"deu_Latn","tee adventskalender 2025 messmer","茶 圣诞倒数日历 2025 Messmer"
"deu_Latn","männer weihnachtskalender","男士圣诞日历"
"deu_Latn","adventskalender fensterbild","圣诞倒数日历 窗格图案"
"deu_Latn","adventskalender für 2 personen","双人圣诞倒数日历"
"deu_Latn","armband adventskalender","手链圣诞倒数日历"
"deu_Latn","drachen adventskalender","龙历险记圣诞倒数日历"
"deu_Latn","english tea shop adventskalender","英文茶店圣诞倒数日历"
"deu_Latn","fidget adventskalender","fidget adventskalender"
"deu_Latn","harry potter socken adventskalender","哈利波特袜子圣诞倒数日历"
"deu_Latn","kosmos exit adventskalender 2025","科斯莫斯2025年圣诞倒数日历"
"deu_Latn","pechkeks adventskalender","饼干 adventskalender（圣诞降临日历）"
"deu_Latn","peters adventskalender","彼得斯圣诞倒数日历"
"deu_Latn","adventskalender 2025 duftkerzen","2025年圣诞倒数日历 香薰蜡烛"
"deu_Latn","adventskalender 2025 formel 1","2025年圣诞倒数日历 F1赛车"
"deu_Latn","adventskalender 2025 revell","2025年圣诞倒数日历 revell"
"deu_Latn","adventskalender parfum frauen","圣诞倒数日历 香水 女士"
"deu_Latn","die drei adventskalender 2025","2025年的三个圣诞倒数日历"
"deu_Latn","esn protein adventskalender","esn蛋白圣诞倒数日历"
"deu_Latn","gitarren adventskalender","吉他 圣诞倒数日历"
"deu_Latn","klo adventskalender","klo adventskalender"
"deu_Latn","messmer adventskalender","梅斯默圣诞倒数日历"
"deu_Latn","hunde weihnachtskalender","狗狗圣诞日历"
"deu_Latn","adventskalender 2025 befüllen","2025年圣诞倒数日历填充"
"deu_Latn","adventskalender 2025 bio","2025年有机圣诞日历"
"deu_Latn","adventskalender 2025 männer beauty","2025年男士圣诞倒数日历 美容"
"deu_Latn","adventskalender pflege frauen","圣诞日历 护理 女性"
"deu_Latn","weihnachtskalender tüten","圣诞日历袋"
"deu_Latn","adventskalender einhell","圣诞倒数日历 einhell"
"deu_Latn","adventskalender kneipp 2025","2025年kneipp品牌圣诞倒数日历"
"deu_Latn","adventskalender selber","自制圣诞日历"
"deu_Latn","beyblade adventskalender 2025","2025年陀螺战士圣诞倒数日历"
"deu_Latn","chili adventskalender","辣椒圣诞倒数日历"
"deu_Latn","wichteltür adventskalender","维希特尔门圣诞倒数日历"
"deu_Latn","'adventskalender mann","圣诞倒数日历 男士"
"deu_Latn","adventskalender escape erwachsene","圣诞倒数日历 逃脱 成人"
"deu_Latn","adventskalender für camper","露营者用的圣诞日历"
"deu_Latn","adventskalender xxl zum befüllen","可填充的超大号圣诞倒数日历"
"deu_Latn","adventskalender zum befüllen personalisiert","可定制填充式圣诞倒数日历"
"deu_Latn","adventskalender zum selber füllen","自填充的圣诞倒数日历"
"deu_Latn","douglas adventskalender 2025 männer","道格拉斯2025年男士圣诞倒数日历"
"deu_Latn","essen adventskalender","食品圣诞倒数日历"
"deu_Latn","junglück adventskalender 2025","junglück adventskalender 2025"
"deu_Latn","jurassic world adventskalender 2025","侏罗纪世界2025年圣诞倒数日历"
"deu_Latn","marmelade adventskalender 2025","果酱 圣诞倒数日历 2025"
"deu_Latn","metabo adventskalender 2025","metabo 2025年圣诞倒数日历"
"deu_Latn","oreo adventskalender 2025","奥利奥2025年圣诞倒数日历"
"deu_Latn","paarzeit adventskalender","paarzeit adventskalender"
"deu_Latn","adventskalender 2025 backen","2025年圣诞倒数日历烘焙"
"deu_Latn","adventskalender amorelie","圣诞倒数日历 amorelie"
"deu_Latn","adventskalender für diabetiker","糖尿病患者的圣诞日历"
"deu_Latn","adventskalender stray kids","圣诞倒数日历 Stray Kids"
"deu_Latn","adventskalender studenten","学生圣诞倒数日历"
"deu_Latn","barbie adventskalender 2025 mädchen","芭比2025年圣诞倒数日历 女孩"
"deu_Latn","ideen adventskalender mann","男士圣诞倒数日历创意"
"deu_Latn","kleinigkeit für adventskalender","圣诞倒数日历小物件"
"deu_Latn","playmobil 123 adventskalender","playmobil 123 圣诞倒数日历"
"deu_Latn","simson adventskalender","西姆森圣诞日历"
"deu_Latn","weihnachtskalender frau","圣诞日历女士"
"deu_Latn","adventskalender 11 jahre mädchen","圣诞倒数日历 11年 女孩"
"deu_Latn","adventskalender 2025 jugendliche jungs","2025年圣诞倒数日历 青少年男孩"
"deu_Latn","adventskalender box","圣诞倒数日历盒"
"deu_Latn","adventskalender personalisiert kinder","个性化圣诞倒数日历 儿童"
"deu_Latn","jean und len adventskalender 2025","jean und len adventskalender 2025"
"deu_Latn","match attax bundesliga 25/26 adventskalender","25/26赛季德甲联赛match attax圣诞倒数日历"
"deu_Latn","schnaps adventskalender","烈酒圣诞日历"
"deu_Latn","schoko adventskalender kinder","巧克力 圣诞倒数日历 儿童"
"deu_Latn","süssigkeiten adventskalender 2025","2025年圣诞糖果日历"
"deu_Latn","tisch adventskalender","桌面圣诞倒数日历"
"deu_Latn","adventskalender 2025 stranger things","2025年圣诞倒数日历《怪奇物语》"
"deu_Latn","adventskalender kinder inhalt","圣诞日历儿童内容"
"deu_Latn","adventskalender kollegin","圣诞倒数日历 同事"
"deu_Latn","adventskalender loreal","欧莱雅圣诞倒数日历"
"deu_Latn","adventskalender ohne schokolade kinder","不含巧克力的圣诞倒数日历（儿童款）"
"deu_Latn","honig adventskalender","蜂蜜圣诞日历"
"deu_Latn","korb für adventskalender","圣诞倒数日历篮"
"deu_Latn","yugioh adventskalender","游戏王圣诞倒数日历"
"deu_Latn","zahlen aufkleber adventskalender","支付贴纸 圣诞倒数日历"
"deu_Latn","24 kleinigkeiten für adventskalender","24件圣诞倒数日历小物件"
"deu_Latn","adventskalender 2025 bayern münchen","2025年圣诞倒数日历 巴伐利亚 慕尼黑"
"deu_Latn","adventskalender 2025 schokolade kinder","2025年圣诞倒数日历 巧克力 儿童"
"deu_Latn","adventskalender hörspiel","圣诞倒数日历 有声剧"
"deu_Latn","adventskalender loreal paris 2025","2025年欧莱雅巴黎圣诞倒数日历"
"deu_Latn","adventskalender top model","圣诞倒数日历 顶级模特"
"deu_Latn","asam adventskalender 2025","酸味圣诞倒数日历 2025"
"deu_Latn","sprüche adventskalender","圣诞日历格言"
"deu_Latn","adventskalender 2025 oma","2025年圣诞倒数日历 oma"
"deu_Latn","adventskalender bvb 2025","2025年多特蒙德队圣诞日历"
"deu_Latn","adventskalender für 2","2人份的圣诞倒数日历"
"deu_Latn","adventskalender schulklasse","圣诞倒数日历 班级"
"deu_Latn","chupa chups adventskalender","Chupa Chups 圣诞倒数日历"
"deu_Latn","kleine adventskalender geschenke","小型圣诞倒数日历礼物"
"deu_Latn","playmobil - adventskalender","playmobil - 圣诞倒数日历"
"deu_Latn","adventskalender 2025 häkeln","2025年编织圣诞倒数日历"
"deu_Latn","adventskalender erzieher","圣诞倒数日历 教育者"
"deu_Latn","adventskalender für musiker","音乐家专用的圣诞倒数日历"
"deu_Latn","adventskalender junge 4 jahre","圣诞倒数日历 年幼 4岁"
"deu_Latn","adventskalender kleinkind 1 jahr","圣诞倒数日历 1岁幼儿适用"
"deu_Latn","adventskalender niederegger marzipan","圣诞倒数日历 Niederegger 榛子糖"
"deu_Latn","adventskalender tüten rosa","圣诞倒数日历袋子粉色"
"deu_Latn","eiskönigin adventskalender","冰雪奇缘圣诞倒数日历"
"deu_Latn","gedore adventskalender 2025","gedore 圣诞倒数日历 2025"
"deu_Latn","kellys adventskalender","凯利圣诞倒数日历"
"deu_Latn","nummern adventskalender","数字圣诞日历"
"deu_Latn","partner adventskalender","合作圣诞日历"
"deu_Latn","selbstbefüllbarer adventskalender","可自行填充的圣诞倒数日历"
"deu_Latn","strick adventskalender 2025","2025年编织圣诞倒数日历"
"deu_Latn","adventskalender für rentner","退休人员用的圣诞倒数日历"
"deu_Latn","adventskalender kleinigkeit erwachsene","圣诞倒数日历 小礼物 成人"
"deu_Latn","adventskalender mit süßigkeiten","圣诞倒数日历含糖果"
"deu_Latn","adventskalender süßes","圣诞倒数日历 甜食"
"deu_Latn","bayblade adventskalender","bayblade 圣诞倒数日历"
"deu_Latn","beutel adventskalender zum befüllen","可填充的圣诞倒数日历小袋"
"deu_Latn","body shop adventskalender 2025","body shop 2025年圣诞倒数日历"
"deu_Latn","haba adventskalender 2025","haba 2025年圣诞倒数日历"
"deu_Latn","knete adventskalender","粘土圣诞倒数日历"
"deu_Latn","nomo adventskalender","nomo 圣诞倒数日历"
"deu_Latn","ritter sport adventskalender 2025","Ritter Sport 圣诞倒数日历 2025"
"deu_Latn","adventskalender backen 2025","2025年自制圣诞倒数日历"
"deu_Latn","adventskalender rezepte","圣诞日历食谱"
"deu_Latn","knabber adventskalender","零食圣诞倒数日历"
"deu_Latn","reclam adventskalender","Reclam 圣诞日历"
"deu_Latn","rituals adventskalender 2024","rituals 2024年圣诞倒数日历"
"deu_Latn","adventskalender arbeitskollegen","圣诞倒数日历 同事"
"deu_Latn","adventskalender unter 10 euro","10欧元以下的圣诞倒数日历"
"deu_Latn","anna und elsa adventskalender 2025","安娜与艾尔莎2025年圣诞倒数日历"
"deu_Latn","niederegger marzipan adventskalender","尼德雷格格杏仁糖圣诞倒数日历"
"deu_Latn","ricola adventskalender 2025","理诺卡尔2025年圣诞日历"
"deu_Latn","stifte adventskalender","笔 Advent日历"
"deu_Latn","adventskalender 2025 kinder 1 jahr","2025年圣诞倒数日历 儿童 1岁"
"deu_Latn","adventskalender säcke","圣诞日历袋"
"deu_Latn","adventskalender teenie mädchen","圣诞倒数日历 小女孩"
"deu_Latn","adventskalender zum befüllen wiederverwendbar","可重复使用的填充式圣诞倒数日历"
"deu_Latn","chio adventskalender 2025","chio 2025年圣诞倒数日历"
"deu_Latn","conni adventskalender","conni 圣诞倒数日历"
"deu_Latn","die 3 fragezeichen adventskalender","3个问号圣诞倒数日历"
"deu_Latn","eierlikör adventskalender","蛋酒 圣诞降临日历"
"deu_Latn","furby adventskalender","毛绒比尔圣诞倒数日历"
"deu_Latn","ostmann adventskalender 2025","奥斯曼2025年圣诞倒数日历"
"deu_Latn","adventskalender 2025 funny frisch","2025年趣味新年日历（圣诞倒数日历）新鲜款"
"deu_Latn","adventskalender anna und elsa","圣诞倒数日历安娜与艾尔莎"
"deu_Latn","adventskalender für jäger","猎人专用的圣诞倒数日历"
"deu_Latn","adventskalender kaffee 2025","2025年圣诞倒数日历 咖啡"
"deu_Latn","adventskalender samen","圣诞倒数日历种子"
"deu_Latn","adventskalender trolli","adventskalender trolli"
"deu_Latn","coca cola adventskalender","可口可乐圣诞倒数日历"
"deu_Latn","gewürze adventskalender 2025","香料 圣诞倒数日历 2025"
"deu_Latn","inhalt für adventskalender","圣诞倒数日历内容"
"deu_Latn","literarischer adventskalender","文学性圣诞倒数日历"
"deu_Latn","origami adventskalender","折纸圣诞倒数日历"
"deu_Latn","reeses adventskalender 2025","2025年Reeses圣诞倒数日历"
"deu_Latn","rubbel adventskalender","刮刮乐圣诞日历"
"deu_Latn","verpackung adventskalender","包装 圣诞倒数日历"
"deu_Latn","adventskalender 2025 bilder","2025年圣诞倒数日历图片"
"deu_Latn","adventskalender 2025 kinder fussball","2025年圣诞倒数日历 儿童足球"
"deu_Latn","adventskalender balea 2025","2025年巴莱雅圣诞倒数日历"
"deu_Latn","adventskalender skin care","圣诞倒数日历 护肤品"
"deu_Latn","schleich harry potter adventskalender","施莱希 哈利波特 圣诞倒数日历"
"deu_Latn","sexy adventskalender 2025","2025年性感圣诞倒数日历"
"deu_Latn","süssigkeiten für adventskalender kinder","儿童圣诞倒数日历里的糖果"
"deu_Latn","adventskalender 2025 frauen socken","2025年圣诞倒数日历 女士袜子"
"deu_Latn","adventskalender herren beauty","圣诞倒数日历 男士 美容"
"deu_Latn","adventskalender scharfe saucen","圣诞倒数日历 辛辣酱料"
"deu_Latn","dior adventskalender 2025","迪奥2025年圣诞倒数日历"
"deu_Latn","kleine adventskalender","小型圣诞倒数日历"
"deu_Latn","leere adventskalender zum befüllen","可填充的空白圣诞倒数日历"
"deu_Latn","minecraft adventskalender 2025 lego","《我的世界》2025年圣诞日历乐高"
"deu_Latn","mini adventskalender schokolade","迷你圣诞倒数日历 巧克力"
"deu_Latn","nimm 2 adventskalender","拿2个圣诞倒数日历"
"deu_Latn","pflege adventskalender 2025","2025年护理圣诞倒数日历"
"deu_Latn","puzzle adventskalender kinder","拼图圣诞日历儿童"
"deu_Latn","sticker adventskalender zahlen","贴纸 圣诞倒数日历 支付"
"deu_Latn","sugargang adventskalender xxl","sugargang adventskalender xxl"
"deu_Latn","switch adventskalender","switch 圣诞倒数日历"
"deu_Latn","säckchen für adventskalender","小袋子用于圣诞降临日历"
"deu_Latn","tonie adventskalender 2025","2025年tonie圣诞倒数日历"
"deu_Latn","adventskalender 2025 kinder 5 jahre","2025年圣诞倒数日历 5岁儿童"
"deu_Latn","adventskalender 2025 krimi","2025年圣诞倒数日历 纪录片"
"deu_Latn","adventskalender 2025 rentner","2025年圣诞倒数日历 长者"
"deu_Latn","adventskalender baby born 2025","2025年宝宝诞生圣诞倒数日历"
"deu_Latn","adventskalender demon hunters","圣诞倒数日历 恶魔猎手"
"deu_Latn","adventskalender türchen","圣诞倒数日历小门"
"deu_Latn","adventskalender usa süßigkeiten","美国圣诞倒数日历 糖果"
"deu_Latn","lindt adventskalender 2025 mini","林德特2025年迷你版圣诞倒数日历"
"deu_Latn","m&m adventskalender","m&m 圣诞倒数日历"
"deu_Latn","modellbau adventskalender","模型制作圣诞倒数日历"
"deu_Latn","adventskalender 2023","2023年圣诞倒数日历"
"deu_Latn","adventskalender airfryer","圣诞倒数日历 空气炸锅"
"deu_Latn","adventskalender lakritz by bülow","圣诞倒数日历 甘草味 by Bülow"
"deu_Latn","adventskalender sale","圣诞倒数日历促销"
"deu_Latn","adventskalender zahlen anhänger","圣诞倒数日历 支付 后备件"
"deu_Latn","lindt adventskalender 2025 pärchen","林德特2025年圣诞倒数日历 一对"
"deu_Latn","little people big dreams adventskalender","小人物大梦想圣诞倒数日历"
"deu_Latn","pandora adventskalender 2025 original","潘多拉2025年原版圣诞倒数日历"
"deu_Latn","parfum adventskalender männer","男士香水圣诞倒数日历"
"deu_Latn","rocher adventskalender 2025","2025年罗切圣诞日历"
"deu_Latn","spongebob adventskalender 2025","海绵宝宝2025年圣诞日历"
"deu_Latn","xxl adventskalender","xxl 圣诞倒数日历"
"deu_Latn","zeichnen adventskalender","绘制圣诞倒数日历"
"deu_Latn","weihnachtskalender 2025 frauen","2025年圣诞日历 女士"
"deu_Latn","adventskalender 2025 klein","2025年小型圣诞倒数日历"
"deu_Latn","adventskalender handball","圣诞日历 手球"
"deu_Latn","adventskalender jean &len","圣诞倒数日历 jean & len"
"deu_Latn","adventskalender junge frauen","圣诞日历 年轻女性"
"deu_Latn","adventskalender nivea men","尼维雅男士圣诞倒数日历"
"deu_Latn","adventskalender überraschungsei","圣诞倒数日历惊喜蛋"
"deu_Latn","asam beauty adventskalender","asam beauty 圣诞倒数日历"
"deu_Latn","duft adventskalender","香氛圣诞倒数日历"
"deu_Latn","elsa adventskalender","elsa 圣诞倒数日历"
"deu_Latn","garnier adventskalender","加尼尔圣诞倒数日历"
"deu_Latn","merci adventskalender","谢谢圣诞日历"
"deu_Latn","sheepworld adventskalender","sheepworld 圣诞倒数日历"
"deu_Latn","sugar gang adventskalender 2025","2025年糖果帮圣诞倒数日历"
"deu_Latn","was ich an dir liebe adventskalender","我爱你的圣诞倒数日历"
"deu_Latn","xxl adventskalender zum befüllen","xxl可填充圣诞倒数日历"
"deu_Latn","weihnachtskalender 2025 mädchen","2025年圣诞日历 女孩"
"deu_Latn","adventskalender für erstleser","适合初学者的圣诞倒数日历"
"deu_Latn","lustiges taschenbuch adventskalender","有趣的口袋书圣诞日历"
"deu_Latn","adventskalender asia","圣诞倒数日历 亚洲"
"deu_Latn","adventskalender bmw","圣诞倒数日历 宝马"
"deu_Latn","adventskalender nespresso","圣诞倒数日历 莎普爱丽"
"deu_Latn","das böse buch adventskalender","邪恶之书圣诞倒数日历"
"deu_Latn","matcha adventskalender 2025","抹茶圣诞倒数日历 2025"
"deu_Latn","adventskalender 2025 ingwer shots","2025年圣诞倒数日历 姜味小杯酒"
"deu_Latn","adventskalender 2025 jungs 13 jahre","2025年圣诞倒数日历 男孩 13岁"
"deu_Latn","adventskalender 8 jahre junge","圣诞倒数日历 8年 新品"
"deu_Latn","adventskalender cool","圣诞倒数日历 凉爽"
"deu_Latn","adventskalender eintracht frankfurt","圣诞倒数日历 法兰克福Eintracht足球俱乐部"
"deu_Latn","adventskalender ferngesteuertes auto","圣诞倒数日历 遥控汽车"
"deu_Latn","adventskalender für junge männer","年轻男士的圣诞倒数日历"
"deu_Latn","adventskalender geschichten astrid lindgren","圣诞倒数日历故事  安斯丽特·林格伦"
"deu_Latn","adventskalender jungs 6 jahre","圣诞倒数日历 男孩 6岁"
"deu_Latn","adventskalender mit tee","圣诞倒数日历配茶"
"deu_Latn","bayern münchen adventskalender 2025","拜仁慕尼黑2025年圣诞倒数日历"
"deu_Latn","blumen adventskalender 2025","2025年花卉圣诞倒数日历"
"deu_Latn","chill mal digga adventskalender","冷静一下，迪加圣诞倒数日历"
"deu_Latn","happy socks adventskalender 2025","快乐袜子2025年圣诞倒数日历"
"deu_Latn","klugscheißer adventskalender","爱吹牛的傻瓜圣诞倒数日历"
"deu_Latn","rotkäppchen adventskalender","小红帽圣诞倒数日历"
"deu_Latn","schreibwaren adventskalender","文具 圣诞倒数日历"
"deu_Latn","simpsons adventskalender","辛普森一家圣诞日历"
"deu_Latn","adventskalender 14 jahre mädchen","圣诞倒数日历 14岁 女孩"
"deu_Latn","adventskalender baustelle","施工现场的圣诞倒数日历"
"deu_Latn","adventskalender fitness protein","健身蛋白质圣诞日历"
"deu_Latn","adventskalender sackerl zum befüllen","圣诞倒数日历填充包"
"deu_Latn","adventskalender saure süßigkeiten","圣诞倒数日历 酸甜糖果"
"deu_Latn","bmw adventskalender 2025","2025年宝马圣诞倒数日历"
"deu_Latn","inkee adventskalender","inkee 圣诞倒数日历"
"deu_Latn","jean and len adventskalender","牛仔裤和连帽衫圣诞倒数日历"
"deu_Latn","nüsse adventskalender","坚果圣诞倒数日历"
"deu_Latn","teelicht adventskalender","香薰蜡烛 圣诞倒数日历"
"deu_Latn","adventskalender 2025 escape room","2025年圣诞倒数日历 逃脱室"
"deu_Latn","adventskalender beutel zum befüllen","装填式圣诞倒数日历袋"
"deu_Latn","adventskalender nostalgisch glitzer","复古闪粉圣诞日历"
"deu_Latn","kosmos exit adventskalender","科斯莫斯圣诞倒数日历"
"deu_Latn","kuscheltier adventskalender","毛绒玩具圣诞倒数日历"
"deu_Latn","lebkuchen adventskalender 2025","2025年姜饼圣诞倒数日历"
"deu_Latn","zartbitter adventskalender","苦甜日历（圣诞降临日历）"
"deu_Latn","überraschungsei adventskalender","惊喜蛋 圣诞倒数日历"
"deu_Latn","weihnachtskalender 2025 männer","2025年圣诞日历 男士"
"deu_Latn","adventskalender 2025 bluey","2025年圣诞倒数日历 bluey"
"deu_Latn","adventskalender 2025 japan","2025年日本圣诞倒数日历"
"deu_Latn","adventskalender 2025 seeberger","2025年圣诞倒数日历 Seeberger"
"deu_Latn","adventskalender japanisch","日本式圣诞倒数日历"
"deu_Latn","adventskalender parfum herren","圣诞倒数日历 男士香水"
"deu_Latn","adventskalender siku","圣诞倒数日历 Siku"
"deu_Latn","adventskalender teekanne","圣诞倒数日历 茶壶"
"deu_Latn","füllung adventskalender kind 2 jahre","填充物 圣诞倒数日历 儿童 2岁"
"deu_Latn","lübecker marzipan adventskalender","吕贝克杏仁糖圣诞倒数日历"
"deu_Latn","redbull adventskalender","红牛圣诞倒数日历"
"deu_Latn","usa adventskalender","美国圣诞日历"
"deu_Latn","tee weihnachtskalender","茶 圣诞日历"
"deu_Latn","adventskalender 11 jahre junge","圣诞倒数日历 11年新品"
"deu_Latn","adventskalender 2025 für jungs","2025年男生圣诞倒数日历"
"deu_Latn","adventskalender gesichtsmasken","圣诞日历面膜"
"deu_Latn","adventskalender jungen lego","圣诞倒数日历 年轻人 乐高"
"deu_Latn","adventskalender korean beauty","圣诞倒数日历 韩国美妆"
"deu_Latn","angler adventskalender","渔夫圣诞倒数日历"
"deu_Latn","fc barcelona adventskalender","巴塞罗那足球俱乐部圣诞倒数日历"
"deu_Latn","feuerwehrmann sam adventskalender","消防员山姆圣诞倒数日历"
"deu_Latn","maxi nutrition adventskalender","maxi nutrition 圣诞倒数日历"
"deu_Latn","milwaukee adventskalender","密尔沃基圣诞日历"
"deu_Latn","tennis adventskalender","网球圣诞倒数日历"
"deu_Latn","adventskalender 13 jahre junge","圣诞倒数日历 13年新款"
"deu_Latn","adventskalender 2025 lego friends","2025年乐高朋友圣诞倒数日历"
"deu_Latn","adventskalender einhorn mädchen","圣诞倒数日历 鹿角少女"
"deu_Latn","adventskalender fishermans friend","鱼夫之友圣诞倒数日历"
"deu_Latn","adventskalender hsv","hsv 圣诞倒数日历"
"deu_Latn","adventskalender lebensmittel","圣诞日历食品"
"deu_Latn","adventskalender schwangere","圣诞倒数日历 孕妇"
"deu_Latn","adventskalender spielzeug mädchen","圣诞倒数日历 儿童玩具 女孩"
"deu_Latn","adventskalender tüten zum befüllen groß","圣诞倒数日历填充袋 大号"
"deu_Latn","fischer adventskalender","菲舍尔圣诞倒数日历"
"deu_Latn","food adventskalender 2025","2025年食品圣诞日历"
"deu_Latn","legami adventskalender 2025 stifte","legami 2025年圣诞倒数日历 铅笔"
"deu_Latn","sound adventskalender","声音圣诞日历"
"deu_Latn","xlaeta adventskalender 2025","xlaeta 2025年圣诞倒数日历"
"deu_Latn","yankee candle adventskalender 2025","yankee candle 2025年圣诞倒数日历"
"deu_Latn","adventskalender 2025 maenner","2025年圣诞倒数日历 男士"
"deu_Latn","adventskalender 8 jahre mädchen","圣诞日历 8岁 女孩"
"deu_Latn","adventskalender duftkerzen 2025","2025年圣诞倒数日历香薰蜡烛"
"deu_Latn","adventskalender für familien","家庭用的圣诞倒数日历"
"deu_Latn","adventskalender ideen mann","圣诞日历创意 男士"
"deu_Latn","adventskalender playmobil junior","playmobil初级圣诞日历"
"deu_Latn","essence adventskalender 2025 diy","精华圣诞倒数日历2025 DIY"
"deu_Latn","gabby adventskalender 2025","加比2025年圣诞倒数日历"
"deu_Latn","zauber adventskalender","魔力圣诞倒数日历"
"deu_Latn","adventskalender 2025 jungs 10 jahre","2025年圣诞倒数日历 男孩 10周年"
"deu_Latn","adventskalender darts 2025","2025年圣诞倒数日历 飞镖"
"deu_Latn","adventskalender eishockey","圣诞倒数日历 冰球"
"deu_Latn","adventskalender füllung teenager mädchen","圣诞日历填充物 青少年 女孩"
"deu_Latn","adventskalender sackerl","圣诞倒数日历 小袋子"
"deu_Latn","bad adventskalender kinder","儿童坏蛋圣诞日历"
"deu_Latn","beauty adventskalender 2025 mädchen","2025年美妆圣诞倒数日历 女孩"
"deu_Latn","potluck adventskalender","自助聚餐圣诞日历"
"deu_Latn","rituals adventskalender männer","rituals 圣诞倒数日历 男士"
"deu_Latn","tisch adventskalender 2025","2025年桌面圣诞倒数日历"
"deu_Latn","adventskalender 2025 edelsteine","2025年圣诞倒数日历 珠宝"
"deu_Latn","adventskalender baum","圣诞日历树"
"deu_Latn","adventskalender more nutrition","圣诞倒数日历 更多营养"
"deu_Latn","adventskalender rocher","圣诞倒数日历 Roche"
"deu_Latn","befüllbarer adventskalender aus stoff","可填充的布制圣诞降临日历"
"deu_Latn","buch adventskalender kinder","儿童圣诞倒数日历书"
"deu_Latn","bundesliga adventskalender","德甲联赛圣诞日历"
"deu_Latn","horror adventskalender","恐怖圣诞日历"
"deu_Latn","mozartkugeln adventskalender","莫扎特巧克力 圣诞倒数日历"
"deu_Latn","survival kit adventskalender","生存套装 圣诞倒数日历"
"deu_Latn","würfel adventskalender","方块圣诞日历"
"deu_Latn","adventskalender 2025 fc bayern","2025年拜仁慕尼黑足球俱乐部圣诞日历"
"deu_Latn","adventskalender 2025 just spices","2025年圣诞倒数日历 Just Spices"
"deu_Latn","adventskalender 2025 mädchen 13 jahre","2025年圣诞倒数日历 女孩 13岁"
"deu_Latn","adventskalender kinder bueno","儿童圣诞倒数日历 Bueno"
"deu_Latn","adventskalender lebenskompass","圣诞倒数日历 生活指南"
"deu_Latn","adventskalender mädchen playmobil","圣诞日历 女孩 playmobil"
"deu_Latn","adventskalender selbst machen","自制圣诞倒数日历"
"deu_Latn","adventskalender snack","圣诞倒数日历零食"
"deu_Latn","adventskalender tatort","圣诞日历 Tatort"
"deu_Latn","adventskalender zum befüllen frauen","可填充的圣诞倒数日历（适用于女性）"
"deu_Latn","angel berger adventskalender 2025","安格尔伯格2025年圣诞倒数日历"
"deu_Latn","füllung für adventskalender jungen","填充物用于年轻人的圣诞倒数日历"
"deu_Latn","kinder bueno adventskalender 2025","儿童布恩多圣诞倒数日历2025"
"deu_Latn","kinder überraschung adventskalender","儿童惊喜圣诞倒数日历"
"deu_Latn","lego - adventskalender","乐高 - 圣诞倒数日历"
"deu_Latn","maus adventskalender","鼠标圣诞倒数日历"
"deu_Latn","nike adventskalender","耐克圣诞倒数日历"
"deu_Latn","rinti adventskalender 2025","rinti 2025年圣诞倒数日历"
"deu_Latn","smarties adventskalender 2025","smarties 2025年圣诞倒数日历"
"deu_Latn","weihnachtskalender frauen 2025","2025年女性圣诞日历"
"deu_Latn","adventskalender 2025 bueno","2025年圣诞倒数日历 bueno"
"deu_Latn","adventskalender 2025 frauen kerzen","2025年圣诞倒数日历 女士 蜡烛"
"deu_Latn","adventskalender 2025 kinder stitch","2025年圣诞倒数日历 儿童编织"
"deu_Latn","adventskalender 2025 mädchen 6 jahre","2025年圣诞倒数日历 女孩 6岁"
"deu_Latn","adventskalender 2025 schokolade lindt","2025年圣诞倒数日历 林德特巧克力"
"deu_Latn","adventskalender basteln mädchen","女孩们自制圣诞日历"
"deu_Latn","adventskalender füllung kind 3 jahre","3岁儿童圣诞日历填充物"
"deu_Latn","adventskalender pferde zubehör","圣诞倒数日历 马配件"
"deu_Latn","brawl stars adventskalender","Brawl Stars 圣诞倒数日历"
"deu_Latn","carrera adventskalender","卡莱拉圣诞倒数日历"
"deu_Latn","duell adventskalender","对决圣诞倒数日历"
"deu_Latn","puzzle adventskalender personalisiert","定制拼图圣诞日历"
"deu_Latn","socken adventskalender kinder","儿童袜子圣诞日历"
"deu_Latn","squish a long adventskalender","挤压一个长长的圣诞倒数日历"
"deu_Latn","waterdrop adventskalender","水滴形圣诞倒数日历"
"deu_Latn","adventskalender 2025 figuren","2025年圣诞倒数日历玩偶"
"deu_Latn","adventskalender 2025 kinder bücher","2025年圣诞倒数日历 儿童书籍"
"deu_Latn","adventskalender junge 6 jahre","圣诞倒数日历 年轻 6 岁"
"deu_Latn","adventskalender marmelade 2025","2025年圣诞倒数日历 果酱"
"deu_Latn","adventskalender mit bildern","带图片的圣诞倒数日历"
"deu_Latn","adventskalender technik und elektronik","圣诞日历 技术与电子"
"deu_Latn","adventskalender zahlen buttons","圣诞倒数日历 支付 按钮"
"deu_Latn","die drei  adventskalender","这三本圣诞倒数日历"
"deu_Latn","dänemark adventskalender","丹麦 圣诞倒数日历"
"deu_Latn","handlettering adventskalender","手写风格的圣诞倒数日历"
"deu_Latn","mini adventskalender mit schokolinsen","迷你圣诞倒数日历带巧克力豆"
"deu_Latn","mini parfum adventskalender 2025","迷你香水圣诞倒数日历 2025"
"deu_Latn","premium adventskalender 2025","2025年高端圣诞倒数日历"
"deu_Latn","pukka tee adventskalender","pukka 茶 圣诞倒数日历"
"deu_Latn","sachen für adventskalender frauen","东西的复临日历妇女"
"deu_Latn","saft adventskalender","果汁圣诞日历"
"deu_Latn","adventskalender 2025 socken für frauen","2025年圣诞倒数日历 女士袜子"
"deu_Latn","adventskalender familie 2025","2025年家庭圣诞倒数日历"
"deu_Latn","adventskalender make up 2025","2025年圣诞倒数日历美妆"
"deu_Latn","adventskalender maybelline new york","圣诞倒数日历 美宝莲纽约"
"deu_Latn","adventskalender polizei","圣诞倒数日历 警察"
"deu_Latn","adventskalender werder bremen","降临日历将制动"
"deu_Latn","adventskalender zum befüllen stoff xxl","可填充的圣诞倒数日历 布料 XXL"
"deu_Latn","adventskalender-füllung jungen","圣诞倒数日历填充物 年轻"
"deu_Latn","bayern adventskalender","拜仁圣诞倒数日历"
"deu_Latn","claas adventskalender","克拉斯圣诞倒数日历"
"deu_Latn","exit adventskalender 2025 der zauber von weihnachten","2025年圣诞倒数日历：圣诞节的魔力"
"deu_Latn","fendt adventskalender","芬德特圣诞日历"
"deu_Latn","fischer adventskalender 2025","菲舍尔2025年圣诞倒数日历"
"deu_Latn","pyro adventskalender","pyro 圣诞倒数日历"
"deu_Latn","sanrio adventskalender","sanrio 圣诞倒数日历"
"deu_Latn","'adventskalender tee","圣诞倒数日历茶"
"deu_Latn","adventskalender 2025 wellness","2025年圣诞倒数日历 水疗"
"deu_Latn","adventskalender ab 10 jahre","圣诞倒数日历 适合10岁以上"
"deu_Latn","adventskalender fitness männer","健身男士圣诞倒数日历"
"deu_Latn","adventskalender frühstück 2025","2025年早餐圣诞日历"
"deu_Latn","adventskalender junge 8 jahre","8岁儿童圣诞倒数日历"
"deu_Latn","adventskalender postkarten mit türchen","圣诞日历明信片带小门"
"deu_Latn","adventskalender waterdrop","水滴日历（圣诞倒数日历）"
"deu_Latn","die drei kids adventskalender","三个孩子的圣诞倒数日历"
"deu_Latn","dragonball adventskalender","龙珠圣诞日历"
"deu_Latn","kaugummi adventskalender 2025","口香糖 圣诞倒数日历 2025"
"deu_Latn","klammern adventskalender","圣诞倒数日历夹"
"deu_Latn","lotto adventskalender","乐透圣诞倒数日历"
"fra_Latn","pokémon adventskalender 2025","2025年宝可梦圣诞日历"
"deu_Latn","shopping queen adventskalender","购物女王圣诞倒数日历"
"deu_Latn","sonic adventskalender 2025","2025年声波圣诞日历"
"deu_Latn","adventskalender 2025 checker tobi","2025年圣诞倒数日历 检查版 Tobi"
"deu_Latn","adventskalender 2025 tiptoi","2025年圣诞倒数日历 tiptoi"
"deu_Latn","adventskalender haus zum befüllen","可填充式圣诞倒数日历"
"deu_Latn","adventskalender herr der ringe","指环王圣诞倒数日历"
"deu_Latn","adventskalender juicy bomb","圣诞倒数日历 juicy bomb"
"deu_Latn","adventskalender mit nüssen","装有坚果的圣诞倒数日历"
"deu_Latn","adventskalender rentner 2025","2025年退休老人圣诞倒数日历"
"deu_Latn","football adventskalender","足球圣诞日历"
"deu_Latn","koch adventskalender","烹饪圣诞日历"
"deu_Latn","matchbox adventskalender 2025","2025年火柴盒圣诞倒数日历"
"deu_Latn","meßmer adventskalender","meßmer adventskalender 译文：梅斯默圣诞倒数日历"
"deu_Latn","rituals adventskalender 2025 männer","rituals 2025年圣诞倒数日历 男士"
"deu_Latn","adventskalender 2025 für mädchen","2025年女孩圣诞倒数日历"
"deu_Latn","adventskalender füllung 2 jahre","圣诞倒数日历填充物 2岁"
"deu_Latn","adventskalender lancome","兰蔻圣诞倒数日历"
"deu_Latn","adventskalender lind","圣诞倒数日历 林德"
"deu_Latn","adventskalender puppen","圣诞倒数日历玩偶"
"deu_Latn","kleinkram für adventskalender","圣诞倒数日历的小物件"
"deu_Latn","little people adventskalender","小人历圣诞倒数日历"
"deu_Latn","lookfantastic adventskalender","lookfantastic 圣诞倒数日历"
"deu_Latn","playmobil adventskalender novelmore","playmobil 圣诞倒数日历 novelmore"
"deu_Latn","vegane adventskalender","素食主义圣诞降临日历"
"deu_Latn","adventskalender 2025 frauen wellness","2025年圣诞倒数日历 女性 水疗"
"deu_Latn","adventskalender 2025 schnaps","2025年圣诞倒数日历 朗姆酒"
"deu_Latn","adventskalender 2025 technik","2025年技术圣诞日历"
"deu_Latn","adventskalender blumen lego","圣诞日历 花砖乐高"
"deu_Latn","adventskalender food","圣诞倒数日历食品"
"deu_Latn","adventskalender fußball karten","足球圣诞日历卡片"
"deu_Latn","adventskalender horror","圣诞倒数日历 恐怖"
"deu_Latn","adventskalender junge 3 jahre","圣诞倒数日历 3年款"
"deu_Latn","adventskalender mentos","圣诞日历 万宝路"
"deu_Latn","adventskalender shots","圣诞倒数日历小酒"
"deu_Latn","adventskalender tüte","圣诞倒数日历袋"
"deu_Latn","inhalt adventskalender teenager","内容 圣诞倒数日历 青少年"
"deu_Latn","jack daniels adventskalender","杰克·丹尼尔圣诞倒数日历"
"deu_Latn","manga adventskalender","漫画圣诞日历"
"deu_Latn","pferde adventskalender für echte pferde","马用圣诞倒数日历，适用于真马"
"deu_Latn","pixi buch adventskalender 2025","pixi 书籍 圣诞倒数日历 2025"
"deu_Latn","protein riegel adventskalender","蛋白质棒 圣诞倒数日历"
"deu_Latn","adventskalender 2025 capybara","2025年圣诞倒数日历 水豚"
"deu_Latn","adventskalender 2025 gin","2025年圣诞倒数日历 金酒"
"deu_Latn","adventskalender 2025 kinder hot wheels","2025年圣诞倒数日历 儿童热轮玩具车"
"deu_Latn","adventskalender 2025 kinder selbst befüllen","2025年儿童自助填充圣诞倒数日历"
"deu_Latn","adventskalender 2025 lebensmittel","2025年圣诞倒数日历 食品"
"deu_Latn","adventskalender befüllen kinder","圣诞日历填充儿童用品"
"deu_Latn","adventskalender eis 2025","2025年冰霜圣诞日历"
"deu_Latn","adventskalender elf","圣诞倒数日历 十一"
"deu_Latn","adventskalender harry potter lego","哈利波特乐高圣诞倒数日历"
"deu_Latn","adventskalender hazet","圣诞倒数日历 hazet"
"deu_Latn","adventskalender kind 2 jahre","圣诞倒数日历 儿童 2岁"
"deu_Latn","adventskalender klo","圣诞日历马桶"
"deu_Latn","adventskalender rc","圣诞倒数日历遥控车"
"deu_Latn","adventskalender säckchen kinder","圣诞倒数日历小袋子 儿童用"
"deu_Latn","geschenke für adventskalender männer","男士圣诞倒数日历礼品"
"deu_Latn","m und m adventskalender","m und m 圣诞倒数日历"
"deu_Latn","mc darts adventskalender","麦当劳飞镖圣诞倒数日历"
"deu_Latn","rammstein adventskalender 2025","拉姆斯坦2025年圣诞倒数日历"
"deu_Latn","sticker adventskalender kinder","贴纸 圣诞倒数日历 儿童"
"deu_Latn","vernasch die welt adventskalender","温暖世界 圣诞倒数日历"
"deu_Latn","adventskalender 6 jahre mädchen","圣诞倒数日历 6岁 女孩"
"deu_Latn","adventskalender für freundinnen","为女性朋友准备的圣诞倒数日历"
"deu_Latn","adventskalender für jungen","年轻人的圣诞倒数日历"
"deu_Latn","adventskalender gourmet","美食圣诞倒数日历"
"deu_Latn","adventskalender jungs 3 jahre","圣诞倒数日历 男孩 3岁"
"deu_Latn","adventskalender kreativ kinder","创意圣诞倒数日历 儿童"
"deu_Latn","adventskalender pixi bücher","圣诞倒数日历 pixi 书籍"
"deu_Latn","adventskalender wera 2025","2025年wera品牌圣诞日历"
"deu_Latn","adventskalender zum befüllen kiste","可填充的圣诞倒数日历箱"
"deu_Latn","böker adventskalender","böker adventskalender"
"deu_Latn","elektronik adventskalender","电子圣诞倒数日历"
"deu_Latn","flugzeug adventskalender","飞机 圣诞倒数日历"
"deu_Latn","garnier adventskalender 2025","嘉人2025年圣诞倒数日历"
"deu_Latn","große adventskalender tüten","大号圣诞倒数日历袋"
"deu_Latn","harry-potter adventskalender","哈利波特圣诞倒数日历"
"deu_Latn","kloster kitchen adventskalender","修道院厨房圣诞倒数日历"
"deu_Latn","weihnachtskalender zum selbst befüllen","可自行填充的圣诞日历"
"fra_Latn","mon chéri advent calendar","mon chéri 圣诞倒数日历"
"deu_Latn","adventskalender 1 jahr junge","圣诞倒数日历 1年 新品"
"deu_Latn","adventskalender 2025 diamond painting","2025年圣诞倒数日历 钻画"
"deu_Latn","adventskalender für studenten","学生用的圣诞倒数日历"
"deu_Latn","adventskalender nfl","圣诞倒数日历 NFL"
"deu_Latn","adventskalender pettersson und findus","圣诞日历 彼得松与芬杜斯"
"deu_Latn","adventskalender schach","圣诞倒数日历 象棋"
"deu_Latn","baby annabell adventskalender","宝宝安娜贝尔圣诞倒数日历"
"deu_Latn","five nights at freddys adventskalender","《五夜后宫》圣诞日历"
"deu_Latn","fussballkarten adventskalender 2025","足球卡片 圣诞倒数日历 2025"
"deu_Latn","füllung für den adventskalender","圣诞倒数日历填充物"
"deu_Latn","gummibärchen adventskalender 2025","2025年软糖小熊圣诞倒数日历"
"deu_Latn","günstige adventskalender","便宜的圣诞倒数日历"
"deu_Latn","lego harry potter adventskalender 2025","乐高哈利波特2025年圣诞倒数日历"
"deu_Latn","pflanzen adventskalender","植物圣诞日历"
"deu_Latn","pixi-adventskalender","pixi-圣诞倒数日历"
"deu_Latn","tung tung tung tung sahur adventskalender","咚咚咚咚 破晓前的斋月日历（或：斋月倒数日历）"
"deu_Latn","adventskalender ab 6 jahre","6岁以上儿童适用的圣诞倒数日历"
"deu_Latn","adventskalender asam beauty 2025","2025年asam beauty圣诞倒数日历"
"deu_Latn","adventskalender bilder kinder","圣诞倒数日历 儿童图片"
"deu_Latn","adventskalender duft","圣诞倒数日历香氛"
"deu_Latn","adventskalender erwachsene erotische","成人圣诞倒数日历 情趣"
"deu_Latn","adventskalender frauen 2025 beauty","2025年女性圣诞倒数日历美妆"
"deu_Latn","adventskalender gym","圣诞倒数日历 健身"
"deu_Latn","adventskalender kinder 7 jahre","儿童（7岁）圣诞倒数日历"
"deu_Latn","adventskalender zahlen klammer","圣诞日历扣件付款"
"deu_Latn","buldak adventskalender","圣诞倒数日历（Buldak风格）"
"deu_Latn","dinge für adventskalender kinder","儿童圣诞倒数日历用品"
"deu_Latn","likör adventskalender","利口酒圣诞日历"
"deu_Latn","monster energy adventskalender","怪兽能量圣诞倒数日历"
"deu_Latn","sheglam adventskalender 2025","sheglam 2025年圣诞倒数日历"
"deu_Latn","star trek adventskalender","星际迷航圣诞日历"
"deu_Latn","ysl adventskalender 2025","伊夫·圣罗兰2025年圣诞倒数日历"
"deu_Latn","weihnachtskalender werkzeug","圣诞日历工具"
"deu_Latn","adventskalender angler","圣诞倒数日历 钓鱼爱好者"
"deu_Latn","adventskalender edle tropfen in nuss","圣诞倒数日历 珍贵酒滴 坚果装"
"deu_Latn","adventskalender frauen inhalt","圣诞倒数日历 女性 内容"
"deu_Latn","adventskalender just spices 2025","2025年just spices圣诞倒数日历"
"deu_Latn","adventskalender messer","圣诞日历小刀"
"deu_Latn","adventskalender new york","圣诞倒数日历纽约"
"deu_Latn","adventskalender stoffsäckchen","圣诞倒数日历布袋"
"deu_Latn","adventskalender traktor kinder","圣诞倒数日历 拖拉机 儿童"
"deu_Latn","adventskalender treppe","圣诞倒数日历楼梯"
"deu_Latn","beutel adventskalender","节日倒数日历袋"
"deu_Latn","füllung für adventskalender frau","女士圣诞倒数日历填充物"
"deu_Latn","juicy bomb adventskalender 2025","2025年果汁炸弹圣诞倒数日历"
"deu_Latn","kreativ adventskalender 2025","创意圣诞倒数日历2025"
"deu_Latn","kräutertee adventskalender","草药茶 圣诞倒数日历"
"deu_Latn","neonail adventskalender","霓虹美甲圣诞倒数日历"
"deu_Latn","reclam adventskalender 2025","2025年Reclam圣诞日历"
"deu_Latn","roboter adventskalender","机器人圣诞倒数日历"
"deu_Latn","sexy adventskalender","性感圣诞倒数日历"
"deu_Latn","strick adventskalender","针织圣诞倒数日历"
"deu_Latn","was ist was adventskalender","什么是什么是圣诞倒数日历"
"deu_Latn","adventskalender 2025 nagellack","2025年圣诞倒数日历 甲油胶"
"deu_Latn","adventskalender 2025 parfum","2025年圣诞倒数日历 香水"
"deu_Latn","adventskalender 2025 proteinriegel","2025年圣诞倒数日历 蛋白棒"
"deu_Latn","adventskalender eierlikör","圣诞倒数日历 鸡蛋利口酒"
"deu_Latn","adventskalender kinder 5 jahre junge","儿童圣诞倒数日历 5岁 幼童"
"deu_Latn","adventskalender kleinkinder","圣诞倒数日历 小孩"
"deu_Latn","adventskalender porridge","圣诞日历粥"
"deu_Latn","adventskalender sachen zum befüllen","圣诞倒数日历 填充物品"
"deu_Latn","adventskalender selbst gestalten","自行设计圣诞倒数日历"
"deu_Latn","adventskalender weihnachtsdeko","圣诞日历 圣诞装饰"
"deu_Latn","baby-adventskalender","婴儿圣诞日历"
"deu_Latn","cola adventskalender 2025","2025年可乐圣诞倒数日历"
"deu_Latn","fußballkarten adventskalender","足球卡片 圣诞倒数日历"
"deu_Latn","geschenke für den adventskalender","圣诞季倒数日历礼物"
"deu_Latn","novelmore adventskalender","novelmore 圣诞倒数日历"
"deu_Latn","sally adventskalender 2025","2025年莎莉圣诞倒数日历"
"deu_Latn","squishmallow adventskalender 2025","2025年史莱姆绒绒圣诞倒数日历"
"deu_Latn","adventskalender 2025 drei fragezeichen","2025年圣诞倒数日历 三个问号"
"deu_Latn","adventskalender 2025 kinder 8 jahre","2025年圣诞倒数日历 8岁儿童"
"deu_Latn","adventskalender conni","连尼（conni）圣诞倒数日历"
"deu_Latn","adventskalender eule","圣诞倒数日历猫头鹰"
"deu_Latn","adventskalender für junge frauen","年轻女性的圣诞倒数日历"
"deu_Latn","adventskalender kind 1 jahr","圣诞日历 儿童 1岁"
"deu_Latn","adventskalender kinder selber befüllen","儿童自制圣诞倒数日历填充"
"deu_Latn","adventskalender my müsli","圣诞倒数日历 我的麦片"
"deu_Latn","adventskalender zuckerfrei 2025","无糖2025年圣诞倒数日历"
"deu_Latn","diy adventskalender füllung","DIY圣诞倒数日历填充物"
"deu_Latn","emotional support adventskalender","情感支持圣诞日历"
"deu_Latn","escape adventskalender erwachsene","逃离圣诞倒数日历 成人"
"deu_Latn","fitness adventskalender männer","健身圣诞倒数日历 男士"
"deu_Latn","ice adventskalender 2025","2025年冰雕圣诞日历"
"deu_Latn","ideen adventskalender befüllen","创意圣诞倒数日历填充"
"deu_Latn","inhalt für adventskalender kinder","儿童圣诞倒数日历内容"
"deu_Latn","jean pierre sand parfüm adventskalender","让皮埃尔桑德香水圣诞倒数日历"
"deu_Latn","knekki adventskalender 2025","2025年饼干圣诞倒数日历"
"deu_Latn","minecraft lego adventskalender","我的世界乐高圣诞倒数日历"
"deu_Latn","mädchen adventskalender 8 jahre","女孩圣诞倒数日历 8岁"
"deu_Latn","o'donnell adventskalender","o'donnell 圣诞倒数日历"
"deu_Latn","adventskalender 2025 lindor","2025年圣诞倒数日历 Lindor"
"deu_Latn","adventskalender aufhängung","圣诞倒数日历挂饰"
"deu_Latn","adventskalender beyblade","圣诞倒数日历 玩偶战士（或“爆旋陀螺”）"
"deu_Latn","adventskalender puzzle 2025","2025年圣诞日历拼图"
"deu_Latn","adventskalender schminke mädchen","圣诞倒数日历 妆容 女孩"
"deu_Latn","coole teenager adventskalender","酷炫青少年圣诞倒数日历"
"deu_Latn","exit adventskalender 2025 erwachsene","2025年成人版圣诞倒数日历退出"
"deu_Latn","jungen adventskalender","年轻人圣诞倒数日历"
"deu_Latn","korean skincare adventskalender","韩国护肤品圣诞倒数日历"
"deu_Latn","littlest pet shop adventskalender","小宠物店圣诞倒数日历"
"deu_Latn","luxus adventskalender frauen","豪华圣诞倒数日历 女士"
"deu_Latn","makeup adventskalender","化妆圣诞日历"
"deu_Latn","mädchen adventskalender 10 jahre","女孩圣诞倒数日历 10周年"
"deu_Latn","nagellack adventskalender 2025","指甲油 圣诞倒数日历 2025"
"deu_Latn","wiha adventskalender 2025","wiha 2025年圣诞倒数日历"
"deu_Latn","weihnachtskalender mann","圣诞日历 男士"
"deu_Latn","adventskalender 9 jahre mädchen","圣诞倒数日历 9岁 女孩"
"deu_Latn","adventskalender dragonball","圣诞倒数日历龙珠"
"deu_Latn","adventskalender football","足球圣诞日历"
"deu_Latn","adventskalender füllung süßigkeiten","圣诞日历填充物 糖果"
"deu_Latn","adventskalender für papa","爸爸的圣诞倒数日历"
"deu_Latn","adventskalender für werdende eltern","准父母圣诞日历"
"deu_Latn","adventskalender lego friends 2025","乐高朋友2025年圣诞倒数日历"
"deu_Latn","adventskalender marvel 2025","漫威2025圣诞倒数日历"
"deu_Latn","adventskalender papierdrachen","圣诞倒数日历 纸风筝"
"deu_Latn","adventskalender pringels","圣诞倒数日历 Pringels"
"deu_Latn","adventskalender weingummi","圣诞倒数日历葡萄酒软糖"
"deu_Latn","eintracht frankfurt adventskalender","法兰克福Eintracht圣诞倒数日历"
"deu_Latn","feuerwerk adventskalender","烟花圣诞倒数日历"
"deu_Latn","kiste adventskalender","圣诞倒数日历箱"
"deu_Latn","kunst adventskalender","手工圣诞倒数日历"
"deu_Latn","naturkosmetik adventskalender","天然化妆品圣诞倒数日历"
"deu_Latn","parfüm adventskalender 2025","香水 圣诞倒数日历 2025"
"deu_Latn","schwartau adventskalender 2025","施瓦尔陶2025年圣诞倒数日历"
"deu_Latn","adventskalender 2025 pixi","2025年圣诞倒数日历 pixi"
"deu_Latn","adventskalender badezusatz kinder","圣诞倒数日历 泡澡添加剂 儿童"
"deu_Latn","adventskalender fischer","圣诞倒数日历 Fischer"
"deu_Latn","adventskalender groß","圣诞倒数日历 大号"
"deu_Latn","adventskalender haarpflege","圣诞日历 护发"
"deu_Latn","adventskalender mit bastelsachen","带手工制品的圣诞日历"
"deu_Latn","adventskalender nerd","书呆子圣诞日历"
"deu_Latn","adventskalender taschen zum befüllen","圣诞日历收纳袋，可填充"
"deu_Latn","amazon adventskalender kinder","亚马逊圣诞倒数日历儿童款"
"deu_Latn","eis deluxe adventskalender 2025","2025年冰镇豪华圣诞倒数日历"
"deu_Latn","highland cow adventskalender","高地牛圣诞倒数日历"
"deu_Latn","horse club adventskalender","马术俱乐部圣诞倒数日历"
"deu_Latn","miraculous adventskalender","神奇的圣诞倒数日历"
"deu_Latn","protein-adventskalender","蛋白质圣诞倒数日历"
"deu_Latn","sarah harrison adventskalender","莎拉·哈里森圣诞倒数日历"
"deu_Latn","adventskalender 2025 günstig","2025年圣诞倒数日历 便宜"
"deu_Latn","adventskalender 2025 schmuck silber","2025年圣诞倒数日历 饰品 银色"
"deu_Latn","adventskalender beauty 2025","2025年圣诞倒数日历美妆"
"deu_Latn","adventskalender beutel groß","圣诞倒数日历大袋子"
"deu_Latn","adventskalender entspannen","圣诞倒数日历放松"
"deu_Latn","adventskalender junge 11 jahre","圣诞倒数日历 11岁"
"deu_Latn","adventskalender set","圣诞倒数日历套装"
"deu_Latn","adventskalender säckchen klein","圣诞倒数日历小袋子"
"deu_Latn","dm adventskalender","dm 圣诞倒数日历"
"deu_Latn","experimente adventskalender 2025","2025年实验性圣诞倒数日历"
"deu_Latn","hot-wheels adventskalender","热轮圣诞倒数日历"
"deu_Latn","ideen für adventskalender füllung männer","男士圣诞倒数日历填充物创意"
"deu_Latn","kleine dinge für adventskalender","圣诞倒数日历的小物件"
"deu_Latn","lego marvel adventskalender","乐高漫威圣诞日历"
"deu_Latn","maybelline new york adventskalender","美宝莲纽约圣诞倒数日历"
"deu_Latn","minecraft adventskalender lego","我的世界 圣诞日历 拼多多"
"deu_Latn","pixi bücher adventskalender","pixi书籍圣诞倒数日历"
"deu_Latn","pixie adventskalender","pixie 圣诞倒数日历"
"deu_Latn","pärchen adventskalender 2025","2025年情侣圣诞倒数日历"
"deu_Latn","schalke adventskalender","沙尔克圣诞倒数日历"
"deu_Latn","ungewöhnliche adventskalender","不寻常的圣诞倒数日历"
"deu_Latn","weihnachtskalender für paare","情侣圣诞日历"
"deu_Latn","adventskalender 2025 kinder jungs","2025年圣诞倒数日历 儿童 男孩"
"deu_Latn","adventskalender 2025 parfüm herren","2025年圣诞倒数日历 男士香水"
"deu_Latn","adventskalender 2025 ritter sport","2025年骑士运动（Ritter Sport）圣诞倒数日历"
"deu_Latn","adventskalender badekugeln","圣诞倒数日历 浴球"
"deu_Latn","adventskalender fitness 2025","2025年健身圣诞日历"
"deu_Latn","adventskalender hunde getreidefrei","无谷物狗用圣诞日历"
"deu_Latn","adventskalender pop figuren","圣诞倒数日历 玩偶公仔"
"deu_Latn","adventskalender ps5","圣诞倒数日历 PS5"
"deu_Latn","adventskalender rock","圣诞倒数日历 时尚"
"deu_Latn","adventskalender socken männer","圣诞倒数日历 男袜"
"deu_Latn","adventskalender trinkschokolade","圣诞倒数日历 可饮用巧克力"
"deu_Latn","fußball karten adventskalender","足球 卡片 圣诞倒数日历"
"deu_Latn","lego adventskalender 2025 star wars","乐高2025年星球大战圣诞倒数日历"
"deu_Latn","silikonform adventskalender","硅胶圣诞日历"
"deu_Latn","skincare adventskalender 2025","2025年护肤圣诞倒数日历"
"deu_Latn","weihnachtskalender jungs","圣诞日历男孩"
"deu_Latn","adventskalender 2025 dinosaurier","2025年圣诞倒数日历 恐龙"
"deu_Latn","adventskalender 5 jahre mädchen","圣诞倒数日历 5年 女孩"
"deu_Latn","adventskalender 7 jahre junge","圣诞倒数日历 7年新"
"deu_Latn","adventskalender für hunde 2025","2025年狗狗圣诞倒数日历"
"deu_Latn","adventskalender für lehrer","教师用的圣诞倒数日历"
"deu_Latn","adventskalender groß zum befüllen","圣诞倒数日历，大号，可填充"
"deu_Latn","adventskalender honig 2025","2025年蜂蜜圣诞倒数日历"
"deu_Latn","adventskalender lotto","圣诞日历 乐透"
"deu_Latn","adventskalender mini parfüm","迷你香水圣诞倒数日历"
"deu_Latn","adventskalender peters","圣诞倒数日历 peters"
"deu_Latn","adventskalender reber","圣诞倒数日历 Reber"
"deu_Latn","adventskalender rubbellose","圣诞倒数日历刮刮乐"
"deu_Latn","adventskalender zum befüllen kinder stoff","可填充的圣诞倒数日历 儿童布料"
"deu_Latn","erotischer adventskalender 2025 für paare","2025年情侣专用色情圣诞倒数日历"
"deu_Latn","füllungen für adventskalender","圣诞日历填充物"
"deu_Latn","gregs tagebuch adventskalender","格雷格日记圣诞倒数日历"
"deu_Latn","hobby horse adventskalender","爱好马圣诞倒数日历"
"deu_Latn","kleinigkeiten für adventskalender teenager","青少年用的圣诞倒数日历小配件"
"deu_Latn","yankee candles adventskalender 2025","yankee candles 2025年圣诞倒数日历"
"deu_Latn","weihnachtskalender chips","圣诞日历薯片"
"deu_Latn","adventskalender 10 jahre","圣诞倒数日历 10周年"
"deu_Latn","adventskalender 2022 die schule der magischen tiere","2022年圣诞倒数日历 魔法动物学校"
"deu_Latn","adventskalender 2025 dm","2025年圣诞倒数日历 dm"
"deu_Latn","adventskalender 2025 kinder paw patrol","2025年圣诞倒数日历 儿童帕沃巡逻队"
"deu_Latn","adventskalender 2025 kochen","2025年圣诞倒数日历 烹饪"
"deu_Latn","adventskalender 2025 männer fitness","2025年圣诞倒数日历 男士 健身"
"deu_Latn","adventskalender 2025 weiße schokolade","2025年圣诞倒数日历 白巧克力"
"deu_Latn","adventskalender 7 jahre mädchen","圣诞倒数日历 7岁 女孩"
"deu_Latn","adventskalender frauen beauty","圣诞倒数日历 女性 美容"
"deu_Latn","adventskalender japanische süßigkeiten","圣诞日历 日本糖果"
"deu_Latn","adventskalender jungs 4 jahre","圣诞倒数日历 男孩 4岁"
"deu_Latn","adventskalender teenager jungen","圣诞倒数日历 青少年 男孩"
"deu_Latn","adventskalender wieso weshalb warum 2024","2024年圣诞倒数日历 为何 因此 为什么"
"deu_Latn","ahead adventskalender","ahead adventskalender"
"deu_Latn","cat adventskalender","猫圣诞倒数日历"
"deu_Latn","crime files adventskalender","犯罪档案 圣诞倒数日历"
"deu_Latn","dinosaurier adventskalender","恐龙圣诞倒数日历"
"deu_Latn","eisenbahn adventskalender","铁路圣诞倒数日历"
"deu_Latn","kinder adventskalender 2025 mädchen","2025年儿童圣诞倒数日历 女孩"
"deu_Latn","krippe adventskalender","圣诞马槽圣诞日历"
"deu_Latn","mini-adventskalender","迷你圣诞倒数日历"
"deu_Latn","tonie adventskalender 2025 flöckchen","2025年tonie圣诞倒数日历 flöckchen"
"deu_Latn","24 säckchen adventskalender","24个小袋装的圣诞降临日历"
"deu_Latn","adventskalender 2025 hitschies","2025年圣诞倒数日历 hitschies"
"deu_Latn","adventskalender 3d druck","3D打印圣诞倒数日历"
"deu_Latn","adventskalender kaffee ganze bohne","圣诞倒数日历 咖啡 整颗咖啡豆"
"deu_Latn","adventskalender kinder bücher","圣诞倒数日历儿童书籍"
"deu_Latn","adventskalender topp","圣诞日历 顶部"
"deu_Latn","adventskalender windlicht","圣诞倒数日历风灯"
"deu_Latn","dortmund adventskalender","多特蒙德圣诞倒数日历"
"deu_Latn","kleiner adventskalender frau","小型圣诞倒数日历 女士"
"deu_Latn","lakrids by bülow adventskalender 2025","lakrids by bülow 2025年圣诞倒数日历"
"deu_Latn","mymuesli adventskalender 2025","mymuesli 2025年圣诞倒数日历"
"deu_Latn","prym adventskalender 2025","普瑞姆2025年圣诞倒数日历"
"deu_Latn","puzzle adventskalender 2025 ravensburger","拼图圣诞倒数日历 2025 Ravensburger"
"deu_Latn","traktor adventskalender 2025","拖拉机2025年圣诞倒数日历"
"deu_Latn","zuckerfreier adventskalender","无糖圣诞倒数日历"
"deu_Latn","adventskalender 2025 jugendliche mädchen","2025年圣诞倒数日历 青春少女"
"deu_Latn","adventskalender 2025 männer bart","2025年圣诞倒数日历 男士胡须"
"deu_Latn","adventskalender 2025 männer gewürze","2025年圣诞倒数日历 男士 调味品"
"deu_Latn","adventskalender blumen bausteine","圣诞日历 花卉 建筑积木"
"deu_Latn","adventskalender drei fragezeichen kids","圣诞倒数日历 三问 儿童"
"deu_Latn","adventskalender franzis","圣诞倒数日历 Franzis"
"deu_Latn","adventskalender karten sprüche","圣诞日历卡片寄语"
"deu_Latn","adventskalender maoam","毛熊圣诞倒数日历"
"deu_Latn","adventskalender motorradfahrer","摩托车手圣诞倒数日历"
"deu_Latn","adventskalender mutter tochter","圣诞倒数日历 母女"
"deu_Latn","adventskalender mädchen 16 jahre","圣诞倒数日历 女孩 16岁"
"deu_Latn","adventskalender tüten rot","圣诞倒数日历红色袋子"
"deu_Latn","adventskalender wandkalender","圣诞倒数日历 挂墙日历"
"deu_Latn","cadbury adventskalender","卡迪伯利圣诞倒数日历"
"deu_Latn","darts adventskalender","飞镖圣诞倒数日历"
"deu_Latn","der achtsame adventskalender","这款细心的圣诞倒数日历"
"deu_Latn","fitness-adventskalender","健身圣诞倒数日历"
"deu_Latn","fnaf adventskalender 2025","fnaf 2025年圣诞日历"
"deu_Latn","kit kat adventskalender","奇巧圣诞倒数日历"
"deu_Latn","klebezahlen adventskalender","粘贴数字圣诞日历"
"deu_Latn","nivea adventskalender 2025 herren","妮维雅2025年男士圣诞倒数日历"
"deu_Latn","trolli adventskalender","特洛利圣诞倒数日历"
"deu_Latn","weiße schokolade adventskalender","白巧克力圣诞倒数日历"
"deu_Latn","adventskalender 2025 grinch","2025年圣诞倒数日历 恶棍格林奇"
"deu_Latn","adventskalender 2025 loreal","2025年洛real圣诞倒数日历"
"deu_Latn","adventskalender 2025 mädchen 9 jahre","2025年圣诞倒数日历 女孩 9岁"
"deu_Latn","adventskalender anhänger","圣诞倒数日历挂件"
"deu_Latn","adventskalender aus stoff zum befüllen","布制可填充圣诞降临日日历"
"deu_Latn","adventskalender coca cola","圣诞倒数日历 可口可乐"
"deu_Latn","adventskalender fußballkarten","圣诞倒数日历 足球卡"
"deu_Latn","adventskalender lindt schokolade","林德特巧克力圣诞日历"
"deu_Latn","adventskalender mini bücher","迷你书式圣诞日历"
"deu_Latn","adventskalender männer pflege","圣诞倒数日历 男士 护理"
"deu_Latn","adventskalender mütter","圣诞倒数日历 母亲"
"deu_Latn","adventskalender squishies","圣诞倒数日历挤压玩偶"
"deu_Latn","adventskalender zum befüllen tür","可填充的圣诞倒数日历 门"
"deu_Latn","alkohol adventskalender 2025","2025年酒精圣诞日历"
"deu_Latn","krimi im cottage adventskalender","乡村小屋犯罪小说圣诞倒数日历"
"deu_Latn","star wars lego adventskalender","星球大战乐高圣诞日历"
"deu_Latn","adventskalender 2025 lego star wars","2025年乐高星球大战圣诞日历"
"deu_Latn","adventskalender 2025 pandora","2025年圣诞倒数日历 Pandora"
"deu_Latn","adventskalender carrera","圣诞倒数日历 carrera"
"deu_Latn","adventskalender fussball kinder","圣诞倒数日历 足球 儿童"
"deu_Latn","adventskalender füllen 10 jahre","圣诞倒数日历填充10周年"
"deu_Latn","adventskalender glas","圣诞倒数日历 玻璃"
"deu_Latn","adventskalender junge männer","圣诞倒数日历 年轻男士"
"deu_Latn","adventskalender lehrerin","圣诞倒数日历 教师"
"deu_Latn","adventskalender lets battle","圣诞倒数日历 让我们一决高下"
"deu_Latn","adventskalender mit büchern","带书的圣诞日历"
"deu_Latn","adventskalender mit figuren","带人物形象的圣诞倒数日历"
"deu_Latn","adventskalender ravensburger","圣诞倒数日历 Ravensburger"
"deu_Latn","adventskalender tennis","网球圣诞日历"
"deu_Latn","adventskalender zum befüllen grün","可填充的绿色圣诞降临日历"
"deu_Latn","artikel für adventskalender","用于圣诞倒数日历的商品"
"deu_Latn","nightmare before christmas adventskalender","圣诞前夜恶梦圣诞倒数日历"
"deu_Latn","sonnentor adventskalender","索恩托尔圣诞倒数日历"
"deu_Latn","tee- adventskalender","茶-圣诞日历"
"deu_Latn","topmodel adventskalender 2025","顶级模特2025年圣诞倒数日历"
"deu_Latn","adventskalender 2025 schleim","2025年圣诞倒数日历 粘液"
"deu_Latn","adventskalender für angler","钓鱼者用的圣诞倒数日历"
"deu_Latn","adventskalender im glas","玻璃材质的圣诞倒数日历"
"deu_Latn","adventskalender knobeln","圣诞倒数日历 难题"
"deu_Latn","adventskalender lebensmittel 2025","2025年食品圣诞日历"
"deu_Latn","adventskalender zum befüllen gross","可填充的大型圣诞倒数日历"
"deu_Latn","besonderer adventskalender","特别的圣诞降临日历"
"deu_Latn","funko adventskalender 2025","2025年费恩酷圣诞倒数日历"
"deu_Latn","makita adventskalender 2025 inhalt","牧田2025年圣诞倒数日历内容"
"deu_Latn","playmobil adventskalender piraten","playmobil 圣诞倒数日历 海盗"
"deu_Latn","zahlen adventskalender holz","支付 圣诞倒数日历 木制"
"deu_Latn","weihnachtskalender minecraft","圣诞日历 矿洞世界"
"deu_Latn","weihnachtskalender teenager mädchen","圣诞日历 青少年 女孩"
"deu_Latn","adventskalender 2025 bvb","2025年bvb圣诞日历"
"deu_Latn","adventskalender 2025 dunkle schokolade","2025年圣诞倒数日历 深巧克力"
"deu_Latn","adventskalender 2025 junge 5 jahre","2025年圣诞倒数日历 5周年"
"deu_Latn","adventskalender escape kinder","圣诞倒数日历 逃脱游戏 儿童"
"deu_Latn","adventskalender für mann","男士圣诞倒数日历"
"deu_Latn","adventskalender jungs 14 jahre","圣诞倒数日历 男孩 14岁"
"deu_Latn","adventskalender kinder 4-6 jahre","圣诞倒数日历 儿童 4-6岁"
"deu_Latn","adventskalender koreanisch","韩国风格的圣诞倒数日历"
"deu_Latn","adventskalender magnete","圣诞日历磁铁"
"deu_Latn","adventskalender männer bier","圣诞倒数日历 男士 啤酒"
"deu_Latn","adventskalender puzzle personalisiert","个性化定制拼图式圣诞日历"
"deu_Latn","adventskalender riegel","圣诞倒数日历条"
"deu_Latn","adventskalender zum befüllen jute","可填充的圣诞倒数日历 麻布"
"deu_Latn","badesalz adventskalender","浴盐 圣诞倒数日历"
"deu_Latn","batman adventskalender 2025","蝙蝠侠2025年圣诞日历"
"deu_Latn","bueno adventskalender 2025","bueno adventskalender 2025"
"deu_Latn","die drei fragezeichen adventskalender 2025","2025年三个问号圣诞倒数日历"
"deu_Latn","garten adventskalender 2025","2025年花园圣诞日历"
"deu_Latn","inhalt für adventskalender frauen","女性圣诞倒数日历内容"
"deu_Latn","kleine geschenke für männer adventskalender","男士圣诞倒数日历小礼物"
"deu_Latn","rainbow high adventskalender","彩虹高级圣诞日历"
"deu_Latn","adventskalender früchtetee","圣诞倒数日历 果味茶"
"deu_Latn","adventskalender fußball 2025","2025年足球主题圣诞倒数日历"
"deu_Latn","adventskalender glutenfrei schär","无麸质圣诞倒数日历 辛辣"
"deu_Latn","adventskalender lego marvel","乐高漫威圣诞倒数日历"
"deu_Latn","adventskalender peanuts","圣诞日历花生"
"deu_Latn","adventskalender-füllung teenager","圣诞倒数日历填充物 青少年"
"deu_Latn","büro adventskalender","办公圣诞倒数日历"
"deu_Latn","fcb adventskalender","fcb 圣诞倒数日历"
"deu_Latn","feigling adventskalender","胆小鬼圣诞倒数日历"
"deu_Latn","foto adventskalender mit 24 fotos","带24张照片的圣诞倒数日历"
"deu_Latn","hecht und barsch adventskalender 2025","2025年黑鱼子酱与鲶鱼圣诞倒数日历"
"deu_Latn","herzhafter adventskalender","咸味圣诞日历"
"deu_Latn","jean len adventskalender 2025","jean len adventskalender 2025"
"deu_Latn","kosmetik adventskalender mädchen","化妆品 圣诞倒数日历 女孩"
"deu_Latn","zeck adventskalender 2025","2025年蜱虫（或：蜱虫防护）圣诞倒数日历"
"deu_Latn","weihnachtskalender 2025 für paare","2025年情侣圣诞日历"
"deu_Latn","adventskalender 2025 more","2025年圣诞倒数日历 更多"
"deu_Latn","adventskalender asam beauty","圣诞倒数日历 asam beauty"
"deu_Latn","adventskalender katjes","圣诞倒数日历小猫"
"deu_Latn","adventskalender kinder basteln","儿童自制圣诞日历"
"deu_Latn","adventskalender tonys chocolonely","圣诞倒数日历 Tony's Chocolonely"
"deu_Latn","adventskalender wand","圣诞倒数日历墙饰"
"deu_Latn","böller adventskalender","böller adventskalender"
"deu_Latn","demon hunter adventskalender","恶魔猎人圣诞倒数日历"
"deu_Latn","fc köln adventskalender","科隆足球俱乐部圣诞倒数日历"
"deu_Latn","hexen adventskalender","女巫圣诞倒数日历"
"deu_Latn","little dutch adventskalender","little dutch adventskalender"
"deu_Latn","lustiger adventskalender 2025","2025年趣味圣诞倒数日历"
"deu_Latn","mon cherie adventskalender 2025","我的宝贝2025年圣诞倒数日历"
"deu_Latn","oma adventskalender 2025","oma adventskalender 2025"
"deu_Latn","origami adventskalender 2025","折纸圣诞倒数日历2025"
"deu_Latn","pandora adventskalender 2025","潘多拉2025年圣诞倒数日历"
"deu_Latn","tea adventskalender","茶圣诞日历"
"deu_Latn","w7 adventskalender","w7 圣诞倒数日历"
"deu_Latn","weihnachtstüten adventskalender","圣诞礼包 圣诞倒数日历"
"deu_Latn","3 fragezeichen adventskalender","3问号圣诞倒数日历"
"deu_Latn","adventskalender 2025 chocolate","2025年圣诞倒数日历 巧克力"
"deu_Latn","adventskalender 2025 frauen schminke","2025年圣诞倒数日历 女性化妆品"
"deu_Latn","adventskalender befüllen männer","圣诞倒数日历填充 男士款"
"deu_Latn","adventskalender füllung teenager jungs","圣诞日历填充物 青少年男孩"
"deu_Latn","adventskalender k pop","圣诞倒数日历 K-pop"
"deu_Latn","adventskalender lego minecraft 2025","乐高我的世界2025年圣诞倒数日历"
"deu_Latn","adventskalender mario","马里奥的圣诞倒数日历"
"deu_Latn","adventskalender schulklasse inhalt","圣诞倒数日历 班级 内容"
"deu_Latn","adventskalender selber befüllen inhalt","自制圣诞倒数日历内容填充"
"deu_Latn","adventskalender zum selber basteln","自制圣诞倒数日历"
"deu_Latn","heinz adventskalender 2025","海恩茨2025年圣诞倒数日历"
"deu_Latn","pokemon adventskalender 2025 deutsch","宝可梦2025年德语圣诞倒数日历"
"deu_Latn","polly pocket adventskalender 2025","2025年波莉·袋鼠圣诞倒数日历"
"deu_Latn","proben für adventskalender","圣诞倒数日历样品"
"deu_Latn","tee adventskalender 2025 für zwei","茶（Tee）2025年双人圣诞倒数日历"
"deu_Latn","unicorn academy adventskalender","独角兽学院圣诞日历"
"deu_Latn","viba adventskalender 2025","viba 2025年圣诞倒数日历"
"deu_Latn","adventskalender 2025 kinder experimente","2025年圣诞倒数日历 儿童实验"
"deu_Latn","adventskalender 2025 nostalgisch","2025年复古风格的圣诞倒数日历"
"deu_Latn","adventskalender baumschmuck","圣诞日历 树木装饰"
"deu_Latn","adventskalender füllung kinder 4 jahre","圣诞日历填充物 儿童 4岁"
"deu_Latn","adventskalender glück marmelade","圣诞倒数日历 幸运 果酱"
"deu_Latn","adventskalender korea","韩国圣诞倒数日历"
"deu_Latn","adventskalender paarzeit","圣诞倒数日历 paarzeit"
"deu_Latn","adventskalender playmobil 123","playmobil 123 圣诞倒数日历"
"deu_Latn","grill adventskalender 2025","2025年烧烤圣诞日历"
"deu_Latn","mogli adventskalender","莫格里圣诞倒数日历"
"deu_Latn","ravensburger puzzle adventskalender","拉文斯堡拼图圣诞倒数日历"
"deu_Latn","sexy adventskalender sexy adventskalender boys","性感圣诞日历 性感圣诞日历 男孩"
"deu_Latn","usa adventskalender 2025","美国2025年圣诞倒数日历"
"deu_Latn","weihnachtskalender 2025 kinder junge","2025年圣诞日历 儿童 青少年"
"deu_Latn","adventskalender 14 jahre junge","14岁儿童圣诞倒数日历"
"deu_Latn","adventskalender 2025 garten","2025年圣诞倒数日历 花园"
"deu_Latn","adventskalender 2025 glutenfrei","2025年圣诞倒数日历 无麸质"
"deu_Latn","adventskalender 2025 motorrad","2025年圣诞倒数日历 摩托车"
"deu_Latn","adventskalender elektro","圣诞倒数日历 电子"
"deu_Latn","adventskalender für 10 jährige mädchen","适合10岁女孩的圣诞倒数日历"
"deu_Latn","adventskalender hängend","悬挂式圣诞倒数日历"
"deu_Latn","adventskalender jungs 8 jahre","圣诞倒数日历 男孩 8岁"
"deu_Latn","adventskalender lieblingsmensch","圣诞倒数日历 亲爱的人"
"deu_Latn","adventskalender nyx","尼克斯圣诞倒数日历"
"deu_Latn","adventskalender zum befüllen box","可填充的圣诞倒数日历盒"
"deu_Latn","die 3 ausrufezeichen adventskalender","带3个感叹号的圣诞倒数日历"
"deu_Latn","die drei fragezeichen adventskalender cd","三个问号圣诞倒数日历CD"
"deu_Latn","elf cosmetics adventskalender 2025","elf化妆品2025年圣诞倒数日历"
"deu_Latn","motorrad adventskalender 2025","摩托车2025年圣诞倒数日历"
"deu_Latn","männer geschenke adventskalender","男士礼物 圣诞倒数日历"
"deu_Latn","popcorn adventskalender","爆米花圣诞倒数日历"
"deu_Latn","purelei adventskalender 2025 gold","purelei 2025年金色圣诞倒数日历"
"deu_Latn","tüten adventskalender groß","大号购物袋 圣诞倒数日历"
"deu_Latn","adventskalender 2025 honig","2025年圣诞倒数日历 蜂蜜"
"deu_Latn","adventskalender 2025 personalisiert","2025年个性化圣诞倒数日历"
"deu_Latn","adventskalender handarbeit","手工圣诞日历"
"deu_Latn","adventskalender ideen männer","圣诞倒数日历 男士创意"
"deu_Latn","adventskalender jungen 15 jahre","圣诞倒数日历 15岁 年轻女孩"
"deu_Latn","adventskalender simpsons","《辛普森一家》圣诞日历"
"deu_Latn","adventskalender zum befüllen und aufhängen","可填充悬挂式圣诞倒数日历"
"deu_Latn","chocolate adventskalender 2025","2025年巧克力圣诞倒数日历"
"deu_Latn","dr grandel adventskalender 2025","2025年德格兰德尔圣诞倒数日历"
"deu_Latn","erotik adventskalender 2025","2025年情色圣诞倒数日历"
"deu_Latn","jelly beans adventskalender","果冻豆圣诞倒数日历"
"deu_Latn","rossmann adventskalender","罗斯曼圣诞倒数日历"
"deu_Latn","sachen für adventskalender männer","男士圣诞倒数日历用品"
"deu_Latn","warrior cats adventskalender 2025","战士猫2025年圣诞倒数日历"
"deu_Latn","weihnachtskalender hund","圣诞日历 狗"
"deu_Latn","adventskalender 2025 kinder harry potter","2025年哈利波特儿童圣诞倒数日历"
"deu_Latn","adventskalender 3 fragezeichen kids","圣诞日历 3问号 儿童"
"deu_Latn","adventskalender 9 jahre junge","圣诞倒数日历 9年新"
"deu_Latn","adventskalender füllung kinder 2 jahre","儿童2岁用的圣诞倒数日历填充物"
"deu_Latn","adventskalender für die ganze familie","适合全家的圣诞倒数日历"
"deu_Latn","adventskalender für teenies","青少年圣诞倒数日历"
"deu_Latn","adventskalender gummibärchen 2025","2025年圣诞倒数日历 软糖小熊"
"deu_Latn","aoste adventskalender 2025","2025年Aoste圣诞倒数日历"
"deu_Latn","bagger adventskalender","挖掘机 圣诞倒数日历"
"deu_Latn","damen adventskalender","女士圣诞倒数日历"
"deu_Latn","granini adventskalender","granini 圣诞倒数日历"
"deu_Latn","low carb adventskalender","低碳圣诞倒数日历"
"deu_Latn","spiele adventskalender","游戏圣诞倒数日历"
"deu_Latn","trinkschokolade adventskalender","可可饮品 圣诞倒数日历"
"deu_Latn","weihnachtskalender füllung","圣诞日历填充物"
"deu_Latn","weihnachtskalender salami","圣诞日历 萨拉米香肠"
"deu_Latn","adventskalender 2025 schmuck gold","2025年圣诞倒数日历 金色饰品"
"deu_Latn","adventskalender 2025 sephora","2025年圣诞倒数日历 塞福拉"
"deu_Latn","adventskalender 2025 squishmallow","2025年圣诞倒数日历 柔软毛绒玩具"
"deu_Latn","adventskalender auto bauen","圣诞倒数日历 汽车建造"
"deu_Latn","adventskalender befüllen inhalt männer","圣诞倒数日历填充内容 男士"
"deu_Latn","adventskalender lego mädchen","乐高女孩圣诞倒数日历"
"deu_Latn","adventskalender nougat 2025","2025年圣诞倒数日历软糖"
"deu_Latn","adventskalender wandteppich","圣诞倒数日历挂毯"
"deu_Latn","metal adventskalender","金属圣诞倒数日历"
"deu_Latn","modellbau adventskalender 2025","模型制作 圣诞倒数日历 2025"
"deu_Latn","adventskalender 2025 salami","2025年圣诞倒数日历 萨拉米香肠"
"deu_Latn","adventskalender 5 jahre","圣诞倒数日历 5年款"
"deu_Latn","adventskalender bio schokolade","圣诞日历 生物巧克力"
"deu_Latn","adventskalender elf cosmetics","圣诞倒数日历 elf 化妆品"
"deu_Latn","adventskalender für zocker","游戏玩家的圣诞倒数日历"
"deu_Latn","adventskalender kinder schminke","圣诞倒数日历 儿童化妆品"
"deu_Latn","adventskalender malbuch","圣诞倒数日历涂色书"
"deu_Latn","adventskalender mit bild","带图片的圣诞倒数日历"
"deu_Latn","adventskalender mädchen 1 jahr","圣诞倒数日历 女孩 1岁"
"deu_Latn","adventskalender saucen","圣诞倒数日历 酱料"
"deu_Latn","adventskalender taschen","圣诞日历包"
"deu_Latn","adventskalender zum befüllen haus","可填充的圣诞倒数日历 家用"
"deu_Latn","exit adventskalender 2025 kinder","2025年圣诞倒数日历 儿童"
"deu_Latn","geolino adventskalender","geolino 圣诞倒数日历"
"deu_Latn","glühwein adventskalender","热葡萄酒 圣诞降临日日历"
"deu_Latn","kreative adventskalender","创意圣诞倒数日历"
"deu_Latn","kuromi adventskalender","库洛米圣诞倒数日历"
"deu_Latn","lena gercke adventskalender 2025","莱娜·格尔克2025年圣诞倒数日历"
"deu_Latn","saft adventskalender 2025","果汁 圣诞倒数日历 2025"
"deu_Latn","skurrile adventskalender","奇特的圣诞倒数日历"
"deu_Latn","spidey adventskalender","spidey adventskalender"
"deu_Latn","vernasche die welt adventskalender","呵护世界 圣诞倒数日历"
"deu_Latn","'adventskalender für kinder","儿童圣诞倒数日历"
"deu_Latn","'adventskalender schokolade","圣诞倒数日历 巧克力"
"deu_Latn","adventskalender 2025 ddr","2025年德意志民主共和国圣诞倒数日历"
"deu_Latn","adventskalender 2025 handwerker","2025年工匠圣诞日历"
"deu_Latn","adventskalender 2025 kinder 12 jahre","2025年圣诞倒数日历 适合12岁儿童"
"deu_Latn","adventskalender 2025 papier","2025年圣诞倒数日历 纸质"
"deu_Latn","adventskalender bayern","圣诞日历 巴伐利亚"
"deu_Latn","adventskalender frauen schmuck","圣诞倒数日历 女士饰品"
"deu_Latn","adventskalender gabby","圣诞倒数日历加比"
"deu_Latn","adventskalender handlettering","圣诞倒数日历 手写字体"
"deu_Latn","adventskalender herren 2025","2025年男士圣诞倒数日历"
"deu_Latn","adventskalender kinder 9 jahre","儿童圣诞倒数日历 9岁"
"deu_Latn","adventskalender klammern","圣诞日历夹子"
"deu_Latn","adventskalender spiel","圣诞倒数日历游戏"
"deu_Latn","adventskalender tütchen zum befüllen","圣诞日历填充小袋"
"deu_Latn","adventskalender whiskey","威士忌圣诞日历"
"deu_Latn","adventskalender zum ausmalen","可涂色的圣诞日历"
"deu_Latn","ausgefallene adventskalender 2025","2025年别致的圣诞降临日历"
"deu_Latn","corny adventskalender","玉米造型的圣诞倒数日历"
"deu_Latn","heinz adventskalender","海尼茨圣诞倒数日历"
"deu_Latn","lego für adventskalender","乐高圣诞倒数日历"
"deu_Latn","lindt adventskalender 2025 dunkle schokolade","林德特2025年圣诞倒数日历 深层巧克力"
"deu_Latn","men adventskalender 2025","2025年男士圣诞倒数日历"
"deu_Latn","mitmach adventskalender kinder","儿童参与式圣诞日历"
"deu_Latn","rb leipzig adventskalender 2025","RB莱比锡2025年圣诞倒数日历"
"deu_Latn","rc adventskalender 2025","2025年RC圣诞倒数日历"
"deu_Latn","schachteln für adventskalender","装圣诞降临日历的小盒"
"deu_Latn","adventskalender 2025 edle tropfen in nuss","2025年圣诞倒数日历 精致酒滴装于坚果中"
"deu_Latn","adventskalender 2025 lego city","2025年乐高城市圣诞倒数日历"
"deu_Latn","adventskalender 2025 paare sex","2025年圣诞倒数日历 性爱情侣（注：此译文基于原文内容的直接翻译，但“sex”一词在此语境下可能涉及不适宜或敏感内容，请根据实际情况谨慎使用）"
"deu_Latn","adventskalender 2025 pärchen","2025年圣诞倒数日历 双人份"
"deu_Latn","adventskalender 3 ausrufezeichen","圣诞倒数日历 3 个感叹号"
"deu_Latn","adventskalender chilli","圣诞倒数日历 辣椒"
"deu_Latn","adventskalender sauna","圣诞倒数日历 桑拿"
"deu_Latn","adventskalender sexy","圣诞倒数日历性感款"
"deu_Latn","adventskalender tochter","圣诞倒数日历 女儿"
"deu_Latn","adventskalender tut tut baby flitzer","圣诞倒数日历 tut tut baby 摩托车"
"deu_Latn","adventskalender tüten stoff","圣诞倒数日历布袋"
"deu_Latn","adventskalender vision board","圣诞倒数日历 愿景板"
"deu_Latn","audi adventskalender","奥迪圣诞倒数日历"
"deu_Latn","brooklyn soap company adventskalender","布鲁克林肥皂公司圣诞倒数日历"
"deu_Latn","escape adventskalender 2025 kinder","2025年逃脱圣诞日历 儿童"
"deu_Latn","handball adventskalender","手球圣诞倒数日历"
"deu_Latn","japanischer adventskalender 2025","2025年日本式圣诞倒数日历"
"deu_Latn","kleine geschenke für kinder adventskalender","儿童小礼物 圣诞倒数日历"
"deu_Latn","lebensmittel adventskalender","食品圣诞倒数日历"
"deu_Latn","lps adventskalender","lps 圣诞倒数日历"
"deu_Latn","reclams heiterer adventskalender","欢乐圣诞倒数日历 reclams"
"deu_Latn","werkzeug adventskalender 2025 makita","工具 圣诞倒数日历 2025 马基塔"
"deu_Latn","adventskalender 2025 kinder barbie","2025年圣诞倒数日历 儿童版 巴比娃娃"
"deu_Latn","adventskalender 2025 whisky","2025年圣诞倒数日历 威士忌"
"deu_Latn","adventskalender 2025 wurst","2025年圣诞倒数日历 香肠"
"deu_Latn","adventskalender buch frauen","圣诞倒数日历 书籍 女性"
"deu_Latn","adventskalender duell buch paare","圣诞倒数日历对决书籍配对"
"deu_Latn","adventskalender fc köln","圣诞倒数日历 FC 科隆"
"deu_Latn","adventskalender fnaf","圣诞倒数日历 fnaf"
"deu_Latn","adventskalender hundespielzeug","圣诞日历 狗玩具"
"deu_Latn","adventskalender meerjungfrau","圣诞倒数日历 海之仙女"
"deu_Latn","adventskalender playmobil junge","圣诞倒数日历 Playmobil 幼儿"
"deu_Latn","adventskalender redbull","圣诞倒数日历 红牛"
"deu_Latn","adventskalender rubbeln","圣诞日历刮刮乐"
"deu_Latn","adventskalender tannenbaum","圣诞倒数日历 松树"
"deu_Latn","adventskalender vfb stuttgart","圣诞倒数日历 VFB 斯图加特"
"deu_Latn","adventskalender yankee candle 2025","2025年Yankee Candle圣诞倒数日历"
"deu_Latn","adventskalender zum befüllen rot","可填充的红色圣诞倒数日历"
"deu_Latn","adventskalender-füllung mädchen","圣诞倒数日历填充物 女孩"
"deu_Latn","back adventskalender","圣诞倒数日历"
"deu_Latn","füllung adventskalender für männer","男士圣诞倒数日历填充物"
"deu_Latn","gothic adventskalender","哥特式圣诞倒数日历"
"deu_Latn","heidemann adventskalender 2025","海德曼2025年圣诞倒数日历"
"deu_Latn","ikea adventskalender 2025","宜家2025年圣诞倒数日历"
"deu_Latn","intersnack adventskalender","intersnack 圣诞倒数日历"
"deu_Latn","piercing adventskalender","穿孔圣诞倒数日历"
"deu_Latn","snacks adventskalender","零食圣诞倒数日历"
"deu_Latn","advent calendars","圣诞历"
"deu_Latn","adventskalender 2025 einhorn","2025年独角兽圣诞倒数日历"
"deu_Latn","adventskalender axe","圣诞倒数日历 鞭子"
"deu_Latn","adventskalender bierkasten","圣诞倒数日历 啤酒箱"
"deu_Latn","adventskalender chili","圣诞倒数日历 辣椒"
"deu_Latn","adventskalender entspannung","圣诞日历 放松"
"deu_Latn","adventskalender füllung jungen","圣诞倒数日历填充物（适用于年轻人）"
"deu_Latn","adventskalender großeltern","圣诞倒数日历（给祖父母用的）"
"deu_Latn","adventskalender happy socks","圣诞倒数日历快乐袜子"
"deu_Latn","adventskalender kinder experimente","圣诞日历 儿童实验"
"deu_Latn","adventskalender makramee","圣诞日历 麻花结"
"deu_Latn","adventskalender pralinen 2025","2025年圣诞倒数日历巧克力"
"deu_Latn","adventskalender ü ei","圣诞倒数日历 ü ei"
"deu_Latn","edle tropfen in nuss adventskalender","高档滴露坚果造型圣诞日历"
"deu_Latn","hunter adventskalender","猎人圣诞倒数日历"
"deu_Latn","kleine geschenke für den adventskalender","圣诞降临节日历上的小礼物"
"deu_Latn","lego adventskalender 2025 city","乐高2025年城市系列圣诞倒数日历"
"deu_Latn","mini verse adventskalender","迷你诗篇圣诞倒数日历"
"deu_Latn","näh adventskalender 2025","2025年缝纫圣诞倒数日历"
"deu_Latn","peterson und findus adventskalender","彼得森和芬杜斯圣诞倒数日历"
"deu_Latn","pop adventskalender","流行圣诞倒数日历"
"deu_Latn","schmuck adventskalender 2025 silber","2025年银色珠宝圣诞季日历"
"deu_Latn","senioren adventskalender 2025","2025年老年人圣诞倒数日历"
"deu_Latn","wwe adventskalender","WWE圣诞日历"
"deu_Latn","adventskalender 2025 lego minecraft","2025年乐高我的世界圣诞日历"
"deu_Latn","adventskalender anime figuren","圣诞日历 动漫人物"
"deu_Latn","adventskalender befüllung kinder","圣诞日历填充物 儿童"
"deu_Latn","adventskalender büro kollegen","圣诞倒数日历 办公室 同事"
"deu_Latn","adventskalender für mädchen 10 jahre","女孩10岁圣诞倒数日历"
"deu_Latn","adventskalender für mädchen 12 jahre","12岁女孩的圣诞倒数日历"
"deu_Latn","adventskalender geschichten erwachsene","圣诞倒数日历 成人故事"
"deu_Latn","adventskalender gothic","圣诞倒数日历 哥特风"
"deu_Latn","adventskalender holzleiste","圣诞倒数日历 木条"
"deu_Latn","adventskalender junge 7 jahre","7岁儿童圣诞倒数日历"
"deu_Latn","adventskalender jungs 13 jahre","圣诞倒数日历 男孩 13岁"
"deu_Latn","adventskalender selbst befüllen kinder","自制圣诞倒数日历 儿童用"
"deu_Latn","adventskalender sonic","圣诞倒数日历 sonic"
"deu_Latn","after eight adventskalender big ben","after eight 圣诞倒数日历 大本钟"
"deu_Latn","angel adventskalender 2025 raubfisch","2025年天使圣诞倒数日历 鲭鱼"
"deu_Latn","blade adventskalender","刀片圣诞日历"
"deu_Latn","charlotte tilbury adventskalender 2025","夏洛特·蒂尔伯里2025年圣诞倒数日历"
"deu_Latn","hallingers adventskalender","Hallingers 圣诞倒数日历"
"deu_Latn","jungs adventskalender","jungs adventskalender"
"deu_Latn","nissin adventskalender 2025","尼桑2025年圣诞日历"
"deu_Latn","ps5 adventskalender","PS5圣诞倒数日历"
"deu_Latn","sallos adventskalender","萨洛斯圣诞倒数日历"
"deu_Latn","wellness adventskalender frauen","女性养生圣诞倒数日历"
"deu_Latn","weihnachtskalender 2025 lindt","2025年圣诞日历 林德特"
"deu_Latn","adventskalender 2025 mädchen 7 jahre","2025年圣诞倒数日历 女孩 7岁"
"deu_Latn","adventskalender 2025 skincare","2025年圣诞倒数日历 护肤品"
"deu_Latn","adventskalender 2025 teenager mädchen beauty","2025年圣诞倒数日历 青少年 女孩 美妆"
"deu_Latn","adventskalender 2026 frauen","2026年圣诞倒数日历 女士"
"deu_Latn","adventskalender befüllen inhalt","圣诞日历填充内容"
"deu_Latn","adventskalender gilmore girls","圣诞倒数日历 吉尔莫女孩"
"deu_Latn","adventskalender kinder befüllen ideen","儿童圣诞倒数日历填充点子"
"deu_Latn","adventskalender nudeln","圣诞日历面条"
"deu_Latn","adventskalender reisen","圣诞日历旅行"
"deu_Latn","adventskalender star trek","圣诞日历 星际迷航"
"deu_Latn","anna und elsa adventskalender","安娜与艾尔莎圣诞倒数日历"
"deu_Latn","braune tüten adventskalender","棕色纸袋圣诞倒数日历"
"deu_Latn","fc köln adventskalender 2025","FC科隆2025圣诞倒数日历"
"deu_Latn","gilmore girls adventskalender 2025","吉尔莫女孩2025年圣诞倒数日历"
"deu_Latn","klemmbaustein adventskalender","夹子积木 圣诞倒数日历"
"deu_Latn","kosmetik für adventskalender","化妆品用于圣诞倒数日历"
"deu_Latn","lind adventskalender","lind adventskalender"
"deu_Latn","lindt adventskalender 2025 lindor","林德特2025年圣诞倒数日历 林多"
"deu_Latn","london adventskalender","伦敦圣诞倒数日历"
"deu_Latn","postkarte adventskalender","明信片 圣诞倒数日历"
"deu_Latn","adventskalender !!!","圣诞倒数日历！！！"
"deu_Latn","adventskalender 2025 erwachsene sex","2025年成人圣诞倒数日历性爱"
"deu_Latn","adventskalender 2025 sexspielzeug","2025年圣诞倒数日历 性玩具"
"deu_Latn","adventskalender 2025 slime","2025年圣诞倒数日历 治愈黏土"
"deu_Latn","adventskalender 2025 wednesday","2025年圣诞倒数日历 周三"
"deu_Latn","adventskalender dekoartikel","圣诞日历 装饰用品"
"deu_Latn","adventskalender geschenke teenager","圣诞倒数日历 青少年礼物"
"deu_Latn","adventskalender schalke","圣诞日历 沙尔克"
"deu_Latn","adventskalender schleich horse club","圣诞倒数日历 施莱赫马俱乐部"
"deu_Latn","adventskalender survival kit","圣诞倒数日历生存套装"
"deu_Latn","adventskalender trüffel","圣诞倒数日历 香菇"
"deu_Latn","adventskalender yankee candle","yankee candle 圣诞倒数日历"
"deu_Latn","adventskalender zum füllen","可填充的圣诞倒数日历"
"deu_Latn","bookish adventskalender","书卷气的圣诞日历"
"deu_Latn","faultier adventskalender","故障日历（或：故障倒数日历）"
"deu_Latn","hund adventskalender 2025","2025年狗狗圣诞倒数日历"
"deu_Latn","häkeln adventskalender","钩织圣诞倒数日历"
"deu_Latn","japanischer adventskalender","日本式圣诞倒数日历"
"deu_Latn","kleine geschenke adventskalender frauen","小礼物 圣诞倒数日历 女士"
"deu_Latn","lego starwars adventskalender","乐高星球大战圣诞倒数日历"
"deu_Latn","outdoor adventskalender 2025","2025年户外圣诞倒数日历"
"deu_Latn","parfüm adventskalender damen","女士香水圣诞倒数日历"
"deu_Latn","personalisierter adventskalender kinder","个性化圣诞倒数日历 儿童"
"deu_Latn","sekt adventskalender 2025","2025年香槟圣诞倒数日历"
"deu_Latn","swarovski adventskalender 2025","施华洛世奇2025年圣诞倒数日历"
"deu_Latn","technik adventskalender 2025","技术2025年圣诞倒数日历"
"deu_Latn","werkzeug-adventskalender","工具圣诞倒数日历"
"deu_Latn","katzen weihnachtskalender","猫咪圣诞日历"
"deu_Latn","adventskalender 2025 katze","2025年圣诞倒数日历 猫"
"deu_Latn","adventskalender 2025 m&m","2025年圣诞倒数日历 m&m"
"deu_Latn","adventskalender 2025 puzzle erwachsene","2025年圣诞倒数日历拼图 成人款"
"deu_Latn","adventskalender 2025 saatgut","2025年圣诞倒数日历 种子"
"deu_Latn","adventskalender 6 jahre","圣诞倒数日历 6年"
"deu_Latn","adventskalender frauen ausgefallen","圣诞倒数日历 女士 特别款"
"deu_Latn","adventskalender haba","adventskalender haba"
"deu_Latn","adventskalender heiße schokolade","圣诞倒数日历 热巧克力"
"deu_Latn","adventskalender taylor swift","圣诞倒数日历 泰勒·斯威夫特"
"deu_Latn","ampullen adventskalender","安瓿瓶 圣诞倒数日历"
"deu_Latn","battle adventskalender","战斗圣诞日历"
"deu_Latn","harry potter adventskalender erwachsene","哈利波特成人圣诞倒数日历"
"deu_Latn","marmeladen adventskalender","果酱圣诞倒数日历"
"deu_Latn","my booklove adventskalender","我的书爱圣诞倒数日历"
"deu_Latn","playmobil- adventskalender","playmobil-圣诞倒数日历"
"deu_Latn","selfmade adventskalender","自制圣诞倒数日历"
"deu_Latn","adventskalender 1 jahr mädchen","圣诞倒数日历 1岁 女孩"
"deu_Latn","adventskalender 2025 ehrlich brothers","2025年圣诞倒数日历 Ehrlich Brothers"
"deu_Latn","adventskalender 2025 hello kitty","2025年圣诞倒数日历 喜羊羊"
"deu_Latn","adventskalender 2025 liebe","2025年圣诞倒数日历 爱意"
"deu_Latn","adventskalender 2025 makeup","2025年圣诞倒数日历 化妆品"
"deu_Latn","adventskalender badezusätze","圣诞倒数日历 泡澡添加剂"
"deu_Latn","adventskalender brio 2025","2025年brio圣诞日历"
"deu_Latn","adventskalender füllung jungs","圣诞倒数日历填充物 男孩"
"deu_Latn","adventskalender kaninchen","圣诞倒数日历 兔子"
"deu_Latn","adventskalender katzen 2025","2025年猫咪圣诞日历"
"deu_Latn","adventskalender labubu","adventskalender labubu"
"deu_Latn","adventskalender lego city 2025","乐高城市2025年圣诞倒数日历"
"deu_Latn","adventskalender lego star wars 2025","乐高星球大战2025年圣诞倒数日历"
"deu_Latn","adventskalender modellauto","圣诞日历 模型车"
"deu_Latn","adventskalender mädchen lego","圣诞倒数日历 女孩 乐高"
"deu_Latn","adventskalender real madrid","圣诞倒数日历 real madrid"
"deu_Latn","adventskalender scharf","圣诞倒数日历 辛辣"
"deu_Latn","adventskalender unter 5 euro","5欧元以下的圣诞倒数日历"
"deu_Latn","adventskalender zelda","复临 日历"
"deu_Latn","adventskalender zum befüllen","可填充的圣诞倒数日历"
"deu_Latn","amerikanischer adventskalender","美式圣诞倒数日历"
"deu_Latn","bibi blocksberg adventskalender","bibi blocksberg adventskalender"
"deu_Latn","game of thrones adventskalender","《权力的游戏》圣诞倒数日历"
"deu_Latn","heidel adventskalender","海德圣诞倒数日历"
"deu_Latn","kleiner feigling adventskalender","小胆鬼圣诞倒数日历"
"deu_Latn","mymüsli adventskalender","mymüsli 圣诞倒数日历"
"deu_Latn","puppen adventskalender","玩偶圣诞日历"
"deu_Latn","rinti adventskalender","rinti 圣诞倒数日历"
"deu_Latn","rätsel adventskalender 2025 erwachsene","2025年成人谜语圣诞日历"
"deu_Latn","adventskalender 2 jährige","圣诞倒数日历 2岁"
"deu_Latn","adventskalender 2025 xleata","2025年圣诞倒数日历 xleata"
"deu_Latn","adventskalender ab 5 jahre","圣诞倒数日历 适合5岁以上"
"deu_Latn","adventskalender after eight turm","圣诞倒数日历 after eight 塔楼"
"deu_Latn","adventskalender baden kinder","圣诞日历 淋浴 儿童"
"deu_Latn","adventskalender charlotte tilbury","圣诞倒数日历 Charlotte Tilbury"
"deu_Latn","adventskalender die drei fragezeichen kids","圣诞倒数日历 三个问号 儿童"
"deu_Latn","adventskalender retro süßigkeiten","圣诞倒数日历 复古 糖果"
"deu_Latn","adventskalender schmuck kinder","圣诞倒数日历 珠宝 儿童"
"deu_Latn","adventskalender sekt","圣诞倒数日历 起泡酒"
"deu_Latn","boxershorts adventskalender","平角内裤 圣诞倒数日历"
"deu_Latn","bülow lakritz adventskalender","布洛维甘草圣诞倒数日历"
"deu_Latn","chips-adventskalender","薯片-圣诞倒数日历"
"deu_Latn","flachwitze adventskalender","平庸笑话 圣诞日历"
"deu_Latn","genshin impact adventskalender","原神（Genshin Impact）圣诞倒数日历"
"deu_Latn","heavy metal adventskalender 2025","重金属圣诞倒数日历2025"
"deu_Latn","kosmetik adventskalender frauen","化妆品 圣诞倒数日历 女士"
"deu_Latn","martin rütter adventskalender","马丁·吕特圣诞倒数日历"
"deu_Latn","süssigkeiten adventskalender","糖果 圣诞降临日日历"
"deu_Latn","'adventskalender zum befüllen kinder","儿童填充式圣诞日历"
"deu_Latn","adventskalender 2025 kinder 6 jahre","2025年圣诞倒数日历 6岁儿童"
"deu_Latn","adventskalender 2025 weleda","2025年weleda圣诞倒数日历"
"deu_Latn","adventskalender 8 jahre","圣诞倒数日历 8年"
"deu_Latn","adventskalender anti stress","圣诞倒数日历 减压"
"deu_Latn","adventskalender aus aller welt","来自世界各地的圣诞倒数日历"
"deu_Latn","adventskalender bio snacks","圣诞倒数日历 生物（有机）零食"
"deu_Latn","adventskalender cola","圣诞倒数日历可乐"
"deu_Latn","adventskalender inhalt mädchen","圣诞倒数日历 内容 女孩"
"deu_Latn","adventskalender meerschweinchen","圣诞倒数日历 仓鼠"
"deu_Latn","adventskalender mädchen pferde","圣诞日历 女孩 马"
"deu_Latn","adventskalender spidey","蜘蛛侠圣诞倒数日历"
"deu_Latn","adventskalender spielzeug junge","圣诞倒数日历 玩具 年轻"
"deu_Latn","adventskalender zum befüllen pink","可填充的粉色圣诞倒数日历"
"deu_Latn","angeln adventskalender 2025","2025年钓鱼圣诞倒数日历"
"deu_Latn","coole adventskalender für jungs","适合男孩子的酷炫圣诞倒数日历"
"deu_Latn","edelsteine adventskalender","宝石圣诞倒数日历"
"deu_Latn","geschenke adventskalender teenager","礼物 圣诞倒数日历 青少年"
"deu_Latn","hogokids adventskalender","hogokids 圣诞倒数日历"
"deu_Latn","kerze adventskalender","蜡烛 圣诞倒数日历"
"deu_Latn","lustige adventskalender für männer","有趣的男士圣诞降临日历"
"deu_Latn","papier adventskalender 2025","2025年纸质圣诞倒数日历"
"deu_Latn","raffaello adventskalender","拉斐罗圣诞倒数日历"
"deu_Latn","rock adventskalender","摇滚圣诞倒数日历"
"deu_Latn","sephora favorites adventskalender 2025","丝芙兰最爱2025年圣诞倒数日历"
"deu_Latn","top model adventskalender 2025","顶级模特2025年圣诞倒数日历"
"deu_Latn","stitch weihnachtskalender","stitch weihnachtskalender"
"deu_Latn","adventskalender 2025 playmobil mädchen","2025年playmobil女孩圣诞日历"
"deu_Latn","adventskalender energy","圣诞日历 能量"
"deu_Latn","adventskalender engel","圣诞倒数日历天使"
"deu_Latn","adventskalender glück","圣诞倒数日历 幸运"
"deu_Latn","adventskalender sol de janeiro","圣诞倒数日历 sol de janeiro"
"deu_Latn","adventskalender woozle goozle","圣诞倒数日历 woozle goozle"
"deu_Latn","amazon adventskalender zum befüllen","可填充的亚马逊圣诞倒数日历"
"deu_Latn","axe adventskalender","axe adventskalender"
"deu_Latn","bluebrixx adventskalender 2025","bluebrixx 2025年圣诞倒数日历"
"deu_Latn","coole adventskalender für mädchen","适合女孩的酷炫圣诞倒数日历"
"deu_Latn","essen adventskalender 2025","2025年圣诞倒数日历美食"
"deu_Latn","knobel adventskalender erwachsene","扭蛋圣诞倒数日历 成人款"
"deu_Latn","luamaya adventskalender 2025","luamaya 2025年圣诞倒数日历"
"deu_Latn","make-up adventskalender","化妆品圣诞倒数日历"
"deu_Latn","mjamjam adventskalender","mjamjam 圣诞倒数日历"
"deu_Latn","motocross adventskalender","越野摩托车圣诞日历"
"deu_Latn","playmobil adventskalender pferde","playmobil 圣诞倒数日历 马"
"deu_Latn","spicebar adventskalender 2025","2025年spicebar圣诞倒数日历"
"deu_Latn","tony chocolonely adventskalender","tony chocolonely 圣诞倒数日历"
"deu_Latn","wicked adventskalender 2025","wicked adventskalender 2025"
"deu_Latn","adventskalender 2025 gravitrax","2025年圣诞倒数日历 gravitrax"
"deu_Latn","adventskalender 2025 hazet","2025年哈泽特圣诞倒数日历"
"deu_Latn","adventskalender 2025 kinder 9 jahre","2025年圣诞倒数日历 适合9岁儿童"
"deu_Latn","adventskalender 2025 männer makita","2025年圣诞倒数日历 男士用 Makita（品牌名）"
"deu_Latn","adventskalender ahead","圣诞倒数日历 ahead"
"deu_Latn","adventskalender batman","蝙蝠侠圣诞倒数日历"
"deu_Latn","adventskalender filz","圣诞倒数日历 毛毡"
"deu_Latn","adventskalender italien","意大利圣诞倒数日历"
"deu_Latn","adventskalender mit bildchen","带图案的圣诞倒数日历"
"deu_Latn","adventskalender männer sport","圣诞倒数日历 男士 运动"
"deu_Latn","adventskalender oma 2025","2025年奥马圣诞日历"
"deu_Latn","adventskalender vegetarisch","素食圣诞日历"
"deu_Latn","adventskalender zum hängen","可悬挂的圣诞倒数日历"
"deu_Latn","bausteine adventskalender","积木 圣诞倒数日历"
"deu_Latn","bon maman adventskalender","邦曼曼圣诞倒数日历"
"deu_Latn","exit adventskalender 2025 fortgeschrittene","2025年圣诞节倒数日历 高级版"
"deu_Latn","gourmet adventskalender","美食圣诞倒数日历"
"deu_Latn","japanisch lernen adventskalender","学习日语 圣诞倒数日历"
"deu_Latn","kalender adventskalender","日历 圣诞日历"
"deu_Latn","kiko milano adventskalender 2025","kiko milano 2025年圣诞倒数日历"
"deu_Latn","kinder adventskalender 2025 jungs","2025年儿童圣诞倒数日历（男孩版）"
"deu_Latn","korean adventskalender","韩式圣诞倒数日历"
"deu_Latn","lego technik adventskalender","乐高机械系列圣诞倒数日历"
"deu_Latn","purelei adventskalender 2024 gold","purelei 2024年圣诞倒数日历 金色"
"deu_Latn","quetschi adventskalender","quetschi adventskalender"
"deu_Latn","schminke adventskalender","化妆品圣诞倒数日历"
"deu_Latn","snacks adventskalender 2025","2025年零食圣诞日历"
"deu_Latn","stich adventskalender","刺绣圣诞日历"
"deu_Latn","yugioh adventskalender 2025","游戏王2025年圣诞日历"
"deu_Latn","weihnachtskalender harry potter","圣诞日历 哈利波特"
"deu_Latn","adventskalender 2025 frauen essence","2025年圣诞倒数日历 女士版 essence"
"deu_Latn","adventskalender 2025 lego technic","2025年乐高积木圣诞倒数日历"
"deu_Latn","adventskalender 2025 modellbau","2025年圣诞日历模型制作"
"deu_Latn","adventskalender 2025 nuss","2025年圣诞倒数日历 坚果"
"deu_Latn","adventskalender 2025 oma und opa","2025年圣诞倒数日历 爸爸和爷爷"
"deu_Latn","adventskalender 2025 pflege","2025年圣诞倒数日历 护理"
"deu_Latn","adventskalender 2025 pokemon karten","2025年圣诞倒数日历 任天堂宝可梦卡牌"
"deu_Latn","adventskalender bitterschokolade","圣诞倒数日历 黑巧克力"
"deu_Latn","adventskalender ehefrau","圣诞倒数日历 妻子"
"deu_Latn","adventskalender kindergarten","圣诞倒数日历 幼儿园"
"deu_Latn","adventskalender kit kat","圣诞倒数日历 奇巧巧克力"
"deu_Latn","adventskalender kosmetik teenager","圣诞倒数日历 化妆品 青少年"
"deu_Latn","adventskalender lakritze","圣诞日历 芝麻糖"
"deu_Latn","adventskalender marzipan niederegger","圣诞倒数日历 榛子糖 霍尼格（品牌名）"
"deu_Latn","adventskalender matcha","抹茶圣诞倒数日历"
"deu_Latn","adventskalender mädchen kosmetik","圣诞倒数日历 女孩 化妆品"
"deu_Latn","adventskalender neonail","霓虹灯圣诞倒数日历"
"deu_Latn","adventskalender porsche 911","圣诞倒数日历 波尔舍911"
"deu_Latn","adventskalender päckchen","圣诞倒数日历小包"
"deu_Latn","adventskalender selber befüllen groß","自制圣诞日历填充大全"
"deu_Latn","adventskalender tüten mädchen","圣诞倒数日历袋子女孩"
"deu_Latn","adventskalender unicorn academy","圣诞倒数日历 独角兽学院"
"deu_Latn","adventskalender warhammer","《战争黎明》圣诞日历"
"deu_Latn","adventskalender xbox","圣诞倒数日历Xbox"
"deu_Latn","adventskalender zahlen sticker","圣诞倒数日历 支付 贴纸"
"deu_Latn","duft adventskalender 2025","2025年圣诞香氛日历"
"deu_Latn","für adventskalender füllung kinder","适用于圣诞倒数日历的填充物（儿童用）"
"deu_Latn","gamer adventskalender 2025","2025年游戏玩家圣诞日历"
"deu_Latn","ghibli adventskalender","吉卜力圣诞日历"
"deu_Latn","ideen für adventskalender kinder","儿童圣诞倒数日历点子"
"deu_Latn","kusmi tea adventskalender 2025","库斯米茶2025年圣诞倒数日历"
"deu_Latn","legami adventskalender 2025 original","legami 2025年原版圣诞倒数日历"
"deu_Latn","puzzle adventskalender ravensburger","拼图圣诞日历Ravensburger"
"deu_Latn","adventskalender 2025 kpop demon hunters","2025年圣诞倒数日历 KPOP 恶魔猎手"
"deu_Latn","adventskalender 2025 mädchen 14 jahre","2025年圣诞倒数日历 14岁女孩"
"deu_Latn","adventskalender 2025 mädchen schmuck","2025年圣诞倒数日历 女孩饰品"
"deu_Latn","adventskalender 2025 socken herren","2025年圣诞倒数日历 男士袜子"
"deu_Latn","adventskalender 2025 spiele","2025年圣诞倒数日历游戏"
"deu_Latn","adventskalender 2025 wichtel","2025年圣诞倒数日历 威奇尔游戏"
"deu_Latn","adventskalender 90er süßigkeiten","圣诞倒数日历 90年代 糖果"
"deu_Latn","adventskalender füllung kleinkind","圣诞倒数日历填充物 幼儿"
"deu_Latn","adventskalender mit parfüm","带香水的圣诞倒数日历"
"deu_Latn","adventskalender mit schmuck","圣诞倒数日历配装饰"
"deu_Latn","adventskalender räuchern","圣诞日历烟熏"
"deu_Latn","adventskalender tiergeräusche","圣诞倒数日历 动物叫声"
"deu_Latn","adventskalender weihnachtsdorf","圣诞日历 圣诞村"
"deu_Latn","adventskalender zum befüllen ideen","可填充的圣诞倒数日历创意"
"deu_Latn","bad adventskalender 2025","2025年洗澡用品圣诞日历"
"deu_Latn","erwachsenen adventskalender 2025","2025年成人版圣诞倒数日历"
"deu_Latn","paluten adventskalender 2025","2025年帕卢滕圣诞倒数日历"
"deu_Latn","partylite adventskalender","partylite 圣诞倒数日历"
"deu_Latn","pukka adventskalender","pukka 圣诞倒数日历"
"deu_Latn","sexspielzeug adventskalender 2025","2025年性玩具圣诞倒数日历"
"deu_Latn","true crime adventskalender","真实犯罪圣诞日历"
"deu_Latn","rituals weihnachtskalender 2025","rituals 2025年圣诞日历"
"deu_Latn","achtsamkeits adventskalender","正念圣诞倒数日历"
"deu_Latn","adventskalender 2025 junge 3 jahre","2025年圣诞倒数日历，3年新"
"deu_Latn","adventskalender 2025 kinder basteln","2025年圣诞倒数日历 儿童手工制作"
"deu_Latn","adventskalender cars","圣诞倒数日历 汽车"
"deu_Latn","adventskalender für 12 jährige mädchen","12岁女孩的圣诞倒数日历"
"deu_Latn","adventskalender geschichte","圣诞倒数日历 故事"
"deu_Latn","adventskalender kinder 10 jahre junge","圣诞倒数日历 儿童 10年款 年轻"
"deu_Latn","adventskalender london","圣诞日历 伦敦"
"deu_Latn","adventskalender men","圣诞倒数日历 男士"
"deu_Latn","adventskalender mercedes","圣诞倒数日历 奔驰"
"deu_Latn","adventskalender one piece 2025","2025年海贼王（One Piece）圣诞倒数日历"
"deu_Latn","adventskalender ramen nudeln","圣诞日历 拉面面条"
"deu_Latn","chilli adventskalender 2025","2025年辣椒圣诞倒数日历"
"deu_Latn","diamant painting adventskalender","钻石画圣诞倒数日历"
"deu_Latn","eiskönigin adventskalender 2025","冰雪奇缘2025年圣诞倒数日历"
"deu_Latn","essence xmas treasure box diy adventskalender 2025","精华圣诞宝藏盒 DIY 圣诞倒数日历 2025"
"deu_Latn","geschenk adventskalender kinder","礼品 圣诞倒数日历 儿童"
"deu_Latn","hazbin hotel adventskalender","hazbin酒店圣诞倒数日历"
"deu_Latn","holy adventskalender ohne energy","神圣无能量圣诞日历"
"deu_Latn","katze adventskalender","猫咪圣诞倒数日历"
"deu_Latn","kleine spielsachen für adventskalender","小玩具，适用于圣诞倒数日历"
"deu_Latn","kleinigkeiten adventskalender mann","小细节 圣诞倒数日历 男士"
"deu_Latn","pamela reif adventskalender","pamela reif 圣诞倒数日历"
"deu_Latn","pechkeks adventskalender 2025","2025年圣诞倒数日历小饼干"
"deu_Latn","pokemon adventskalender 2025 mit karten","2025年宝可梦圣诞日历带卡片"
"deu_Latn","pusheen adventskalender","普什恩圣诞倒数日历"
"deu_Latn","rätsel knacken beim kacken adventskalender","破解解谜时的尴尬圣诞倒数日历（注：此译文为直译，实际语境中“kacken”一词可能含有不雅或特定含义，需根据具体语境调整）"
"deu_Latn","sauna adventskalender","桑拿圣诞倒数日历"
"deu_Latn","spirituosen adventskalender 2025","2025年烈酒圣诞日历"
"deu_Latn","vitakraft adventskalender hund","维塔克力（vitakraft）圣诞倒数日历 狗用"
"deu_Latn","westin adventskalender 2025","威斯汀2025年圣诞倒数日历"
"deu_Latn","adventskalender 2025 die drei fragezeichen","2025年圣诞倒数日历 三个问号"
"deu_Latn","adventskalender 2025 kids","2025年儿童圣诞日历"
"deu_Latn","adventskalender 2025 kinder 11 jahre","2025年圣诞倒数日历 11岁儿童"
"deu_Latn","adventskalender bts","圣诞倒数日历 BTS"
"deu_Latn","adventskalender experimente ab 5","圣诞倒数日历 实验套装 5欧元起"
"deu_Latn","adventskalender für pflegekräfte","护理人员用的圣诞倒数日历"
"deu_Latn","adventskalender geschenktüten","圣诞日历 礼物袋"
"deu_Latn","adventskalender leer zum befüllen","空的圣诞倒数日历，待填充"
"deu_Latn","adventskalender lübecker marzipan","圣诞日历吕贝克杏仁糖"
"deu_Latn","adventskalender mädchen basteln","圣诞倒数日历女孩手工制作"
"deu_Latn","adventskalender tonie 2025 flöckchen","2025年tonie圣诞倒数日历（小雪花款）"
"deu_Latn","adventskalender trockenfrüchte","圣诞日历 干果"
"deu_Latn","adventskalender zum aufstellen","可摆放的圣诞倒数日历"
"deu_Latn","aussergewöhnliche adventskalender","非凡的圣诞倒数日历"
"deu_Latn","badezusatz adventskalender","浴用添加剂 圣诞倒数日历"
"deu_Latn","benefit adventskalender","benefit 圣诞倒数日历"
"deu_Latn","butlers adventskalender","管家圣诞倒数日历"
"deu_Latn","corasol adventskalender","corasol 圣诞倒数日历"
"deu_Latn","dr hauschka adventskalender","德家斯卡圣诞倒数日历"
"deu_Latn","fussball karten adventskalender","足球卡片 圣诞倒数日历"
"deu_Latn","intersnack adventskalender 2025","intersnack 2025年圣诞倒数日历"
"deu_Latn","käse adventskalender","奶酪圣诞季日历"
"deu_Latn","lyx adventskalender 2025","lyx 圣诞倒数日历 2025"
"deu_Latn","marmelade adventskalender","果酱圣诞倒数日历"
"deu_Latn","rica adventskalender","里卡圣诞倒数日历"
"deu_Latn","accentra adventskalender","accentra 圣诞倒数日历"
"deu_Latn","adventskalender 2025 feuerwehr","2025年消防队圣诞日历"
"deu_Latn","adventskalender 2025 malen","2025年圣诞倒数日历涂色"
"deu_Latn","adventskalender 2025 mädchen 11 jahre","2025年圣诞倒数日历 女孩 11岁"
"deu_Latn","adventskalender 2025 selber befüllen","2025年圣诞倒数日历 自行填充"
"deu_Latn","adventskalender 2025 süßes","2025年圣诞倒数日历 甜品"
"deu_Latn","adventskalender chio","圣诞倒数日历 chio"
"deu_Latn","adventskalender duschgel","圣诞倒数日历 沐浴露"
"deu_Latn","adventskalender experimente ab 10","圣诞倒数日历实验套装，10岁以上适用"
"deu_Latn","adventskalender feinkost","圣诞日历精致食品"
"deu_Latn","adventskalender füllung kinder 5 jahre","圣诞倒数日历填充物 儿童 5岁"
"deu_Latn","adventskalender für handwerker","工匠用的圣诞日历"
"deu_Latn","adventskalender kinder 6 jahre junge","圣诞倒数日历 儿童 6岁 幼儿"
"deu_Latn","adventskalender kinder schleich","儿童圣诞倒数日历 Schleich"
"deu_Latn","adventskalender kochbuch","圣诞日历烹饪书"
"deu_Latn","adventskalender weltraum","太空圣诞日历"
"deu_Latn","adventskalender zum befüllen erwachsene","可填充的圣诞降临日历 成人用"
"deu_Latn","adventskalender zum befüllen inhalt","可填充的圣诞倒数日历内容"
"deu_Latn","basketball adventskalender 2025","篮球圣诞倒数日历2025"
"deu_Latn","brubaker adventskalender","布鲁贝克圣诞倒数日历"
"deu_Latn","charm adventskalender","魅力圣诞日历"
"deu_Latn","die schule der magischen tiere adventskalender","魔法动物学校圣诞倒数日历"
"deu_Latn","enten adventskalender","圣诞倒数日历"
"deu_Latn","gesunde adventskalender 2025","健康2025年圣诞倒数日历"
"deu_Latn","henssler adventskalender","henssler adventskalender"
"deu_Latn","holly adventskalender","holly adventskalender"
"deu_Latn","m asam adventskalender","m asam 圣诞倒数日历"
"deu_Latn","rubbellos adventskalender 2025","2025年刮刮乐圣诞倒数日历"
"deu_Latn","schach adventskalender","国际象棋圣诞日历"
"deu_Latn","weihnachtskalender beauty","圣诞日历 美容"
"deu_Latn","'adventskalender mädchen","圣诞日历 女孩"
"deu_Latn","adventskalender 2024 sale","2024年圣诞倒数日历促销"
"deu_Latn","adventskalender 2025 knabberzeug","2025年圣诞倒数日历零食"
"deu_Latn","adventskalender 2025 kristalle","2025年圣诞倒数日历 水晶"
"deu_Latn","adventskalender 2025 rum","2025年朗姆酒圣诞倒数日历"
"deu_Latn","adventskalender freche freunde 2025","2025年淘气小精灵圣诞倒数日历"
"deu_Latn","adventskalender kinder 7 jahre junge","儿童7岁生日惊喜日历"
"deu_Latn","adventskalender kinder ideen","圣诞倒数日历 儿童 点子"
"deu_Latn","adventskalender knabberzeug","圣诞倒数日历零食套装"
"deu_Latn","adventskalender lego erwachsene","乐高成人圣诞日历"
"deu_Latn","adventskalender räucherstäbchen","圣诞倒数日历 熏香棒"
"deu_Latn","adventskalender selbstliebe","圣诞倒数日历 自爱"
"deu_Latn","air up adventskalender","空气加压圣诞倒数日历"
"deu_Latn","babor adventskalender","芭博圣诞倒数日历"
"deu_Latn","charms adventskalender","魅力圣诞日历"
"deu_Latn","fahrrad adventskalender 2025","自行车 圣诞倒数日历 2025"
"deu_Latn","gothic adventskalender 2025","2025年哥特式圣诞倒数日历"
"deu_Latn","grüffelo adventskalender","grüffelo adventskalender"
"deu_Latn","hunde adventskalender 2025 spielzeug","2025年狗狗圣诞倒数日历玩具"
"deu_Latn","ideen für adventskalender füllung frauen","女性圣诞倒数日历填充物的创意"
"deu_Latn","k pop demon hunters adventskalender","K-pop恶魔猎人圣诞日历"
"deu_Latn","kaffe adventskalender","咖啡圣诞倒数日历"
"deu_Latn","keks adventskalender","饼干圣诞倒数日历"
"deu_Latn","legami stifte adventskalender 2025","legami 铅笔 圣诞倒数日历 2025"
"deu_Latn","lindt teddy adventskalender","林德特泰迪圣诞倒数日历"
"deu_Latn","lustige adventskalender für frauen","有趣的女性专用圣诞降临日历"
"deu_Latn","nüsse adventskalender 2025","2025年坚果圣诞倒数日历"
"deu_Latn","yogi tea adventskalender 2025","瑜伽茶圣诞倒数日历2025"
"deu_Latn","weihnachtskalender schmuck","圣诞日历饰品"
"deu_Latn","adventskalender 2025 deko","2025年圣诞倒数日历装饰"
"deu_Latn","adventskalender 2025 freche freunde","2025年圣诞倒数日历 淘气朋友"
"deu_Latn","adventskalender 2025 oreo","2025年圣诞倒数日历 oreo"
"deu_Latn","adventskalender 2025 purelei","2025年圣诞倒数日历 purelei"
"deu_Latn","adventskalender affirmationen","圣诞倒数日历 确认词"
"deu_Latn","adventskalender bastelmaterial","圣诞日历手工材料"
"deu_Latn","adventskalender corny","圣诞倒数日历 corny"
"deu_Latn","adventskalender für pferde","圣诞倒数日历（适用于马）"
"deu_Latn","adventskalender jungen 16 jahre","圣诞倒数日历 16岁青年"
"deu_Latn","adventskalender motocross","圣诞倒数日历 摩托越野"
"deu_Latn","adventskalender männer socken","圣诞倒数日历 男士袜子"
"deu_Latn","adventskalender niederegger 2025","2025年尼德雷格格圣诞倒数日历"
"deu_Latn","adventskalender trecker","圣诞倒数日历 卡丁车"
"deu_Latn","adventskalender zum befüllen schachteln","可填充的圣诞倒数日历盒子"
"deu_Latn","beste freundin adventskalender","最好的朋友 圣诞倒数日历"
"deu_Latn","biotherm adventskalender 2025","碧欧泉2025年圣诞倒数日历"
"deu_Latn","checkerin marina adventskalender","检查林玛丽娜圣诞倒数日历"
"deu_Latn","elektronik adventskalender 2025","2025年电子圣诞倒数日历"
"deu_Latn","football adventskalender 2025","2025年足球圣诞倒数日历"
"deu_Latn","glück adventskalender","幸福圣诞日历"
"deu_Latn","ideen adventskalender füllen kinder","儿童圣诞倒数日历填充点子"
"deu_Latn","maoam adventskalender","毛毛圣诞倒数日历"
"deu_Latn","nintendo adventskalender 2025","任天堂2025年圣诞倒数日历"
"deu_Latn","nintendo switch adventskalender","任天堂Switch圣诞倒数日历"
"deu_Latn","pferde-adventskalender","马年圣诞倒数日历"
"deu_Latn","schleich horse club adventskalender 2025","施莱希马术俱乐部2025年圣诞倒数日历"
"deu_Latn","schoko adventskalender 2025 kinder","2025年巧克力圣诞倒数日历儿童款"
"deu_Latn","schweden adventskalender","瑞典圣诞倒数日历"
"deu_Latn","wiederverwendbarer adventskalender","可重复使用的圣诞降临日历"
"deu_Latn","weihnachtskalender kosmetik","圣诞日历 化妆品"
"deu_Latn","adventskalender 2025 netflix","2025年圣诞倒数日历 netflix"
"deu_Latn","adventskalender bild","圣诞倒数日历 图片"
"deu_Latn","adventskalender bücher 2025","2025年圣诞日历书籍"
"deu_Latn","adventskalender erotisch","圣诞倒数日历 淫荡"
"deu_Latn","adventskalender für 3 jährige","适合3岁儿童的圣诞倒数日历"
"deu_Latn","adventskalender gregs tagebuch","圣诞倒数日历 格雷格的日记"
"deu_Latn","adventskalender influencer","圣诞倒数日历 网红"
"deu_Latn","adventskalender knobel","圣诞倒数日历谜题"
"deu_Latn","adventskalender käse","圣诞日历奶酪"
"deu_Latn","adventskalender leer box","空的圣诞日历盒子"
"deu_Latn","adventskalender müsliriegel","圣诞日历 能量棒"
"deu_Latn","adventskalender schminke teenager","圣诞倒数日历 面部彩妆 青少年"
"deu_Latn","adventskalender süß","圣诞日历（甜的）"
"deu_Latn","adventskalender zaubern","圣诞倒数日历 魔法"
"deu_Latn","adventskalender zum befüllen xl","可填充的圣诞倒数日历 XL"
"deu_Latn","adventskalender zum vorlesen","圣诞倒数日历朗读版"
"deu_Latn","asia adventskalender 2025","2025年亚洲圣诞倒数日历"
"deu_Latn","date adventskalender für paare","情侣圣诞倒数日历"
"deu_Latn","dnd adventskalender 2025","dnd 圣诞倒数日历 2025"
"deu_Latn","haar adventskalender","她的降临日历"
"deu_Latn","italian brainrot adventskalender","意大利脑洞圣诞倒数日历"
"deu_Latn","kinder mix adventskalender","儿童混合圣诞倒数日历"
"deu_Latn","m&ms adventskalender","m&ms 圣诞倒数日历"
"deu_Latn","nuxe adventskalender 2025","纽西之谜2025年圣诞倒数日历"
"deu_Latn","roberto geissini adventskalender","罗伯托·盖西尼圣诞倒数日历"
"deu_Latn","stargate adventskalender","星际之门圣诞日历"
"deu_Latn","adventskalender 2025 chupa chups","2025年圣诞倒数日历 chupa chups"
"deu_Latn","adventskalender 2025 kinder knete","2025年圣诞倒数日历 儿童毛绒玩具"
"deu_Latn","adventskalender armband mit charms","圣诞倒数日历手链带挂饰"
"deu_Latn","adventskalender booklover","圣诞倒数日历 书虫"
"deu_Latn","adventskalender die maus","圣诞倒数日历小老鼠"
"deu_Latn","adventskalender disney prinzessin","迪士尼公主圣诞倒数日历"
"deu_Latn","adventskalender hühner","圣诞日历 鸡"
"deu_Latn","adventskalender kinder 10 jahre mädchen","圣诞倒数日历 儿童 10岁 女孩"
"deu_Latn","adventskalender kugelbahn","圣诞日历 球道滑行"
"deu_Latn","adventskalender mit salami","圣诞倒数日历配萨拉米香肠"
"deu_Latn","adventskalender mädchen 2025","2025年女孩圣诞倒数日历"
"deu_Latn","adventskalender rainbow high","圣诞倒数日历 彩虹高中"
"deu_Latn","adventskalender rituals männer","圣诞日历 仪式 男士"
"deu_Latn","adventskalender teens","圣诞倒数日历 青少年款"
"deu_Latn","adventskalender witze","圣诞倒数日历笑话"
"deu_Latn","adventskalender ätherische öle","圣诞日历 油脂香氛"
"deu_Latn","basteln adventskalender","手工制作圣诞倒数日历"
"deu_Latn","bausatz adventskalender","组装套件 圣诞倒数日历"
"deu_Latn","befüllung adventskalender frauen","女性圣诞倒数日历填充物"
"deu_Latn","brainrot adventskalender 2025","brainrot 2025年圣诞倒数日历"
"deu_Latn","driftelement adventskalender","漂浮元素圣诞倒数日历"
"deu_Latn","ebelin adventskalender 2025","ebelin 2025年圣诞倒数日历"
"deu_Latn","goldmännchen tee adventskalender","金小人茶圣诞倒数日历"
"deu_Latn","kleine geschenke für adventskalender frauen","适合女性的圣诞倒数日历小礼物"
"deu_Latn","klopfer adventskalender","克洛普弗圣诞倒数日历"
"deu_Latn","lego adventskalender mädchen","乐高圣诞倒数日历女孩"
"deu_Latn","mini geschenke für adventskalender kinder","儿童圣诞倒数日历小礼物"
"deu_Latn","northern nights adventskalender","北部之夜圣诞倒数日历"
"deu_Latn","rotbäckchen adventskalender 2025","红腹滨鹬 2025年圣诞倒数日历"
"deu_Latn","schmink adventskalender kinder","儿童化妆圣诞日历"
"deu_Latn","sendung mit der maus adventskalender","带小老鼠的圣诞倒数日历包裹"
"deu_Latn","sprüche adventskalender 2025","2025年圣诞倒数日历标语"
"deu_Latn","süssigkeiten für adventskalender","圣诞日历里的糖果"
"deu_Latn","weihnachtskalender rituals","圣诞日历仪式"
"deu_Latn","adventskalender 2025 beste freundin","2025年圣诞倒数日历 最好的朋友"
"deu_Latn","adventskalender 2025 gabbys dollhouse","2025年圣诞倒数日历 Gabbys娃娃屋"
"deu_Latn","adventskalender 2025 kaffeebohnen","2025年圣诞倒数日历 咖啡豆"
"deu_Latn","adventskalender 2025 männer alkohol","2025年男士圣诞倒数日历 含酒精"
"deu_Latn","adventskalender 2025 ninjago","2025年忍者神龟圣诞倒数日历"
"deu_Latn","adventskalender baby 9 monate","圣诞倒数日历 宝宝 9 个月"
"deu_Latn","adventskalender kinder rätsel","圣诞日历 儿童谜题"
"deu_Latn","adventskalender kleinigkeiten frau","圣诞日历 小物件 女士"
"deu_Latn","adventskalender mädchen 13","圣诞倒数日历 女孩 13岁"
"deu_Latn","adventskalender nussmischung","圣诞日历坚果混合装"
"deu_Latn","adventskalender switch","圣诞倒数日历 switch"
"deu_Latn","adventskalender würfel","圣诞倒数日历骰子"
"deu_Latn","blumen adventskalender lego","花卉 圣诞倒数日历 乐高"
"deu_Latn","bobo siebenschläfer adventskalender","bobo siebenschläfer adventskalender"
"deu_Latn","dr oetker adventskalender 2025","德罗特克2025年圣诞倒数日历"
"deu_Latn","kleinigkeiten adventskalender frauen","小细节 圣诞倒数日历 女性"
"deu_Latn","kristall adventskalender 2025","2025年水晶圣诞倒数日历"
"deu_Latn","lichterkette adventskalender","灯饰链 圣诞倒数日历"
"deu_Latn","porridge adventskalender 2025","粥 圣诞日历 2025"
"deu_Latn","prank adventskalender","恶作剧圣诞日历"
"deu_Latn","winmau adventskalender","winmau 圣诞倒数日历"
"deu_Latn","witzige adventskalender 2025","2025年趣味圣诞倒数日历"
"deu_Latn","adventskalender 16 jahre junge","圣诞倒数日历 16岁 青春"
"deu_Latn","adventskalender 2025 demon slayer","2025年圣诞倒数日历 灼眼的夏娜"
"deu_Latn","adventskalender 2025 erwachsene erotisch","2025年成人圣诞倒数日历 淫秽"
"deu_Latn","adventskalender 2025 junge 7 jahre","2025年圣诞倒数日历 7岁儿童款"
"deu_Latn","adventskalender ab 3","圣诞倒数日历 从3开始"
"deu_Latn","adventskalender bayblade","圣诞倒数日历 bayblade"
"deu_Latn","adventskalender buchliebhaber","圣诞日历 爱书者"
"deu_Latn","adventskalender düfte","圣诞倒数日历香味"
"deu_Latn","adventskalender fantasy","圣诞日历 想象"
"deu_Latn","adventskalender glückskekse","圣诞倒数日历 幸运饼干"
"deu_Latn","adventskalender italienisch","意大利语的圣诞倒数日历"
"deu_Latn","adventskalender kräutertee","圣诞倒数日历草本茶"
"deu_Latn","adventskalender lindt 2025 xxl","林德特2025年超大号圣诞倒数日历"
"deu_Latn","adventskalender metal","圣诞日历 金属"
"deu_Latn","adventskalender miniverse","圣诞倒数日历 miniverse"
"deu_Latn","adventskalender mit marzipan","含有杏仁糖的圣诞倒数日历"
"deu_Latn","adventskalender simson","圣诞倒数日历 Simson"
"deu_Latn","adventskalender slime fluffy","圣诞倒数日历 粘土 羽绒"
"deu_Latn","adventskalender wein 2025","2025年圣诞倒数日历葡萄酒"
"deu_Latn","beutel für adventskalender","用于圣诞倒数日历的袋子"
"deu_Latn","bosch werkzeug adventskalender 2025","博世工具2025年圣诞倒数日历"
"deu_Latn","dunkle schokolade adventskalender","深巧克力圣诞倒数日历"
"deu_Latn","erstleser adventskalender","首读者圣诞日历"
"deu_Latn","figuren adventskalender","人物圣诞倒数日历"
"deu_Latn","laktosefreier adventskalender","无乳糖圣诞降临日历"
"deu_Latn","leselöwen adventskalender für erstleser","初学者阅读狮子圣诞倒数日历"
"deu_Latn","topp adventskalender 2025","2025年顶部圣诞倒数日历"
"deu_Latn","weihnachtskalender stitch","圣诞日历 stitch"
"deu_Latn","weihnachtskalender säckchen","圣诞日历小袋子"
"deu_Latn","adventskalender 2025 dino","2025年恐龙圣诞日历"
"deu_Latn","adventskalender 2025 manhattan","2025年曼哈顿圣诞倒数日历"
"deu_Latn","adventskalender 2025 schwanger","2025年圣诞倒数日历 孕妇"
"deu_Latn","adventskalender dorf","圣诞倒数日历 乡村"
"deu_Latn","adventskalender für erzieherinnen","教育工作者用的圣诞倒数日历"
"deu_Latn","adventskalender für schwester","圣诞倒数日历（适用于修女）"
"deu_Latn","adventskalender kinder minecraft","儿童乐高《我的世界》圣诞倒数日历"
"deu_Latn","adventskalender mini-bücher","迷你书圣诞日历"
"deu_Latn","adventskalender ritter sport 2025","2025年骑士运动（Ritter Sport）圣诞倒数日历"
"deu_Latn","adventskalender selfcare","圣诞倒数日历 自我关怀"
"deu_Latn","adventskalender spirituosen","圣诞倒数日历烈酒"
"deu_Latn","adventskalender vögel","圣诞倒数日历 鸟"
"deu_Latn","adventskalender wissen mit johnny","圣诞倒数日历知识与Johnny"
"deu_Latn","ayliva adventskalender","ayliva圣诞倒数日历"
"deu_Latn","bade adventskalender","浴装圣诞日历"
"deu_Latn","bio tee adventskalender","有机茶圣诞倒数日历"
"deu_Latn","bobo adventskalender 2025","bobo 2025年圣诞倒数日历"
"deu_Latn","buch adventskalender erwachsene","成人圣诞倒数日历书"
"deu_Latn","camping adventskalender 2025","2025年露营圣诞日历"
"deu_Latn","fidget adventskalender 2025","2025年解压小玩具圣诞倒数日历"
"deu_Latn","holzkiste für adventskalender","用于圣诞倒数日历的木箱"
"deu_Latn","häkel-adventskalender","钩针编织的圣诞倒数日历"
"deu_Latn","izoel adventskalender","izoel 圣诞倒数日历"
"deu_Latn","karten adventskalender 2025","2025年圣诞倒数日历卡片"
"deu_Latn","lego adventskalender 2025 marvel","乐高2025年漫威圣诞日历"
"deu_Latn","look fantastic adventskalender","看起来很棒的圣诞日历"
"deu_Latn","mann adventskalender","曼恩圣诞日历"
"deu_Latn","meerschweinchen adventskalender","仓鼠圣诞倒数日历"
"deu_Latn","nerd adventskalender","书呆子圣诞倒数日历"
"deu_Latn","papiertüten für adventskalender","用于圣诞倒数日历的纸袋"
"deu_Latn","peanuts adventskalender 2025","2025年花生圣诞日历"
"deu_Latn","rituals adventskalender classic","rituals 圣诞倒数日历 经典款"
"deu_Latn","ross antony adventskalender","罗斯·安东尼圣诞倒数日历"
"deu_Latn","weihnachtskalender 2025 erwachsene","2025年成人圣诞日历"
"deu_Latn","weihnachtskalender marzipan","圣诞日历 榛子糖"
"deu_Latn","adventskalender 2025 büro","2025年办公用品圣诞日历"
"deu_Latn","adventskalender 2025 k pop demon hunters","2025年圣诞倒数日历 K-pop 恶魔猎人"
"deu_Latn","adventskalender 2025 kosmos","2025年宇宙圣诞日历"
"deu_Latn","adventskalender 2025 männer angeln","2025年圣诞倒数日历 男士 钓鱼"
"deu_Latn","adventskalender 2025 toblerone","2025年圣诞倒数日历 塔伯隆巧克力"
"deu_Latn","adventskalender ddr 2025","2025年东德风格圣诞倒数日历"
"deu_Latn","adventskalender exit kinder","圣诞倒数日历 退出 儿童"
"deu_Latn","adventskalender klassisch","经典圣诞倒数日历"
"deu_Latn","adventskalender klebezahlen","圣诞倒数日历粘贴数字"
"deu_Latn","adventskalender monstertruck","圣诞倒数日历怪兽卡车"
"deu_Latn","adventskalender ohne füllung","无填充物的圣诞倒数日历"
"deu_Latn","adventskalender ronaldo","圣诞倒数日历 罗纳尔多"
"deu_Latn","adventskalender schlümpfe","圣诞倒数日历小糖果"
"deu_Latn","adventskalender tür","圣诞日历门"
"deu_Latn","adventskalender von lindt","林德特的圣诞倒数日历"
"deu_Latn","adventskalender werkzeug kinder","圣诞日历 工具 儿童"
"deu_Latn","adventskalender wissen","圣诞倒数日历 知识"
"deu_Latn","adventskalender zum befüllen pappe","可填充的圣诞倒数日历（纸板）"
"deu_Latn","feinkost adventskalender 2025","精致食品 圣诞倒数日历 2025"
"deu_Latn","gondel adventskalender","雪橇圣诞倒数日历"
"deu_Latn","halloren adventskalender","哈罗伦圣诞倒数日历"
"deu_Latn","heiße schokolade adventskalender","热巧克力圣诞倒数日历"
"deu_Latn","keto adventskalender","生酮节礼日历"
"deu_Latn","lego adventskalender 2025 harry potter","乐高2025年哈利波特圣诞日历"
"deu_Latn","mädchen adventskalender 12 jahre","女孩圣诞倒数日历 12岁"
"deu_Latn","new york adventskalender","纽约圣诞倒数日历"
"deu_Latn","pink box adventskalender 2025","粉色盒子2025年圣诞倒数日历"
"deu_Latn","stein adventskalender","stein adventskalender"
"deu_Latn","weihnachtskalender 2025 tee","2025年圣诞日历茶"
"deu_Latn","weihnachtskalender damen","女士圣诞日历"
"deu_Latn","adventskalender 2025 eltern","2025年圣诞倒数日历 父母"
"deu_Latn","adventskalender 2025 junge 4 jahre","2025年圣诞倒数日历 4岁儿童"
"deu_Latn","adventskalender 2025 make up essence","2025年圣诞倒数日历 化妆水精华"
"deu_Latn","adventskalender 2025 one piece","2025年圣诞倒数日历 一件"
"deu_Latn","adventskalender 2025 schokolade erwachsene","2025年圣诞倒数日历 巧克力 成人"
"deu_Latn","adventskalender buch 2025","2025年圣诞倒数日历书"
"deu_Latn","adventskalender für buchliebhaber","书籍爱好者的圣诞日历"
"deu_Latn","adventskalender für freund","朋友用的圣诞倒数日历"
"deu_Latn","adventskalender für paar","圣诞倒数日历（成对装）"
"deu_Latn","adventskalender hannover 96","圣诞日历 Hannover 96"
"deu_Latn","adventskalender häkeln 2025","2025年编织圣诞日历"
"deu_Latn","adventskalender jungs 11 jahre","圣诞倒数日历 男孩 11岁"
"deu_Latn","adventskalender manhattan 2025","2025年曼哈顿圣诞倒数日历"
"deu_Latn","adventskalender my little pony","圣诞倒数日历 我的小马驹"
"deu_Latn","adventskalender pflege mädchen","圣诞倒数日历 护肤 女孩"
"deu_Latn","adventskalender schnaps 2025","2025年圣诞倒数日历烈酒"
"deu_Latn","adventskalender selber befüllen stoff","自制圣诞日历填充布料"
"deu_Latn","adventskalender spiele erwachsene","圣诞日历游戏 成人"
"deu_Latn","adventskalender wellness 2025","2025年养生圣诞倒数日历"
"deu_Latn","christliche adventskalender","基督教圣诞倒数日历"
"deu_Latn","durex adventskalender 2025","杜蕾斯圣诞倒数日历 2025"
"deu_Latn","gesunde adventskalender","健康圣诞降临日历"
"deu_Latn","kleine tüten adventskalender","小袋子的圣诞倒数日历"
"deu_Latn","kleines böses buch adventskalender","小恶魔书圣诞日历"
"deu_Latn","kleinigkeiten für adventskalender junge","小物件用于圣诞倒数日历 年轻人"
"deu_Latn","moonshine adventskalender","私酿酒圣诞日历"
"deu_Latn","nimms funny adventskalender","有趣的尼姆斯圣诞倒数日历"
"deu_Latn","schleich - adventskalender","施莱赫 - 圣诞倒数日历"
"deu_Latn","zeichnen adventskalender 2025","绘制2025年圣诞倒数日历"
"deu_Latn","adventskalender 16 jahre mädchen","圣诞倒数日历 16岁 女孩"
"deu_Latn","adventskalender 2025 asambeauty","2025年圣诞倒数日历 asambeauty"
"deu_Latn","adventskalender 2025 fc bayern münchen","2025年拜仁慕尼黑足球俱乐部圣诞倒数日历"
"deu_Latn","adventskalender 2025 für erwachsene","2025年成人圣诞倒数日历"
"deu_Latn","adventskalender 2025 getränke","2025年圣诞倒数日历饮品"
"deu_Latn","adventskalender 2025 jungen 14 jahre","2025年圣诞倒数日历 14岁少年"
"deu_Latn","adventskalender ab 2","圣诞倒数日历 从2岁起"
"deu_Latn","adventskalender artdeco","圣诞日历 ArtDeco"
"deu_Latn","adventskalender audi","奥迪圣诞倒数日历"
"deu_Latn","adventskalender chips pringles","圣诞日历薯片品客"
"deu_Latn","adventskalender elektriker","圣诞日历电工"
"deu_Latn","adventskalender für jungs ab 10","适合10岁以上男孩的圣诞倒数日历"
"deu_Latn","adventskalender für katzen 2025","2025年猫咪圣诞倒数日历"
"deu_Latn","adventskalender jugendliche jungen","圣诞倒数日历 年轻人 青少年"
"deu_Latn","adventskalender jurassic park","侏罗纪公园圣诞日历"
"deu_Latn","adventskalender kinder schmuck","圣诞倒数日历 儿童 饰品"
"deu_Latn","adventskalender kosmetik frauen","圣诞日历 化妆品 女性"
"deu_Latn","adventskalender motivation","圣诞倒数日历 励志"
"deu_Latn","adventskalender puppenzubehör","圣诞日历玩偶配件"
"deu_Latn","adventskalender reiter","圣诞倒数日历 Reiter"
"deu_Latn","adventskalender salzige snacks","圣诞倒数日历咸味零食"
"deu_Latn","adventskalender werdender papa","准爸爸的圣诞日历"
"deu_Latn","adventskalender zum befüllen groß xxl","可填充的大号XXL圣诞倒数日历"
"deu_Latn","axe adventskalender 2025","axe adventskalender 2025"
"deu_Latn","badekugeln adventskalender","浴球 圣诞倒数日历"
"deu_Latn","camping adventskalender","露营圣诞倒数日历"
"deu_Latn","cola adventskalender","可乐圣诞倒数日历"
"deu_Latn","die besten adventskalender","最好的圣诞倒数日历"
"deu_Latn","dresdner essenz adventskalender 2025","德累斯顿精华2025年圣诞倒数日历"
"deu_Latn","experimentier adventskalender","实验性圣诞倒数日历"
"deu_Latn","garten adventskalender","花园圣诞日历"
"deu_Latn","happy sprinkles adventskalender","快乐糖霜圣诞倒数日历"
"deu_Latn","katjes adventskalender","katjes 圣诞倒数日历"
"deu_Latn","lego adventskalender ninjago","乐高 圣诞倒数日历 荷兰忍者龟"
"deu_Latn","mama adventskalender 2025","mama 2025年圣诞倒数日历"
"deu_Latn","my hero academia adventskalender","我的英雄学院圣诞日历"
"deu_Latn","riesen adventskalender","巨型圣诞倒数日历"
"deu_Latn","ronaldo adventskalender","罗纳尔多圣诞倒数日历"
"deu_Latn","schmuck adventskalender 2025 gold","2025年黄金饰品圣诞倒数日历"
"deu_Latn","spielzeug adventskalender für kinder","儿童玩具圣诞倒数日历"
"deu_Latn","verrückte adventskalender","疯狂的圣诞倒数日历"
"deu_Latn","wurstbaron adventskalender","wurstbaron 圣诞倒数日历"
"deu_Latn","adventskalender 2025 2 jahre","2025年圣诞倒数日历 2年"
"deu_Latn","adventskalender 2025 blumen","2025年圣诞倒数日历 花卉"
"deu_Latn","adventskalender 2025 lind","2025年圣诞倒数日历 林德"
"deu_Latn","adventskalender 2025 männer nivea","2025年尼维达男士圣诞倒数日历"
"deu_Latn","adventskalender 2025 peppa wutz","2025年佩帕猪历险记圣诞倒数日历"
"deu_Latn","adventskalender 2025 sugargang","2025年圣诞倒数日历 sugargang"
"deu_Latn","adventskalender asiatische süßigkeiten","圣诞倒数日历 亚洲糖果"
"deu_Latn","adventskalender drachenzähmen leicht gemacht","圣诞倒数日历 轻松驯龙"
"deu_Latn","adventskalender faultier","圣诞倒数日历破损"
"deu_Latn","adventskalender für arbeitskollegen","给同事的圣诞倒数日历"
"deu_Latn","adventskalender gedichte","圣诞倒数日历 诗歌"
"deu_Latn","adventskalender harry potter socken","哈利波特圣诞倒数日历 袜子"
"deu_Latn","adventskalender kinder 4 jahre junge","儿童（4岁及以上）圣诞倒数日历"
"deu_Latn","adventskalender kinder jungen","圣诞倒数日历 儿童款"
"deu_Latn","adventskalender korean skincare","圣诞日历 韩国护肤"
"deu_Latn","adventskalender mon cheri","圣诞倒数日历 mon cheri"
"deu_Latn","adventskalender superhelden","圣诞倒数日历 超级英雄"
"deu_Latn","adventskalender zum befüllen blau","可填充的圣诞倒数日历（蓝色）"
"deu_Latn","adventskalender zum rubbeln","刮刮乐式圣诞倒数日历"
"deu_Latn","bauernhof adventskalender","农家圣诞日历"
"deu_Latn","exit adventskalender 2025 buch","2025年圣诞倒数日历书籍"
"deu_Latn","füllung adventskalender jungs","填充物 圣诞倒数日历 男孩"
"deu_Latn","invisibobble adventskalender","隐形橡皮鸭圣诞日历"
"deu_Latn","karls erdbeerhof adventskalender","卡尔士草莓农场圣诞倒数日历"
"deu_Latn","lindt lindor adventskalender 2025","林德特林多尔2025年圣诞倒数日历"
"deu_Latn","minions adventskalender","小黄人圣诞倒数日历"
"deu_Latn","plus plus adventskalender 2025","2025年圣诞倒数日历 加号加号"
"deu_Latn","puzzle you adventskalender","拼图圣诞倒数日历"
"deu_Latn","schottland adventskalender","苏格兰圣诞倒数日历"
"deu_Latn","steine adventskalender","石头圣诞倒数日历"
"deu_Latn","adventskalender 2025 10 jahre","2025年圣诞倒数日历 10周年"
"deu_Latn","adventskalender 2025 frauen nivea","2025年尼维达（Nivea）女性圣诞倒数日历"
"deu_Latn","adventskalender 2025 für teenies","2025年青少年圣诞倒数日历"
"deu_Latn","adventskalender 2025 jean und len","2025年圣诞倒数日历 Jean und Len"
"deu_Latn","adventskalender 2025 kinder baden","2025年圣诞倒数日历 儿童 泡澡"
"deu_Latn","adventskalender 2025 men","2025年男士圣诞倒数日历"
"deu_Latn","adventskalender 2025 männer protein","2025年圣诞倒数日历 男士 蛋白质"
"deu_Latn","adventskalender 2025 xxl","2025年圣诞倒数日历 XXL"
"deu_Latn","adventskalender 3 jährige","圣诞倒数日历 3岁"
"deu_Latn","adventskalender aussergewöhnlich","非凡的圣诞倒数日历"
"deu_Latn","adventskalender bart","圣诞倒数日历 胡须"
"deu_Latn","adventskalender befüllen ideen männer","圣诞倒数日历填充创意 男士"
"deu_Latn","adventskalender computer","圣诞倒数日历 电脑"
"deu_Latn","adventskalender dresdner essenz","圣诞倒数日历 德累斯顿精华"
"deu_Latn","adventskalender elsa eiskönigin","圣诞倒数日历 爱莎 冰雪奇缘"
"deu_Latn","adventskalender füllideen","圣诞日历填充创意"
"deu_Latn","adventskalender für 12 jährige jungs","12岁男孩的圣诞倒数日历"
"deu_Latn","adventskalender für kolleginnen","女同事的圣诞倒数日历"
"deu_Latn","adventskalender für mamas","妈妈的圣诞倒数日历"
"deu_Latn","adventskalender garnier","加尼尔圣诞倒数日历"
"deu_Latn","adventskalender kinder baden","圣诞倒数日历 儿童沐浴"
"deu_Latn","adventskalender kinder jungs","圣诞倒数日历 儿童 男孩"
"deu_Latn","adventskalender m asam","圣诞倒数日历 m asam"
"deu_Latn","adventskalender pferde reiter","圣诞倒数日历 马 骑士"
"deu_Latn","adventskalender playmobil polizei","圣诞倒数日历 playmobil 警察"
"deu_Latn","adventskalender schwarzer tee","圣诞倒数日历 黑茶"
"deu_Latn","adventskalender schweden","圣诞日历 瑞典"
"deu_Latn","adventskalender swarovski","圣诞倒数日历 施华洛世奇"
"deu_Latn","adventskalender zubehör","圣诞日历配件"
"deu_Latn","d&d adventskalender","d&d 圣诞倒数日历"
"deu_Latn","fcb adventskalender 2025","fcb 圣诞倒数日历 2025"
"deu_Latn","inhalt für adventskalender männer","圣诞倒数日历内容（男性适用）"
"deu_Latn","invisibobble adventskalender 2025","隐形bobble2025年圣诞倒数日历"
"deu_Latn","kleine adventskalender 2025","2025年小圣诞倒数日历"
"deu_Latn","koch adventskalender 2025","2025年烹饪圣诞日历"
"deu_Latn","lego disney adventskalender 2025","乐高迪士尼2025年圣诞倒数日历"
"deu_Latn","manhattan adventskalender","曼哈顿圣诞倒数日历"
"deu_Latn","manner adventskalender","manner adventskalender"
"deu_Latn","monster high adventskalender 2025","怪兽高中2025年圣诞倒数日历"
"deu_Latn","mymuesli adventskalender","mymuesli 圣诞倒数日历"
"deu_Latn","overthinker adventskalender","过度思考者圣诞倒数日历"
"deu_Latn","playboy adventskalender 2025","playboy 2025年圣诞倒数日历"
"deu_Latn","pringels adventskalender","品客圣诞倒数日历"
"deu_Latn","reese's adventskalender","瑞斯甜品圣诞日历"
"deu_Latn","rubbel adventskalender 2025","2025年刮刮乐圣诞倒数日历"
"deu_Latn","räucherstäbchen adventskalender","香薰蜡烛圣诞倒数日历"
"deu_Latn","stranger things funko pop adventskalender 2024","《怪奇物语》趣酷玩偶2024年圣诞倒数日历"
"deu_Latn","säckchen adventskalender groß","小袋子 圣诞倒数日历 大号"
"deu_Latn","wolle adventskalender 2025","羊毛圣诞倒数日历 2025"
"deu_Latn","adventskalender 2025 elektronik","2025年电子圣诞日历"
"deu_Latn","adventskalender 2025 f1","2025年圣诞倒数日历 f1"
"deu_Latn","adventskalender 2025 kinder 7 jahre","2025年圣诞倒数日历 儿童 7岁"
"deu_Latn","adventskalender 2025 kpop","2025年圣诞倒数日历 kpop"
"deu_Latn","adventskalender 2025 playstation","2025年圣诞倒数日历 playstation"
"deu_Latn","adventskalender 2025 zeichnen","2025年圣诞倒数日历 画画"
"deu_Latn","adventskalender ab 12 jahre junge","12岁以上青少年的圣诞倒数日历"
"deu_Latn","adventskalender alkohol 2025","2025年酒精圣诞日历"
"deu_Latn","adventskalender armbänder","圣诞日历手链"
"deu_Latn","adventskalender experimente ab 6","圣诞倒数日历 实验 从6岁起"
"deu_Latn","adventskalender für geschwister","兄弟姐妹用的圣诞倒数日历"
"deu_Latn","adventskalender kiste personalisiert","个性化定制的圣诞倒数日历盒"
"deu_Latn","adventskalender koro 2025","2025年圣诞倒数日历 Koro"
"deu_Latn","adventskalender minions","圣诞倒数日历小黄人"
"deu_Latn","adventskalender pflege männer","圣诞倒数日历 护肤 男士"
"deu_Latn","adventskalender revolution","圣诞倒数日历革命"
"deu_Latn","adventskalender sherlock holmes","圣诞倒数日历 福尔摩斯"
"deu_Latn","adventskalender socken zum befüllen","圣诞倒数日历袜子（可填充）"
"deu_Latn","aperol adventskalender","阿佩罗圣诞倒数日历"
"deu_Latn","bilder adventskalender 2025","2025年圣诞倒数日历图片"
"deu_Latn","carrera adventskalender 2025","carrera adventskalender 2025"
"deu_Latn","chili adventskalender 2025","2025年辣椒圣诞倒数日历"
"deu_Latn","dragonball adventskalender 2025","龙珠圣诞日历2025"
"deu_Latn","eishockey adventskalender","冰球圣诞倒数日历"
"deu_Latn","exit game adventskalender","退出游戏圣诞日历"
"deu_Latn","hidden games adventskalender 2025","隐藏游戏2025年圣诞日历"
"deu_Latn","hot sauce adventskalender","热酱料圣诞倒数日历"
"deu_Latn","kids adventskalender","儿童圣诞倒数日历"
"deu_Latn","knipex adventskalender 2025","2025年克尼普克斯圣诞倒数日历"
"deu_Latn","knobel adventskalender 2025","2025年解谜圣诞倒数日历"
"deu_Latn","la mer adventskalender 2025","la mer 2025年圣诞倒数日历"
"deu_Latn","legami adventskalender 2025 inhalt","legami 2025年圣诞倒数日历内容"
"deu_Latn","lego adventskalender 2025 mädchen","乐高2025年圣诞倒数日历 女孩"
"deu_Latn","lf adventskalender","LF 圣诞倒数日历"
"deu_Latn","mtb adventskalender","山地自行车圣诞倒数日历"
"deu_Latn","orion adventskalender 2025","2025年猎户座圣诞倒数日历"
"deu_Latn","play doh adventskalender","play doh 圣诞倒数日历"
"deu_Latn","tee adventskalender 2025 glas","茶 圣诞倒数日历 2025 玻璃"
"deu_Latn","vorlese adventskalender","朗读 圣诞倒数日历"
"deu_Latn","yogi tee adventskalender","瑜伽T恤圣诞倒数日历"
"deu_Latn","adhs adventskalender","ADHS 圣诞倒数日历"
"deu_Latn","adventskalender 2025 für katzen","2025年猫咪圣诞倒数日历"
"deu_Latn","adventskalender 2025 kinder schminke","2025年圣诞倒数日历 儿童彩妆"
"deu_Latn","adventskalender 2025 reber","2025年reber圣诞倒数日历"
"deu_Latn","adventskalender 2025 saft","2025年圣诞倒数日历 果汁"
"deu_Latn","adventskalender 2025 sportler","2025年运动爱好者圣诞日历"
"deu_Latn","adventskalender 2025 stifte","2025年圣诞倒数日历 铅笔"
"deu_Latn","adventskalender arbeit","圣诞倒数日历 工作"
"deu_Latn","adventskalender badebomben","圣诞日历 浴球"
"deu_Latn","adventskalender bbq","圣诞倒数日历 烧烤"
"deu_Latn","adventskalender bibi blocksberg","圣诞倒数日历比比·布洛克伯格"
"deu_Latn","adventskalender blackpink","黑pink圣诞倒数日历"
"deu_Latn","adventskalender blumensamen","圣诞日历花种"
"deu_Latn","adventskalender bundesliga","德甲联赛圣诞日历"
"deu_Latn","adventskalender dnd","圣诞倒数日历 dnd"
"deu_Latn","adventskalender englisch","圣诞倒数日历（英文）"
"deu_Latn","adventskalender esoterik","圣诞倒数日历 神秘学"
"deu_Latn","adventskalender fc bayern münchen 2025","2025年拜仁慕尼黑足球俱乐部圣诞日历"
"deu_Latn","adventskalender füllung für männer","男士圣诞倒数日历填充物"
"deu_Latn","adventskalender geschwister","圣诞倒数日历 兄弟姐妹"
"deu_Latn","adventskalender hachez","圣诞倒数日历 hachez"
"deu_Latn","adventskalender kinder 8 jahre mädchen","儿童圣诞倒数日历 8岁 女孩"
"deu_Latn","adventskalender mädchen stitch","圣诞倒数日历 女孩 Stitch"
"deu_Latn","adventskalender nivea damen","尼维达女士圣诞倒数日历"
"deu_Latn","adventskalender schildkröte","圣诞倒数日历 乌龟"
"deu_Latn","adventskalender zaubertricks","圣诞倒数日历 魔术把戏"
"deu_Latn","adventskalender-socken","圣诞倒数日历袜"
"deu_Latn","bücher adventskalender 2025 kinder","书籍 圣诞倒数日历 2025 儿童"
"deu_Latn","escape adventskalender kinder","儿童逃离圣诞倒数日历"
"deu_Latn","fast and furious adventskalender","快与狂冒险圣诞日历"
"deu_Latn","fußballkarten adventskalender 2025 2026","足球卡 2025 2026 圣诞倒数日历"
"deu_Latn","geschenke für männer adventskalender","男士礼物 圣诞倒数日历"
"deu_Latn","hotwheels adventskalender","霍特威赫尔斯圣诞倒数日历"
"deu_Latn","kunst adventskalender 2025","2025年艺术圣诞日历"
"deu_Latn","lego adventskalender kinder","乐高圣诞倒数日历 儿童"
"deu_Latn","nagel adventskalender","指甲 圣诞倒数日历"
"deu_Latn","nägel adventskalender","指甲装饰圣诞日历"
"deu_Latn","polizei adventskalender","警方圣诞日历"
"deu_Latn","ronaldo adventskalender 2025","罗纳尔多2025年圣诞倒数日历"
"deu_Latn","tonys schokolade adventskalender","托尼巧克力圣诞倒数日历"
"deu_Latn","tüten adventskalender kinder","儿童装圣诞倒数日历袋"
"deu_Latn","weihnachtskalender fussball","圣诞日历 足球"
"deu_Latn","weihnachtskalender milka","圣诞日历 milka"
"deu_Latn","adventskalender 2025 baby 1 jahr","2025年圣诞倒数日历 宝宝 1岁"
"deu_Latn","adventskalender 2025 baden","2025年圣诞倒数日历 波恩"
"deu_Latn","adventskalender 2025 essie","2025年圣诞倒数日历 Essie"
"deu_Latn","adventskalender 2025 kinder pferde","2025年圣诞倒数日历 儿童 马"
"deu_Latn","adventskalender 2025 vfb stuttgart","2025年圣诞倒数日历 VFB 斯图加特"
"deu_Latn","adventskalender alverde","圣诞倒数日历 alverde"
"deu_Latn","adventskalender für frau","女士圣诞倒数日历"
"deu_Latn","adventskalender für jungs ab 12","12岁以上男孩的圣诞倒数日历"
"deu_Latn","adventskalender hexe","圣诞倒数日历女巫"
"deu_Latn","adventskalender kawaii","圣诞倒数日历 可爱风格"
"deu_Latn","adventskalender militär","军事主题的圣诞日历"
"deu_Latn","adventskalender panzer","复临 日历 坦克"
"deu_Latn","adventskalender pixie","圣诞倒数日历 比克迪（或“小妖精”，根据品牌名具体含义选择，此处保留原样）"
"deu_Latn","adventskalender rossmann","罗森曼圣诞倒数日历"
"deu_Latn","adventskalender tkkg","adventskalender tkkg"
"deu_Latn","adventskalender tonie","圣诞倒数日历 tonie"
"deu_Latn","adventskalender vogelfutter","圣诞倒数日历 鸟食"
"deu_Latn","adventskalender zocker","圣诞倒数日历玩家"
"deu_Latn","adventskalender zum befüllen junge","可填充的圣诞倒数日历（适用于年轻人）"
"deu_Latn","ausmal adventskalender","圣诞涂色日历"
"deu_Latn","avengers adventskalender","复仇者历险记圣诞日历"
"deu_Latn","blumen lego adventskalender","乐高花卉圣诞倒数日历"
"deu_Latn","drei adventskalender","三个圣诞倒数日历"
"deu_Latn","kleinkind adventskalender füllung","幼儿 圣诞倒数日历 填充物"
"deu_Latn","leerer adventskalender","空的圣诞降临日历"
"deu_Latn","m&ms adventskalender 2025","M&M's 圣诞倒数日历 2025"
"deu_Latn","manga zeichnen adventskalender","漫画 绘制 圣诞倒数日历"
"deu_Latn","mickey mouse adventskalender","米奇老鼠圣诞日历"
"deu_Latn","playmobil adventskalender jungen","playmobil圣诞倒数日历男孩版"
"deu_Latn","ritual adventskalender","ritual adventskalender 译文：仪式感圣诞倒数日历"
"deu_Latn","weihnachten in aller welt adventskalender","世界各地的圣诞节：圣诞日历"
"deu_Latn","zelda adventskalender","塞尔达圣诞日历"
"deu_Latn","weihnachtskalender 2025 rituals","2025年圣诞日历 仪式"
"deu_Latn","weihnachtskalender mädchen 10 jahre","圣诞日历 女孩 10岁"
"deu_Latn","24 days escape adventskalender","24天逃离圣诞倒数日历"
"deu_Latn","adventskalender 2-jährige","圣诞倒数日历 2岁"
"deu_Latn","adventskalender 2025 3 jahre","2025年圣诞倒数日历 3年"
"deu_Latn","adventskalender 2025 beauty mädchen","2025年圣诞倒数日历 美容 女孩"
"deu_Latn","adventskalender 2025 bibi und tina","2025年圣诞倒数日历 Bibi和Tina"
"deu_Latn","adventskalender 2025 brawl stars","2025年圣诞倒数日历 狂暴之杖（Brawl Stars）"
"deu_Latn","adventskalender 2025 fussball karten","2025年圣诞倒数日历 足球卡片"
"deu_Latn","adventskalender 2025 karten","2025年圣诞倒数日历卡片"
"deu_Latn","adventskalender 2025 kinder spielzeug","2025年圣诞倒数日历 儿童玩具"
"deu_Latn","adventskalender 2025 lakritz bülow","2025年圣诞倒数日历 桂皮布洛（品牌或型号名，按原样保留）"
"deu_Latn","adventskalender 2025 merci","2025年圣诞倒数日历 merci"
"deu_Latn","adventskalender 2025 schminke essence","2025年圣诞倒数日历 美妆品牌 essence"
"deu_Latn","adventskalender 2025 survival","2025年圣诞倒数日历 生存版"
"deu_Latn","adventskalender ideen frau","圣诞倒数日历 女士点子"
"deu_Latn","adventskalender jungen fussball","圣诞倒数日历 青少年足球"
"deu_Latn","adventskalender rc auto","圣诞倒数日历遥控车"
"deu_Latn","adventskalender sprüche karten","圣诞倒数日历 祝福语 卡片"
"deu_Latn","adventskalender säckchen papier","圣诞倒数日历小袋纸"
"deu_Latn","adventskalender wednesday 2025","2025年《星期三》圣诞倒数日历"
"deu_Latn","batman adventskalender","蝙蝠侠圣诞倒数日历"
"deu_Latn","drei fragezeichen adventskalender 2025","2025年三个问号圣诞倒数日历"
"deu_Latn","dänischer adventskalender","丹麦圣诞倒数日历"
"deu_Latn","eis adventskalender 2025 für frauen","2025年女性专用冰制圣诞倒数日历"
"deu_Latn","foodist adventskalender","foodist 圣诞倒数日历"
"deu_Latn","füllmaterial adventskalender kinder","填充材料 圣诞倒数日历 儿童"
"deu_Latn","huntrix adventskalender","huntrix 圣诞倒数日历"
"deu_Latn","kamishibai adventskalender","布偶剧圣诞日历"
"deu_Latn","kleinkinder adventskalender","幼儿圣诞倒数日历"
"deu_Latn","moderner adventskalender zum befüllen","现代可填充的圣诞倒数日历"
"deu_Latn","norwegen adventskalender","挪威圣诞倒数日历"
"deu_Latn","porsche 911 adventskalender","保时捷911圣诞倒数日历"
"deu_Latn","primavera adventskalender","primavera 圣诞日历"
"deu_Latn","roland kaiser adventskalender","罗兰·凯撒圣诞倒数日历"
"deu_Latn","switch adventskalender 2025","2025年任天堂Switch圣诞日历"
"deu_Latn","vogel adventskalender","vogel adventskalender"
"deu_Latn","24 kleine dinge für adventskalender","24件适用于圣诞倒数日历的小物件"
"deu_Latn","adventskalender 2025 basteln erwachsene","2025年圣诞倒数日历 成人手工制作"
"deu_Latn","adventskalender 2025 die drei ausrufezeichen","2025年圣诞倒数日历 三个感叹号"
"deu_Latn","adventskalender 2025 jungs 8 jahre","2025年圣诞倒数日历 男孩 8岁"
"deu_Latn","adventskalender 2025 mini","2025年迷你圣诞倒数日历"
"deu_Latn","adventskalender 2025 mädchen teenager","2025年圣诞倒数日历 女孩 青少年"
"deu_Latn","adventskalender 2025 nyx","2025年圣诞倒数日历 nyx"
"deu_Latn","adventskalender 2025 pferd","2025年圣诞倒数日历 马"
"deu_Latn","adventskalender aus stoff","布制的圣诞倒数日历"
"deu_Latn","adventskalender beauty männer","圣诞倒数日历 美容 男士"
"deu_Latn","adventskalender dortmund","多特蒙德圣诞倒数日历"
"deu_Latn","adventskalender für partner","为伴侣准备的圣诞倒数日历"
"deu_Latn","adventskalender für väter","父亲节倒数日历"
"deu_Latn","adventskalender glühwein","圣诞倒数日历 热葡萄酒"
"deu_Latn","adventskalender herren parfüm","圣诞倒数日历 男士香水"
"deu_Latn","adventskalender kinder badespaß","圣诞倒数日历 儿童 泳池乐趣"
"deu_Latn","adventskalender lustige","圣诞倒数日历 搞笑"
"deu_Latn","adventskalender mädchen barbie","圣诞日历 女孩 拜拜丽（Barbie）"
"deu_Latn","adventskalender mädchen schleich","圣诞日历女孩Schleich"
"deu_Latn","adventskalender ninjago 2025","2025年忍者神龟圣诞日历"
"deu_Latn","adventskalender raffaello","圣诞倒数日历 雷法罗"
"deu_Latn","adventskalender revell technik","圣诞日历 revell 技术"
"deu_Latn","adventskalender sendung mit der maus","圣诞倒数日历 与小老鼠一起的包裹"
"deu_Latn","adventskalender vintage","圣诞倒数日历 复古风"
"deu_Latn","asiatische süßigkeiten adventskalender","亚洲糖果 圣诞倒数日历"
"deu_Latn","asiatischer adventskalender","亚洲风格的圣诞倒数日历"
"deu_Latn","ausgefallen adventskalender frauen","别致的圣诞倒数日历 女士"
"deu_Latn","demon hunters adventskalender","猎魔人圣诞倒数日历"
"deu_Latn","diamond painting adventskalender 2025","2025年钻石画圣诞倒数日历"
"deu_Latn","gladbach adventskalender","格拉德巴赫圣诞倒数日历"
"deu_Latn","hitschler adventskalender","希施勒圣诞倒数日历"
"deu_Latn","jute säckchen adventskalender","黄麻小袋 圣诞倒数日历"
"deu_Latn","kakao adventskalender 2025","2025年kakao圣诞倒数日历"
"deu_Latn","märklin adventskalender"," Märklin圣诞倒数日历"
"deu_Latn","occitane adventskalender","奥克西塔尼圣诞倒数日历"
"deu_Latn","papa adventskalender","爸爸圣诞倒数日历"
"deu_Latn","revolution adventskalender","革命圣诞日历"
"deu_Latn","rosenthal adventskalender","罗森塔尔圣诞倒数日历"
"deu_Latn","selfcare adventskalender","自我护理圣诞倒数日历"
"deu_Latn","stoff adventskalender","布料圣诞日历"
"deu_Latn","vitakraft adventskalender katzen","维塔克力（Vitakraft）猫咪圣诞倒数日历"
"deu_Latn","weihnachtsbaum adventskalender","圣诞树 圣诞日历"
"deu_Latn","xbox adventskalender","xbox 圣诞倒数日历"
"deu_Latn","zauber adventskalender kinder","魔法圣诞倒数日历 儿童"
"deu_Latn","adventskalender 2025 asia","2025年亚洲圣诞倒数日历"
"deu_Latn","adventskalender 2025 dart","2025年圣诞倒数日历 dart"
"deu_Latn","adventskalender 2025 frauen kneipp","2025年女性用Kneipp圣诞倒数日历"
"deu_Latn","adventskalender 2025 kinder befüllen","2025年圣诞倒数日历 儿童装填"
"deu_Latn","adventskalender 2025 labubu","2025年labubu圣诞倒数日历"
"deu_Latn","adventskalender borussia mönchengladbach","圣诞倒数日历 沃尔夫斯堡足球俱乐部"
"deu_Latn","adventskalender formel 1 2025","2025年F1方程式圣诞日历"
"deu_Latn","adventskalender füllen kinder 2 jahre","儿童（2岁）圣诞倒数日历填充"
"deu_Latn","adventskalender gewürze 2025 ankerkraut","2025年圣诞倒数日历 香料 鲑鱼草"
"deu_Latn","adventskalender holzkiste","圣诞倒数日历 木箱"
"deu_Latn","adventskalender kinder 8 jahre junge","儿童圣诞倒数日历 8岁 少年"
"deu_Latn","adventskalender leo lausemaus","圣诞倒数日历 Leo（莱奥） 小鼠"
"deu_Latn","adventskalender m und m","M&M圣诞倒数日历"
"deu_Latn","adventskalender reiten","圣诞倒数日历 骑马"
"deu_Latn","adventskalender schwarz","圣诞倒数日历 黑色"
"deu_Latn","adventskalender zum befüllen socken","可填充的圣诞降临日历袜子"
"deu_Latn","beef jerky adventskalender","牛肉干圣诞倒数日历"
"deu_Latn","chili sauce adventskalender 2025","辣椒酱2025年圣诞倒数日历"
"deu_Latn","geschenkpapier adventskalender","礼品包装纸 圣诞倒数日历"
"deu_Latn","holi adventskalender ohne energy","不含能量的霍利圣诞日历"
"deu_Latn","kleinigkeiten adventskalender jungs","小细节 圣诞倒数日历 男孩"
"deu_Latn","lakritz bülow adventskalender","拉克里茨·布洛伊奥圣诞倒数日历"
"deu_Latn","lego adventskalender 2024","乐高2024年圣诞倒数日历"
"deu_Latn","paare adventskalender","成对的圣诞倒数日历"
"deu_Latn","simpsons adventskalender 2025","《辛普森一家》2025年圣诞倒数日历"
"deu_Latn","sylvanian families adventskalender","sylvanian families 圣诞倒数日历"
"deu_Latn","tonie adventskalender","tonie 圣诞倒数日历"
"deu_Latn","pokemon weihnachtskalender 2025","宝可梦2025年圣诞日历"
"deu_Latn","adventskalender 2025 kinder junge","2025年儿童青少年圣诞倒数日历"
"deu_Latn","adventskalender 2025 mon cherie","2025年圣诞倒数日历 mon cherie"
"deu_Latn","adventskalender 2025 reeses","2025年圣诞倒数日历 Reese's"
"deu_Latn","adventskalender astrid lindgren","圣诞倒数日历 阿斯特丽德·林格伦"
"deu_Latn","adventskalender box zum befüllen","可填充的圣诞倒数日历盒"
"deu_Latn","adventskalender das kleine böse buch","圣诞倒数日历 那本小恶书"
"deu_Latn","adventskalender friends","圣诞倒数日历 friends"
"deu_Latn","adventskalender für kinder 2025","2025年儿童圣诞倒数日历"
"deu_Latn","adventskalender heavy metal","重音节日历 重金属"
"deu_Latn","adventskalender kinder 4 jahre mädchen","圣诞倒数日历 儿童 4岁 女孩"
"deu_Latn","adventskalender kinder 7-9 jahre","圣诞倒数日历 儿童 7-9岁"
"deu_Latn","adventskalender kinder befüllen","儿童圣诞日历填充"
"deu_Latn","adventskalender kristalle kinder","圣诞倒数日历 珠宝 儿童"
"deu_Latn","adventskalender lego technic","乐高机械组圣诞倒数日历"
"deu_Latn","adventskalender milwaukee","圣诞倒数日历 密尔沃基"
"deu_Latn","adventskalender mr beast","圣诞倒数日历 mr beast"
"deu_Latn","adventskalender männersache","圣诞倒数日历 男士用品"
"deu_Latn","adventskalender schmuck silber 925","圣诞倒数日历 饰品 925银"
"deu_Latn","adventskalender silberschmuck","圣诞日历 银饰"
"deu_Latn","adventskalender tee bio","圣诞倒数日历 茶 生物有机"
"deu_Latn","bart adventskalender","胡须圣诞倒数日历"
"deu_Latn","huda beauty adventskalender","雨滴美妆圣诞倒数日历"
"deu_Latn","hühner adventskalender","鸡形圣诞倒数日历"
"deu_Latn","insoon adventskalender","insoon圣诞倒数日历"
"deu_Latn","irland adventskalender","爱尔兰圣诞倒数日历"
"deu_Latn","jagd adventskalender","狩猎圣诞日历"
"deu_Latn","jäger adventskalender","猎人圣诞倒数日历"
"deu_Latn","milchmäuse adventskalender","牛奶小老鼠圣诞倒数日历"
"deu_Latn","nici adventskalender","nici 圣诞倒数日历"
"deu_Latn","socken-adventskalender","袜子圣诞日历"
"deu_Latn","tetesept adventskalender 2025","tetesept 2025年圣诞倒数日历"
"deu_Latn","tiptoi mein großer adventskalender","tiptoi 我的大圣诞倒数日历"
"deu_Latn","wikinger adventskalender","维京人圣诞倒数日历"
"deu_Latn","yogurette adventskalender","yogurette 圣诞倒数日历"
"deu_Latn","zotter adventskalender 2025","佐特2025年圣诞倒数日历"
"deu_Latn","bosch weihnachtskalender","博世圣诞日历"
"deu_Latn","weihnachtskalender schminke","圣诞日历化妆品"
"deu_Latn","adventskalender 2025 diy","2025年自制圣诞倒数日历"
"deu_Latn","adventskalender 2025 erotik","2025年圣诞倒数日历 情趣"
"deu_Latn","adventskalender 2025 kinder buch","2025年圣诞倒数日历 儿童书"
"deu_Latn","adventskalender 2025 steine","2025年圣诞倒数日历 石头"
"deu_Latn","adventskalender 2025 zum selbst befüllen","2025年可自行填充的圣诞倒数日历"
"deu_Latn","adventskalender babys","圣诞倒数日历 婴儿"
"deu_Latn","adventskalender bis 10 euro","圣诞倒数日历，价格不超过10欧元"
"deu_Latn","adventskalender chef","圣诞倒数日历厨师"
"deu_Latn","adventskalender die drei !!!","圣诞倒数日历 三件套！！！"
"deu_Latn","adventskalender edelsteine erwachsene","圣诞日历 珠宝 成人"
"deu_Latn","adventskalender ehepaar","圣诞倒数日历 夫妻"
"deu_Latn","adventskalender fruchtgummi","圣诞倒数日历水果软糖"
"deu_Latn","adventskalender füllung kinder 9 jahre","圣诞倒数日历 填充物 儿童 9岁"
"deu_Latn","adventskalender füllungen","圣诞日历填充物"
"deu_Latn","adventskalender für ehemann","给丈夫的圣诞倒数日历"
"deu_Latn","adventskalender für freunde","为朋友准备的圣诞倒数日历"
"deu_Latn","adventskalender für herren","男士圣诞倒数日历"
"deu_Latn","adventskalender für reiter","适用于骑手的圣诞倒数日历"
"deu_Latn","adventskalender jungs 15 jahre","圣诞倒数日历 男孩 15岁"
"deu_Latn","adventskalender mitarbeiter","圣诞日历员工"
"deu_Latn","adventskalender männer inhalt","圣诞倒数日历 男士 内容"
"deu_Latn","adventskalender plüschtiere","圣诞倒数日历毛绒玩具"
"deu_Latn","adventskalender sheepworld","羊年世界圣诞日历"
"deu_Latn","adventskalender tonie 2025","2025年吨妮（Tonie）圣诞倒数日历"
"deu_Latn","angeln adventskalender","钓鱼 圣诞倒数日历"
"deu_Latn","disney prinzessinnen adventskalender","迪士尼公主圣诞倒数日历"
"deu_Latn","ferrero kinder adventskalender 2025","费列罗儿童圣诞倒数日历2025"
"deu_Latn","fidget toy adventskalender","解压玩具圣诞倒数日历"
"deu_Latn","freundinnen adventskalender","女性朋友 圣诞倒数日历"
"deu_Latn","geschenke für adventskalender teenager","适合青少年的圣诞季日历礼物"
"deu_Latn","glow recipe adventskalender","发光配方圣诞倒数日历"
"deu_Latn","kack dich schlau adventskalender","聪明点，圣诞倒数日历（注：此译文为直译，实际使用时可能需根据语境调整）"
"deu_Latn","montessori adventskalender","蒙台梭利圣诞倒数日历"
"deu_Latn","ovomaltine adventskalender","欧芙茉莉圣诞倒数日历"
"deu_Latn","playmobil-adventskalender","playmobil圣诞倒数日历"
"deu_Latn","postkarten adventskalender 2025","明信片 圣诞倒数日历 2025"
"deu_Latn","räucher adventskalender","香薰圣诞倒数日历"
"deu_Latn","schmuck adventskalender 2025 damen","2025年女士首饰圣诞日历"
"deu_Latn","tea adventskalender 2025","茶 圣诞倒数日历 2025"
"deu_Latn","windel adventskalender 2025","2025年尿布圣诞倒数日历"
"deu_Latn","weihnachtskalender vegan","素食圣诞日历"
"deu_Latn","'adventskalender kinderschokolade","圣诞倒数日历 儿童巧克力"
"deu_Latn","adventskalender 2025 für mama","2025年妈妈圣诞倒数日历"
"deu_Latn","adventskalender 2025 porsche","2025年保时捷圣诞倒数日历"
"deu_Latn","adventskalender 2025 ramen","2025年圣诞倒数日历 拉面"
"deu_Latn","adventskalender 2025 zartbitter","2025年圣诞倒数日历 黑巧克力"
"deu_Latn","adventskalender außergewöhnlich","独特圣诞日历"
"deu_Latn","adventskalender bestseller","圣诞倒数日历畅销书"
"deu_Latn","adventskalender fotografie","圣诞日历摄影"
"deu_Latn","adventskalender für 11 jährige mädchen","11岁女孩的圣诞倒数日历"
"deu_Latn","adventskalender für babys 6 monate","适合6个月大婴儿的圣诞倒数日历"
"deu_Latn","adventskalender harley davidson","哈雷戴维森圣诞倒数日历"
"deu_Latn","adventskalender jutesäckchen groß","圣诞倒数日历 大号麻布袋"
"deu_Latn","adventskalender lesen erwachsene","阅读圣诞倒数日历 成人"
"deu_Latn","adventskalender m&ms","圣诞倒数日历 M&M's"
"deu_Latn","adventskalender mädchen 12","圣诞倒数日历 女孩 12"
"deu_Latn","adventskalender originell","独特设计的圣诞倒数日历"
"deu_Latn","adventskalender ovomaltine","阿道夫·奥沃马尔丁圣诞日历"
"deu_Latn","adventskalender physik","物理主题的圣诞日历"
"deu_Latn","adventskalender tischkalender","圣诞倒数日历 桌历"
"deu_Latn","adventskalender transformers","圣诞日历 变形金刚"
"deu_Latn","adventskalender yogi tee","圣诞倒数日历 瑜伽茶"
"deu_Latn","adventskalender zum befüllen filz","可填充的圣诞倒数日历 毛毡"
"deu_Latn","adventskalender zum befüllen verschiedene größen","可填充的圣诞倒数日历，不同尺寸"
"deu_Latn","adventskalender+männer","圣诞倒数日历+男士"
"deu_Latn","die kunst des zeichnens adventskalender","绘画艺术 圣诞倒数日历"
"deu_Latn","essence diy adventskalender 2025","精华DIY圣诞倒数日历2025"
"deu_Latn","funko bitty pop adventskalender","芬克（funko）比蒂波普（Bitty Pop）圣诞倒数日历"
"deu_Latn","geschichten adventskalender","故事 圣诞倒数日历"
"deu_Latn","gießform adventskalender","浇铸模具 圣诞倒数日历"
"deu_Latn","hansa rostock adventskalender","汉莎罗斯托克圣诞倒数日历"
"deu_Latn","inhalt adventskalender junge","内容 圣诞倒数日历 年轻"
"deu_Latn","jean&len adventskalender 2025","jean&len 2025年圣诞倒数日历"
"deu_Latn","lego adventskalender city","乐高圣诞倒数日历城市系列"
"deu_Latn","lego adventskalender marvel","乐高圣诞倒数日历 漫威"
"deu_Latn","match attax champions league 25/26 adventskalender","欧冠25/26赛季冠军联赛match attax圣诞倒数日历"
"deu_Latn","maybelline adventskalender 2025 31 türchen","美宝莲2025年圣诞日历31扇门"
"deu_Latn","mein streichel adventskalender","我的抚摸式圣诞倒数日历"
"deu_Latn","mini spiele adventskalender","迷你游戏圣诞日历"
"deu_Latn","monster truck adventskalender","怪物卡车圣诞倒数日历"
"deu_Latn","sextoy adventskalender","性玩具圣诞日历"
"deu_Latn","shot adventskalender","圣诞倒数日历小样"
"deu_Latn","sticker zahlen adventskalender","贴纸支付圣诞倒数日历"
"deu_Latn","teenager adventskalender mädchen","青少年圣诞倒数日历 女孩"
"deu_Latn","the body shop adventskalender 2025","the body shop adventskalender 2025 译文：The Body Shop 2025年圣诞倒数日历"
"deu_Latn","bier weihnachtskalender","啤酒圣诞日历"
"deu_Latn","weihnachtskalender gewürze","圣诞日历 调味品"
"deu_Latn","weihnachtskalender playmobil","圣诞日历 playmobil"
"deu_Latn","weihnachtskalender rituals 2025","2025年圣诞日历仪式"
"deu_Latn","weihnachtskalender sex für paare","圣诞日历 适合情侣的性爱指南"
"deu_Latn","adventskalender 15 jahre junge","圣诞日历 15周年 新品"
"deu_Latn","adventskalender 2025 kaugummi","2025年圣诞倒数日历口香糖"
"deu_Latn","adventskalender 2025 kinder bluey","2025年儿童节历（蓝精灵版）"
"deu_Latn","adventskalender 2025 männer rum","2025年男士圣诞倒数日历"
"deu_Latn","adventskalender 2025 spiderman","2025年蜘蛛侠圣诞倒数日历"
"deu_Latn","adventskalender 2025 vegan schokolade","2025年素食主义圣诞倒数日历 巧克力"
"deu_Latn","adventskalender 50 reduziert","圣诞倒数日历 50 折"
"deu_Latn","adventskalender belgische pralinen","圣诞倒数日历 比利时巧克力"
"deu_Latn","adventskalender dinosaurier schleich","圣诞倒数日历 恐龙 Schleich"
"deu_Latn","adventskalender für verliebte","恋爱中的情侣圣诞日历"
"deu_Latn","adventskalender junge 9 jahre","圣诞倒数日历 9岁"
"deu_Latn","adventskalender kosmetik männer","圣诞倒数日历 化妆品 男士"
"deu_Latn","adventskalender match attax 2026","2026年阿特拉斯（Attax）牌圣诞倒数日历"
"deu_Latn","adventskalender origami","折纸圣诞日历"
"deu_Latn","adventskalender rätsel kinder ab 8","圣诞日历谜题 儿童 8岁以上"
"deu_Latn","adventskalender von kinder","儿童圣诞倒数日历"
"deu_Latn","baby annabell adventskalender 2025","2025年宝宝安娜贝尔圣诞倒数日历"
"deu_Latn","bester beauty adventskalender 2025","2025最佳美妆圣诞倒数日历"
"deu_Latn","der kleine siebenschläfer adventskalender","小睡美人圣诞倒数日历"
"deu_Latn","drachenzähmen leicht gemacht adventskalender","驯龙高手轻松版圣诞倒数日历"
"deu_Latn","dungeons and dragons adventskalender","龙与地下城圣诞日历"
"deu_Latn","fendt adventskalender 2025","芬特2025年圣诞倒数日历"
"deu_Latn","kleinigkeiten für den adventskalender - mädchen","圣诞倒数日历小物件 - 女孩"
"deu_Latn","lebensfreude adventskalender 2025","生活乐趣2025年圣诞倒数日历"
"deu_Latn","match attack adventskalender 2025","比赛攻击2025年圣诞倒数日历"
"deu_Latn","mini buch adventskalender deutsch","迷你书圣诞倒数日历 德语版"
"deu_Latn","originelle adventskalender","原创的圣诞倒数日历"
"deu_Latn","saucen adventskalender 2025","2025年酱料圣诞日历"
"deu_Latn","starbucks adventskalender","星巴克圣诞倒数日历"
"deu_Latn","steal a brainrot adventskalender","偷走脑洞的圣诞倒数日历"
"deu_Latn","traditioneller adventskalender zum befüllen","传统可填充的圣诞降临日历"
"deu_Latn","vfb adventskalender 2025","VFB 2025年圣诞倒数日历"
"deu_Latn","wiltopia adventskalender","威尔托比亚圣诞倒数日历"
"deu_Latn","adidas adventskalender","阿迪达斯圣诞倒数日历"
"deu_Latn","adventskalender 2025 12 jahre mädchen","2025年圣诞倒数日历 12个月 女孩"
"deu_Latn","adventskalender 2025 frauen buch","2025年圣诞倒数日历 女性书籍"
"deu_Latn","adventskalender 2025 kinder tiptoi","2025年儿童蒂普托伊圣诞倒数日历"
"deu_Latn","adventskalender 2025 klemmbausteine","2025年圣诞倒数日历 插接积木"
"deu_Latn","adventskalender 2025 lebkuchen","2025年圣诞倒数日历 黎巴嫩饼干"
"deu_Latn","adventskalender 2025 männer bosch","2025年圣诞倒数日历 男士 博世"
"deu_Latn","adventskalender 2025 papa","2025年圣诞倒数日历 爸爸"
"deu_Latn","adventskalender 2025 stricken","2025年编织圣诞日历"
"deu_Latn","adventskalender 2025 teenager junge","2025年圣诞倒数日历 青少年 年轻"
"deu_Latn","adventskalender angel","圣诞倒数日历天使"
"deu_Latn","adventskalender ballett","圣诞倒数日历 芭蕾舞"
"deu_Latn","adventskalender bruder","圣诞日历 布鲁德（品牌名）"
"deu_Latn","adventskalender chemie","圣诞倒数日历 化学"
"deu_Latn","adventskalender craze","圣诞倒数日历热潮"
"deu_Latn","adventskalender dior","迪奥圣诞倒数日历"
"deu_Latn","adventskalender füllung 10 jährige","圣诞倒数日历填充物 10岁"
"deu_Latn","adventskalender für bücherwürmer","书虫专用的圣诞倒数日历"
"deu_Latn","adventskalender für omas","圣诞倒数日历给爷爷奶奶"
"deu_Latn","adventskalender girlande","圣诞倒数日历花环"
"deu_Latn","adventskalender kaffeekapseln","圣诞日历 咖啡胶囊"
"deu_Latn","adventskalender kids","儿童圣诞倒数日历"
"deu_Latn","adventskalender manga anime","漫画动画圣诞日历"
"deu_Latn","adventskalender puzzel","圣诞日历拼图"
"deu_Latn","adventskalender sanrio","圣诞日历 sanrio"
"deu_Latn","adventskalender set zum befüllen","可填充的圣诞倒数日历套装"
"deu_Latn","adventskalender sexy frauen","圣诞倒数日历 性感女性"
"deu_Latn","adventskalender wicked","圣诞倒数日历 魔法"
"deu_Latn","american candy adventskalender","美国糖果圣诞倒数日历"
"deu_Latn","cooler adventskalender","冷藏圣诞日历"
"deu_Latn","flaconi adventskalender","flaconi adventskalender"
"deu_Latn","fruchtgummi adventskalender","水果软糖 圣诞倒数日历"
"deu_Latn","geschenk für adventskalender","圣诞季倒数日历礼物"
"deu_Latn","hunde-adventskalender","狗用圣诞倒数日历"
"deu_Latn","kamasutra adventskalender 2025","2025年《爱经》圣诞日历"
"deu_Latn","kaninchen adventskalender","兔子圣诞倒数日历"
"deu_Latn","karten adventskalender","圣诞倒数日历卡片"
"deu_Latn","kiko adventskalender","kiko 圣诞倒数日历"
"deu_Latn","kleiner adventskalender schokolade","小圣诞倒数日历 巧克力"
"deu_Latn","knete adventskalender 2025","2025年黏土圣诞日历"
"deu_Latn","lehrer adventskalender","莱尔纳圣诞倒数日历"
"deu_Latn","majorette adventskalender 2025","majorette 2025年圣诞倒数日历"
"deu_Latn","niederegger nougat adventskalender","尼德勒格格牛轧糖圣诞倒数日历"
"deu_Latn","ohrringe adventskalender","耳环 圣诞倒数日历"
"deu_Latn","parfüm adventskalender männer","男士香水圣诞倒数日历"
"deu_Latn","stabilo adventskalender","施耐德（Stabilo）圣诞倒数日历"
"deu_Latn","super streusel adventskalender 2025","2025年超级碎屑圣诞倒数日历"
"deu_Latn","warrior cats adventskalender","战士猫圣诞日历"
"deu_Latn","was ist was adventskalender 2025","2025年圣诞节倒数日历是什么"
"deu_Latn","zug adventskalender","圣诞日历挂钩"
"deu_Latn","weihnachtskalender erwachsene","圣诞日历 成人"
"deu_Latn","weihnachtskalender süßigkeiten","圣诞日历糖果"
"deu_Latn","'adventskalender pokemon","adventskalender pokemon"
"deu_Latn","adventskalender 2025 für hunde","2025年狗狗圣诞日历"
"deu_Latn","adventskalender 2025 kinder autos","2025年圣诞倒数日历 儿童汽车"
"deu_Latn","adventskalender 2025 kinder rätsel","2025年圣诞倒数日历 儿童谜题"
"deu_Latn","adventskalender 2025 kinder schoko","2025年儿童圣诞倒数日历 巧克力"
"deu_Latn","adventskalender 2025 männer douglas","2025年圣诞倒数日历 男士 Douglas"
"deu_Latn","adventskalender 2025 männer lego","2025年圣诞倒数日历 男性乐高"
"deu_Latn","adventskalender christbaumschmuck","圣诞倒数日历 圣诞树装饰品"
"deu_Latn","adventskalender darts","圣诞倒数日历 飞镖"
"deu_Latn","adventskalender funny","圣诞倒数日历 搞笑"
"deu_Latn","adventskalender für 2-jährige","2岁儿童的圣诞倒数日历"
"deu_Latn","adventskalender für damen","女士圣诞倒数日历"
"deu_Latn","adventskalender für werdende eltern 24 schöne babysachen","准父母圣诞日历，24款精美婴儿用品"
"deu_Latn","adventskalender gewürz","圣诞倒数日历 香料"
"deu_Latn","adventskalender hundebesitzer","圣诞倒数日历 狗主人"
"deu_Latn","adventskalender kind 3 jahre","圣诞倒数日历 3岁儿童"
"deu_Latn","adventskalender landwirt","圣诞倒数日历 农夫"
"deu_Latn","adventskalender lego technic 2025","2025年乐高机械师系列圣诞倒数日历"
"deu_Latn","adventskalender mit chips","圣诞倒数日历配薯片"
"deu_Latn","adventskalender mit musik","带音乐的圣诞倒数日历"
"deu_Latn","adventskalender musiker","圣诞倒数日历 音乐家"
"deu_Latn","adventskalender pop","圣诞倒数日历 热门"
"deu_Latn","adventskalender schokolade milka","圣诞日历 巧克力 milka"
"deu_Latn","adventskalender süsses","圣诞倒数日历 甜品"
"deu_Latn","adventskalender viba","viba 圣诞倒数日历"
"deu_Latn","adventskalender zum befüllen mann","可填充的圣诞倒数日历（男士款）"
"deu_Latn","bastel adventskalender erwachsene","手工制作圣诞倒数日历 成人用"
"deu_Latn","befüllung adventskalender männer","男士圣诞倒数日历填充物"
"deu_Latn","bobo adventskalender","bobobo 圣诞倒数日历"
"deu_Latn","bügelbilder adventskalender","熨烫图片 圣诞倒数日历"
"deu_Latn","christlicher adventskalender 2025","2025年基督教圣诞倒数日历"
"deu_Latn","der kleine prinz adventskalender","小王子圣诞倒数日历"
"deu_Latn","die drei adventskalender buch","这三本圣诞倒数日历书"
"deu_Latn","herr der ringe adventskalender 2025","指环王2025圣诞倒数日历"
"deu_Latn","lego adventskalender 2026","乐高2026年圣诞倒数日历"
"deu_Latn","micromallows adventskalender","微棉花圣诞倒数日历"
"deu_Latn","plektrum adventskalender","plektrum adventskalender"
"deu_Latn","protein adventskalender esn","蛋白质圣诞倒数日历补剂"
"deu_Latn","sackerl für adventskalender","用于圣诞降临日历的小袋子"
"deu_Latn","stollen adventskalender","斯托伦圣诞降临日历"
"deu_Latn","süßes für adventskalender","圣诞倒数日历中的甜品"
"deu_Latn","tee adventskalender teekanne","茶 圣诞倒数日历 茶壶"
"deu_Latn","teenager mädchen adventskalender","青少年 女孩 圣诞倒数日历"
"deu_Latn","trecker adventskalender","推克勒圣诞倒数日历"
"deu_Latn","veganer adventskalender 2025 schokolade","2025年纯素圣诞倒数日历 巧克力"
"deu_Latn","wand adventskalender zum befüllen","可填充的墙面圣诞倒数日历"
"deu_Latn","weihnachtskalender für erwachsene","成人圣诞日历"
"deu_Latn","weihnachtskalender pokemon","圣诞日历 宝可梦"
"deu_Latn","adventskalender 2025 autos","2025年圣诞倒数日历 汽车"
"deu_Latn","adventskalender 2025 food","2025年圣诞倒数日历食品"
"deu_Latn","adventskalender 2025 nivea frauen","2025年尼维达女士圣诞倒数日历"
"deu_Latn","adventskalender 2025 trolli","2025年trolli圣诞倒数日历"
"deu_Latn","adventskalender dubai schokolade","圣诞日历 迪拜 巧克力"
"deu_Latn","adventskalender gesichtspflege","圣诞日历 面部护理"
"deu_Latn","adventskalender krippenfiguren","圣诞倒数日历 伯利恒马槽人物"
"deu_Latn","adventskalender natur","圣诞倒数日历 天然"
"deu_Latn","adventskalender pärchen 2025","2025年圣诞倒数日历情侣款"
"deu_Latn","adventskalender stoffbeutel groß","圣诞倒数日历 大号布袋"
"deu_Latn","adventskalender waterdrop 2025","2025年水滴日历（圣诞倒数日历）"
"deu_Latn","essence adventskalender 2024","2024年精华圣诞日历"
"deu_Latn","freche früchte adventskalender","俏皮水果圣诞倒数日历"
"deu_Latn","füllideen adventskalender kinder","儿童圣诞倒数日历填充创意"
"deu_Latn","füllung adventskalender 2 jährige","填充式圣诞倒数日历 2岁"
"deu_Latn","hamster adventskalender","仓鼠圣诞倒数日历"
"deu_Latn","harley davidson adventskalender","哈雷戴维森圣诞倒数日历"
"deu_Latn","horsebrands adventskalender 2025","horsebrands 2025年圣诞倒数日历"
"deu_Latn","island adventskalender","岛屿圣诞日历"
"deu_Latn","jurassic park adventskalender","侏罗纪公园圣诞倒数日历"
"deu_Latn","kleiner schoko adventskalender","小巧巧克力圣诞倒数日历"
"deu_Latn","laktosefrei adventskalender","无乳糖圣诞倒数日历"
"deu_Latn","pets deli adventskalender 2025","宠物礼品2025年圣诞倒数日历"
"deu_Latn","play mobil adventskalender 2025","2025年play mobil圣诞倒数日历"
"deu_Latn","rätsel adventskalender 2025 kinder","2025年儿童谜题圣诞日历"
"deu_Latn","tüten adventskalender zum befüllen kinder","可填充的儿童用袋子装的圣诞倒数日历"
"deu_Latn","utryme adventskalender","utryme adventskalender"
"deu_Latn","zocker adventskalender","游戏玩家圣诞日历"
"deu_Latn","makita weihnachtskalender","牧田圣诞日历"
"deu_Latn","weihnachtskalender 2025 lego","2025年乐高圣诞日历"
"deu_Latn","weihnachtskalender parfüm","圣诞日历 香水"
"deu_Latn","adventskalender 2025 esn","2025年圣诞倒数日历 esn"
"deu_Latn","adventskalender 2025 frauen baden","2025年圣诞倒数日历 女性 浴室"
"deu_Latn","adventskalender baby annabell","圣诞倒数日历 宝宝 Annabell"
"deu_Latn","adventskalender battle","圣诞倒数日历 战斗"
"deu_Latn","adventskalender für babys 1 jahr","适合1岁宝宝的圣诞倒数日历"
"deu_Latn","adventskalender für mama und papa","圣诞倒数日历，给爸爸妈妈的"
"deu_Latn","adventskalender große tüten","圣诞倒数日历 大袋子"
"deu_Latn","adventskalender handcreme","圣诞倒数日历护手霜"
"deu_Latn","adventskalender kalligraphie","圣诞日历书法"
"deu_Latn","adventskalender kinder 7 jahre mädchen","儿童7岁女孩圣诞日历"
"deu_Latn","adventskalender kleinigkeiten teenager","圣诞倒数日历 小小礼物 青少年"
"deu_Latn","adventskalender kunstbedarf","圣诞日历美术用品"
"deu_Latn","adventskalender pinguin","圣诞日历企鹅"
"deu_Latn","adventskalender snickers","圣诞倒数日历 斯尼克尔斯"
"deu_Latn","adventskalender tüten zum befüllen kinder","圣诞倒数日历填充袋 儿童用"
"deu_Latn","adventskalender von kinderschokolade","儿童巧克力的圣诞倒数日历"
"deu_Latn","adventskalender zum befüllen für kinder","儿童填充式圣诞倒数日历"
"deu_Latn","bastelset adventskalender","手工套装 圣诞倒数日历"
"deu_Latn","duell adventskalender 2025","2025年对决圣诞日历"
"deu_Latn","dynamo dresden adventskalender","德累斯顿发电机圣诞倒数日历"
"deu_Latn","gutschein adventskalender","优惠券 圣诞倒数日历"
"deu_Latn","hachez adventskalender","切碎圣诞日历"
"deu_Latn","harry potter adventskalender schleich","哈利波特圣诞倒数日历施莱克"
"deu_Latn","i crush adventskalender","我压碎的圣诞倒数日历"
"deu_Latn","kitkat adventskalender","奇巧圣诞倒数日历"
"deu_Latn","koro adventskalender 2025 vegan","科罗2025年圣诞倒数日历 素食"
"deu_Latn","lauenstein adventskalender","劳恩斯坦圣诞倒数日历"
"deu_Latn","lego- adventskalender","乐高圣诞倒数日历"
"deu_Latn","mentos adventskalender 2025","曼妥思2025年圣诞倒数日历"
"deu_Latn","merry crunch adventskalender","欢乐脆脆圣诞倒数日历"
"deu_Latn","nudel adventskalender","面条圣诞日历"
"deu_Latn","paul valentine adventskalender","paul valentine 圣诞倒数日历"
"deu_Latn","tilda apfelkern adventskalender","蒂尔达苹果核圣诞倒数日历"
"deu_Latn","tkkg junior adventskalender","TKKG 少年版圣诞倒数日历"
"deu_Latn","topps match attax 25/26 adventskalender","topps match attax 25/26 圣诞倒数日历"
"deu_Latn","'adventskalender harry potter","哈利波特圣诞倒数日历"
"deu_Latn","1 euro geschenke adventskalender","1欧元礼物 圣诞倒数日历"
"deu_Latn","3 ausrufezeichen adventskalender","3个感叹号的圣诞倒数日历"
"deu_Latn","adventskalender 18 jährige","圣诞倒数日历 18岁"
"deu_Latn","adventskalender 2025 kleinkinder","2025年圣诞倒数日历 幼儿"
"deu_Latn","adventskalender 2025 mit alkohol","2025年含酒精的圣诞倒数日历"
"deu_Latn","adventskalender 2025 niederegger marzipan","2025年尼德雷格格杏仁糖圣诞日历"
"deu_Latn","adventskalender 2025 polly pocket","2025年圣诞倒数日历 波莉口袋"
"deu_Latn","adventskalender 2025 räucherkerzen","2025年圣诞倒数日历 香薰蜡烛"
"deu_Latn","adventskalender diy kinder","圣诞日历 DIY 儿童"
"deu_Latn","adventskalender erotisch frau","圣诞倒数日历 情趣 女性"
"deu_Latn","adventskalender fuchs","圣诞倒数日历狐狸"
"deu_Latn","adventskalender für 10 jährige jungs","适合10岁男孩的圣诞倒数日历"
"deu_Latn","adventskalender hubschrauber","圣诞倒数日历 直升机"
"deu_Latn","adventskalender icrimax","icrimax圣诞倒数日历"
"deu_Latn","adventskalender kaffeebohnen","圣诞日历 咖啡豆"
"deu_Latn","adventskalender kinder stitch","儿童圣诞倒数日历 针织"
"deu_Latn","adventskalender kochbuch für teenager","圣诞倒数日历 青少年烹饪书"
"deu_Latn","adventskalender lego harry potter 2025","2025年乐高哈利波特圣诞日历"
"deu_Latn","adventskalender make up essence","圣诞日历 化妆水 精华液"
"deu_Latn","adventskalender match attax 2025","2025年阿特拉斯足球队圣诞倒数日历"
"deu_Latn","adventskalender mit gutscheinen","带优惠券的圣诞倒数日历"
"deu_Latn","adventskalender pink","圣诞倒数日历 粉色"
"deu_Latn","adventskalender reise","圣诞日历旅行"
"deu_Latn","adventskalender sauer","圣诞倒数日历 酸味"
"deu_Latn","adventskalender schüler","学生圣诞日历"
"deu_Latn","adventskalender tüten groß 30 cm","圣诞倒数日历大袋子 30厘米"
"deu_Latn","adventskalender wichtel 2025","2025年圣诞倒数日历 情人配对游戏"
"deu_Latn","anhänger adventskalender","挂饰 圣诞倒数日历"
"deu_Latn","bayblade adventskalender 2025","湾刃圣诞倒数日历2025"
"deu_Latn","dark romance adventskalender","暗黑浪漫圣诞倒数日历"
"deu_Latn","dr. oetker adventskalender 2025","德龙（dr. oetker）2025年圣诞倒数日历"
"deu_Latn","escape adventskalender 2025 erwachsene","2025年成人逃离圣诞日历"
"deu_Latn","holly adventskalender 2025","2025年冬青圣诞日历"
"deu_Latn","inhalt adventskalender mädchen","Advent Calendar 女孩"
"deu_Latn","inhalt für adventskalender teenager","青少年圣诞倒数日历内容"
"deu_Latn","kleine füllung für adventskalender","用于圣诞倒数日历的小填充物"
"deu_Latn","kleinigkeit adventskalender kinder","小物件 圣诞倒数日历 儿童"
"deu_Latn","knobelspiele adventskalender","智力游戏圣诞倒数日历"
"deu_Latn","magnet adventskalender","磁性圣诞倒数日历"
"deu_Latn","make up adventskalender 2025 elf","2025年圣诞倒数日历 做成11个"
"deu_Latn","milka oreo adventskalender 2025","米尔卡奥利奥圣诞倒数日历2025"
"deu_Latn","my muesli adventskalender","我的麦片圣诞倒数日历"
"deu_Latn","playmobil novelmore adventskalender","playmobil novelmore 圣诞倒数日历"
"deu_Latn","schwarztee adventskalender","红茶 圣诞倒数日历"
"deu_Latn","sephoras favorites adventskalender","丝芙兰最爱圣诞倒数日历"
"deu_Latn","spidey adventskalender 2025","2025年蜘蛛侠圣诞倒数日历"
"deu_Latn","stoff adventskalender zum befüllen kinder","可填充的布制圣诞倒数日历（儿童用）"
"deu_Latn","witziger adventskalender","有趣的圣诞倒数日历"
"deu_Latn","weihnachtskalender für hunde","狗狗圣诞日历"
"deu_Latn","weihnachtskalender jungen","圣诞日历男孩"
"deu_Latn","weihnachtskalender socken","圣诞日历袜子"
"deu_Latn","weihnachtskalender teenager junge","圣诞日历 青少年 年轻"
"deu_Latn","adventskalender 12 jahre","圣诞倒数日历 12年"
"deu_Latn","adventskalender 2025 duft","2025年圣诞倒数日历 香氛"
"deu_Latn","adventskalender 2025 fahrrad","2025年圣诞倒数日历 自行车"
"deu_Latn","adventskalender 2025 frauen achtsamkeit","2025年圣诞倒数日历 女性 正念"
"deu_Latn","adventskalender 2025 holy energy","2025年圣诞倒数日历 圣能"
"deu_Latn","adventskalender 2025 musik","2025年圣诞倒数日历 音乐"
"deu_Latn","adventskalender 2025 mutter","2025年圣诞倒数日历 妈妈"
"deu_Latn","adventskalender 3d","3D圣诞倒数日历"
"deu_Latn","adventskalender billig","便宜的圣诞倒数日历"
"deu_Latn","adventskalender chili sauce","圣诞倒数日历 辣椒酱"
"deu_Latn","adventskalender füllung junge","圣诞日历填充物 年轻"
"deu_Latn","adventskalender füllung kinder 10 jahre","圣诞日历填充物 儿童 10岁"
"deu_Latn","adventskalender für sie","为她准备的圣诞倒数日历"
"deu_Latn","adventskalender game of thrones","圣诞倒数日历 冰与火之歌"
"deu_Latn","adventskalender instant nudeln","圣诞倒数日历即食面条"
"deu_Latn","adventskalender isana","isana 圣诞倒数日历"
"deu_Latn","adventskalender jägermeister","猎人梅斯蒂尔圣诞倒数日历"
"deu_Latn","adventskalender kinder 6 jahre mädchen","圣诞倒数日历 儿童 6岁 女孩"
"deu_Latn","adventskalender lebkuchenhaus","圣诞倒数日历 黎巴嫩蛋糕屋"
"deu_Latn","adventskalender magnetbausteine","圣诞日历 磁性积木"
"deu_Latn","adventskalender rauhnächte","圣诞倒数日历 圣诞前夜"
"deu_Latn","adventskalender selbst","自制圣诞倒数日历"
"deu_Latn","adventskalender spielsachen","圣诞倒数日历 玩具"
"deu_Latn","adventskalender teenager mädchen beauty","圣诞倒数日历 青少年 女孩 美容"
"deu_Latn","adventskalender trinken","圣诞倒数日历饮品"
"deu_Latn","adventskalender vater","圣诞倒数日历 父亲"
"deu_Latn","bier adventskalender 2025 bayern","啤酒 圣诞倒数日历 2025 巴伐利亚"
"deu_Latn","bierkasten adventskalender","啤酒箱 圣诞倒数日历"
"deu_Latn","chemie adventskalender","化学圣诞倒数日历"
"deu_Latn","coole adventskalender für frauen","适合女性的酷炫圣诞倒数日历"
"deu_Latn","dart adventskalender 2025 steeldart","dart 圣诞倒数日历 2025 钢镖"
"deu_Latn","dove adventskalender","多芬圣诞倒数日历"
"deu_Latn","flaconi adventskalender 2025","2025年香水瓶圣诞倒数日历"
"deu_Latn","fußball-adventskalender","足球圣诞倒数日历"
"deu_Latn","hot wheel adventskalender","热轮圣诞倒数日历"
"deu_Latn","ironmaxx adventskalender","ironmaxx 圣诞倒数日历"
"deu_Latn","jujutsu kaisen adventskalender","咒术回战圣诞倒数日历"
"deu_Latn","kinder joy adventskalender","儿童Joy圣诞倒数日历"
"deu_Latn","koreanischer adventskalender","韩国风格的圣诞倒数日历"
"deu_Latn","lachgummi adventskalender","橡皮筋 圣诞倒数日历"
"deu_Latn","modellauto adventskalender","模型车圣诞倒数日历"
"deu_Latn","panda adventskalender","熊猫圣诞倒数日历"
"deu_Latn","pärchen adventskalender schokolade","一对儿 圣诞倒数日历 巧克力"
"deu_Latn","roth adventskalender","roth adventskalender"
"deu_Latn","sallys welt adventskalender 2025","sallys welt 2025年圣诞倒数日历"
"deu_Latn","schmuck adventskalender 2025 mädchen","2025年女孩饰品圣诞倒数日历"
"deu_Latn","schokoladen adventskalender kinder","巧克力 圣诞倒数日历 儿童"
"deu_Latn","'adventskalender buch kinder","圣诞日历书 儿童"
"deu_Latn","24 adventskalender tüten","24天圣诞倒数日历小袋子"
"deu_Latn","adventskalender 2025 ab 2 jahre","2025年圣诞倒数日历，适合2岁以上"
"deu_Latn","adventskalender 2025 exit game","2025年圣诞倒数日历 逃脱游戏"
"deu_Latn","adventskalender 2025 herzhaft","2025年圣诞倒数日历 美味"
"deu_Latn","adventskalender 2025 lego ninjago","2025年乐高忍者神龟圣诞日历"
"deu_Latn","adventskalender 2025 match attax","2025年圣诞倒数日历 match attax"
"deu_Latn","adventskalender 2025 mädchen schminke","2025年圣诞倒数日历 女孩化妆品"
"deu_Latn","adventskalender 2025 männer sex","2025年圣诞倒数日历 男性 性爱"
"deu_Latn","adventskalender 2025 traktor","2025年圣诞倒数日历 拖拉机"
"deu_Latn","adventskalender 2025 weisse schokolade","2025年圣诞倒数日历 白巧克力"
"deu_Latn","adventskalender ab 2 jahre mädchen","2岁以上女孩用的圣诞倒数日历"
"deu_Latn","adventskalender bastel","圣诞倒数日历手工制作"
"deu_Latn","adventskalender buttons zahlen","圣诞倒数日历 按钮 支付"
"deu_Latn","adventskalender essen und trinken","圣诞倒数日历吃的和喝的"
"deu_Latn","adventskalender fußball kinder","足球儿童圣诞日历"
"deu_Latn","adventskalender für hundebesitzer","狗主人的圣诞倒数日历"
"deu_Latn","adventskalender hazet 2025","2025年hazet圣诞倒数日历"
"deu_Latn","adventskalender jelly beans","圣诞倒数日历软糖豆"
"deu_Latn","adventskalender kellys","圣诞倒数日历 凯利斯"
"deu_Latn","adventskalender köln","圣诞倒数日历 科隆"
"deu_Latn","adventskalender männer fitness","圣诞日历 男士 健身"
"deu_Latn","adventskalender paare schokolade","圣诞倒数日历 情侣巧克力"
"deu_Latn","adventskalender schalke 04","圣诞倒数日历 沙尔克04"
"deu_Latn","adventskalender sexspielzeug für frauen","圣诞倒数日历 女性性玩具"
"deu_Latn","adventskalender sonnentor","圣诞倒数日历 Sonnentor"
"deu_Latn","adventskalender sticken","圣诞日历刺绣"
"deu_Latn","adventskalender teenie","圣诞倒数日历 小款"
"deu_Latn","adventskalender toffifee","托菲费圣诞日历"
"deu_Latn","adventskalender unter 20 euro","20欧元以下的圣诞倒数日历"
"deu_Latn","adventskalender werkzeug 2025 männer","2025年男士圣诞倒数日历工具"
"deu_Latn","adventskalender windel","圣诞倒数日历尿布"
"deu_Latn","adventskalender zartbitterschokolade","圣诞倒数日历 甜苦巧克力"
"deu_Latn","adventskalender öle","圣诞倒数日历 油"
"deu_Latn","eldrador adventskalender","eldrador 圣诞倒数日历"
"deu_Latn","fc bayern münchen adventskalender 2025","拜仁慕尼黑2025年圣诞倒数日历"
"deu_Latn","fenster adventskalender","窗户 圣诞倒数日历"
"deu_Latn","foodloose adventskalender","foodloose圣诞倒数日历"
"deu_Latn","harry potter schleich adventskalender","哈里波特施莱赫圣诞倒数日历"
"deu_Latn","kernenergie adventskalender","核能圣诞倒数日历"
"deu_Latn","mini buch adventskalender","迷你书圣诞倒数日历"
"deu_Latn","mini schoko adventskalender","迷你巧克力圣诞倒数日历"
"deu_Latn","nivea men adventskalender","妮维雅男士圣诞倒数日历"
"deu_Latn","prinzessin adventskalender","公主圣诞倒数日历"
"deu_Latn","sachen für den adventskalender","Advent Calendar的东西"
"deu_Latn","scharfe soßen adventskalender","辛辣酱料圣诞倒数日历"
"deu_Latn","schleich pferde adventskalender","施莱赫马儿圣诞倒数日历"
"deu_Latn","tony adventskalender","托尼圣诞倒数日历"
"deu_Latn","trend it up adventskalender","潮流升级圣诞倒数日历"
"deu_Latn","vogelfutter adventskalender","鸟食 圣诞倒数日历"
"deu_Latn","ddr weihnachtskalender","ddr 圣诞日历"
"deu_Latn","protein weihnachtskalender","蛋白质圣诞日历"
"deu_Latn","adventskalender 2025 duplo","2025年圣诞倒数日历 duplo"
"deu_Latn","adventskalender 2025 frauen erotisch","2025年圣诞倒数日历 女性 淫荡"
"deu_Latn","adventskalender 2025 frauen weleda","2025年圣诞倒数日历 女性 Weleda"
"deu_Latn","adventskalender 2025 gesundheit","2025年圣诞倒数日历 健康"
"deu_Latn","adventskalender 2025 gourmet","2025年美食圣诞日历"
"deu_Latn","adventskalender 2025 rotbäckchen","2025年圣诞倒数日历 红颊侏儒松鼠"
"deu_Latn","adventskalender briefe","圣诞倒数日历信件"
"deu_Latn","adventskalender die schule der magischen tiere","圣诞日历 魔法动物学校"
"deu_Latn","adventskalender dänemark","圣诞日历 丹麦"
"deu_Latn","adventskalender frauen ideen","圣诞日历 女士 点子"
"deu_Latn","adventskalender freunde","圣诞倒数日历 朋友们"
"deu_Latn","adventskalender füllung junge 8 jahre","圣诞倒数日历填充物 8岁儿童用"
"deu_Latn","adventskalender für großeltern","祖父母用的圣诞倒数日历"
"deu_Latn","adventskalender für opa","圣诞倒数日历给爷爷"
"deu_Latn","adventskalender karten zum ausfüllen","圣诞倒数日历填充卡片"
"deu_Latn","adventskalender kind 4 jahre","圣诞倒数日历 儿童 4岁"
"deu_Latn","adventskalender lustige sprüche","圣诞倒数日历趣味短语"
"deu_Latn","adventskalender papier nostalgie","圣诞倒数日历 纸质 怀旧"
"deu_Latn","adventskalender playmobil pferde","圣诞倒数日历 playmobil 马"
"deu_Latn","adventskalender tischtennis","圣诞倒数日历 乒乓球"
"deu_Latn","adventskalender zigaretten","圣诞日历香烟"
"deu_Latn","auto adventskalender 2025 erwachsene","2025年成人款汽车圣诞日历"
"deu_Latn","ava may adventskalender","ava may 圣诞倒数日历"
"deu_Latn","bastel adventskalender 2025 kinder","手工制作2025年圣诞倒数日历 儿童"
"deu_Latn","boxiland adventskalender 2025","boxiland 2025年圣诞倒数日历"
"deu_Latn","champagner adventskalender","香槟色圣诞倒数日历"
"deu_Latn","chio chips adventskalender","乔氏薯片圣诞倒数日历"
"deu_Latn","cluedo adventskalender","侦探推理桌游圣诞倒数日历"
"deu_Latn","coole adventskalender 2025 männer","2025年酷炫男士圣诞倒数日历"
"deu_Latn","die drei ausrufezeichen adventskalender 2025","三个感叹号2025年圣诞倒数日历"
"deu_Latn","ecence adventskalender","ecence 圣诞倒数日历"
"deu_Latn","erotische adventskalender paare 2025","2025年情色圣诞倒数日历情侣款"
"deu_Latn","exit - adventskalender","退出 - 圣诞日历"
"deu_Latn","ideen adventskalender frauen","女性圣诞倒数日历创意"
"deu_Latn","k-pop adventskalender","K-pop 圣诞倒数日历"
"fra_Latn","l’oréal adventskalender","欧莱雅圣诞倒数日历"
"deu_Latn","nerf adventskalender","nerf adventskalender"
"deu_Latn","online adventskalender 2025","2025年在线圣诞倒数日历"
"deu_Latn","poppy playtime adventskalender","罂粟游戏圣诞倒数日历"
"deu_Latn","proteinriegel adventskalender 2025","蛋白质棒 2025年圣诞倒数日历"
"deu_Latn","rossmann adventskalender 2025","罗斯曼2025年圣诞倒数日历"
"deu_Latn","stabilo adventskalender 2025","施塔比洛2025年圣诞倒数日历"
"deu_Latn","weihnachtssocken adventskalender","圣诞袜 圣诞日历"
"deu_Latn","xxl adventskalender säckchen","xxl 圣诞倒数日历小袋装"
"deu_Latn","adventskalender 18 monate","18个月的圣诞倒数日历"
"deu_Latn","adventskalender 2025 gesunde snacks","2025年圣诞倒数日历 健康零食"
"deu_Latn","adventskalender 2025 haare","2025年圣诞倒数日历 发型"
"deu_Latn","adventskalender 2025 junge 8 jahre","2025年圣诞倒数日历 8岁儿童"
"deu_Latn","adventskalender 2025 korean skincare","2025年圣诞倒数日历 韩国护肤"
"deu_Latn","adventskalender 2025 marzipan niederegger","2025年圣诞倒数日历 榛子糖 Niederegger"
"deu_Latn","adventskalender ab 5 jahre junge","圣诞倒数日历 适合5岁以上儿童"
"deu_Latn","adventskalender candy","圣诞倒数日历糖果"
"deu_Latn","adventskalender füllen ideen","圣诞倒数日历填充创意"
"deu_Latn","adventskalender für weltenbummler","环球旅行者圣诞倒数日历"
"deu_Latn","adventskalender kiste holz","圣诞倒数日历木盒"
"deu_Latn","adventskalender lesen","阅读圣诞倒数日历"
"deu_Latn","adventskalender literatur","圣诞倒数日历 文学"
"deu_Latn","adventskalender männer auto","圣诞倒数日历 男士 汽车"
"deu_Latn","adventskalender männer schokolade","圣诞倒数日历 男士 巧克力"
"deu_Latn","adventskalender nightmare before christmas","圣诞倒数日历 圣诞前的噩梦"
"deu_Latn","adventskalender samen gemüse","圣诞倒数日历 谷物 蔬菜"
"deu_Latn","adventskalender schnapspralinen","圣诞日历烈酒巧克力"
"deu_Latn","adventskalender sex 2025","2025年圣诞倒数日历性爱版"
"deu_Latn","adventskalender turnen","圣诞倒数日历体操"
"deu_Latn","adventskalender yves rocher","圣诞日历 Yves Rocher"
"deu_Latn","adventskalender zauberwürfel","圣诞倒数日历魔方"
"deu_Latn","american football adventskalender","美式足球圣诞倒数日历"
"deu_Latn","asos adventskalender 2025","asos 2025年圣诞倒数日历"
"deu_Latn","barbara box adventskalender 2025","芭芭拉盒子2025年圣诞倒数日历"
"deu_Latn","chexperiment adventskalender","chexperiment 圣诞倒数日历"
"deu_Latn","craft beer adventskalender","精酿啤酒圣诞倒数日历"
"deu_Latn","deko adventskalender 2025","2025年圣诞倒数日历装饰"
"deu_Latn","diabetiker adventskalender","糖尿病患者圣诞倒数日历"
"deu_Latn","essence little xmas wonder adventskalender","精华 小型 圣诞 节日惊喜 圣诞日历"
"deu_Latn","fischermannsfriend adventskalender","fischermannsfriend 圣诞倒数日历"
"deu_Latn","geschenk adventskalender frauen","礼物 圣诞倒数日历 女士"
"deu_Latn","needoh adventskalender","needoh 圣诞倒数日历"
"deu_Latn","paarminuten adventskalender","几分钟的圣诞倒数日历"
"deu_Latn","peppa adventskalender","佩帕圣诞倒数日历"
"deu_Latn","protein riegel adventskalender 2025","蛋白质棒 圣诞倒数日历 2025"
"deu_Latn","selbstliebe adventskalender","自爱 圣诞倒数日历"
"deu_Latn","sol de janeiro adventskalender 2025","2025年1月sol de janeiro圣诞倒数日历"
"deu_Latn","stationery adventskalender","文具圣诞倒数日历"
"deu_Latn","thermomix adventskalender","thermomix 圣诞倒数日历"
"deu_Latn","tiptoi adventskalender mini bücher","tiptoi 圣诞倒数日历迷你书"
"deu_Latn","toni adventskalender 2025","toni adventskalender 2025"
"deu_Latn","zahlen zum aufbügeln adventskalender","支付熨烫用的圣诞倒数日历"
"deu_Latn","amazon weihnachtskalender","亚马逊圣诞日历"
"deu_Latn","weihnachtskalender parfüm frauen","圣诞日历 香水 女士"
"deu_Latn","'adventskalender werkzeug","圣诞倒数日历工具"
"deu_Latn","3bears adventskalender","3bears 圣诞倒数日历"
"deu_Latn","adventskalender 2025 edle tropfen","2025年圣诞倒数日历 精致滴落"
"deu_Latn","adventskalender 2025 manga","2025年漫画圣诞日历"
"deu_Latn","adventskalender 2025 männer kaffee","2025年圣诞倒数日历 男士 咖啡"
"deu_Latn","adventskalender 2025 yankee candle","2025年圣诞倒数日历 yankee candle"
"deu_Latn","adventskalender douglas 2025 frauen","2025年道格拉斯（Douglas）圣诞倒数日历（女性款）"
"deu_Latn","adventskalender füllung jugendliche","圣诞日历填充物 青少年"
"deu_Latn","adventskalender füllung kollegen","圣诞倒数日历填充物 同事"
"deu_Latn","adventskalender für frauen sexy","女性专用性感圣诞倒数日历"
"deu_Latn","adventskalender für ihn","他用的圣诞倒数日历"
"deu_Latn","adventskalender grill","圣诞日历 烧烤"
"deu_Latn","adventskalender gutscheine","圣诞日历优惠券"
"deu_Latn","adventskalender hidden games","圣诞倒数日历 隐藏游戏"
"deu_Latn","adventskalender hitschler","hitschler 圣诞倒数日历"
"deu_Latn","adventskalender kräuter","圣诞倒数日历 香草"
"deu_Latn","adventskalender kuromi","库洛米圣诞日历"
"deu_Latn","adventskalender ladybug","圣诞倒数日历 瓢虫"
"deu_Latn","adventskalender man","圣诞倒数日历 男款"
"deu_Latn","adventskalender mit bier","啤酒圣诞日历"
"deu_Latn","adventskalender mit katzen","圣诞倒数日历带猫咪图案"
"deu_Latn","adventskalender mädchen 14","圣诞倒数日历 女孩 14"
"deu_Latn","adventskalender märchen","圣诞倒数日历童话"
"deu_Latn","adventskalender peppa","圣诞倒数日历 彭彭"
"deu_Latn","adventskalender pflegeprodukte","圣诞倒数日历 护理产品"
"deu_Latn","adventskalender pralinen mit alkohol","圣诞倒数日历酒心巧克力"
"deu_Latn","adventskalender quetschi","圣诞倒数日历 压扁（款式）"
"deu_Latn","adventskalender selber befüllen papier","自制圣诞倒数日历填充纸"
"deu_Latn","adventskalender stoff wand","圣诞倒数日历 织物 墙"
"deu_Latn","adventskalender topmodel","圣诞日历 顶级模特"
"deu_Latn","adventskalender trend it up","圣诞倒数日历 时尚潮流必备"
"deu_Latn","adventskalender villeroy und boch","圣诞日历维勒罗伊与博赫"
"deu_Latn","adventskalender wandern","圣诞日历徒步"
"deu_Latn","adventskalender wurst 2025 männer","2025年男士香肠式圣诞倒数日历"
"deu_Latn","adventskalender zahlen aufkleber gold","圣诞倒数日历支付贴纸金色"
"deu_Latn","adventskalender zum befüllen beutel","可填充的圣诞倒数日历袋"
"deu_Latn","aufkleber für adventskalender","用于圣诞倒数日历的贴纸"
"deu_Latn","bio saatgut adventskalender","有机种子 圣诞倒数日历"
"deu_Latn","craze blade adventskalender","疯狂刀片圣诞倒数日历"
"deu_Latn","der kleine maulwurf adventskalender","小鼹鼠圣诞倒数日历"
"deu_Latn","diy adventskalender kinder","儿童DIY圣诞倒数日历"
"deu_Latn","dragon ball adventskalender","龙珠圣诞日历"
"deu_Latn","fußball adventskalender kinder","足球 圣诞倒数日历 儿童"
"deu_Latn","glühwein adventskalender 2025","热红酒 圣诞倒数日历 2025"
"deu_Latn","ideen adventskalender","创意圣诞倒数日历"
"deu_Latn","inhalte für adventskalender","圣诞倒数日历内容"
"deu_Latn","kleine sachen für adventskalender kinder","儿童圣诞倒数日历小物件"
"deu_Latn","lol surprise adventskalender","lol surprise 圣诞倒数日历"
"deu_Latn","m. asam adventskalender 2025","2025年酸味圣诞倒数日历"
"deu_Latn","mädchen adventskalender 4 jahre","女孩圣诞倒数日历 4岁"
"deu_Latn","männer adventskalender werkzeug","男士圣诞倒数日历工具"
"deu_Latn","niederegger adventskalender 2025 vegan","Niederegger 2025年素食主义圣诞降临日历"
"deu_Latn","nø cosmetics adventskalender","nø cosmetics 圣诞倒数日历"
"deu_Latn","peppa adventskalender 2025","2025年佩奇圣诞倒数日历"
"deu_Latn","pink box adventskalender","粉色盒子圣诞倒数日历"
"deu_Latn","pixi buch adventskalender","pixi 书籍 圣诞倒数日历"
"fra_Latn","pokémon karten adventskalender","宝可梦卡牌圣诞日历"
"deu_Latn","schwangerschafts adventskalender","孕期圣诞倒数日历"
"deu_Latn","st pauli adventskalender","圣保利圣诞倒数日历"
"deu_Latn","us sweets adventskalender 2025","美国糖果2025年圣诞倒数日历"
"deu_Latn","veganer schoko adventskalender","纯素巧克力圣诞倒数日历"
"deu_Latn","witzige adventskalender","有趣的圣诞倒数日历"
"deu_Latn","weihnachtskalender 2025 kinder mädchen","2025年圣诞日历 儿童 女孩"
"deu_Latn","weihnachtskalender für paare 2025","2025年情侣圣诞日历"
"deu_Latn","adventskalender 2025 ausgefallen","2025年独特设计的圣诞倒数日历"
"deu_Latn","adventskalender 2025 einhell","2025年一小时日历 adventskalender einhell"
"deu_Latn","adventskalender 2025 energy drink","2025年圣诞倒数日历 能量饮料"
"deu_Latn","adventskalender 2025 frauen parfum","2025年圣诞倒数日历 女士香水"
"deu_Latn","adventskalender 2025 kinder haribo","2025年圣诞倒数日历 儿童 哈力宝"
"deu_Latn","adventskalender 2025 stich","2025年圣诞倒数日历关键词"
"deu_Latn","adventskalender angebote","圣诞倒数日历优惠"
"deu_Latn","adventskalender buben","圣诞倒数日历男孩款"
"deu_Latn","adventskalender bücher erwachsene","圣诞倒数日历书籍 成人"
"deu_Latn","adventskalender flugzeug","圣诞倒数日历 飞机"
"deu_Latn","adventskalender kinder 10-12 jahre","儿童（10-12岁）圣诞倒数日历"
"deu_Latn","adventskalender kinder paw patrol","儿童圣诞倒数日历 帕沃巡逻队"
"deu_Latn","adventskalender mit gewürzen","带有香料的圣诞日历"
"deu_Latn","adventskalender partner mann","圣诞倒数日历 情侣款 男士"
"deu_Latn","adventskalender saatgut alte sorten","圣诞倒数日历 种子 旧品种"
"deu_Latn","adventskalender schmuck teenager","圣诞倒数日历 饰品 青少年"
"deu_Latn","adventskalender selber füllen","自己填充圣诞倒数日历"
"deu_Latn","adventskalender süsses aus aller welt","圣诞倒数日历，来自世界各地的甜品"
"deu_Latn","adventskalender tüten gross","圣诞倒数日历大号袋子"
"deu_Latn","adventskalender zauber","圣诞倒数日历 魔法"
"deu_Latn","adventskalender zotter","zotter 圣诞倒数日历"
"deu_Latn","animal crossing adventskalender","动物之森圣诞日历"
"deu_Latn","asam adventskalender","酸味圣诞日历"
"deu_Latn","bayern los adventskalender","拜仁队圣诞倒数日历"
"deu_Latn","bbq adventskalender 2025","2025年烧烤圣诞倒数日历"
"deu_Latn","bdsm adventskalender","bdsm 圣诞倒数日历"
"deu_Latn","energy drink adventskalender","能量饮料圣诞倒数日历"
"deu_Latn","hey clay adventskalender","嘿克雷伊圣诞倒数日历"
"deu_Latn","häuser adventskalender","房屋圣诞倒数日历"
"deu_Latn","jagd adventskalender 2025","2025年狩猎圣诞日历"
"deu_Latn","kneipe adventskalender","小酒馆 圣诞倒数日历"
"deu_Latn","lego 21280 minecraft adventskalender 2025","乐高21280我的世界2025圣诞日历"
"deu_Latn","lego adventskalender 2025 erwachsene","乐高2025年成人圣诞倒数日历"
"deu_Latn","luxus adventskalender männer","奢侈品 圣诞倒数日历 男士"
"deu_Latn","mineralien adventskalender","矿物 Advent日历"
"deu_Latn","peppa pig adventskalender 2025","佩奇猪2025年圣诞倒数日历"
"deu_Latn","playmobil adventskalender ritter","playmobil 圣诞倒数日历 勇士"
"deu_Latn","retro adventskalender 2025","复古圣诞倒数日历 2025"
"deu_Latn","takis adventskalender","塔基斯圣诞倒数日历"
"deu_Latn","the body shop adventskalender","the body shop adventskalender 译文：悦诗风吟圣诞倒数日历"
"deu_Latn","topps adventskalender","托普斯圣诞倒数日历"
"deu_Latn","van life adventskalender","van生活圣诞日历"
"deu_Latn","zauber adventskalender 2025","魔法2025年圣诞倒数日历"
"deu_Latn","lindt weihnachtskalender 2025","林德特2025年圣诞日历"
"deu_Latn","3d adventskalender 2025","2025年3D圣诞倒数日历"
"deu_Latn","adventskalender 2025 bilder nostalgie","2025年圣诞倒数日历图片 怀旧风格"
"deu_Latn","adventskalender 2025 gamer","2025年游戏者圣诞倒数日历"
"deu_Latn","adventskalender 2025 kinder dino","2025年儿童恐龙圣诞倒数日历"
"deu_Latn","adventskalender 2025 manner","2025年圣诞倒数日历 糖果"
"deu_Latn","adventskalender 2025 nähen","2025年圣诞倒数日历 缝制"
"deu_Latn","adventskalender 2025 pralinen ohne alkohol","2025年圣诞倒数日历 无酒精巧克力"
"deu_Latn","adventskalender 2025 usa","2025年美国圣诞倒数日历"
"deu_Latn","adventskalender 2025 werder bremen","2025年圣诞倒数日历 维尔德布伦嫩"
"deu_Latn","adventskalender 2025 yoga","2025年圣诞倒数日历 瑜伽"
"deu_Latn","adventskalender 7 jahre","圣诞倒数日历 7年"
"deu_Latn","adventskalender die drei","圣诞倒数日历 三个"
"deu_Latn","adventskalender dinos","圣诞倒数日历恐龙款"
"deu_Latn","adventskalender erzgebirge","圣诞倒数日历 尔茨山脉"
"deu_Latn","adventskalender fahrzeuge kinder","圣诞倒数日历 车辆 儿童"
"deu_Latn","adventskalender funny frisch 2025","2025年新款趣味日历"
"deu_Latn","adventskalender füllung jungen 10","圣诞日历填充物 年轻人 10"
"deu_Latn","adventskalender füllung teenager junge","圣诞日历填充物 青少年 年轻人"
"deu_Latn","adventskalender häuser groß","圣诞日历 房屋图案 大号"
"deu_Latn","adventskalender junge 13 jahre","圣诞倒数日历 年轻 13岁"
"deu_Latn","adventskalender kinder 3 jahre mädchen","儿童（3岁）女孩圣诞倒数日历"
"deu_Latn","adventskalender kinder 5 jahre mädchen","圣诞倒数日历 5岁儿童 女孩"
"deu_Latn","adventskalender kinder buch","圣诞倒数日历 儿童书"
"deu_Latn","adventskalender kinder süssigkeiten","圣诞日历儿童糖果"
"deu_Latn","adventskalender kleinigkeiten mann","圣诞倒数日历 小物件 男士"
"deu_Latn","adventskalender landwirtschaft","圣诞倒数日历 农业"
"deu_Latn","adventskalender lesen kinder","儿童读圣诞倒数日历"
"deu_Latn","adventskalender lkw","货车圣诞倒数日历"
"deu_Latn","adventskalender loccitane","adventskalender loccitane"
"deu_Latn","adventskalender mit großen fächern","带有大抽屉的圣诞倒数日历"
"deu_Latn","adventskalender männer beauty","圣诞倒数日历 男士 美容"
"deu_Latn","adventskalender sephora 2025","2025年丝芙兰圣诞倒数日历"
"deu_Latn","adventskalender sportler 2025","2025年运动者圣诞倒数日历"
"deu_Latn","adventskalender säckchen zum befüllen groß","装填式大号圣诞降临日历小袋子"
"deu_Latn","adventskalender thermomix","热米克斯圣诞倒数日历"
"deu_Latn","adventskalender vegane schokolade","圣诞日历 纯素巧克力"
"deu_Latn","adventskalender würth","Würth圣诞日历"
"deu_Latn","artdeco adventskalender","阿黛尔圣诞倒数日历"
"deu_Latn","badezusatz adventskalender 2025","2025年圣诞倒数日历 浴品"
"deu_Latn","das kleine böse buch adventskalender 2025","2025年小恶魔书圣诞倒数日历"
"deu_Latn","dewalt adventskalender","得伟圣诞倒数日历"
"deu_Latn","exit adventskalender buch","圣诞倒数日历书籍"
"deu_Latn","foto adventskalender mit schokolade","带巧克力的圣诞倒数日历照片"
"deu_Latn","hertha bsc adventskalender","柏林赫塔足球俱乐部圣诞倒数日历"
"deu_Latn","influencer adventskalender 2025","网红圣诞倒数日历2025"
"deu_Latn","playmobil adventskalender 2025 mädchen","playmobil 2025年圣诞倒数日历 女孩款"
"deu_Latn","puzzle-adventskalender","拼图圣诞日历"
"deu_Latn","raspberry pi adventskalender","树莓派圣诞倒数日历"
"deu_Latn","werkzeug adventskalender bosch","工具 圣诞倒数日历 博世"
"deu_Latn","wissen mit johnny adventskalender 2025","与约翰尼共知2025年圣诞倒数日历"
"deu_Latn","zeichen adventskalender","圣诞日历符号"
"deu_Latn","tüten weihnachtskalender","包装圣诞日历"
"deu_Latn","adventskalender 2025 christlich","2025年圣诞日历（基督教风格）"
"deu_Latn","adventskalender 2025 jungen 15 jahre","2025年圣诞倒数日历 15岁少年"
"deu_Latn","adventskalender 2025 lol","2025年圣诞倒数日历 lol"
"deu_Latn","adventskalender 2025 schleich pferde","2025年圣诞倒数日历 Schleich 马"
"deu_Latn","adventskalender duplo schokolade","圣诞倒数日历 duplo 巧克力"
"deu_Latn","adventskalender einfach","圣诞倒数日历简单款"
"deu_Latn","adventskalender für 3 jährige mädchen","适合3岁女孩的圣诞倒数日历"
"deu_Latn","adventskalender hund 2025","2025年狗狗主题圣诞倒数日历"
"deu_Latn","adventskalender huntrix","huntrix圣诞倒数日历"
"deu_Latn","adventskalender kinder 12 jahre","儿童圣诞倒数日历 12岁"
"deu_Latn","adventskalender kinder fussball","圣诞倒数日历 儿童 足球"
"deu_Latn","adventskalender kinder kleinigkeiten","圣诞日历 儿童 小物件"
"deu_Latn","adventskalender lipgloss","圣诞倒数日历唇彩"
"deu_Latn","adventskalender masken beauty","圣诞倒数日历 面具 美容"
"deu_Latn","adventskalender mit weißer schokolade","圣诞倒数日历，内含白巧克力"
"deu_Latn","adventskalender modelleisenbahn","圣诞倒数日历 模型火车"
"deu_Latn","adventskalender naschen","圣诞日历零食"
"deu_Latn","adventskalender novelmore","adventskalender novelmore"
"deu_Latn","backen adventskalender","烘焙圣诞倒数日历"
"deu_Latn","bastel adventskalender mädchen","手工制作圣诞倒数日历 女孩"
"deu_Latn","cannabis adventskalender 2025","大麻圣诞倒数日历 2025"
"deu_Latn","couple adventskalender","情侣圣诞倒数日历"
"deu_Latn","drachen adventskalender 2025","2025年龙形圣诞倒数日历"
"deu_Latn","edelstein adventskalender kinder 2025","宝石圣诞倒数日历儿童2025"
"deu_Latn","feigling adventskalender 2025","胆小鬼 圣诞倒数日历 2025"
"deu_Latn","fifa adventskalender 2025","2025年国际足联圣诞日历"
"deu_Latn","fitness adventskalender 2025 männer","健身圣诞倒数日历2025男士"
"deu_Latn","glossybox adventskalender","glossybox 圣诞倒数日历"
"deu_Latn","hello lindt adventskalender 2025","你好，林德特2025年圣诞倒数日历"
"deu_Latn","kleinigkeit für adventskalender frau","女性圣诞倒数日历小物件"
"deu_Latn","ladybug adventskalender 2025","2025年瓢虫圣诞倒数日历"
"deu_Latn","musik adventskalender 2025","音乐 圣诞倒数日历 2025"
"deu_Latn","mystery adventskalender","神秘圣诞倒数日历"
"deu_Latn","männersache adventskalender","男士事务 圣诞倒数日历"
"deu_Latn","näh adventskalender","缝制圣诞倒数日历"
"deu_Latn","skz adventskalender","skz 圣诞倒数日历"
"deu_Latn","stempel adventskalender","印花圣诞日历"
"deu_Latn","süßigkeiten adventskalender befüllen","填充圣诞倒数日历里的糖果"
"deu_Latn","venchi adventskalender 2025","venchi 2025年圣诞倒数日历"
"deu_Latn","weihnachtskalender 2025 chips","2025年圣诞日历薯片"
"deu_Latn","weihnachtskalender selbst befüllen kinder","自行填充的圣诞日历 儿童"
"deu_Latn","24 karten für adventskalender","24张圣诞降临日历卡片"
"deu_Latn","adventskalender 2025 frauen sprüche","2025年圣诞倒数日历 女性寄语"
"deu_Latn","adventskalender 2025 jungen 8 jahre","2025年圣诞倒数日历 适合8岁儿童"
"deu_Latn","adventskalender 2025 maybelline","2025年圣诞倒数日历 美宝莲"
"deu_Latn","adventskalender 2025 milka schokolade","2025年圣诞倒数日历 Milka 巧克力"
"deu_Latn","adventskalender 2025 my müsli","2025年圣诞倒数日历 我的麦片"
"deu_Latn","adventskalender 2025 mädchen 2 jahre","2025年圣诞倒数日历 女孩 2岁"
"deu_Latn","adventskalender 2025 play doh","2025年圣诞倒数日历 Play-Doh"
"deu_Latn","adventskalender ab 8 jahre junge","圣诞日历 适合8岁以上儿童"
"deu_Latn","adventskalender amazon beauty","亚马逊美妆圣诞倒数日历"
"deu_Latn","adventskalender anime 2025","2025年动漫圣诞日历"
"deu_Latn","adventskalender badesalz","圣诞倒数日历 浴盐"
"deu_Latn","adventskalender berühmte frauen","圣诞倒数日历 著名女性"
"deu_Latn","adventskalender billie eilish","圣诞倒数日历 比莉·艾利什"
"deu_Latn","adventskalender bobo","圣诞倒数日历 bobo"
"deu_Latn","adventskalender bülow","圣诞倒数日历 bülow"
"deu_Latn","adventskalender challenge","圣诞倒数日历挑战"
"deu_Latn","adventskalender eulen","圣诞倒数日历猫头鹰"
"deu_Latn","adventskalender fendt","芬特圣诞日历"
"deu_Latn","adventskalender fischen","圣诞倒数日历钓鱼"
"deu_Latn","adventskalender füllen teenager","为青少年填充圣诞倒数日历"
"deu_Latn","adventskalender für mitarbeiter","员工圣诞日历"
"deu_Latn","adventskalender girls","圣诞倒数日历 女孩"
"deu_Latn","adventskalender grinch socken","圣诞倒数日历 格林奇 袜子"
"deu_Latn","adventskalender ideen zum befüllen männer","圣诞日历填充创意，男士适用"
"deu_Latn","adventskalender ingwer","姜味圣诞日历"
"deu_Latn","adventskalender jungen playmobil","圣诞倒数日历 年轻款 playmobil"
"deu_Latn","adventskalender lebkuchen 2025","2025年圣诞倒数日历 黎巴嫩松饼"
"deu_Latn","adventskalender mit namen","带名字的圣诞倒数日历"
"deu_Latn","adventskalender nagellack 2025","2025年圣诞倒数日历指甲油"
"deu_Latn","adventskalender parfüm frauen","圣诞倒数日历 香水 女士"
"deu_Latn","adventskalender schottland","圣诞倒数日历 苏格兰"
"deu_Latn","adventskalender senioren 2025","2025年老年人圣诞日历"
"deu_Latn","adventskalender smoothie","圣诞倒数日历 水果奶昔"
"deu_Latn","adventskalender stricken 2025","2025年编织圣诞日历"
"deu_Latn","adventskalender technik erwachsene","圣诞倒数日历 技术 成人"
"deu_Latn","adventskalender zum befüllen aus stoff","可填充的布制圣诞倒数日历"
"deu_Latn","building blocks adventskalender","积木 圣诞日历"
"deu_Latn","bügelperlen adventskalender","熨珠装饰圣诞倒数日历"
"deu_Latn","büro adventskalender 2025","2025年办公圣诞日历"
"deu_Latn","cars adventskalender 2025","2025年汽车圣诞日历"
"deu_Latn","champions league adventskalender","欧冠联赛圣诞倒数日历"
"deu_Latn","dallmayr adventskalender 2025","达利迈尔2025年圣诞倒数日历"
"deu_Latn","der magische adventskalender","魔幻圣诞倒数日历"
"deu_Latn","diamond-painting-adventskalender","钻石画圣诞日历"
"deu_Latn","douglas adventskalender 2024","道格拉斯2024年圣诞倒数日历"
"deu_Latn","friends adventskalender 2025","朋友2025年圣诞倒数日历"
"deu_Latn","gesichtsmasken adventskalender","面部罩 公主圣诞日历"
"deu_Latn","grinch adventskalender schokolade","格里尼奇圣诞倒数日历 巧克力"
"deu_Latn","junglück adventskalender","junglück adventskalender"
"deu_Latn","käse adventskalender 2025","奶酪 圣诞倒数日历 2025"
"deu_Latn","lavera adventskalender","lavera 圣诞倒数日历"
"deu_Latn","lego frozen adventskalender","乐高冰雪奇缘圣诞倒数日历"
"deu_Latn","oma adventskalender","祖母节倒数日历"
"deu_Latn","paar adventskalender 2025 sex","几款2025年圣诞倒数日历（性爱主题）"
"deu_Latn","pinguin adventskalender 2025","企鹅2025年圣诞倒数日历"
"deu_Latn","pokemon adventskalender 2025 karten","2025年宝可梦圣诞日历卡片"
"deu_Latn","puzzel adventskalender","拼图圣诞倒数日历"
"deu_Latn","rabenhorst adventskalender","拉本霍斯特圣诞倒数日历"
"deu_Latn","rauch adventskalender 2025","2025年烟熏圣诞日历"
"deu_Latn","schleich pferde adventskalender 2025","施莱赫马年2025圣诞倒数日历"
"deu_Latn","spiele adventskalender 2025","2025年圣诞倒数日历游戏"
"deu_Latn","tee für adventskalender","茶（用于）圣诞倒数日历"
"deu_Latn","trixie adventskalender hund","特丽克斯圣诞倒数日历 狗"
"deu_Latn","weihnachtskalender für mädchen","女孩圣诞日历"
"deu_Latn","24 mini geschenke adventskalender","24款迷你礼物圣诞降临日历"
"deu_Latn","adventskalender 2025 frauen loreal","2025年圣诞倒数日历 女士 欧莱雅"
"deu_Latn","adventskalender 2025 kakao","2025年圣诞倒数日历 可可"
"deu_Latn","adventskalender 2025 senioren","2025年圣诞倒数日历（适用于老年人）"
"deu_Latn","adventskalender 2025 zuckerfrei","2025年无糖圣诞倒数日历"
"deu_Latn","adventskalender aufsteller","圣诞倒数日历支架"
"deu_Latn","adventskalender douglas männer","圣诞倒数日历 Douglas 男士"
"deu_Latn","adventskalender für 16 jährige jungs","16岁男孩的圣诞倒数日历"
"deu_Latn","adventskalender für 2 jährige mädchen","2岁女孩的圣诞倒数日历"
"deu_Latn","adventskalender für künstler","艺术家专用的圣诞倒数日历"
"deu_Latn","adventskalender für werdende väter","准爸爸圣诞倒数日历"
"deu_Latn","adventskalender inhalt kinder 2 jahre","圣诞倒数日历 内容 儿童 2岁"
"deu_Latn","adventskalender junge 2 jahre","圣诞倒数日历 2岁"
"deu_Latn","adventskalender katzenspielzeug","圣诞倒数日历 猫咪玩具"
"deu_Latn","adventskalender kinder 9 jahre mädchen","圣诞倒数日历 儿童 9岁 女孩"
"deu_Latn","adventskalender mac","圣诞倒数日历 mac"
"deu_Latn","adventskalender make-up","圣诞倒数日历 化妆品"
"deu_Latn","adventskalender mama und baby","圣诞倒数日历 妈妈和宝宝"
"deu_Latn","adventskalender mit autos","圣诞倒数日历带汽车"
"deu_Latn","adventskalender mit schminke","圣诞倒数日历带化妆品"
"deu_Latn","adventskalender mädchen 10 jahre beauty","圣诞倒数日历 女孩 10岁 美丽"
"deu_Latn","adventskalender mädchen 11","圣诞倒数日历 女孩 11"
"deu_Latn","adventskalender männer rituals","圣诞倒数日历 男士 Rituals"
"deu_Latn","adventskalender pandora armband","潘多拉手链 圣诞倒数日历"
"deu_Latn","adventskalender proteine","圣诞日历蛋白粉"
"deu_Latn","adventskalender sachen suchen","寻找圣诞倒数日历商品"
"deu_Latn","adventskalender schlüsselanhänger","圣诞倒数日历钥匙扣"
"deu_Latn","adventskalender schubladen","圣诞倒数日历 抽屉"
"deu_Latn","adventskalender zum basteln für kinder","儿童手工制作的圣诞倒数日历"
"deu_Latn","anti stress adventskalender","抗压圣诞倒数日历"
"deu_Latn","arduino adventskalender","arduino 圣诞倒数日历"
"deu_Latn","asbach adventskalender","阿斯巴赫圣诞倒数日历"
"deu_Latn","candy adventskalender 2025","糖果 圣诞倒数日历 2025"
"deu_Latn","fussball adventskalender kinder","足球 圣诞倒数日历 儿童"
"deu_Latn","hautpflege adventskalender","护肤圣诞倒数日历"
"deu_Latn","klammern für adventskalender","用于圣诞倒数日历的夹子"
"deu_Latn","knabber adventskalender 2025","2025年零食圣诞倒数日历"
"deu_Latn","lego blumenstrauß adventskalender","乐高花束圣诞倒数日历"
"deu_Latn","lindt adventskalender 2025 teddy","林德特2025年圣诞倒数日历泰迪熊"
"deu_Latn","mein erster baby adventskalender","我的第一个宝宝圣诞倒数日历"
"deu_Latn","mindful adventskalender","正念圣诞日历"
"deu_Latn","myprotein adventskalender 2025","myprotein 2025年圣诞倒数日历"
"deu_Latn","playmobil piraten adventskalender","playmobil海盗圣诞倒数日历"
"deu_Latn","riegel adventskalender","能量棒圣诞倒数日历"
"deu_Latn","ruf adventskalender","鲁夫圣诞日历"
"deu_Latn","schladerer adventskalender","施拉德勒圣诞倒数日历"
"deu_Latn","sellmer adventskalender","sellmer 圣诞倒数日历"
"deu_Latn","senioren adventskalender","老年圣诞倒数日历"
"deu_Latn","snickers adventskalender","斯尼克尔斯圣诞倒数日历"
"deu_Latn","supernatural adventskalender","超自然圣诞日历"
"deu_Latn","tarot adventskalender","塔罗圣诞日历"
"deu_Latn","twinkling treasures adventskalender 2025","闪烁宝藏2025年圣诞倒数日历"
"deu_Latn","union berlin adventskalender","柏林联合圣诞倒数日历"
"deu_Latn","venchi adventskalender","venchi 圣诞倒数日历"
"deu_Latn","world of sweets adventskalender","甜品世界圣诞日历"
"deu_Latn","weihnachtskalender fitness","圣诞日历 健身"
"deu_Latn","'adventskalender erwachsene","成人圣诞日历"
"deu_Latn","adventskalender 15 jahre mädchen","圣诞倒数日历 15周年 女孩"
"deu_Latn","adventskalender 2025 artdeco","2025年圣诞倒数日历 Artdeco"
"deu_Latn","adventskalender 2025 brainrot","2025年圣诞倒数日历 brainrot"
"deu_Latn","adventskalender 2025 frauen duftkerzen","2025年圣诞倒数日历 女士香薰蜡烛"
"deu_Latn","adventskalender 2025 kinder füllung","2025年圣诞倒数日历 儿童装 填充物"
"deu_Latn","adventskalender 2025 männer chips","2025年圣诞倒数日历 男士薯片"
"deu_Latn","adventskalender 2025 samen","2025年圣诞倒数日历 大豆"
"deu_Latn","adventskalender 2025 smarties","2025年圣诞倒数日历 smarties"
"deu_Latn","adventskalender ab 10 jahre junge","10岁以上儿童的圣诞倒数日历"
"deu_Latn","adventskalender ab 7 jahre","7岁以上适用的圣诞倒数日历"
"deu_Latn","adventskalender black friday","圣诞倒数日历 黑色星期五"
"deu_Latn","adventskalender frauen parfum","圣诞倒数日历 女士香水"
"deu_Latn","adventskalender frauen top 10","圣诞日历 女士 前10名"
"deu_Latn","adventskalender für 2 jährige jungen","适合2岁儿童的圣诞倒数日历"
"deu_Latn","adventskalender für kaninchen","圣诞倒数日历（兔形）"
"deu_Latn","adventskalender für leseratten","为书虫准备的圣诞倒数日历"
"deu_Latn","adventskalender für ärzte","医生用的圣诞倒数日历"
"deu_Latn","adventskalender glitzer","闪粉圣诞日历"
"deu_Latn","adventskalender kaffee gemahlen","圣诞日历 咖啡 研磨"
"deu_Latn","adventskalender kinder 11 jahre","儿童圣诞倒数日历 11岁"
"deu_Latn","adventskalender miraculous","奇迹日历 adventskalender"
"deu_Latn","adventskalender mit duftkerzen","带有香薰蜡烛的圣诞倒数日历"
"deu_Latn","adventskalender mit glitzer","闪粉圣诞日历"
"deu_Latn","adventskalender mit kerzen","带蜡烛的圣诞倒数日历"
"deu_Latn","adventskalender nici","圣诞倒数日历 nici"
"deu_Latn","adventskalender odonnell","圣诞倒数日历 Odonnell"
"deu_Latn","adventskalender reeses 2025","2025年 Reese's 圣诞倒数日历"
"deu_Latn","adventskalender selbst basteln","自制圣诞倒数日历"
"deu_Latn","adventskalender sternenschweif","圣诞倒数日历 星芒"
"deu_Latn","adventskalender säcke zum befüllen","装填用的圣诞倒数日历袋"
"deu_Latn","adventskalender tinti 2025","2025年蒂蒂圣诞倒数日历"
"deu_Latn","adventskalender tüten braun","圣诞倒数日历袋棕色"
"deu_Latn","adventskalender zum selber befüllen kinder","儿童可自行填充的圣诞倒数日历"
"deu_Latn","adventskalender überraschung","圣诞倒数日历惊喜"
"deu_Latn","balea men adventskalender 2025"," Balea 男士圣诞倒数日历 2025"
"deu_Latn","beauty adventskalender 2025 essence","2025年美妆圣诞倒数日历 精华"
"deu_Latn","disney princess adventskalender","迪士尼公主圣诞倒数日历"
"deu_Latn","food adventskalender","食品圣诞倒数日历"
"deu_Latn","geschenke für frauen adventskalender","女性礼物 圣诞倒数日历"
"deu_Latn","just spice adventskalender","just spice 圣诞倒数日历"
"deu_Latn","lego adventskalender minecraft 2025","乐高圣诞倒数日历 我的世界 2025"
"deu_Latn","likör adventskalender 2025","利口酒 圣诞倒数日历 2025"
"deu_Latn","mexican tears adventskalender","墨西哥眼泪圣诞倒数日历"
"deu_Latn","nba adventskalender","NBA圣诞倒数日历"
"deu_Latn","new york adventskalender 2025","2025年纽约圣诞倒数日历"
"deu_Latn","notino adventskalender parfüm","诺蒂诺圣诞倒数日历香水"
"deu_Latn","pokemon adventskalender 2024","宝可梦2024年圣诞日历"
"deu_Latn","popcorn adventskalender 2025","爆米花圣诞倒数日历 2025"
"deu_Latn","schwangerschaft adventskalender","孕期圣诞倒数日历"
"deu_Latn","sexy adventskalender 2025 frauen","2025年性感圣诞倒数日历 女性"
"deu_Latn","snoopy socken adventskalender","史努比袜子圣诞倒数日历"
"deu_Latn","weihnachtskalender für katzen","圣诞日历猫用"
"deu_Latn","weihnachtskalender hunde","圣诞日历 狗"
"deu_Latn","weihnachtskalender junge","圣诞日历 年轻"
"deu_Latn","weihnachtskalender kerzen","圣诞日历蜡烛"
"deu_Latn","adventskalender 2025 1 jahr","2025年圣诞倒数日历 1年"
"deu_Latn","adventskalender 2025 cocktail","2025年圣诞倒数日历 鸡尾酒"
"deu_Latn","adventskalender 2025 für teenager","2025年青少年圣诞倒数日历"
"deu_Latn","adventskalender 2025 junge frauen","2025年圣诞倒数日历 年轻女性"
"deu_Latn","adventskalender 2025 kinder schmuck","2025年圣诞倒数日历 儿童饰品"
"deu_Latn","adventskalender 2025 mädchen pferde","2025年圣诞倒数日历 女孩 马"
"deu_Latn","adventskalender 2025 ohne schokolade","2025年无巧克力圣诞倒数日历"
"deu_Latn","adventskalender 2025 wolle","2025年圣诞倒数日历 羊毛"
"deu_Latn","adventskalender ab 2 jahre junge","适合2岁以上儿童的圣诞倒数日历"
"deu_Latn","adventskalender ausmalen","圣诞倒数日历涂色"
"deu_Latn","adventskalender biotherm herren","圣诞倒数日历 biotherm 男士"
"deu_Latn","adventskalender füllung bis 2 euro","圣诞倒数日历填充物至2欧元"
"deu_Latn","adventskalender für 4 jährige jungs","适合4岁男孩的圣诞倒数日历"
"deu_Latn","adventskalender für erwachsene frauen","成人女性圣诞倒数日历"
"deu_Latn","adventskalender k-pop","圣诞倒数日历 K-pop"
"deu_Latn","adventskalender kleber zahlen","圣诞倒数日历 粘胶 支付"
"deu_Latn","adventskalender luxus","豪华圣诞倒数日历"
"deu_Latn","adventskalender malen erwachsene","圣诞日历涂色 成人"
"deu_Latn","adventskalender mineralien","圣诞倒数日历 矿物"
"deu_Latn","adventskalender mädchen 17 jahre","圣诞倒数日历 女孩 17岁"
"deu_Latn","adventskalender playboy männer","playboy男士圣诞倒数日历"
"deu_Latn","adventskalender süßigkeiten kinder","圣诞倒数日历 糖果 儿童"
"deu_Latn","adventskalender teenager mädchen kosmetik","圣诞倒数日历 青少年 女孩 化妆品"
"deu_Latn","adventskalender wissenschaft","科学圣诞日历"
"deu_Latn","adventskalender zum selber machen","自制圣诞日历"
"deu_Latn","adventskalender zum zusammenbauen","可组装的圣诞倒数日历"
"deu_Latn","beauty adventskalender teenager","美容圣诞倒数日历 青少年"
"deu_Latn","clean girl adventskalender","清洁女孩圣诞倒数日历"
"deu_Latn","der airfryer adventskalender","空气炸锅圣诞倒数日历"
"deu_Latn","duell adventskalender für paare","情侣对决圣诞倒数日历"
"deu_Latn","fc bayern adventskalender 2025 kinder","拜仁慕尼黑2025年圣诞倒数日历 儿童"
"deu_Latn","kaffeebohnen adventskalender 2025","咖啡豆 圣诞倒数日历 2025"
"deu_Latn","kleine geschenke adventskalender männer","小礼物 圣诞倒数日历 男士"
"deu_Latn","kleinigkeiten für adventskalender frau","圣诞日历小物件 女士"
"deu_Latn","krimi und tee adventskalender 2025","2025年犯罪小说与茶圣诞日历"
"deu_Latn","krippen adventskalender","圣诞马槽圣诞日历"
"deu_Latn","ks tools adventskalender","克斯工具圣诞日历"
"deu_Latn","luxus parfüm adventskalender","豪华香水圣诞倒数日历"
"deu_Latn","papier adventskalender tüten","纸制圣诞倒数日历袋子"
"deu_Latn","parfum damen adventskalender","女士香水圣诞倒数日历"
"deu_Latn","pflege adventskalender","护理 圣诞倒数日历"
"deu_Latn","playdo adventskalender","playdo 圣诞倒数日历"
"deu_Latn","prinz adventskalender","prinz adventskalender"
"deu_Latn","purelei adventskalender 2023","purelei 2023年圣诞倒数日历"
"deu_Latn","rosental adventskalender 2025","罗森塔尔2025年圣诞倒数日历"
"deu_Latn","schokoladen adventskalender 2025 kinder","2025年巧克力圣诞倒数日历 儿童"
"deu_Latn","snocks adventskalender","snocks 圣诞倒数日历"
"deu_Latn","stitch adventskalender armband","刺绣圣诞日历手链"
"deu_Latn","tütchen für adventskalender","小袋装用于圣诞倒数日历"
"deu_Latn","verrückte adventskalender männer","疯狂的圣诞倒数日历 男士"
"deu_Latn","villeroy & boch adventskalender 2025","villeroy & boch 2025年圣诞倒数日历"
"deu_Latn","ü ei adventskalender 2025","2025年圣诞倒数日历"
"deu_Latn","adventskalender 2024 frauen","2024年圣诞倒数日历 女性"
"deu_Latn","adventskalender 2025 badebomben","2025年圣诞倒数日历 浴用炸弹"
"deu_Latn","adventskalender 2025 kekse","2025年圣诞倒数日历饼干"
"deu_Latn","adventskalender 2025 kinder auto","2025年圣诞倒数日历 儿童汽车"
"deu_Latn","adventskalender 2025 kinder gabbys dollhouse","2025年圣诞倒数日历 儿童版 Gabby娃娃 房屋"
"deu_Latn","adventskalender 2025 nintendo","2025年任天堂圣诞倒数日历"
"deu_Latn","adventskalender 2025 parfum damen","2025年圣诞倒数日历 女士香水"
"deu_Latn","adventskalender 2025 squishy","2025年圣诞倒数日历 可挤压"
"deu_Latn","adventskalender amerika","美国圣诞倒数日历"
"deu_Latn","adventskalender aus holz zum befüllen","可填充的木质圣诞倒数日历"
"deu_Latn","adventskalender beauty essence","圣诞倒数日历 美容精华"
"deu_Latn","adventskalender bundeswehr","德军圣诞倒数日历"
"deu_Latn","adventskalender champagner","香槟圣诞倒数日历"
"deu_Latn","adventskalender clean girl","圣诞倒数日历 清爽女孩"
"deu_Latn","adventskalender eigenes foto","圣诞倒数日历 自己的照片"
"deu_Latn","adventskalender eldrador","圣诞倒数日历 eldrador"
"deu_Latn","adventskalender evelyn burdecki","圣诞倒数日历 埃芙琳·布尔德克"
"deu_Latn","adventskalender fensterbild kinder","圣诞倒数日历 窗户图案 儿童"
"deu_Latn","adventskalender fidget","圣诞倒数日历 佛吉特（或译为：解压玩具）"
"deu_Latn","adventskalender für einjährige","一年生圣诞日历"
"deu_Latn","adventskalender gin 2025","2025年金酒圣诞日历"
"deu_Latn","adventskalender grillen","圣诞倒数日历 烧烤"
"deu_Latn","adventskalender ich liebe dich","圣诞倒数日历 我爱你"
"deu_Latn","adventskalender kinder schokolade 2025","2025年儿童巧克力圣诞倒数日历"
"deu_Latn","adventskalender medizin","圣诞日历药品"
"deu_Latn","adventskalender minecraft 2025 lego","2025年《我的世界》乐高圣诞日历"
"deu_Latn","adventskalender mit marmelade","带有果酱的圣诞倒数日历"
"deu_Latn","adventskalender positive gedanken","圣诞倒数日历 积极思维"
"deu_Latn","adventskalender saatgut 2025","2025年圣诞倒数日历 种子"
"deu_Latn","adventskalender salami sticks","圣诞日历萨拉米香肠条"
"deu_Latn","adventskalender sugargang","圣诞倒数日历 sugargang"
"deu_Latn","adventskalender true crime","圣诞倒数日历 真实犯罪"
"deu_Latn","adventskalender tüten grün","圣诞倒数日历袋子绿色"
"deu_Latn","adventskalender vitamine","圣诞日历 维生素"
"deu_Latn","amazon beauty adventskalender","亚马逊美妆圣诞倒数日历"
"deu_Latn","demotivierender adventskalender","令人沮丧的圣诞倒数日历"
"deu_Latn","frau adventskalender 2025","女士2025年圣诞倒数日历"
"deu_Latn","füllung für adventskalender junge","填充物适用于年轻人群的圣诞倒数日历"
"deu_Latn","haarschmuck adventskalender","发饰 圣诞倒数日历"
"deu_Latn","ideen für adventskalender frauen","女性圣诞倒数日历创意"
"deu_Latn","kleine spielzeuge für adventskalender","用于圣诞倒数日历的小玩具"
"deu_Latn","lego star wars adventskalender 2024","乐高星球大战2024年圣诞日历"
"deu_Latn","lotto adventskalender 2025","2025年乐透圣诞倒数日历"
"deu_Latn","läderach adventskalender","Läderach圣诞倒数日历"
"deu_Latn","online adventskalender","在线圣诞倒数日历"
"deu_Latn","paulaner spezi adventskalender","保拉纳尔·斯佩齐圣诞倒数日历"
"deu_Latn","pups und popel adventskalender","小狗和小猪圣诞倒数日历"
"deu_Latn","rainbow high adventskalender 2025","彩虹2025年高颜值圣诞倒数日历"
"deu_Latn","rocher adventskalender","rocher adventskalender"
"deu_Latn","saatgut adventskalender gewürze","种子 圣诞倒数日历 香料"
"deu_Latn","socken adventskalender männer","男款袜子圣诞日历"
"deu_Latn","spielzeug für adventskalender kinder","儿童圣诞倒数日历玩具"
"deu_Latn","sportler adventskalender","运动爱好者圣诞倒数日历"
"deu_Latn","stifte adventskalender 2025","2025年圣诞倒数日历笔"
"deu_Latn","tennis adventskalender 2025","网球圣诞倒数日历2025"
"deu_Latn","volleyball adventskalender","排球圣诞日历"
"deu_Latn","wajos adventskalender","wajos 圣诞倒数日历"
"deu_Latn","zeit statt zeug adventskalender","时事而非杂物 圣诞倒数日历"
"deu_Latn","weihnachtskalender protein","圣诞日历 蛋白质"
"deu_Latn","3 bears adventskalender 2025","3只熊2025年圣诞倒数日历"
"deu_Latn","achtsamkeits-adventskalender","正念圣诞倒数日历"
"deu_Latn","adventskalender 11 jahre","11年份的圣诞倒数日历"
"deu_Latn","adventskalender 2025 buch kinder","2025年圣诞倒数日历 儿童书籍"
"deu_Latn","adventskalender 2025 fidget toys","2025年圣诞倒数日历 佛吉特玩具"
"deu_Latn","adventskalender 2025 foto","2025年圣诞倒数日历照片"
"deu_Latn","adventskalender 2025 frauen schmuck silber","2025年圣诞倒数日历 女士 首饰 银"
"deu_Latn","adventskalender 2025 frauen vegan","2025年素食女性圣诞倒数日历"
"deu_Latn","adventskalender 2025 kinder jungen 10 jahre","2025年圣诞倒数日历 儿童 男孩 10岁"
"deu_Latn","adventskalender 2025 lilo und stitch","2025年圣诞倒数日历 Lilo和Stitch"
"deu_Latn","adventskalender 2025 männer parfum","2025年圣诞倒数日历 男士香水"
"deu_Latn","adventskalender 2025 redbull","2025年红牛圣诞倒数日历"
"deu_Latn","adventskalender 2025 schreibwaren","2025年圣诞倒数日历 文具"
"deu_Latn","adventskalender 2025 snoopy","2025年圣诞倒数日历 薛帕德"
"deu_Latn","adventskalender 2025 süßigkeiten aus aller welt","2025年圣诞倒数日历 来自世界各地的糖果"
"deu_Latn","adventskalender 2025 waterdrop","2025年水滴形圣诞倒数日历"
"deu_Latn","adventskalender 9 jahre","9年份的圣诞倒数日历"
"deu_Latn","adventskalender ab 4","圣诞倒数日历 4岁以上适用"
"deu_Latn","adventskalender bibel","圣诞日历 圣经"
"deu_Latn","adventskalender brandnooz 2025","2025年品牌nooz圣诞倒数日历"
"deu_Latn","adventskalender cute","圣诞倒数日历 可爱"
"deu_Latn","adventskalender damen kosmetik","女士化妆品圣诞倒数日历"
"deu_Latn","adventskalender für büro","办公用圣诞日历"
"deu_Latn","adventskalender für mutter","母亲的圣诞日历"
"deu_Latn","adventskalender fürs büro","办公用圣诞倒数日历"
"deu_Latn","adventskalender gesunde ernährung","圣诞倒数日历 健康饮食"
"deu_Latn","adventskalender inhalte","圣诞倒数日历内容"
"deu_Latn","adventskalender junge frau","圣诞倒数日历 年轻女性"
"deu_Latn","adventskalender jungen minecraft","圣诞倒数日历 年轻人 Minecraft"
"deu_Latn","adventskalender kitkat","圣诞倒数日历 康师傅（KitKat）"
"deu_Latn","adventskalender norwegen","挪威圣诞日历"
"deu_Latn","adventskalender prinz","圣诞倒数日历王子"
"deu_Latn","adventskalender rosa","圣诞倒数日历 粉色"
"deu_Latn","adventskalender schokolade 2025 kinder","2025年儿童巧克力圣诞日历"
"deu_Latn","adventskalender tatort 2025","圣诞倒数日历 tatort 2025"
"deu_Latn","adventskalender tüten verschiedene größen","圣诞日历袋 不同尺寸"
"deu_Latn","adventskalender verpackungen groß","圣诞日历包装 大号"
"deu_Latn","adventskalender zum befüllen kind","可填充的圣诞倒数日历（儿童用）"
"deu_Latn","adventskalender zusammenbauen","组装圣诞倒数日历"
"deu_Latn","amazon adventskalender beauty","亚马逊圣诞倒数日历美妆"
"deu_Latn","art deco adventskalender 2025","艺术装饰风格2025年圣诞倒数日历"
"deu_Latn","beste adventskalender 2025","2025年最佳圣诞倒数日历"
"deu_Latn","booklover adventskalender","书虫圣诞倒数日历"
"deu_Latn","caia adventskalender","卡亚圣诞倒数日历"
"deu_Latn","drift element adventskalender","漂移元素圣诞倒数日历"
"deu_Latn","edelsteine adventskalender 2025","2025年宝石圣诞倒数日历"
"deu_Latn","fortnite adventskalender 2025 mit v bucks","《堡垒之夜》2025年圣诞倒数日历带V币"
"deu_Latn","füllung adventskalender mann","填充式圣诞倒数日历 男士"
"deu_Latn","getränke adventskalender 2025","饮品 圣诞倒数日历 2025"
"deu_Latn","gummibären adventskalender","软糖圣诞倒数日历"
"deu_Latn","hella gabbert adventskalender","hella gabbert 圣诞倒数日历"
"deu_Latn","horror adventskalender 2025","2025年恐怖圣诞日历"
"deu_Latn","ideen adventskalender teenager","青少年圣诞倒数日历创意"
"deu_Latn","janosch adventskalender","简诺施圣诞倒数日历"
"deu_Latn","jutesack adventskalender","麻布袋 圣诞倒数日历"
"deu_Latn","kinder maxi mix adventskalender","儿童混搭款圣诞倒数日历"
"deu_Latn","labello adventskalender","乐碧圣诞倒数日历"
"deu_Latn","lese adventskalender kinder","儿童阅读圣诞倒数日历"
"deu_Latn","männer parfüm adventskalender","男士香水圣诞倒数日历"
"deu_Latn","neonails adventskalender","neonails 圣诞倒数日历"
"deu_Latn","nummern für adventskalender","圣诞倒数日历的数字"
"deu_Latn","papiertüten adventskalender gross","纸袋 圣诞倒数日历 大号"
"deu_Latn","poly pocket adventskalender 2025","2025年多口袋圣诞倒数日历"
"deu_Latn","rausch adventskalender","rausch adventskalender"
"deu_Latn","schlümpfe adventskalender","小猪历圣诞日历"
"deu_Latn","sefora adventskalender","sefora 圣诞倒数日历"
"deu_Latn","streusel adventskalender","碎屑式圣诞倒数日历"
"deu_Latn","villeroy und boch adventskalender","维勒罗伊与博赫圣诞倒数日历"
"deu_Latn","weingummi adventskalender","葡萄酒橡皮糖圣诞倒数日历"
"deu_Latn","zartbitter schokolade adventskalender","黑巧克力圣诞倒数日历"
"deu_Latn","zauberwürfel adventskalender","魔方圣诞日历"
"deu_Latn","weihnachtskalender nüsse","圣诞日历坚果"
"deu_Latn","'adventskalender schmuck","圣诞倒数日历饰品"
"deu_Latn","24 jutesäckchen adventskalender","24个麻布小袋圣诞倒数日历"
"deu_Latn","adventskalender 2025 bausatz","2025年圣诞倒数日历组装套件"
"deu_Latn","adventskalender 2025 junge 10 jahre","2025年年轻10岁圣诞倒数日历"
"deu_Latn","adventskalender 2025 kinder chips","2025年圣诞倒数日历 儿童薯片"
"deu_Latn","adventskalender 2025 kinder jungen 8 jahre","2025年圣诞倒数日历 儿童 男孩 8岁"
"deu_Latn","adventskalender 2025 kinder roblox","2025年圣诞倒数日历 儿童版 Roblox"
"deu_Latn","adventskalender 2025 kollegen","2025年圣诞倒数日历 同事"
"deu_Latn","adventskalender 2025 mädchen playmobil","2025年圣诞倒数日历 女孩 Playmobil"
"deu_Latn","adventskalender 2025 spirituell","2025年精神主题圣诞倒数日历"
"deu_Latn","adventskalender bonne maman 2025","2025年bonne maman圣诞倒数日历"
"deu_Latn","adventskalender brettspiele","圣诞日历 桌游"
"deu_Latn","adventskalender die 3 fragezeichen","圣诞倒数日历 3个问号"
"deu_Latn","adventskalender dm balea 2025","2025年dm balea圣诞倒数日历"
"deu_Latn","adventskalender dungeons and dragons","圣诞倒数日历 地下城与勇士"
"deu_Latn","adventskalender ferrero kinder","费列罗儿童圣诞倒数日历"
"deu_Latn","adventskalender fussballkarten","圣诞倒数日历 足球卡"
"deu_Latn","adventskalender für 13 jährige jungs","13岁男孩的圣诞倒数日历"
"deu_Latn","adventskalender für mädchen 8 jahre","8岁女孩的圣诞倒数日历"
"deu_Latn","adventskalender galupy","adventskalender galupy"
"deu_Latn","adventskalender heilemann","圣诞倒数日历 Heilemann"
"deu_Latn","adventskalender heilsteine","圣诞日历 宝石"
"deu_Latn","adventskalender jungs lego","圣诞倒数日历 男孩 乐高"
"deu_Latn","adventskalender legami stifte","圣诞日历 legami 笔"
"deu_Latn","adventskalender mathe","数学主题的圣诞倒数日历"
"deu_Latn","adventskalender primavera","圣诞倒数日历 primavera"
"deu_Latn","adventskalender rum 2025","2025年朗姆酒圣诞倒数日历"
"deu_Latn","adventskalender selber gestalten","自制圣诞倒数日历"
"deu_Latn","adventskalender tannenbaum holz","圣诞日历 松树 木制"
"deu_Latn","adventskalender werdende mama","孕妇圣诞倒数日历"
"deu_Latn","adventskalender werkzeug makita","圣诞倒数日历工具 马基塔"
"deu_Latn","adventskalender zahlen gold","圣诞倒数日历 支付 黄金"
"deu_Latn","adventskalender zug kinder","儿童火车头圣诞日历"
"deu_Latn","anti adventskalender 2025","2025年反圣诞倒数日历"
"deu_Latn","bülow adventskalender 2025","bülow 2025年圣诞倒数日历"
"deu_Latn","crottendorfer räucherkerzen adventskalender","克罗滕多夫熏香蜡烛圣诞倒数日历"
"deu_Latn","dinge für den adventskalender","圣诞倒数日历的物品"
"deu_Latn","donald duck adventskalender","唐老鸭圣诞倒数日历"
"deu_Latn","douglas adventskalender 2025 beauty","道格拉斯2025年圣诞倒数日历美妆"
"deu_Latn","edle tropfen adventskalender 2025","2025年贵族酒滴圣诞倒数日历"
"deu_Latn","ferrero rocher adventskalender 2025","费列罗罗彻2025年圣诞倒数日历"
"deu_Latn","fisherman's friend adventskalender","渔夫之友圣诞倒数日历"
"deu_Latn","für den adventskalender","用于圣诞倒数日历"
"deu_Latn","geschwister adventskalender","geschwister adventskalender"
"deu_Latn","große tüten für adventskalender","大袋子用于圣诞降临日历"
"deu_Latn","karpfen adventskalender 2025","2025年鲤鱼圣诞倒数日历"
"deu_Latn","knobeln adventskalender","翻转式圣诞倒数日历"
"deu_Latn","kugelbahn adventskalender","球道圣诞倒数日历"
"deu_Latn","lego city adventskalender 2025 60475","乐高城市2025年圣诞倒数日历 60475"
"deu_Latn","lindt vegan adventskalender","林德特素食圣诞倒数日历"
"deu_Latn","mini bücher adventskalender","迷你书圣诞倒数日历"
"deu_Latn","mini füllung adventskalender","迷你填充圣诞倒数日历"
"deu_Latn","mon cheri adventskalender 2025","我的宝贝2025年圣诞倒数日历"
"deu_Latn","peters pralinen adventskalender","彼得森巧克力圣诞降临日历"
"deu_Latn","pokemon adventskalender karten","宝可梦圣诞日历卡片"
"deu_Latn","savage gear adventskalender 2025","Savage Gear 2025年圣诞倒数日历"
"deu_Latn","siku adventskalender 2025","2025年西库圣诞倒数日历"
"deu_Latn","sweets adventskalender 2025","2025年圣诞糖果日历"
"deu_Latn","tchibo adventskalender","奇堡圣诞倒数日历"
"deu_Latn","tee - adventskalender","茶 - 圣诞日历"
"deu_Latn","weihnachtsbaum adventskalender zum befüllen","圣诞树 圣诞日历（可填充）"
"deu_Latn","weihnachtskalender after eight","圣诞日历 after eight"
"deu_Latn","weihnachtskalender essence","圣诞日历 essence"
"deu_Latn","adventskalender 2025 frauen lindt","2025年圣诞倒数日历 女士 林德特"
"deu_Latn","adventskalender 2025 hsv","2025年圣诞倒数日历 HSV"
"deu_Latn","adventskalender 2025 junge 12 jahre","2025年圣诞倒数日历 12岁年轻"
"deu_Latn","adventskalender 2025 likör","2025年圣诞倒数日历 果酒"
"deu_Latn","adventskalender 2025 männer füllung","2025年圣诞倒数日历 男士填充款"
"deu_Latn","adventskalender 2025 pferde mädchen","2025年圣诞倒数日历 马 女孩"
"deu_Latn","adventskalender 2025 revolution","2025年革命圣诞日历"
"deu_Latn","adventskalender 2025 salzig","2025年圣诞倒数日历 盐味"
"deu_Latn","adventskalender fc bayern 2025","2025拜仁慕尼黑足球俱乐部圣诞倒数日历"
"deu_Latn","adventskalender französisch","圣诞倒数日历 法语版"
"deu_Latn","adventskalender für 14 jährige mädchen","适合14岁女孩的圣诞倒数日历"
"deu_Latn","adventskalender für 16 jährige mädchen","16岁女孩的圣诞倒数日历"
"deu_Latn","adventskalender für kinder ab 2 jahre","适合2岁以上儿童的圣诞倒数日历"
"deu_Latn","adventskalender gadgets","圣诞倒数日历小玩意"
"deu_Latn","adventskalender gefüllt","圣诞倒数日历填充"
"deu_Latn","adventskalender gummibären","圣诞倒数日历 软糖熊"
"deu_Latn","adventskalender horse club 2025 kinder schleich","2025年马术俱乐部圣诞倒数日历 儿童 Schleich（品牌名）"
"deu_Latn","adventskalender kinder ab 1 jahr","1岁以上儿童圣诞倒数日历"
"deu_Latn","adventskalender kinder ab 6","圣诞倒数日历 儿童 6岁以上"
"deu_Latn","adventskalender kinder pokemon","儿童宝可梦圣诞日历"
"deu_Latn","adventskalender lego ninjago 2025","乐高忍者go 2025年圣诞倒数日历"
"deu_Latn","adventskalender nüsse seeberger","圣诞倒数日历坚果Seeberger"
"deu_Latn","adventskalender play doh","圣诞倒数日历 Play-Doh"
"fra_Latn","adventskalender pokémon","宝可梦圣诞日历"
"deu_Latn","adventskalender salami 2025","2025年圣诞倒数日历萨拉米香肠"
"deu_Latn","adventskalender schwanger","怀孕期圣诞日历"
"deu_Latn","adventskalender seife","圣诞倒数日历香皂"
"deu_Latn","adventskalender sweets","圣诞倒数日历糖果"
"deu_Latn","adventskalender team","圣诞倒数日历团队"
"deu_Latn","adventskalender tüten männer","圣诞倒数日历袋子男士"
"deu_Latn","adventskalender tüten tedi","圣诞倒数日历袋子Teddy"
"deu_Latn","adventskalender weißt du eigentlich wie lieb ich dich hab","圣诞倒数日历，你知道我有多爱你吗"
"deu_Latn","anti stress adventskalender für erzieher","减压圣诞倒数日历，适用于教育工作者"
"deu_Latn","aufhängung adventskalender","挂式圣诞倒数日历"
"deu_Latn","auto adventskalender 2025 kinder","2025年汽车圣诞日历 儿童"
"deu_Latn","axolotl adventskalender","墨西哥蝾螈圣诞倒数日历"
"deu_Latn","borussia mönchengladbach adventskalender","多特蒙德足球俱乐部圣诞倒数日历"
"deu_Latn","clarins adventskalender 2025","Clarins 2025年圣诞倒数日历"
"deu_Latn","conni adventskalender hörspiel","conni 圣诞倒数日历 有声剧"
"deu_Latn","coole adventskalender für männer","适合男性的酷炫圣诞倒数日历"
"deu_Latn","coppenrath adventskalender 2025","科本拉特2025年圣诞倒数日历"
"deu_Latn","dimond painting adventskalender","钻石画圣诞日历"
"deu_Latn","duft adventskalender frauen","女性用香氛圣诞倒数日历"
"deu_Latn","eierlikör adventskalender 2025","蛋酒 圣诞倒数日历 2025"
"deu_Latn","exotik adventskalender","异域风情圣诞倒数日历"
"deu_Latn","experiment adventskalender 2025","实验圣诞倒数日历2025"
"deu_Latn","familie adventskalender","家庭圣诞倒数日历"
"deu_Latn","fitzek adventskalender","fitzek 圣诞倒数日历"
"deu_Latn","haribo adventskalender 2025 xxl","哈瑞宝2025年圣诞倒数日历XXL"
"deu_Latn","häkeln adventskalender 2025","钩织2025年圣诞倒数日历"
"deu_Latn","kopfnussknacker adventskalender","kopfnussknacker adventskalender"
"deu_Latn","led adventskalender","LED圣诞倒数日历"
"deu_Latn","m asam adventskalender 2025 inhalt","m asam 圣诞倒数日历 2025 内容"
"deu_Latn","mathe adventskalender","数学圣诞日历"
"deu_Latn","pferdeglück adventskalender","马术之幸 圣诞倒数日历"
"deu_Latn","pflanzen adventskalender 2025","植物 圣诞倒数日历 2025"
"deu_Latn","self care adventskalender","自我护理圣诞倒数日历"
"deu_Latn","shots adventskalender","拍摄圣诞倒数日历"
"deu_Latn","wera adventskalender 2025 männer","wera 2025年圣诞倒数日历 男士"
"deu_Latn","witze adventskalender kinder","笑话 圣诞倒数日历 儿童"
"deu_Latn","barbie weihnachtskalender","芭比圣诞日历"
"deu_Latn","weihnachtskalender 2025 kinderschokolade","2025年圣诞日历 儿童巧克力"
"deu_Latn","weihnachtskalender paare","圣诞日历情侣款"
"deu_Latn","weihnachtskalender selber basteln","自制圣诞日历"
"deu_Latn","'adventskalender säckchen","圣诞倒数日历小袋子"
"deu_Latn","adam beauty adventskalender","亚当美容圣诞倒数日历"
"deu_Latn","adventskalender 2025 drachen","2025年圣诞倒数日历 龙形"
"deu_Latn","adventskalender 2025 jungs 11 jahre","2025年圣诞倒数日历 男孩 11岁"
"deu_Latn","adventskalender 2025 kinder baby born","2025年圣诞倒数日历 儿童 婴儿 出生"
"deu_Latn","adventskalender 2025 kinder inhalt","2025年圣诞倒数日历儿童内容"
"deu_Latn","adventskalender 2025 nägel","2025年圣诞倒数日历 钉子"
"deu_Latn","adventskalender 2025 partner","2025年圣诞倒数日历伴侣"
"deu_Latn","adventskalender 2026 kinder","2026年儿童圣诞日历"
"deu_Latn","adventskalender ab 8 jahre mädchen","圣诞日历 适合8岁以上女孩"
"deu_Latn","adventskalender achtsamkeit männer","圣诞倒数日历 冥想 男士"
"deu_Latn","adventskalender adopt me","圣诞倒数日历《Adopt Me!》"
"deu_Latn","adventskalender bad","圣诞倒数日历 泡澡"
"deu_Latn","adventskalender bio tee","圣诞倒数日历 生物茶"
"deu_Latn","adventskalender bodyshop","圣诞倒数日历 bodyshop"
"deu_Latn","adventskalender erwachsene frau","成人女性圣诞倒数日历"
"deu_Latn","adventskalender experiment","圣诞倒数日历实验"
"deu_Latn","adventskalender feuerwehr erwachsene","圣诞倒数日历 消防队 成人"
"deu_Latn","adventskalender feuerwerk","圣诞倒数日历 烟花"
"deu_Latn","adventskalender füllung frau","圣诞倒数日历填充物 女士"
"deu_Latn","adventskalender für autofans","汽车爱好者圣诞倒数日历"
"deu_Latn","adventskalender für familie","家庭用的圣诞倒数日历"
"deu_Latn","adventskalender für jugendliche mädchen","青少年女孩的圣诞倒数日历"
"deu_Latn","adventskalender für katzenliebhaber","猫咪爱好者的圣诞倒数日历"
"deu_Latn","adventskalender für ältere frauen","适合老年女性的圣诞倒数日历"
"deu_Latn","adventskalender herr der ringe 2025","2025年指环王圣诞倒数日历"
"deu_Latn","adventskalender kaffeepads","圣诞倒数日历 咖啡胶囊"
"deu_Latn","adventskalender kinder 2 jahre mädchen","圣诞日历 儿童 2岁 女孩"
"deu_Latn","adventskalender lachgummi","圣诞倒数日历橡皮糖"
"deu_Latn","adventskalender lol surprise","圣诞倒数日历 lol 惊喜"
"deu_Latn","adventskalender micky maus","米奇老鼠圣诞倒数日历"
"deu_Latn","adventskalender mini parfum","迷你香水圣诞日历"
"deu_Latn","adventskalender mit spielzeug","带玩具的圣诞倒数日历"
"deu_Latn","adventskalender mönner","圣诞日历 男性款"
"deu_Latn","adventskalender parfum damen","圣诞倒数日历 女士香水"
"deu_Latn","adventskalender paris","圣诞倒数日历 巴黎"
"deu_Latn","adventskalender plätzchen","圣诞倒数日历 饼干"
"deu_Latn","adventskalender pukka","圣诞日历pukka"
"deu_Latn","adventskalender stationery","圣诞倒数日历文具"
"deu_Latn","adventskalender ständer","圣诞倒数日历支架"
"deu_Latn","adventskalender tip toi","圣诞倒数日历 tip toi"
"deu_Latn","adventskalender was ist was","圣诞倒数日历 什么是什么"
"deu_Latn","adventskalender xlaeta","xlaeta圣诞日历"
"deu_Latn","adventskalender+jungen","圣诞倒数日历+男孩"
"deu_Latn","bester adventskalender 2025","2025年最佳圣诞倒数日历"
"deu_Latn","beyblade x adventskalender","beyblade x 圣诞倒数日历"
"deu_Latn","esoterik adventskalender","神秘学圣诞日历"
"deu_Latn","geschichten adventskalender kinder","儿童故事圣诞倒数日历"
"deu_Latn","glutenfreie adventskalender","无麸质圣诞倒数日历"
"deu_Latn","glutenfreier adventskalender 2025","2025年无麸质圣诞倒数日历"
"deu_Latn","glückskeks adventskalender","幸运饼干圣诞日历"
"deu_Latn","hertha adventskalender 2025","赫塔2025圣诞日历"
"deu_Latn","hogwarts adventskalender","霍格沃茨圣诞倒数日历"
"deu_Latn","influencer adventskalender","网红圣诞倒数日历"
"deu_Latn","kaffee adventskalender bohnen","咖啡 圣诞倒数日历 咖啡豆"
"deu_Latn","kalligraphie adventskalender","书法 圣诞倒数日历"
"deu_Latn","kinder adventskalender schokolade","儿童圣诞倒数日历 巧克力"
"deu_Latn","kinderriegel adventskalender 2025","儿童能量棒 圣诞倒数日历 2025"
"deu_Latn","kleinigkeit adventskalender","小件 圣诞倒数日历"
"deu_Latn","kleinigkeiten für adventskalender jungs","适用于男孩的圣诞倒数日历小物件"
"deu_Latn","mac adventskalender","mac 圣诞日历"
"deu_Latn","militär adventskalender","军用圣诞倒数日历"
"deu_Latn","orion adventskalender","猎户座圣诞倒数日历"
"deu_Latn","pilates adventskalender","普拉提圣诞倒数日历"
"deu_Latn","purelei adventskalender gold","纯蕾尔圣诞倒数日历金色款"
"deu_Latn","revell rc adventskalender","雷维尔遥控圣诞倒数日历"
"deu_Latn","sauna adventskalender 2025","桑拿圣诞倒数日历 2025"
"deu_Latn","sex adventskalender 2025 frau","2025年性爱圣诞日历 女性"
"deu_Latn","trötsch adventskalender","特罗茨赫圣诞倒数日历"
"deu_Latn","weihnachten adventskalender inhalt","圣诞 圣诞日历 内容"
"eng_Latn","24 days of stationery advent calendar","24天文具圣诞倒数日历"
"deu_Latn","adventskalender 2025 3 fragezeichen","2025年圣诞倒数日历 3个问号"
"deu_Latn","adventskalender 2025 basketball","2025年圣诞倒数日历 篮球"
"deu_Latn","adventskalender 2025 drei ausrufezeichen","2025年圣诞倒数日历 三个感叹号"
"deu_Latn","adventskalender 2025 eiskönigin","2025年圣诞倒数日历 冰雪奇缘"
"deu_Latn","adventskalender 2025 frauen catrice","2025年圣诞倒数日历 女士用 Catrice"
"deu_Latn","adventskalender 2025 für rentner","2025年退休人员圣诞倒数日历"
"deu_Latn","adventskalender 2025 glück marmelade","2025年圣诞倒数日历 幸运果酱"
"deu_Latn","adventskalender 2025 küche","2025年圣诞倒数日历 厨房"
"deu_Latn","adventskalender 2025 männer motorrad","2025年圣诞倒数日历 男士 摩托车"
"deu_Latn","adventskalender 2025 pralinen mit alkohol","2025年圣诞倒数日历 含酒精的巧克力"
"deu_Latn","adventskalender alkoholfrei","无酒精圣诞日历"
"deu_Latn","adventskalender asam","圣诞倒数日历 酸"
"deu_Latn","adventskalender autopflege","圣诞倒数日历 汽车保养"
"deu_Latn","adventskalender battle paare","圣诞倒数日历 战斗 情侣"
"deu_Latn","adventskalender beaty","圣诞倒数日历 beaty"
"deu_Latn","adventskalender buch roman","圣诞日历 书籍 小说"
"deu_Latn","adventskalender cars disney","圣诞倒数日历 汽车 迪士尼"
"deu_Latn","adventskalender comic","圣诞倒数日历漫画"
"deu_Latn","adventskalender feen","圣诞倒数日历 精灵"
"deu_Latn","adventskalender ferrari","法拉利圣诞倒数日历"
"deu_Latn","adventskalender furby","圣诞倒数日历 Furby"
"deu_Latn","adventskalender für 1 jährige jungs","适合1岁男童的圣诞倒数日历"
"deu_Latn","adventskalender für baby","婴儿圣诞倒数日历"
"deu_Latn","adventskalender für die beste freundin","给最好的朋友的圣诞倒数日历"
"deu_Latn","adventskalender künstler","圣诞倒数日历 艺术家"
"deu_Latn","adventskalender mama 2025","2025年妈妈圣诞倒数日历"
"deu_Latn","adventskalender milka schokolade","圣诞倒数日历 米尔卡 巧克力"
"deu_Latn","adventskalender monster energy","怪物能量（Monster Energy）圣诞倒数日历"
"deu_Latn","adventskalender paluten","圣诞倒数日历 paluten"
"deu_Latn","adventskalender peppa pig","《小猪佩奇》圣诞倒数日历"
"deu_Latn","adventskalender ritual","圣诞倒数日历仪式"
"deu_Latn","adventskalender shopping queen","购物女王的圣诞倒数日历"
"deu_Latn","adventskalender ter","圣诞倒数日历 ter"
"deu_Latn","adventskalender zum bauen","可组装的圣诞倒数日历"
"deu_Latn","anime adventskalender 2025 demon slayer","2025年动漫圣诞日历 鬼灭之刃"
"deu_Latn","barbie - adventskalender","芭比 - 圣诞日历"
"deu_Latn","barbie fantasy adventskalender","芭比梦幻圣诞倒数日历"
"deu_Latn","bilou adventskalender","比洛圣诞日历"
"deu_Latn","buah fruits adventskalender","水果圣诞倒数日历"
"deu_Latn","drei !!! adventskalender","三个！！！圣诞日历"
"deu_Latn","funny adventskalender","搞笑的圣诞倒数日历"
"deu_Latn","gepps adventskalender","gepps 圣诞倒数日历"
"deu_Latn","glitzer adventskalender","闪光圣诞倒数日历"
"deu_Latn","grill adventskalender","烧烤圣诞日历"
"deu_Latn","großer adventskalender","大型圣诞倒数日历"
"deu_Latn","hasen adventskalender","兔子圣诞倒数日历"
"deu_Latn","jolifin adventskalender 2025","乔利芬2025年圣诞倒数日历"
"deu_Latn","kinder ferrero adventskalender","费列罗儿童圣诞倒数日历"
"deu_Latn","kleinigkeiten adventskalender männer","小物件 圣诞日历 男士"
"deu_Latn","kleinigkeiten für den adventskalender kinder","儿童圣诞倒数日历的小物件"
"deu_Latn","lebkuchen schmidt adventskalender","施密特圣诞姜饼历"
"deu_Latn","lindt schokolade adventskalender","林德特巧克力圣诞倒数日历"
"deu_Latn","make up adventskalender 2025 essence","2025年圣诞倒数日历精华套装"
"deu_Latn","neuhaus adventskalender","纽豪斯圣诞倒数日历"
"deu_Latn","rauhnächte adventskalender","圣诞前夜倒数日历"
"deu_Latn","siebenschläfer adventskalender","七睡者圣诞倒数日历"
"deu_Latn","socken adventskalender harry potter","袜子 圣诞倒数日历 哈利·波特"
"deu_Latn","squishmallows adventskalender 2025","squishmallows 2025年圣诞倒数日历"
"deu_Latn","vision board adventskalender 2025","愿景板 圣诞倒数日历 2025"
"deu_Latn","wasgij adventskalender 2025","wasgij 2025年圣诞倒数日历"
"deu_Latn","wimmel adventskalender","热闹的圣诞倒数日历"
"deu_Latn","wwe adventskalender 2025","WWE 2025年圣诞倒数日历"
"deu_Latn","würth adventskalender","Würth 圣诞倒数日历"
"deu_Latn","angel weihnachtskalender 2025","2025年天使圣诞日历"
"deu_Latn","3d adventskalender","3D圣诞倒数日历"
"deu_Latn","adventskalender 2 jähriger junge","圣诞倒数日历 2岁 年轻"
"deu_Latn","adventskalender 2025 autos männer","2025年圣诞倒数日历 适合男士的汽车用品"
"deu_Latn","adventskalender 2025 cosmetics","2025年圣诞倒数日历 化妆品"
"deu_Latn","adventskalender 2025 frauen lustig","2025年圣诞倒数日历 女性 搞笑"
"deu_Latn","adventskalender 2025 für zwei","2025年双人圣诞倒数日历"
"deu_Latn","adventskalender 2025 kinder 3 jahre mädchen","2025年圣诞倒数日历 3岁儿童 女孩"
"deu_Latn","adventskalender 2025 knete","2025年圣诞倒数日历 棉花"
"deu_Latn","adventskalender 2025 leer","2025年空的圣诞倒数日历"
"deu_Latn","adventskalender 2025 loreal paris","2025年圣诞倒数日历 欧莱雅 巴黎"
"deu_Latn","adventskalender 2025 mädchen lego","2025年圣诞倒数日历 女孩乐高"
"deu_Latn","adventskalender 2025 männer befüllen","2025年圣诞倒数日历 填充男士用品"
"deu_Latn","adventskalender 2025 männer duft","2025年圣诞倒数日历 男士 香氛"
"deu_Latn","adventskalender 2025 shots","2025年圣诞倒数日历 射击游戏"
"deu_Latn","adventskalender 2025 teenie mädchen","2025年圣诞倒数日历 少女款"
"deu_Latn","adventskalender 2025 tiere","2025年圣诞倒数日历 动物"
"deu_Latn","adventskalender befüllen kinder inhalt","圣诞倒数日历 填充 儿童 内容"
"deu_Latn","adventskalender creme","圣诞倒数日历面霜"
"deu_Latn","adventskalender damen beauty","女士圣诞倒数日历 美容"
"deu_Latn","adventskalender detektiv","圣诞倒数日历 探险家"
"deu_Latn","adventskalender drohne","圣诞倒数日历 无人机"
"deu_Latn","adventskalender five nights at freddy's","圣诞倒数日历 五夜迷踪"
"deu_Latn","adventskalender füllung schokolade","圣诞倒数日历填充物 巧克力"
"deu_Latn","adventskalender karton","圣诞倒数日历纸板"
"deu_Latn","adventskalender katzenfiguren","圣诞倒数日历猫咪造型"
"deu_Latn","adventskalender kinder hot wheels","儿童热力车圣诞倒数日历"
"deu_Latn","adventskalender korb","圣诞倒数日历篮"
"deu_Latn","adventskalender lustig männer","圣诞倒数日历 搞笑 男士"
"deu_Latn","adventskalender minibrands","迷你品牌圣诞倒数日历"
"deu_Latn","adventskalender mit echtschmuck","带真品首饰的圣诞倒数日历"
"deu_Latn","adventskalender mit pralinen","装有巧克力的圣诞倒数日历"
"deu_Latn","adventskalender oldtimer","古董车圣诞倒数日历"
"deu_Latn","adventskalender playmobil novelmore","圣诞倒数日历 playmobil novelmore"
"deu_Latn","adventskalender pokemon karten 2025","2025年宝可梦卡片圣诞倒数日历"
"deu_Latn","adventskalender quiz","圣诞倒数日历问答"
"deu_Latn","adventskalender reber 2025","2025年Reber圣诞倒数日历"
"deu_Latn","adventskalender sammelfiguren","圣诞倒数日历收集玩偶"
"deu_Latn","adventskalender schmuck 2025","2025年圣诞倒数日历饰品"
"deu_Latn","adventskalender teenies","圣诞倒数日历 少女们"
"deu_Latn","adventskalender tetesept","圣诞倒数日历 tetesept"
"deu_Latn","adventskalender youtuber","圣诞倒数日历 频道主"
"deu_Latn","adventskalender zum befüllen gold","可填充的金色圣诞倒数日历"
"deu_Latn","adventskalender zum beschriften","可标注的圣诞日历"
"deu_Latn","baby adventskalender hipp","婴儿圣诞倒数日历 hipp"
"deu_Latn","baumarkt adventskalender 2025","建材市场 2025年圣诞倒数日历"
"deu_Latn","besonderer adventskalender 2025","特别的2025年圣诞降临日历"
"deu_Latn","bier-adventskalender","啤酒圣诞日历"
"deu_Latn","chilli adventskalender","辣椒圣诞倒数日历"
"deu_Latn","dolce gusto adventskalender","多趣酷思圣诞倒数日历"
"deu_Latn","emotional support adventskalender 2025","情感支持 圣诞倒数日历 2025"
"deu_Latn","ets tee adventskalender 2025","ets tee adventskalender 2025"
"deu_Latn","faller adventskalender 2025","2025年法勒圣诞倒数日历"
"deu_Latn","frag doch mal die maus adventskalender","问问小老鼠圣诞倒数日历"
"deu_Latn","funny-frisch adventskalender","趣味清新圣诞倒数日历"
"deu_Latn","handlettering adventskalender 2025","手写体圣诞倒数日历 2025"
"deu_Latn","joline elisa adventskalender","乔琳·埃莉莎圣诞倒数日历"
"deu_Latn","just spice adventskalender 2025","just spice 2025年圣诞倒数日历"
"deu_Latn","maus adventskalender 2025","2025年鼠年圣诞倒数日历"
"deu_Latn","michael jackson adventskalender","迈克尔·杰克逊圣诞倒数日历"
"deu_Latn","mini perfume adventskalender","迷你香水圣诞倒数日历"
"deu_Latn","nintendo switch adventskalender 2025","任天堂Switch 2025年圣诞倒数日历"
"deu_Latn","pc adventskalender","pc adventskalender"
"deu_Latn","quiz adventskalender","问答式圣诞日历"
"deu_Latn","raubfisch adventskalender","捕鲸鱼圣诞倒数日历"
"deu_Latn","reise adventskalender","旅行圣诞日历"
"deu_Latn","sexy adventskalender 2025 männer","2025年性感圣诞倒数日历 男士"
"deu_Latn","sexy xmas adventskalender","性感圣诞倒数日历"
"deu_Latn","shiseido adventskalender 2025","资生堂2025年圣诞日历"
"deu_Latn","skin care adventskalender 2025","护肤圣诞倒数日历 2025"
"deu_Latn","star wars lego adventskalender 2025","星球大战乐高圣诞倒数日历2025"
"deu_Latn","strohsterne adventskalender 2025","2025年麦秆星星圣诞倒数日历"
"deu_Latn","tee adventskalender früchtetee","茶 圣诞倒数日历 果茶"
"deu_Latn","tut tut adventskalender 2025","2025年圣诞倒数日历"
"deu_Latn","weihnachtsdeko adventskalender","圣诞装饰 圣诞日历"
"deu_Latn","milka weihnachtskalender","米尔卡圣诞日历"
"deu_Latn","weihnachtskalender paw patrol","圣诞日历 帕丁顿熊巡逻队"
"deu_Latn","adopt me adventskalender 2025","收养我2025年圣诞倒数日历"
"deu_Latn","adventskalender 17 jahre junge","17年份的圣诞倒数日历（年轻版）"
"deu_Latn","adventskalender 2025 ab 1 jahr","2025年圣诞倒数日历，适合1岁以上"
"deu_Latn","adventskalender 2025 essence juicy bomb","2025年圣诞倒数日历 essence juicy bomb"
"deu_Latn","adventskalender 2025 funko","2025年圣诞倒数日历 Funko"
"deu_Latn","adventskalender 2025 kinder dinosaurier","2025年儿童恐龙圣诞倒数日历"
"deu_Latn","adventskalender 2025 lego duplo","2025年乐高得宝圣诞倒数日历"
"deu_Latn","adventskalender 2025 rocher","2025年罗彻圣诞倒数日历"
"deu_Latn","adventskalender 4 jährige","圣诞倒数日历 4岁"
"deu_Latn","adventskalender arzt","圣诞倒数日历 医生"
"deu_Latn","adventskalender autozubehör","圣诞倒数日历 汽车配件"
"deu_Latn","adventskalender befüllung teenager","圣诞倒数日历填充物 青少年"
"deu_Latn","adventskalender bobo siebenschläfer","圣诞倒数日历 bobo siebenschläfer"
"deu_Latn","adventskalender boxershorts","圣诞倒数日历 男士平角内裤"
"deu_Latn","adventskalender claas","圣诞倒数日历 Claas"
"deu_Latn","adventskalender clipper","圣诞倒数日历夹子"
"deu_Latn","adventskalender escape room erwachsene","圣诞倒数日历 逃脱游戏 成人"
"deu_Latn","adventskalender füllung mama","圣诞日历填充物 妈妈"
"deu_Latn","adventskalender für 18 jährige jungs","18岁男生的圣诞倒数日历"
"deu_Latn","adventskalender für den mann","男士圣诞倒数日历"
"deu_Latn","adventskalender für läufer","跑步者用的圣诞倒数日历"
"deu_Latn","adventskalender für nerds","极客圣诞倒数日历"
"deu_Latn","adventskalender für radfahrer","骑行者圣诞倒数日历"
"deu_Latn","adventskalender garten 2025","2025年花园圣诞倒数日历"
"deu_Latn","adventskalender gelnägel","圣诞倒数日历 甲油胶"
"deu_Latn","adventskalender gewürze 2025 just spices","2025年圣诞倒数日历 香料 just spices"
"deu_Latn","adventskalender grüner tee","圣诞日历 绿茶"
"deu_Latn","adventskalender helikopter","圣诞倒数日历 直升机"
"deu_Latn","adventskalender inhalt kinder 3 jahre","圣诞日历 内容 儿童 3岁"
"deu_Latn","adventskalender jungs 16 jahre","圣诞倒数日历 男孩 16岁"
"deu_Latn","adventskalender kinder harry potter","圣诞倒数日历 儿童 哈利·波特"
"deu_Latn","adventskalender kleber","圣诞日历胶水"
"deu_Latn","adventskalender knekki","圣诞倒数日历 坚硬的（此处“knekki”可能为特定品牌或型号，按原文保留，不翻译）"
"deu_Latn","adventskalender kosmos 2025","2025年宇宙主题圣诞倒数日历"
"deu_Latn","adventskalender mal anders","与众不同的圣诞倒数日历"
"deu_Latn","adventskalender maus experimente","圣诞倒数日历 鼠标实验"
"deu_Latn","adventskalender mädchen einhorn","圣诞日历 女孩 鹿角"
"deu_Latn","adventskalender nike","耐克圣诞倒数日历"
"deu_Latn","adventskalender pralinen alkohol","圣诞倒数日历 朱古力酒心"
"deu_Latn","adventskalender revell 2025","2025年雷尔圣诞倒数日历"
"deu_Latn","adventskalender schokolade klein","圣诞倒数日历 巧克力 小号"
"deu_Latn","adventskalender spa","圣诞倒数日历 水疗"
"deu_Latn","adventskalender stickerbuch","圣诞倒数日历贴纸书"
"deu_Latn","adventskalender twix","圣诞倒数日历 Twix"
"deu_Latn","adventskalender zum befüllen beige","可填充的圣诞倒数日历（米色）"
"deu_Latn","adventskalender zum befüllen häuschen","可填充的圣诞降临日历小屋"
"deu_Latn","adventskalender zum befüllen papiertüten","可填充的圣诞倒数日历纸袋"
"deu_Latn","adventskalender zum befüllen zum aufhängen","可填充挂式圣诞倒数日历"
"deu_Latn","audi adventskalender 2025","奥迪2025年圣诞日历"
"deu_Latn","baileys adventskalender","百利来圣诞倒数日历"
"deu_Latn","blade adventskalender 2025","2025年刀片圣诞倒数日历"
"deu_Latn","bosch professional adventskalender","博世专业版圣诞倒数日历"
"deu_Latn","crottendorfer adventskalender","克罗滕多夫的圣诞倒数日历"
"deu_Latn","die 3 fragezeichen kids adventskalender","《三个问题儿童》圣诞倒数日历"
"deu_Latn","feinkost adventskalender","精致食品圣诞倒数日历"
"deu_Latn","filly adventskalender","小母马圣诞倒数日历"
"deu_Latn","flamingo adventskalender","火烈鸟圣诞倒数日历"
"deu_Latn","folien adventskalender","箔制圣诞倒数日历"
"deu_Latn","frankfurt eintracht adventskalender","法兰克福艾因特拉赫特圣诞倒数日历"
"deu_Latn","füllung adventskalender ab 1 jahr","填充式圣诞倒数日历，适合1岁以上儿童"
"deu_Latn","gesundheits adventskalender","健康圣诞倒数日历"
"deu_Latn","gilmore girls premium adventskalender","《吉尔莫女孩》限量版圣诞倒数日历"
"deu_Latn","gitarre adventskalender","吉他 圣诞倒数日历"
"deu_Latn","gräfs adventskalender","格拉夫斯圣诞日历"
"deu_Latn","gym adventskalender 2025","健身圣诞倒数日历 2025"
"deu_Latn","ideen für adventskalender füllung teenager","青少年主题的圣诞倒数日历填充物点子"
"deu_Latn","italienischer adventskalender","意大利风格的圣诞倒数日历"
"deu_Latn","jägermeister adventskalender","猎人杰玛德节礼日历"
"deu_Latn","lilo und stitch adventskalender 2025","《莉萝与史迪奇》2025年圣诞倒数日历"
"deu_Latn","lindt mini adventskalender","林德特迷你圣诞倒数日历"
"deu_Latn","lindt mini adventskalender 2025","林德特迷你圣诞倒数日历2025"
"deu_Latn","lkw adventskalender","卡车圣诞倒数日历"
"deu_Latn","mandala adventskalender","曼陀罗圣诞倒数日历"
"deu_Latn","mein großer sachen suchen adventskalender","我的大件物品搜索圣诞倒数日历"
"deu_Latn","mercedes adventskalender","梅赛德斯圣诞倒数日历"
"deu_Latn","molton brown adventskalender 2025","莫尔顿·布朗2025年圣诞倒数日历"
"deu_Latn","nostalgischer adventskalender 2025","2025年怀旧风格的圣诞倒数日历"
"deu_Latn","p stash adventskalender","p stash 圣诞倒数日历"
"deu_Latn","paw petrol adventskalender","爪爪汽油圣诞倒数日历"
"deu_Latn","pixi adventskalender 2025 baby","pixi 2025年圣诞倒数日历 宝宝"
"deu_Latn","play doh knete adventskalender","play doh橡皮泥圣诞倒数日历"
"deu_Latn","rätsel adventskalender senioren","谜题 圣诞倒数日历 老年人"
"deu_Latn","team adventskalender","团队圣诞日历"
"deu_Latn","tee-adventskalender","茶-圣诞日历"
"deu_Latn","unterhosen adventskalender","内裤 圣诞倒数日历"
"deu_Latn","weihnachtskalender füllung kinder","圣诞日历填充儿童款"
"deu_Latn","1 fc köln adventskalender","1 fc köln adventskalender"
"deu_Latn","adventskalender 2025 chili","2025年圣诞倒数日历 辣椒"
"deu_Latn","adventskalender 2025 eis de","2025年圣诞倒数日历 冰淇淋 德语版"
"deu_Latn","adventskalender 2025 katzenliebhaber","2025年圣诞倒数日历 爱猫人士"
"deu_Latn","adventskalender 2025 kunst","2025年圣诞倒数日历 艺术品"
"deu_Latn","adventskalender 2025 mädchen barbie","2025年圣诞倒数日历 女孩 巴比娃娃"
"deu_Latn","adventskalender 2025 ohne zucker","无糖2025年圣诞倒数日历"
"deu_Latn","adventskalender 2025 super mario","2025年超级马里奥圣诞日历"
"deu_Latn","adventskalender ab 6","圣诞日历 6起"
"deu_Latn","adventskalender angebot","圣诞日历优惠"
"deu_Latn","adventskalender bitter schokolade","圣诞倒数日历 无糖黑巧克力"
"deu_Latn","adventskalender buch kinder ab 10","圣诞倒数日历 书籍 儿童 10岁以上"
"deu_Latn","adventskalender crime","圣诞倒数日历 犯罪"
"deu_Latn","adventskalender dynamo dresden","圣诞倒数日历 德国德累斯顿发电机（或按品牌理解为“德累斯顿发电机品牌”）"
"deu_Latn","adventskalender edelstein","圣诞倒数日历 宝石"
"deu_Latn","adventskalender frauen schokolade","圣诞倒数日历 女士 巧克力"
"deu_Latn","adventskalender füllen kinder","儿童圣诞倒数日历填充"
"deu_Latn","adventskalender für 18 jährige","18岁生日的圣诞日历"
"deu_Latn","adventskalender für kinder ab 3","儿童（3岁以上）圣诞倒数日历"
"deu_Latn","adventskalender für männer parfüm","男士香水圣诞倒数日历"
"deu_Latn","adventskalender getränkedosen","圣诞倒数日历 饮料罐"
"deu_Latn","adventskalender hasen","圣诞倒数日历 兔子"
"deu_Latn","adventskalender kinder barbie","圣诞倒数日历 儿童版 巴比娃娃"
"deu_Latn","adventskalender kinder ohne süßigkeiten","圣诞倒数日历 儿童款 无糖果"
"deu_Latn","adventskalender kita","圣诞倒数日历 kita"
"deu_Latn","adventskalender kuh","圣诞倒数日历 牛"
"deu_Latn","adventskalender kärtchen","圣诞倒数日历小卡片"
"deu_Latn","adventskalender lego jungs","乐高男孩圣诞倒数日历"
"deu_Latn","adventskalender lindor 2025","2025年林朵圣诞倒数日历"
"deu_Latn","adventskalender lindt hello","林德圣诞倒数日历 hello"
"deu_Latn","adventskalender m&m 2025","2025年m&m圣诞倒数日历"
"deu_Latn","adventskalender montessori","蒙台梭利圣诞倒数日历"
"deu_Latn","adventskalender mädchen 10","圣诞倒数日历 女孩 10"
"deu_Latn","adventskalender mädchen haarschmuck","圣诞倒数日历 女孩 发饰"
"deu_Latn","adventskalender männer nivea","尼维达男士圣诞倒数日历"
"deu_Latn","adventskalender parfum miniaturen","圣诞日历 香水 微型模型"
"deu_Latn","adventskalender reclam","圣诞日历 reclam"
"deu_Latn","adventskalender sachen","圣诞倒数日历物品"
"deu_Latn","adventskalender schokolade vegan","素食巧克力圣诞日历"
"deu_Latn","adventskalender sex für paare","圣诞倒数日历 适合情侣的性爱指南"
"deu_Latn","adventskalender spanisch","西班牙语的圣诞倒数日历"
"deu_Latn","adventskalender treppengeländer","圣诞倒数日历 楼梯扶手"
"deu_Latn","adventskalender tüten xxl","圣诞倒数日历袋子XXL"
"deu_Latn","adventskalender welt","圣诞日历 全球"
"deu_Latn","adventskalender xxl 2025","2025年XXL圣诞倒数日历"
"deu_Latn","adventskalender zubehör kinder","圣诞倒数日历配件 儿童"
"deu_Latn","amorelie adventskalender 2024","amorelie 圣诞倒数日历 2024"
"deu_Latn","ausgefallener adventskalender","别致的圣诞降临日历"
"deu_Latn","boxiland adventskalender","boxiland 圣诞倒数日历"
"deu_Latn","buttons adventskalender","纽扣 圣诞倒数日历"
"deu_Latn","clinique adventskalender 2025","倩碧2025年圣诞倒数日历"
"deu_Latn","die maus adventskalender 2025","2025年小老鼠圣诞倒数日历"
"deu_Latn","folia adventskalender set","叶形圣诞倒数日历套装"
"deu_Latn","freundin adventskalender","好友 圣诞倒数日历"
"deu_Latn","füllung für adventskalender teenager","青少年圣诞倒数日历填充物"
"deu_Latn","geile weine adventskalender","很棒的葡萄酒圣诞倒数日历"
"deu_Latn","jute beutel adventskalender","黄麻袋 圣诞倒数日历"
"deu_Latn","knox adventskalender 2025","诺克斯2025年圣诞倒数日历"
"deu_Latn","l'occitane adventskalender 2025","l'occitane 2025年圣诞倒数日历"
"deu_Latn","lancome adventskalender","兰蔻圣诞倒数日历"
"deu_Latn","literarischer adventskalender 2025","2025年文学圣诞倒数日历"
"deu_Latn","mal adventskalender","圣诞倒数日历"
"deu_Latn","messmer tee adventskalender","梅斯默茶圣诞倒数日历"
"deu_Latn","metal gods adventskalender","金属乐队圣诞倒数日历"
"deu_Latn","mini adventskalender zum befüllen","可填充式迷你圣诞倒数日历"
"deu_Latn","mini produkte für adventskalender","迷你产品适用于圣诞倒数日历"
"deu_Latn","nail adventskalender","指甲圣诞日历"
"deu_Latn","national geographic adventskalender","国家地理圣诞倒数日历"
"deu_Latn","panzer adventskalender","装甲历（圣诞）倒数日历"
"deu_Latn","riesenrad adventskalender","巨型摩天轮 圣诞倒数日历"
"deu_Latn","samen adventskalender","种子圣诞日历"
"deu_Latn","schmuck adventskalender kinder","儿童饰品圣诞倒数日历"
"deu_Latn","spa adventskalender","水疗圣诞倒数日历"
"deu_Latn","spezi adventskalender","spezi 圣诞倒数日历"
"deu_Latn","squish-a-longs adventskalender 2025","2025年squish-a-longs圣诞倒数日历"
"deu_Latn","taylor swift adventskalender 2025","泰勒·斯威夫特2025年圣诞倒数日历"
"deu_Latn","tetesept adventskalender","特氏七（tetesept）圣诞倒数日历"
"deu_Latn","vampire diaries adventskalender","吸血鬼日记圣诞倒数日历"
"deu_Latn","veganer adventskalender schokolade","纯素圣诞倒数日历巧克力"
"deu_Latn","weihnachts adventskalender","圣诞倒数日历"
"deu_Latn","weihnachtskalender angeln","圣诞日历钓鱼"
"deu_Latn","weihnachtskalender douglas","圣诞日历道格拉斯"
"deu_Latn","adventskalender 2025 armband","2025年圣诞倒数日历 手环"
"deu_Latn","adventskalender 2025 bauen","2025年圣诞倒数日历制作"
"deu_Latn","adventskalender 2025 besonders","2025年特别版圣诞倒数日历"
"deu_Latn","adventskalender 2025 coca cola","2025年圣诞倒数日历 可口可乐"
"deu_Latn","adventskalender 2025 frauen pflege","2025年圣诞倒数日历 女性护理"
"deu_Latn","adventskalender 2025 golf","2025年圣诞倒数日历 高尔夫"
"deu_Latn","adventskalender 2025 jurassic world","2025年侏罗纪世界圣诞倒数日历"
"deu_Latn","adventskalender 2025 kinder 6 jahre junge","2025年圣诞倒数日历 6岁儿童 幼儿"
"deu_Latn","adventskalender 2025 kinder bueno","2025年圣诞倒数日历 儿童版 Bueno"
"deu_Latn","adventskalender 2025 lego harry potter","2025年乐高哈利波特圣诞倒数日历"
"deu_Latn","adventskalender 2025 mit schokolade","2025年巧克力圣诞日历"
"deu_Latn","adventskalender 2025 unter 20 euro","2025年圣诞倒数日历，20欧元以下"
"deu_Latn","adventskalender ampullen","圣诞倒数日历安瓿"
"deu_Latn","adventskalender baumaschinen","圣诞倒数日历 工程机械"
"deu_Latn","adventskalender exit erwachsene","圣诞倒数日历 退出 成人"
"deu_Latn","adventskalender fossilien","化石圣诞倒数日历"
"deu_Latn","adventskalender für 14 jährige jungs","适合14岁男孩的圣诞倒数日历"
"deu_Latn","adventskalender gabby's dollhouse","圣诞倒数日历Gabby's dollhouse"
"deu_Latn","adventskalender gießform","圣诞倒数日历浇铸模具"
"deu_Latn","adventskalender inhalt 2 jährige","圣诞倒数日历 内容 2年份"
"deu_Latn","adventskalender kamin","圣诞倒数日历 火炉"
"deu_Latn","adventskalender krimi und tee","圣诞倒数日历 神秘故事与茶"
"deu_Latn","adventskalender malbuch erwachsene","圣诞日历涂色本 成人"
"deu_Latn","adventskalender männer süßigkeiten","圣诞倒数日历 男士 糖果"
"deu_Latn","adventskalender nackte männer","圣诞倒数日历 赤裸男性"
"deu_Latn","adventskalender naschzeug","圣诞倒数日历 糖果点心"
"deu_Latn","adventskalender nissin","尼森圣诞倒数日历"
"deu_Latn","adventskalender nussknacker","圣诞倒数日历 栗子开罐器"
"deu_Latn","adventskalender schleich eldrador","圣诞倒数日历 Schleich Eldrador"
"deu_Latn","adventskalender schokolade einfach","圣诞日历 巧克力 简单"
"deu_Latn","adventskalender schokolade günstig","圣诞倒数日历 巧克力 便宜"
"deu_Latn","adventskalender snocks","圣诞倒数日历snocks"
"deu_Latn","angel adventskalender 2025 forelle","2025年天使圣诞倒数日历 鲤鱼"
"deu_Latn","asterix adventskalender","阿斯特里克斯圣诞倒数日历"
"deu_Latn","barcelona adventskalender","巴塞罗那圣诞倒数日历"
"deu_Latn","basteln adventskalender 2025","手工制作2025年圣诞倒数日历"
"deu_Latn","duftöl adventskalender","香氛油圣诞倒数日历"
"deu_Latn","fc bayern adventskalender 2025 premium","拜仁慕尼黑2025年圣诞倒数日历 高端版"
"deu_Latn","füllung adventskalender baby","填充物 圣诞倒数日历 宝宝"
"deu_Latn","gesunder adventskalender kinder","健康儿童圣诞降临日历"
"deu_Latn","grinch adventskalender socken","格林奇圣诞倒数日历袜子"
"deu_Latn","high protein adventskalender 2025","高蛋白圣诞倒数日历2025"
"deu_Latn","k beauty adventskalender","k beauty 圣诞倒数日历"
"deu_Latn","kinder schoko adventskalender 2025","2025年儿童巧克力圣诞倒数日历"
"deu_Latn","kochbuch adventskalender","烹饪书 圣诞倒数日历"
"deu_Latn","kuscheltier adventskalender 2025","2025年毛绒玩具圣诞倒数日历"
"deu_Latn","leselöwen adventskalender","阅读狮子圣诞倒数日历"
"deu_Latn","masken adventskalender 2025","2025年圣诞倒数日历口罩"
"deu_Latn","messer adventskalender 2025","2025年弥撒圣诞日历"
"deu_Latn","mini adventskalender to go","迷你便携式圣诞倒数日历"
"deu_Latn","olchi adventskalender","olchi 圣诞倒数日历"
"deu_Latn","rammstein adventskalender","拉姆斯坦圣诞倒数日历"
"deu_Latn","real madrid adventskalender 2025","2025年皇家马德里圣诞倒数日历"
"deu_Latn","ronnefeldt tee adventskalender 2025","ronnefeldt 茶 圣诞倒数日历 2025"
"deu_Latn","schmink adventskalender essence","化妆品圣诞倒数日历 精华"
"deu_Latn","schoko adventskalender 2025 günstig","2025年巧克力圣诞倒数日历 优惠"
"deu_Latn","schoko adventskalender 2025 lindt","2025年林德特巧克力圣诞倒数日历"
"deu_Latn","shot adventskalender 2025","2025年小份圣诞日历"
"deu_Latn","soletti adventskalender","索莱蒂圣诞倒数日历"
"deu_Latn","squishmallows squish-a-longs adventskalender 2025","挤压毛绒玩具 挤压长条玩具 2025年圣诞倒数日历"
"deu_Latn","stay spiced adventskalender","保持辛辣感的圣诞倒数日历"
"deu_Latn","tiergeräusche adventskalender","动物声音圣诞倒数日历"
"deu_Latn","trüffel adventskalender","松露圣诞倒数日历"
"deu_Latn","vintage adventskalender","复古圣诞倒数日历"
"deu_Latn","wand adventskalender","墙面圣诞日历"
"deu_Latn","world of warcraft adventskalender","魔兽世界圣诞日历"
"deu_Latn","yves rocher adventskalender","伊夫·黎雪圣诞倒数日历"
"deu_Latn","lego weihnachtskalender 2025","乐高2025年圣诞日历"
"deu_Latn","weihnachtskalender 2025 kinder schokolade","2025年圣诞日历儿童巧克力"
"deu_Latn","advent calendar kinder","圣诞倒数日历儿童款"
"deu_Latn","'adventskalender kerzen","圣诞日历蜡烛"
"deu_Latn","3 fragezeichen kids adventskalender","3问号儿童圣诞倒数日历"
"deu_Latn","adventskalender 20 euro","20欧元的圣诞倒数日历"
"deu_Latn","adventskalender 2025 airfryer","2025年圣诞倒数日历 空气炸锅"
"deu_Latn","adventskalender 2025 angler","2025年圣诞倒数日历 anglers（品牌或型号名，按原文保留）"
"deu_Latn","adventskalender 2025 frauen maybelline","2025年圣诞倒数日历 女性 迈伯伦"
"deu_Latn","adventskalender 2025 groß","2025年大号圣诞倒数日历"
"deu_Latn","adventskalender 2025 katjes","2025年圣诞倒数日历 兔子"
"deu_Latn","adventskalender 2025 knobelspiele","2025年圣诞倒数日历 智力游戏"
"deu_Latn","adventskalender 2025 mädchen 15 jahre","2025年圣诞倒数日历 15岁女孩"
"deu_Latn","adventskalender 2025 nespresso","2025年圣诞倒数日历 莎伦普瑞咖啡"
"deu_Latn","adventskalender 2025 süßigkeiten xxl","2025年圣诞倒数日历 软糖 XXL"
"deu_Latn","adventskalender 2026 männer","2026年圣诞倒数日历 男士"
"deu_Latn","adventskalender ab 8 jahre","8岁以上适用的圣诞倒数日历"
"deu_Latn","adventskalender beauty kinder","圣诞倒数日历 美容 儿童"
"deu_Latn","adventskalender befüllen ideen frauen","圣诞日历填充点子 女性"
"deu_Latn","adventskalender blumenstrauß","圣诞倒数日历 花束"
"deu_Latn","adventskalender english","圣诞倒数日历 英文"
"deu_Latn","adventskalender frankreich","法国圣诞倒数日历"
"deu_Latn","adventskalender frauen socken","圣诞倒数日历 女士袜子"
"deu_Latn","adventskalender für 11 jährige jungs","适合11岁男孩的圣诞倒数日历"
"deu_Latn","adventskalender für kinder 1 jahr","儿童圣诞倒数日历（1岁）"
"deu_Latn","adventskalender hamburg","圣诞倒数日历 汉堡"
"deu_Latn","adventskalender hsv 2025","2025年HVS圣诞日历"
"deu_Latn","adventskalender junger mann","圣诞倒数日历 年轻男子"
"deu_Latn","adventskalender kinder 9 jahre junge","儿童圣诞倒数日历 9岁 年轻"
"deu_Latn","adventskalender kinder schoko","儿童圣诞倒数日历 巧克力"
"deu_Latn","adventskalender ks tools","圣诞倒数日历 ks 工具"
"deu_Latn","adventskalender licht","圣诞倒数日历灯"
"deu_Latn","adventskalender malen kinder","儿童涂色圣诞日历"
"deu_Latn","adventskalender mama und tochter","圣诞倒数日历 妈妈和女儿"
"deu_Latn","adventskalender manga zeichnen","圣诞倒数日历 漫画绘制"
"deu_Latn","adventskalender mit der maus","圣诞倒数日历带小老鼠"
"deu_Latn","adventskalender mit essen","圣诞倒数日历带食物"
"deu_Latn","adventskalender murmelbahn","圣诞倒数日历 雪橇小径"
"deu_Latn","adventskalender parfüm douglas","圣诞倒数日历 香水 douglas"
"deu_Latn","adventskalender pasre","圣诞倒数日历 pasre"
"deu_Latn","adventskalender pflegekraft","护理力量圣诞日历"
"deu_Latn","adventskalender raspberry pi","圣诞倒数日历 raspberry pi"
"deu_Latn","adventskalender selber basteln kinder","自制圣诞日历 儿童"
"deu_Latn","adventskalender selber befüllen männer","自制圣诞倒数日历 男士专用"
"deu_Latn","adventskalender technik kinder","圣诞倒数日历 技术 儿童"
"deu_Latn","adventskalender teenager 2025","2025年青少年圣诞倒数日历"
"deu_Latn","adventskalender vfb","圣诞倒数日历 VFB"
"deu_Latn","adventskalender weihnachtskrippe","圣诞倒数日历 圣诞马槽"
"deu_Latn","adventskalender weihnachtsschmuck","圣诞倒数日历 圣诞装饰品"
"deu_Latn","adventskalender werdende eltern","孕妇圣诞日历"
"deu_Latn","adventskalender zum vorlesen für kinder","儿童朗读式圣诞日历"
"deu_Latn","bbq adventskalender","烧烤圣诞倒数日历"
"deu_Latn","cult beauty adventskalender 2025","cult beauty 2025年圣诞倒数日历"
"deu_Latn","dessous adventskalender","内衣圣诞倒数日历"
"deu_Latn","drei fragezeichen adventskalender buch","三个问号圣诞倒数日历书"
"deu_Latn","duschgel adventskalender","沐浴露 圣诞倒数日历"
"deu_Latn","exit adventskalender kinder","儿童圣诞倒数日历退出"
"deu_Latn","hafervoll adventskalender","燕麦满满圣诞倒数日历"
"deu_Latn","harry potter adventskalender buch","哈利·波特圣诞倒数日历书"
"deu_Latn","harry potter adventskalender für erwachsene","哈利波特成人圣诞日历"
"deu_Latn","jurassic world rebirth adventskalender","侏罗纪世界：重生圣诞倒数日历"
"deu_Latn","jäger adventskalender 2025","猎人2025年圣诞倒数日历"
"deu_Latn","k-pop adventskalender 2025","2025年K-pop圣诞倒数日历"
"deu_Latn","kraftpapier tüten adventskalender"," Kraftpapiertüten Adventskalender"
"deu_Latn","lego flower adventskalender","乐高花朵圣诞倒数日历"
"deu_Latn","lindt adventskalender vegan","林德特素食圣诞日历"
"deu_Latn","mine craft adventskalender 2025","我的世界（Minecraft）2025年圣诞日历"
"deu_Latn","otter adventskalender","otter 圣诞倒数日历"
"deu_Latn","paar adventskalender 2025 erotisch","几款2025年圣诞倒数日历 淫秽风格"
"eng_Latn","red bull racing adventskalender 2025","红牛赛车2025年历"
"deu_Latn","sachen zum befüllen eines adventskalender","用于填充圣诞倒数日历的物品"
"deu_Latn","stricken adventskalender 2025","2025年编织圣诞倒数日历"
"deu_Latn","tony adventskalender 2025","托尼圣诞倒数日历2025"
"deu_Latn","ültje adventskalender","ültje 圣诞倒数日历"
"deu_Latn","weihnachtskalender haribo","圣诞日历 哈丽宝"
"deu_Latn","24 geschenke adventskalender","24件礼物 圣诞倒数日历"
"deu_Latn","adventskalender 2025 beauty douglas","2025年圣诞倒数日历 beauty douglas"
"deu_Latn","adventskalender 2025 elsa","2025年圣诞倒数日历 elsa"
"deu_Latn","adventskalender 2025 kinder 2 jahre mädchen","2025年圣诞倒数日历 儿童 2岁 女孩"
"deu_Latn","adventskalender 2025 kinder ab 10","2025年圣诞倒数日历，适合10岁以上儿童"
"deu_Latn","adventskalender 2025 matchbox","2025年圣诞倒数日历 迪斯科舞厅小盒"
"deu_Latn","adventskalender 2025 männer fußball","2025年圣诞倒数日历 男士 足球"
"deu_Latn","adventskalender 2025 neonail","2025年圣诞倒数日历 neonail"
"deu_Latn","adventskalender 2025 sudoku","2025年圣诞倒数日历 数独"
"deu_Latn","adventskalender ab 5","圣诞倒数日历 从5起"
"deu_Latn","adventskalender ab 6 jahre junge","6岁以上儿童适用的圣诞倒数日历"
"deu_Latn","adventskalender astronomie","圣诞日历 天文学"
"deu_Latn","adventskalender bagger kinder","圣诞倒数日历 挖掘机 儿童"
"deu_Latn","adventskalender england","圣诞倒数日历 英国"
"deu_Latn","adventskalender essence juicy bomb","圣诞倒数日历 精华 水润炸弹"
"deu_Latn","adventskalender fischer 2025","2025年菲舍尔圣诞倒数日历"
"deu_Latn","adventskalender football nfl","足球NFL圣诞倒数日历"
"deu_Latn","adventskalender füllung 10 jahre","圣诞日历填充物 10周年"
"deu_Latn","adventskalender füllung junge 10","圣诞日历填充物 年轻10款"
"deu_Latn","adventskalender füllung mädchen 9","圣诞倒数日历填充物 女孩 9"
"deu_Latn","adventskalender für schulklasse","圣诞倒数日历（适用于班级）"
"deu_Latn","adventskalender für werdende mütter","孕妇圣诞日历"
"deu_Latn","adventskalender haribo xxl","圣诞日历 Haribo XXL"
"deu_Latn","adventskalender harry potter erwachsene","圣诞倒数日历 哈利·波特 成人版"
"deu_Latn","adventskalender holzeisenbahn","圣诞倒数日历 木质火车"
"deu_Latn","adventskalender jungs 2 jahre","圣诞倒数日历 男孩 2岁"
"deu_Latn","adventskalender kiko","kiko 圣诞倒数日历"
"deu_Latn","adventskalender kinder ab 8","圣诞倒数日历 8岁以上儿童"
"deu_Latn","adventskalender kinder ideen zum befüllen","圣诞日历 儿童 填充创意"
"deu_Latn","adventskalender kinder personalisiert","个性化儿童圣诞倒数日历"
"deu_Latn","adventskalender klein schokolade","小圣诞日历 巧克力"
"deu_Latn","adventskalender krippe kinder","圣诞日历 圣诞马槽 儿童"
"deu_Latn","adventskalender loreal paris","欧莱雅巴黎圣诞倒数日历"
"deu_Latn","adventskalender mario kart","马里奥赛车圣诞倒数日历"
"deu_Latn","adventskalender mini spiele","迷你游戏圣诞倒数日历"
"deu_Latn","adventskalender nostalgie schokolade","圣诞倒数日历 怀旧 巧克力"
"deu_Latn","adventskalender playmobil ritter","圣诞倒数日历 playmobil 骑士"
"deu_Latn","adventskalender rohling","圣诞日历胚模"
"deu_Latn","adventskalender roman","Advent Calendar 小说"
"deu_Latn","adventskalender wiederbefüllbar","可重复填充的圣诞倒数日历"
"deu_Latn","adventskalender zum befüllen grau","可填充的灰色圣诞倒数日历"
"deu_Latn","adventskalender-säckchen groß","圣诞倒数日历小袋子 大号"
"deu_Latn","amazon adventskalender frauen","亚马逊圣诞倒数日历 女士"
"deu_Latn","anti stress adventskalender für frauen","抗压力女性圣诞倒数日历"
"deu_Latn","aquarell adventskalender","水彩画圣诞日历"
"deu_Latn","asambeauty adventskalender","asambeauty 圣诞倒数日历"
"deu_Latn","assam adventskalender","阿萨姆圣诞倒数日历"
"deu_Latn","bluye adventskalender","bluye adventskalender"
"deu_Latn","dice adventskalender","骰子圣诞日历"
"deu_Latn","enchantimals adventskalender","enchantedimals 圣诞倒数日历"
"deu_Latn","erster adventskalender","首个圣诞倒数日历"
"deu_Latn","essence adventskalender 2025 juicy bomb","精华圣诞倒数日历2025 水润炸弹"
"deu_Latn","exit das spiel adventskalender","退出游戏圣诞倒数日历"
"deu_Latn","frühstücks adventskalender","早餐圣诞倒数日历"
"deu_Latn","füllmaterial adventskalender erwachsene","填充材料 圣诞倒数日历 成人"
"deu_Latn","füllung adventskalender teenager junge","填充 冒险日历 青少年 年轻"
"deu_Latn","gabby's dollhouse adventskalender","加比娃娃屋圣诞倒数日历"
"deu_Latn","harry potter lego adventskalender 2025","哈利波特乐高圣诞倒数日历2025"
"deu_Latn","jen und lean adventskalender","jen und lean 圣诞倒数日历"
"deu_Latn","kleine geschenke für adventskalender männer","适合男士的圣诞倒数日历小礼物"
"deu_Latn","kleinigkeit für adventskalender kinder","儿童圣诞倒数日历小物件"
"deu_Latn","legami stifte adventskalender","legami 笔 计划日历"
"deu_Latn","little people big dreams adventskalender deutsch","小人物大梦想 圣诞倒数日历 德语版"
"deu_Latn","ltb adventskalender 2025","2025年ltb圣诞倒数日历"
"deu_Latn","mc laren adventskalender","迈凯伦圣诞倒数日历"
"deu_Latn","miniatur adventskalender","迷你圣诞倒数日历"
"deu_Latn","monster energy adventskalender 2025","怪兽能量2025年圣诞倒数日历"
"deu_Latn","moomin adventskalender","姆明圣诞倒数日历"
"deu_Latn","muskelmacher adventskalender 2025","增肌神器2025年圣诞倒数日历"
"deu_Latn","niederegger vegan adventskalender","尼德勒格格素食圣诞倒数日历"
"deu_Latn","playmobil adventskalender weihnachtsmarkt","playmobil 圣诞倒数日历 圣诞市场"
"deu_Latn","protein adventskalender 2025 esn","2025年蛋白质圣诞倒数日历 esn"
"deu_Latn","rubiks cube adventskalender","魔方圣诞倒数日历"
"deu_Latn","smoothie adventskalender","奶昔圣诞倒数日历"
"deu_Latn","star trek adventskalender 2025","星际迷航2025年圣诞倒数日历"
"deu_Latn","tee adventskalender bio","茶 圣诞倒数日历 有机"
"deu_Latn","tee adventskalender sonnentor","茶 圣诞倒数日历 Sonnentor（品牌名）"
"deu_Latn","top adventskalender 2025","2025年顶级圣诞倒数日历"
"deu_Latn","weihnachtssticker adventskalender","圣诞贴纸 圣诞日历"
"deu_Latn","woozle goozle adventskalender 2025","woozle goozle 2025年圣诞倒数日历"
"deu_Latn","erotik weihnachtskalender","色情圣诞日历"
"deu_Latn","fitness weihnachtskalender","健身圣诞日历"
"deu_Latn","weihnachtskalender jungs 12 jahre","圣诞日历 男孩 12岁"
"deu_Latn","weihnachtskalender lindt 2025","2025年林德特圣诞日历"
"deu_Latn","'adventskalender vegan","素食圣诞倒数日历"
"deu_Latn","adventskalender 2025 gym","2025年圣诞倒数日历 健身"
"deu_Latn","adventskalender 2025 kinder schleim","2025年儿童圣诞倒数日历 粘液"
"deu_Latn","adventskalender 2025 kitkat","2025年圣诞倒数日历 康师傅（KitKat）"
"deu_Latn","adventskalender 2025 make up elf","2025年圣诞倒数日历 化妆套装 十一"
"deu_Latn","adventskalender 2025 more nutrition","2025年圣诞倒数日历，更多营养"
"deu_Latn","adventskalender 2025 mütter","2025年圣诞倒数日历 母亲"
"deu_Latn","adventskalender 2025 naruto","2025年圣诞倒数日历 火影忍者"
"deu_Latn","adventskalender 2025 nostalgie","2025年圣诞倒数日历 怀旧风"
"deu_Latn","adventskalender 2025 teekanne","2025年圣诞倒数日历 茶壶"
"deu_Latn","adventskalender 2025 usa süßigkeiten","2025年美国圣诞倒数日历 糖果"
"deu_Latn","adventskalender aoste","圣诞倒数日历 aoste"
"deu_Latn","adventskalender avengers","复仇者联盟圣诞倒数日历"
"deu_Latn","adventskalender badebomben kinder","圣诞日历 泡澡弹 儿童"
"deu_Latn","adventskalender cannabis","圣诞日历 大麻"
"deu_Latn","adventskalender checkerin marina","圣诞日历检查员玛丽娜"
"deu_Latn","adventskalender cosmetics","圣诞倒数日历 化妆品"
"deu_Latn","adventskalender düfte damen","圣诞倒数日历女士香氛"
"deu_Latn","adventskalender fahrzeuge","圣诞倒数日历 车辆"
"deu_Latn","adventskalender foto mit schokolade","圣诞日历巧克力照片"
"deu_Latn","adventskalender fussball wm 2026","2026年世界杯足球主题圣诞日历"
"deu_Latn","adventskalender geschenk","圣诞倒数日历 赠品"
"deu_Latn","adventskalender gladbach","圣诞倒数日历 桂尔丹巴赫"
"deu_Latn","adventskalender goldschmuck","圣诞倒数日历 金饰"
"deu_Latn","adventskalender hexen","圣诞倒数日历 魔女"
"deu_Latn","adventskalender ideen teenager","青少年圣诞日历创意"
"deu_Latn","adventskalender krankenschwester","圣诞倒数日历 护士"
"deu_Latn","adventskalender lakritz 2025","2025年薄荷糖圣诞倒数日历"
"deu_Latn","adventskalender low carb","低糖圣诞日历"
"deu_Latn","adventskalender mini brands","迷你品牌圣诞倒数日历"
"deu_Latn","adventskalender mit dunkler schokolade","圣诞倒数日历配黑巧克力"
"deu_Latn","adventskalender nachhaltig","环保圣诞日历"
"deu_Latn","adventskalender nummern holz","圣诞倒数日历数字木制"
"deu_Latn","adventskalender popcorn","圣诞倒数日历 爆米花"
"deu_Latn","adventskalender psychologie","圣诞日历心理学"
"deu_Latn","adventskalender rettungsdienst","圣诞倒数日历 救援服务"
"deu_Latn","adventskalender schachteln zum befüllen kinder","圣诞倒数日历填充盒 儿童用"
"deu_Latn","adventskalender schulsachen","圣诞倒数日历 学习用品"
"deu_Latn","adventskalender squid game","圣诞倒数日历鱿鱼游戏"
"deu_Latn","adventskalender teenager mädchen schmuck","圣诞倒数日历 青少年 女孩 饰品"
"deu_Latn","adventskalender volleyball","圣诞倒数日历 排球"
"deu_Latn","adventskalender wikinger","圣诞倒数日历 维京人"
"deu_Latn","adventskalender zum befüllen dino","可填充的恐龙主题圣诞倒数日历"
"deu_Latn","bartpflege adventskalender","胡须护理 圣诞倒数日历"
"deu_Latn","bild adventskalender","图片圣诞日历"
"deu_Latn","bundesliga adventskalender 2025","德甲联赛2025年圣诞倒数日历"
"deu_Latn","cupper tee adventskalender","cupper tee adventskalender"
"deu_Latn","cupper tee adventskalender 2025","cupper tee 圣诞倒数日历 2025"
"deu_Latn","dr hauschka adventskalender 2025","德哈斯卡2025年圣诞倒数日历"
"deu_Latn","drei  adventskalender","三个圣诞倒数日历"
"deu_Latn","dubai schokolade adventskalender","迪拜巧克力圣诞倒数日历"
"deu_Latn","eva eich escape room adventskalender","eva eich 逃脱室圣诞日历"
"deu_Latn","ferrari adventskalender","法拉利圣诞倒数日历"
"deu_Latn","gabby dollhouse adventskalender 2025","加布娃娃屋圣诞倒数日历2025"
"deu_Latn","haba mein erster adventskalender","haba 我的第一个圣诞倒数日历"
"deu_Latn","heimwerker adventskalender","家居爱好者圣诞倒数日历"
"deu_Latn","hexen adventskalender 2025","2025年女巫圣诞倒数日历"
"deu_Latn","high protein adventskalender","高蛋白圣诞日历"
"deu_Latn","hussel adventskalender","胡塞尔圣诞倒数日历"
"deu_Latn","ich hasse menschen adventskalender","我讨厌人的圣诞倒数日历"
"deu_Latn","inhalt für adventskalender mann","圣诞倒数日历男士内容"
"deu_Latn","jurassic park adventskalender 2025","侏罗纪公园2025年圣诞倒数日历"
"deu_Latn","kknekki adventskalender 2025","kknekki 2025年圣诞倒数日历"
"deu_Latn","lipgloss adventskalender","唇彩圣诞倒数日历"
"deu_Latn","mcdart adventskalender","麦当劳圣诞倒数日历"
"deu_Latn","musikalischer adventskalender","音乐主题的圣诞倒数日历"
"deu_Latn","märchen adventskalender","童话圣诞日历"
"deu_Latn","paare adventskalender 2025","2025年情侣圣诞倒数日历"
"deu_Latn","pafory parfüm adventskalender","pafory 香水 圣诞倒数日历"
"deu_Latn","playmobil adventskalender feuerwehr","playmobil圣诞倒数日历 消防车"
"deu_Latn","rahmen adventskalender","框架式圣诞倒数日历"
"deu_Latn","rb leipzig adventskalender","莱比锡RB圣诞倒数日历"
"deu_Latn","spiritueller adventskalender 2025","2025年精神主题圣诞倒数日历"
"deu_Latn","säckchen adventskalender zum befüllen kinder","装填式小袋子圣诞倒数日历 儿童用"
"deu_Latn","säcke adventskalender","袋装圣诞降临日历"
"deu_Latn","tee adventskalender für zwei","茶（Tee）圣诞倒数日历（Adventskalender）双人用"
"deu_Latn","teenie adventskalender","少女圣诞倒数日历"
"deu_Latn","werkzeug adventskalender 2025 wera","工具 圣诞倒数日历 2025 Wera"
"deu_Latn","minecraft weihnachtskalender","我的世界圣诞日历"
"deu_Latn","minecraft weihnachtskalender 2025","我的世界2025年圣诞日历"
"deu_Latn","weihnachtskalender 2025 kosmetik","2025年圣诞日历 化妆品"
"deu_Latn","weihnachtskalender jugendliche","圣诞日历 青少年"
"deu_Latn","24 kleine geschenke für adventskalender frauen","24件小礼物，适用于女性的圣诞倒数日历"
"deu_Latn","adventskalender 2025 frauen zum befüllen","2025年圣诞倒数日历，女性款，可填充"
"deu_Latn","adventskalender 2025 kinder lego ninjago","2025年乐高忍者神龟儿童圣诞倒数日历"
"deu_Latn","adventskalender 2025 kinder pixi","2025年儿童版Pixi圣诞倒数日历"
"deu_Latn","adventskalender 2025 männer wera","2025年圣诞倒数日历 男士 Wera"
"deu_Latn","adventskalender 2025 retro","2025年复古圣诞倒数日历"
"deu_Latn","adventskalender 2025 witzig","2025年趣味圣诞倒数日历"
"deu_Latn","adventskalender bitty pop","圣诞倒数日历 bitty pop"
"deu_Latn","adventskalender buch erstleser","圣诞倒数日历 书籍 初学者读物"
"deu_Latn","adventskalender clipper 2025","2025年圣诞倒数日历夹子"
"deu_Latn","adventskalender damen parfüm","女士香水圣诞倒数日历"
"deu_Latn","adventskalender damen sale","女士圣诞倒数日历促销"
"deu_Latn","adventskalender duell familie","圣诞倒数日历 对决 家庭"
"deu_Latn","adventskalender für ehefrau","给妻子的圣诞倒数日历"
"deu_Latn","adventskalender für kreative","创意圣诞倒数日历"
"deu_Latn","adventskalender für männer werkzeug","男士圣诞倒数日历 工具"
"deu_Latn","adventskalender für pärchen","情侣圣诞倒数日历"
"deu_Latn","adventskalender kacken","复临日历蛋糕"
"deu_Latn","adventskalender kinder kreativ","儿童创意圣诞日历"
"deu_Latn","adventskalender liebe 2025","2025年爱心圣诞倒数日历"
"deu_Latn","adventskalender masken","圣诞倒数日历面具"
"deu_Latn","adventskalender mini schokolade","迷你圣诞倒数日历巧克力"
"deu_Latn","adventskalender nackte frauen","圣诞倒数日历 裸体女性"
"deu_Latn","adventskalender otter","圣诞倒数日历 otter"
"deu_Latn","adventskalender parfüm 2025","2025年圣诞倒数日历 香水"
"deu_Latn","adventskalender puzzle 1000 teile","圣诞日历拼图 1000片"
"deu_Latn","adventskalender sticker kinder","圣诞倒数日历贴纸儿童"
"deu_Latn","adventskalender säckchen xxl","圣诞倒数日历小袋 XXL"
"deu_Latn","adventskalender tür aufhängen","圣诞倒数日历门悬挂"
"deu_Latn","adventskalender vogel","圣诞倒数日历 Vogel"
"deu_Latn","adventskalender vw","圣诞倒数日历 VW"
"deu_Latn","adventskalender+teenager+mädchen","圣诞倒数日历+青少年+女孩"
"deu_Latn","aesthetic adventskalender","美学圣诞倒数日历"
"deu_Latn","baby adventskalender 2025","2025年宝宝圣诞倒数日历"
"deu_Latn","bayern adventskalender 2025","巴伐利亚2025年圣诞倒数日历"
"deu_Latn","billie eilish adventskalender 2025","比莉·艾利什2025年圣诞倒数日历"
"deu_Latn","bodyshop adventskalender","bodyshop 圣诞日历"
"deu_Latn","brandnooz adventskalender","brandnooz 圣诞倒数日历"
"deu_Latn","böse buch adventskalender","邪恶之书圣诞倒数日历"
"deu_Latn","chio chips adventskalender 2025","乔氏薯片2025圣诞倒数日历"
"deu_Latn","detektiv adventskalender","侦探圣诞倒数日历"
"deu_Latn","eishockey adventskalender 2025","冰球 圣诞倒数日历 2025"
"deu_Latn","feuerzeug adventskalender","打火机圣诞倒数日历"
"deu_Latn","füllung adventskalender süßigkeiten","填充物 圣诞倒数日历 糖果"
"deu_Latn","großer adventskalender zum befüllen","可填充的大型圣诞倒数日历"
"deu_Latn","guitar adventskalender","吉他圣诞倒数日历"
"deu_Latn","guitar picks adventskalender","吉他拨片圣诞日历"
"deu_Latn","hape adventskalender","hape 圣诞倒数日历"
"deu_Latn","hot wheels - adventskalender 2025","热力轮盘 - 2025年圣诞倒数日历"
"deu_Latn","hunde adventskalender spielzeug","狗狗圣诞倒数日历玩具"
"deu_Latn","hygge adventskalender","hygge 圣诞倒数日历"
"deu_Latn","kleine böse buch adventskalender","小恶魔书圣诞倒数日历"
"deu_Latn","kleine geschenke für frauen adventskalender","女性小礼物 圣诞倒数日历"
"deu_Latn","kleinigkeiten adventskalender teenager","小细节 圣诞倒数日历 青少年"
"deu_Latn","korean adventskalender 2025","2025年韩国圣诞倒数日历"
"deu_Latn","kuh adventskalender 2025","2025年奶牛圣诞倒数日历"
"deu_Latn","match attack adventskalender","比赛 攻击 圣诞倒数日历"
"deu_Latn","meßmer adventskalender 2025","2025年Meßmer圣诞倒数日历"
"deu_Latn","mädchen adventskalender teenager","女孩 圣诞倒数日历 青少年"
"deu_Latn","purelei adventskalender 2025 rosegold","purelei 2025年圣诞倒数日历 玫瑰金"
"deu_Latn","schleich dino adventskalender","施莱赫恐龙圣诞倒数日历"
"deu_Latn","sex toy adventskalender","性玩具圣诞倒数日历"
"deu_Latn","spongebob schwammkopf adventskalender","海绵宝宝海绵头圣诞倒数日历"
"deu_Latn","squishies adventskalender","挤压玩偶圣诞倒数日历"
"deu_Latn","tee adventskalender 2026","茶 圣诞倒数日历 2026"
"deu_Latn","titanic adventskalender","泰坦尼克号圣诞倒数日历"
"deu_Latn","verival adventskalender","verival 圣诞倒数日历"
"deu_Latn","wera adventskalender 2026","wera 2026年圣诞倒数日历"
"deu_Latn","wrestling adventskalender","摔跤圣诞日历"
"deu_Latn","legami weihnachtskalender","legami 圣诞日历"
"deu_Latn","weihnachtskalender mädchen 12 jahre","圣诞日历 女孩 12岁"
"deu_Latn","weihnachtskalender nougat","圣诞日历牛轧糖"
"deu_Latn","achtsamer adventskalender","细心的圣诞倒数日历"
"deu_Latn","adventskalender 2025 bts","2025年BTS圣诞倒数日历"
"deu_Latn","adventskalender 2025 clipper","2025年圣诞倒数日历 Clipper"
"deu_Latn","adventskalender 2025 für sportler","2025年运动者圣诞日历"
"deu_Latn","adventskalender 2025 jungs ab 7","2025年圣诞倒数日历 男孩 7岁以上"
"deu_Latn","adventskalender 2025 kinder ab 3","2025年圣诞倒数日历，适合3岁以上儿童"
"deu_Latn","adventskalender 2025 m und m","2025年m&m圣诞倒数日历"
"deu_Latn","adventskalender 2025 männer gin","2025年圣诞倒数日历 男士 金酒"
"deu_Latn","adventskalender 2025 porridge","2025年圣诞倒数日历 燕麦粥"
"deu_Latn","adventskalender 2025 sexy","2025年圣诞倒数日历 性感"
"deu_Latn","adventskalender 2025 snack","2025年圣诞倒数日历 小吃"
"deu_Latn","adventskalender ab 12","圣诞倒数日历 从12开始"
"deu_Latn","adventskalender babor 2025","2025年babor圣诞倒数日历"
"deu_Latn","adventskalender coppenrath 2025","2025年Coppenrath圣诞日历"
"deu_Latn","adventskalender espresso","圣诞倒数日历 咖啡浓缩"
"deu_Latn","adventskalender frauen douglas","圣诞倒数日历 女士 Douglas"
"deu_Latn","adventskalender für 13 jährige mädchen","13岁女孩的圣诞倒数日历"
"deu_Latn","adventskalender für 9 jährige mädchen","9岁女孩的圣诞倒数日历"
"deu_Latn","adventskalender für den partner","给伴侣的圣诞倒数日历"
"deu_Latn","adventskalender hertha bsc","圣诞倒数日历 赫塔足球俱乐部"
"deu_Latn","adventskalender jungen 10 jahre lego","10岁乐高年轻圣诞日历"
"deu_Latn","adventskalender kinder ab 2 jahre","儿童2岁以上适用的圣诞倒数日历"
"deu_Latn","adventskalender kuschelsocken","圣诞倒数日历 柔软毛袜"
"deu_Latn","adventskalender lego kinder","乐高儿童圣诞倒数日历"
"deu_Latn","adventskalender lippenstift","圣诞倒数日历口红"
"deu_Latn","adventskalender literarisch","文学性的圣诞倒数日历"
"deu_Latn","adventskalender lotta leben","圣诞倒数日历 Lotta Leben"
"deu_Latn","adventskalender mit 31 türchen","带31扇门的圣诞倒数日历"
"deu_Latn","adventskalender mit lakritz","含甘草的圣诞倒数日历"
"deu_Latn","adventskalender mit socken","圣诞倒数日历配袜子"
"deu_Latn","adventskalender mädchen 12 jahre beauty","圣诞倒数日历 女孩 12岁 美丽"
"deu_Latn","adventskalender parfum männer","圣诞倒数日历 男士香水"
"deu_Latn","adventskalender sexspielzeug","圣诞倒数日历 性爱玩具"
"deu_Latn","adventskalender strümpfe","圣诞倒数日历袜子"
"deu_Latn","adventskalender tisch","圣诞倒数日历桌"
"deu_Latn","adventskalender vogelstimmen","圣诞倒数日历 鸟鸣"
"deu_Latn","adventskalender yugioh","圣诞日历 游戏王"
"deu_Latn","adventskalender zurück in die zukunft","圣诞倒数日历 回到未来"
"deu_Latn","angel adventskalender 2025 karpfen","天使2025年圣诞倒数日历 鲑鱼"
"deu_Latn","chexperiment adventskalender forsche und entdecke mit checker tobi","chexperiment 圣诞倒数日历 与 Checker Tobi 一起探索发现"
"deu_Latn","cute adventskalender","可爱的圣诞倒数日历"
"deu_Latn","daniela katzenberger adventskalender","达妮埃拉·卡特泽伯格圣诞倒数日历"
"deu_Latn","douglas men adventskalender 2025","道格拉斯男士2025年圣诞倒数日历"
"deu_Latn","elektro adventskalender 2025","2025年电子圣诞倒数日历"
"deu_Latn","elf adventskalender 2025 make up","2025年elf圣诞倒数日历 化妆"
"deu_Latn","fantasy adventskalender","奇幻圣诞倒数日历"
"deu_Latn","fifa adventskalender","国际足联圣诞日历"
"deu_Latn","füllung für adventskalender herren","男士圣诞倒数日历填充物"
"deu_Latn","geschenke für den adventskalender kinder","儿童圣诞降临日历礼物"
"deu_Latn","handcreme adventskalender","护手霜圣诞日历"
"deu_Latn","harry potter - adventskalender","哈利·波特 - 圣诞日历"
"deu_Latn","heavy metal adventskalender","重金属圣诞倒数日历"
"deu_Latn","ib laursen adventskalender","ib laursen 圣诞倒数日历"
"deu_Latn","kawaii adventskalender","卡哇伊圣诞倒数日历"
"deu_Latn","kinder schoko adventskalender","儿童巧克力圣诞倒数日历"
"deu_Latn","kleinigkeiten für adventskalender jungen","圣诞日历小配件（适用于年轻人）"
"deu_Latn","klemmbausteine adventskalender 2025","夹子积木 圣诞倒数日历 2025"
"deu_Latn","korres adventskalender 2025","korres 2025年圣诞倒数日历"
"deu_Latn","kristalle adventskalender","水晶圣诞倒数日历"
"deu_Latn","künstler adventskalender","艺术家圣诞倒数日历"
"deu_Latn","lego adventskalender friends","乐高圣诞倒数日历朋友"
"deu_Latn","lego avengers adventskalender 2025","乐高复仇者联盟2025年圣诞倒数日历"
"deu_Latn","magic the gathering adventskalender","《魔法风云会》圣诞倒数日历"
"deu_Latn","mattel adventskalender","mattel adventskalender"
"deu_Latn","mädchen adventskalender 3 jahre","女孩圣诞倒数日历 3岁"
"deu_Latn","ninja adventskalender","忍者圣诞日历"
"deu_Latn","nostalgie-adventskalender","怀旧圣诞倒数日历"
"deu_Latn","nostalgischer adventskalender mit glitzer","带有闪光的怀旧圣诞倒数日历"
"deu_Latn","nussfreier adventskalender","不含坚果的圣诞倒数日历"
"deu_Latn","playmobil adventskalender junior","playmobil儿童圣诞倒数日历"
"deu_Latn","playmobil adventskalender krippe","playmobil 圣诞倒数日历 马槽"
"deu_Latn","pummeleinhorn adventskalender","Pummeleinhorn圣诞倒数日历"
"deu_Latn","reduzierte adventskalender","降价的圣诞倒数日历"
"deu_Latn","rituals deluxe adventskalender 2025","rituals deluxe 2025年圣诞倒数日历"
"deu_Latn","sheglam adventskalender","sheglam 圣诞倒数日历"
"deu_Latn","spekulatius adventskalender","圣诞饼干香料年历"
"deu_Latn","sugargang adventskalender mini","sugargang adventskalender mini"
"deu_Latn","tee adventskalender 2025 bio","茶（Tee）2025年圣诞倒数日历 有机"
"deu_Latn","tier adventskalender 2025","2025年动物主题圣诞日历"
"deu_Latn","tischtennis adventskalender","乒乓球 圣诞倒数日历"
"deu_Latn","topps adventskalender 2025","2025年Topps圣诞倒数日历"
"deu_Latn","transformers adventskalender","变形金刚圣诞日历"
"deu_Latn","victoria secret adventskalender","维多利亚的秘密圣诞倒数日历"
"deu_Latn","wera adventskalender 2023","wera 2023年圣诞倒数日历"
"deu_Latn","harry potter weihnachtskalender","哈利·波特圣诞日历"
"deu_Latn","weihnachtskalender douglas 2025","2025道格拉斯圣诞日历"
"deu_Latn","weihnachtskalender inhalt kinder","圣诞日历内容儿童"
"deu_Latn","weihnachtskalender makita","圣诞日历 麻吉达"
"deu_Latn","weihnachtskalender pringles","圣诞日历品客薯片"
"deu_Latn","weihnachtskalender zum selber befüllen","可自行填充的圣诞日历"
"deu_Latn","'adventskalender kosmetik","圣诞倒数日历 化妆品"
"deu_Latn","adventskalender 10€","圣诞倒数日历 10€"
"deu_Latn","adventskalender 2025 geschichten","2025年圣诞倒数日历 故事"
"deu_Latn","adventskalender 2025 herr der ringe","2025年圣诞倒数日历 魔戒"
"deu_Latn","adventskalender 2025 holz","2025年木质圣诞倒数日历"
"deu_Latn","adventskalender 2025 mozartkugeln","2025年圣诞倒数日历 莫扎特巧克力球"
"deu_Latn","adventskalender 2025 mädchen kosmetik","2025年圣诞倒数日历 女孩化妆品"
"deu_Latn","adventskalender 3d puzzle","3D拼图圣诞日历"
"deu_Latn","adventskalender ab 3 jahre mädchen","圣诞日历 适合3岁以上女孩"
"deu_Latn","adventskalender alpaka","圣诞倒数日历 阿尔帕卡"
"deu_Latn","adventskalender bausatz erwachsene","圣诞日历套件 成人"
"deu_Latn","adventskalender bücher teenager","圣诞日历 书籍 青少年"
"deu_Latn","adventskalender bügelperlen","圣诞倒数日历烫钻饰品"
"deu_Latn","adventskalender chio chips","圣诞倒数日历 chio 薯片"
"deu_Latn","adventskalender egal wie alt ich bin","无论我多大，都爱圣诞倒数日历"
"deu_Latn","adventskalender elefant","圣诞倒数日历 大象"
"deu_Latn","adventskalender erzieherin","圣诞倒数日历 教育者"
"deu_Latn","adventskalender familienzeit","圣诞倒数日历 家庭时光"
"deu_Latn","adventskalender folia","圣诞日历箔"
"deu_Latn","adventskalender frauen amazon","亚马逊女性圣诞倒数日历"
"deu_Latn","adventskalender frauen tee","圣诞倒数日历 女士茶"
"deu_Latn","adventskalender füllung 2 jährige","圣诞倒数日历填充物 2岁"
"deu_Latn","adventskalender für 3 jährige jungen","适合3岁儿童的圣诞倒数日历"
"deu_Latn","adventskalender für sie und ihn","为她和他准备的圣诞倒数日历"
"deu_Latn","adventskalender gebäck","圣诞倒数日历 饼干"
"deu_Latn","adventskalender haargummis","圣诞倒数日历发圈"
"deu_Latn","adventskalender hamster","圣诞倒数日历仓鼠"
"deu_Latn","adventskalender holy energy","圣诞倒数日历 圣能"
"deu_Latn","adventskalender inhalt mann","圣诞倒数日历内容 男士"
"deu_Latn","adventskalender kochen teenager","圣诞倒数日历 烹饪 青少年"
"deu_Latn","adventskalender little people","圣诞倒数日历 little people"
"deu_Latn","adventskalender miniatur","迷你圣诞倒数日历"
"deu_Latn","adventskalender naturkosmetik 2025","2025年自然化妆品圣诞倒数日历"
"deu_Latn","adventskalender radfahrer","圣诞倒数日历 骑行者"
"deu_Latn","adventskalender rb leipzig","莱比锡红牛队圣诞日历"
"deu_Latn","adventskalender schleim 2025","2025年圣诞倒数日历黏液"
"deu_Latn","adventskalender slim","圣诞倒数日历（瘦身款）"
"deu_Latn","adventskalender teenie junge","圣诞倒数日历 少女"
"deu_Latn","adventskalender tüten weiß","圣诞倒数日历袋 白色"
"deu_Latn","adventskalender unterhosen männer","圣诞倒数日历 内裤 男款"
"deu_Latn","adventskalender von essence","essence品牌的圣诞倒数日历"
"deu_Latn","adventskalender vorlesen","圣诞倒数日历朗读"
"deu_Latn","adventskalender weihnachtskugeln","圣诞倒数日历 圣诞彩球"
"deu_Latn","adventskalender zug zum befüllen","填充式圣诞日历火车"
"deu_Latn","adventskalender zum befüllen einhorn","可填充的独角兽圣诞倒数日历"
"deu_Latn","adventskalender zum befüllen jutesäckchen","可填充的圣诞降临日历麻布袋"
"deu_Latn","adventskalender zum befüllen schubladen","可填充的圣诞倒数日历抽屉"
"deu_Latn","adventskalender zum befüllen stoff groß","可填充的圣诞倒数日历 大号布料"
"deu_Latn","blumensamen adventskalender","花卉种子 圣诞倒数日历"
"deu_Latn","christlicher adventskalender kinder","基督教儿童圣诞倒数日历"
"deu_Latn","demotivierender adventskalender 2026","2026年消极激励式圣诞倒数日历"
"deu_Latn","dortmund adventskalender 2025","多特蒙德2025年圣诞倒数日历"
"deu_Latn","drei adventskalender 2025","2025年三个圣诞倒数日历"
"deu_Latn","finger skateboard adventskalender","手指滑板圣诞倒数日历"
"deu_Latn","ford mustang adventskalender","福特野马圣诞倒数日历"
"deu_Latn","foto adventskalender zum befüllen","可填充的圣诞倒数日历照片"
"deu_Latn","funny adventskalender 2025","2025年趣味圣诞倒数日历"
"deu_Latn","füllung adventskalender 4 jahre","填充式圣诞倒数日历 4年"
"deu_Latn","geschenktüten adventskalender groß","赠品袋 圣诞倒数日历 大号"
"deu_Latn","griswold adventskalender","格里斯沃尔德圣诞倒数日历"
"deu_Latn","jutebeutel adventskalender groß","黄麻袋 圣诞倒数日历 大号"
"deu_Latn","kaffee adventskalender gemahlen","咖啡 圣诞倒数日历 研磨"
"deu_Latn","kleine adventskalender geschenke kinder","小型圣诞倒数日历 儿童礼物"
"deu_Latn","köln adventskalender","科隆圣诞日历"
"deu_Latn","lego botanicals adventskalender","乐高植物系列圣诞倒数日历"
"deu_Latn","lego jurassic world adventskalender","乐高侏罗纪世界圣诞倒数日历"
"deu_Latn","leserabe adventskalender","leserabe 圣诞倒数日历"
"deu_Latn","lindt adventskalender 2025 vegan","林德特2025年圣诞倒数日历 素食"
"deu_Latn","lindt adventskalender xxl","林德特圣诞倒数日历XXL"
"deu_Latn","little dutch adventskalender 2025","little dutch 2025年圣诞倒数日历"
"deu_Latn","made by papa adventskalender","papa品牌圣诞倒数日历"
"deu_Latn","meerjungfrau adventskalender","海的女儿圣诞倒数日历"
"deu_Latn","mitmach adventskalender für teenager","适合青少年的参与式圣诞倒数日历"
"deu_Latn","my protein adventskalender","我的蛋白质圣诞倒数日历"
"deu_Latn","neoh adventskalender 2025","neoh 2025年圣诞倒数日历"
"deu_Latn","nerv mich nicht adventskalender","别烦我，圣诞倒数日历"
"deu_Latn","papiertüten adventskalender kinder","纸袋 圣诞倒数日历 儿童"
"deu_Latn","parfüm herren adventskalender","男士香水圣诞倒数日历"
"deu_Latn","revell control adventskalender","雷维尔控圣诞倒数日历"
"deu_Latn","rituals adventskalender 2025 inhalt","rituals 圣诞倒数日历 2025 内容"
"deu_Latn","rub on sticker adventskalender","可揉搓贴纸圣诞倒数日历"
"deu_Latn","rätsel adventskalender für senioren","谜题圣诞倒数日历适用于老年人"
"deu_Latn","socken adventskalender herren 43-46","男士袜子圣诞倒数日历 43-46码"
"deu_Latn","sonnentor tee adventskalender 2025","2025年Sonnentor茶圣诞倒数日历"
"deu_Latn","stein adventskalender 2025","2025年石制圣诞日历"
"deu_Latn","super streusel adventskalender","超级碎屑圣诞倒数日历"
"deu_Latn","tee adventskalender 2025 lose","茶 圣诞倒数日历 2025 散装"
"deu_Latn","topps match attax 25/26 champions league adventskalender","topps match attax 25/26 欧冠联赛圣诞倒数日历"
"deu_Latn","tuchmasken adventskalender","布口罩 圣诞倒数日历"
"deu_Latn","yum yum adventskalender","yum yum 圣诞倒数日历"
"deu_Latn","weihnachtskalender 2025 für frauen douglas","2025年女性圣诞日历 douglas"
"deu_Latn","weihnachtskalender kinder schokolade","圣诞日历 儿童 巧克力"
"deu_Latn","adventskalender 1. fc köln","圣诞倒数日历 1. fc 科隆"
"deu_Latn","adventskalender 18+","圣诞倒数日历 18+"
"deu_Latn","adventskalender 2025 babor","2025年圣诞倒数日历 babor"
"deu_Latn","adventskalender 2025 fitness riegel","2025年圣诞倒数日历 健身能量棒"
"deu_Latn","adventskalender 2025 frauen basteln","2025年圣诞倒数日历 女性手工制作"
"deu_Latn","adventskalender 2025 für senioren","2025年老年人圣诞倒数日历"
"deu_Latn","adventskalender 2025 für zocker","2025年游戏玩家圣诞日历"
"deu_Latn","adventskalender 2025 italien","2025年意大利圣诞倒数日历"
"deu_Latn","adventskalender 2025 männer selber befüllen","2025年圣诞倒数日历 男士 自行填充"
"deu_Latn","adventskalender 2025 naschen","2025年圣诞倒数日历 小吃"
"deu_Latn","adventskalender 2025 nivea men","2025年尼维达男士圣诞倒数日历"
"deu_Latn","adventskalender 2025 pflanzen","2025年圣诞倒数日历 植物"
"deu_Latn","adventskalender 2025 schokolade milka","2025年圣诞倒数日历 巧克力 Milka"
"deu_Latn","adventskalender 2025 stray kids","2025年圣诞倒数日历 Stray Kids"
"deu_Latn","adventskalender 2025 süssigkeiten","2025年圣诞倒数日历 甜食"
"deu_Latn","adventskalender babyborn","圣诞倒数日历 Babyborn"
"deu_Latn","adventskalender bis 20 euro","圣诞倒数日历至20欧元"
"deu_Latn","adventskalender der kleine prinz","小王子圣诞日历"
"deu_Latn","adventskalender duftöl","圣诞倒数日历 香薰油"
"deu_Latn","adventskalender füllung mädchen 10 jahre","圣诞日历填充物 女孩 10岁"
"deu_Latn","adventskalender für jugendliche jungen","青少年年轻人大型日历"
"deu_Latn","adventskalender genuss","圣诞日历享受"
"deu_Latn","adventskalender halloren","圣诞倒数日历Halloren"
"deu_Latn","adventskalender hautpflege","圣诞倒数日历 护肤"
"deu_Latn","adventskalender jack daniels","圣诞倒数日历 杰克·丹尼"
"deu_Latn","adventskalender karten kinder","圣诞倒数日历卡片儿童"
"deu_Latn","adventskalender kind 6 jahre","圣诞倒数日历 适合6岁儿童"
"deu_Latn","adventskalender kinder 3 jahre junge","儿童（3岁）圣诞倒数日历"
"deu_Latn","adventskalender kinderschminke","圣诞倒数日历 儿童化妆品"
"deu_Latn","adventskalender mit geschichten","带故事的圣诞倒数日历"
"deu_Latn","adventskalender mit zartbitterschokolade","装有微苦巧克力的圣诞倒数日历"
"deu_Latn","adventskalender partnerin","圣诞倒数日历 伴侣"
"deu_Latn","adventskalender schleim fluffy","圣诞倒数日历 粘稠 泡泡绵"
"deu_Latn","adventskalender sound","圣诞倒数日历 声音"
"deu_Latn","adventskalender stabilo","稳定乐（Stabilo）圣诞倒数日历"
"deu_Latn","adventskalender stollen","圣诞倒数日历 圣诞果馅饼"
"deu_Latn","adventskalender vw bulli","adventskalender vw bulli"
"deu_Latn","adventskalender weihnachten in aller welt","圣诞日历 全世界圣诞节"
"deu_Latn","adventskalender zum befüllen teenager","可填充的圣诞倒数日历（适用于青少年）"
"deu_Latn","adventskalender zum lesen kinder","儿童阅读用的圣诞倒数日历"
"deu_Latn","adventskalender ￼","圣诞倒数日历"
"deu_Latn","ah riise adventskalender","ah riise 圣诞倒数日历"
"deu_Latn","buenos adventskalender","布恩斯圣诞倒数日历"
"deu_Latn","energy adventskalender 2025","2025年能量圣诞日历"
"deu_Latn","fallout adventskalender","辐射圣诞日历"
"deu_Latn","franzis 67225 - men's gadgets - der adventskalender für ihn, 24 kleine überraschungen für echte kerl","franzis 67225 - 男士小玩意 - 他的圣诞倒数日历，24个小惊喜，专为真男人打造"
"deu_Latn","grinch socken adventskalender","格林奇袜子圣诞倒数日历"
"deu_Latn","haribo-adventskalender","哈瑞宝圣诞倒数日历"
"deu_Latn","heimatgut adventskalender","家乡特产 圣诞倒数日历"
"deu_Latn","junge adventskalender 2025","2025年年轻圣诞倒数日历"
"deu_Latn","keks adventskalender 2025","2025年圣诞饼干日历"
"deu_Latn","kräuter adventskalender","草药圣诞日历"
"deu_Latn","kuschelsocken adventskalender","绒袜 圣诞倒数日历"
"deu_Latn","lush adventskalender 2025","2025年茂盛圣诞日历"
"deu_Latn","mars adventskalender","玛氏圣诞日历"
"deu_Latn","naughty nuts adventskalender","淘气坚果圣诞倒数日历"
"deu_Latn","nee doh adventskalender","尼朵圣诞倒数日历"
"deu_Latn","niederegger adventskalender nougat","尼德勒格圣诞倒数日历牛轧糖"
"deu_Latn","noch adventskalender h0","还有圣诞倒数日历 h0"
"deu_Latn","oups adventskalender 2025","2025年oups圣诞日历"
"deu_Latn","parkside adventskalender 2025","公园边2025年圣诞倒数日历"
"deu_Latn","pop adventskalender 2025","2025年流行圣诞倒数日历"
"deu_Latn","satisfyer adventskalender","satisfyer 圣诞倒数日历"
"deu_Latn","schleich adventskalender harry potter","施莱赫圣诞倒数日历 哈利·波特"
"deu_Latn","schoko-adventskalender","巧克力圣诞倒数日历"
"deu_Latn","schreibwaren adventskalender 2025","文具 圣诞倒数日历 2025"
"deu_Latn","sea glass adventskalender","海玻璃圣诞倒数日历"
"deu_Latn","sekt adventskalender","起泡酒圣诞日历"
"deu_Latn","sound adventskalender kinder","儿童声音圣诞日历"
"deu_Latn","stuhl yoga adventskalender","瑜伽椅圣诞日历"
"deu_Latn","süßigkeiten aus aller welt adventskalender","来自世界各地的糖果 圣诞倒数日历"
"deu_Latn","tatort escape adventskalender 2025","犯罪现场逃脱 圣诞倒数日历 2025"
"deu_Latn","teelichter adventskalender","香薰蜡烛圣诞倒数日历"
"deu_Latn","tisch adventskalender schokolade","桌面圣诞倒数日历 巧克力"
"deu_Latn","trockenfrüchte adventskalender","干果 圣诞倒数日历"
"deu_Latn","unnützes wissen adventskalender","无用的知识 圣诞倒数日历"
"deu_Latn","youtuber adventskalender","网红圣诞倒数日历"
"deu_Latn","pokemon weihnachtskalender","宝可梦圣诞日历"
"deu_Latn","weihnachtskalender holz","圣诞日历 木制"
"deu_Latn","'adventskalender socken","圣诞倒数日历袜子"
"deu_Latn","'adventskalender teenager","青少年圣诞倒数日历"
"deu_Latn","adventskalender 2025 camping","2025年圣诞倒数日历 露营"
"deu_Latn","adventskalender 2025 eintracht frankfurt","2025年圣诞倒数日历 法兰克福一队"
"deu_Latn","adventskalender 2025 flugzeug","2025年圣诞倒数日历 飞机"
"deu_Latn","adventskalender 2025 frauen füllung","2025年圣诞倒数日历 女士填充款"
"deu_Latn","adventskalender 2025 füllung","2025年圣诞倒数日历填充物"
"deu_Latn","adventskalender 2025 jungs 4 jahre","2025年圣诞倒数日历 男孩 4岁"
"deu_Latn","adventskalender 2025 kind","2025年圣诞倒数日历 儿童"
"deu_Latn","adventskalender 2025 kinder einhorn","2025年圣诞倒数日历 儿童 鹿角"
"deu_Latn","adventskalender 2025 kinder lego friends","2025年乐高朋友系列儿童圣诞倒数日历"
"deu_Latn","adventskalender 2025 knobeln","2025年圣诞倒数日历 猜谜游戏"
"deu_Latn","adventskalender 2025 maoam","2025年毛熊（Maoam）圣诞倒数日历"
"deu_Latn","adventskalender 2025 mit nüssen","2025年装坚果的圣诞倒数日历"
"deu_Latn","adventskalender 2025 mädchen schleich","2025年圣诞倒数日历 女孩 Schleich（品牌名）"
"deu_Latn","adventskalender 2025 männer survival","2025年圣诞倒数日历 男士 生存"
"deu_Latn","adventskalender 2025 rätsel kinder","2025年圣诞倒数日历 儿童谜题"
"deu_Latn","adventskalender 2025 ü ei","2025年圣诞倒数日历 乌鸡蛋"
"deu_Latn","adventskalender artikel","圣诞倒数日历商品"
"deu_Latn","adventskalender asia nudeln","圣诞日历 亚洲 面条"
"deu_Latn","adventskalender asien","圣诞倒数日历 亚洲"
"deu_Latn","adventskalender auto kinder","圣诞倒数日历 汽车 儿童"
"deu_Latn","adventskalender barcelona","圣诞倒数日历 巴塞罗那"
"deu_Latn","adventskalender bio kosmetik","圣诞倒数日历 生物化妆品"
"deu_Latn","adventskalender buch kinder ab 3","圣诞日历书 儿童 3岁以上"
"deu_Latn","adventskalender donald duck","圣诞倒数日历 唐老鸭"
"deu_Latn","adventskalender dorf zum befüllen","待填充的乡村风圣诞倒数日历"
"deu_Latn","adventskalender fc barcelona","巴塞罗那足球俱乐部圣诞日历"
"deu_Latn","adventskalender filz zum befüllen","圣诞倒数日历填充毛毡"
"deu_Latn","adventskalender füllung 1 jahr","圣诞日历填充物 1岁"
"deu_Latn","adventskalender für 15 jährige mädchen","适合15岁女孩的圣诞倒数日历"
"deu_Latn","adventskalender für 20 jährige","20岁生日的圣诞倒数日历"
"deu_Latn","adventskalender für gitarristen","吉他手用的圣诞倒数日历"
"deu_Latn","adventskalender hochwertig","高品质圣诞倒数日历"
"deu_Latn","adventskalender holzleiste mit stern","圣诞倒数日历 木条带星星"
"deu_Latn","adventskalender john deere","约翰迪尔圣诞倒数日历"
"deu_Latn","adventskalender kinder 12 jahre junge","儿童圣诞倒数日历 12岁 未成年人"
"deu_Latn","adventskalender kleine bücher","圣诞倒数日历小册子"
"deu_Latn","adventskalender la roche posay","圣诞倒数日历 拉罗什波赛"
"deu_Latn","adventskalender löten","圣诞倒数日历 焊接"
"deu_Latn","adventskalender madchen","圣诞倒数日历 女孩"
"deu_Latn","adventskalender magie","圣诞倒数日历 魔法"
"deu_Latn","adventskalender make up sephora","复临日历化妆sephora"
"deu_Latn","adventskalender mathematik","数学圣诞日历"
"deu_Latn","adventskalender mickey mouse","圣诞倒数日历 米奇老鼠"
"deu_Latn","adventskalender mit parfum","带香水的圣诞倒数日历"
"deu_Latn","adventskalender nerds","圣诞日历书呆子"
"deu_Latn","adventskalender nintendo switch","圣诞倒数日历 nintendo switch"
"deu_Latn","adventskalender ohne essen","无食物的圣诞倒数日历"
"deu_Latn","adventskalender panda","熊猫圣诞日历"
"deu_Latn","adventskalender papiertüten zum befüllen","圣诞倒数日历填充纸袋"
"deu_Latn","adventskalender pinguine","圣诞倒数日历 企鹅"
"deu_Latn","adventskalender praline","圣诞倒数日历 糖果夹心"
"deu_Latn","adventskalender puzzle ravensburger","圣诞日历拼图 雷文斯堡"
"deu_Latn","adventskalender schmuck ohne ohrringe","圣诞倒数日历饰品（不含耳环）"
"deu_Latn","adventskalender skincare dm","圣诞倒数日历 护肤品 dm"
"deu_Latn","adventskalender squish a long","圣诞倒数日历 squish a long"
"deu_Latn","adventskalender säckchen grün","圣诞倒数日历小袋子 绿色"
"deu_Latn","adventskalender säfte","圣诞倒数日历果汁"
"deu_Latn","adventskalender tiere kinder","圣诞日历 动物 儿童"
"deu_Latn","adventskalender tüten blau","圣诞倒数日历袋子 蓝色"
"deu_Latn","adventskalender von rituals","rituals品牌的圣诞倒数日历"
"deu_Latn","adventskalender zum befüllen große tüten","可填充的圣诞倒数日历大袋子"
"deu_Latn","amazon adventskalender für frauen","亚马逊女性圣诞倒数日历"
"deu_Latn","american sweets adventskalender","美国甜品圣诞倒数日历"
"deu_Latn","armband adventskalender 2025","手链 圣诞倒数日历 2025"
"deu_Latn","bier adventskalender 2025 international","2025年国际啤酒圣诞日历"
"deu_Latn","bio gewürz adventskalender","有机香料圣诞倒数日历"
"deu_Latn","camper adventskalender 2025","2025年camper圣诞日历"
"deu_Latn","dc adventskalender","DC圣诞倒数日历"
"deu_Latn","früchtetee adventskalender 2025","水果茶 圣诞倒数日历 2025"
"deu_Latn","furzipups adventskalender","furzipups 圣诞倒数日历"
"deu_Latn","füllmaterial adventskalender","填充材料 圣诞倒数日历"
"deu_Latn","gnome adventskalender","gnome adventskalender"
"deu_Latn","halloween adventskalender","万圣节倒数日历"
"deu_Latn","hamburg adventskalender","汉堡圣诞日历"
"deu_Latn","hollow knight adventskalender","空洞骑士圣诞倒数日历"
"deu_Latn","ideen für adventskalender mann","男性圣诞倒数日历创意"
"deu_Latn","inhalt adventskalender mann","内容 Advent calendar 男人"
"deu_Latn","jungs adventskalender füllung","男童圣诞倒数日历填充物"
"deu_Latn","kack adventskalender","垃圾圣诞日历"
"deu_Latn","katzenzungen adventskalender","猫舌头圣诞倒数日历"
"deu_Latn","kinder schokoladen adventskalender","儿童巧克力圣诞倒数日历"
"deu_Latn","kleinkinder adventskalender 2025","小儿童圣誕倒数日曆2025"
"deu_Latn","korea adventskalender","韩国圣诞倒数日历"
"deu_Latn","kräutertee adventskalender 2025","草本茶 圣诞倒数日历 2025"
"deu_Latn","lego flowers adventskalender","乐高花朵圣诞倒数日历"
"deu_Latn","malbuch adventskalender","圣诞倒数日历涂色书"
"deu_Latn","mitmach adventskalender","参与式圣诞倒数日历"
"deu_Latn","mr brownie adventskalender","布朗尼先生圣诞倒数日历"
"deu_Latn","msv duisburg adventskalender","msv 杜伊斯堡 圣诞倒数日历"
"deu_Latn","niederegger adventskalender vegan","尼德勒格素食圣诞日历"
"deu_Latn","olchis adventskalender","奥尔奇斯圣诞倒数日历"
"deu_Latn","pokemon sammelkarten adventskalender 2025","宝可梦收集卡2025年圣诞倒数日历"
"deu_Latn","räucherkerzen adventskalender 2025","2025年圣诞倒数日历 香薰蜡烛"
"deu_Latn","sachen für den adventskalender kinder","儿童圣诞倒数日历用品"
"deu_Latn","star-wars adventskalender","星球大战圣诞日历"
"deu_Latn","superhelden adventskalender","超级英雄圣诞倒数日历"
"deu_Latn","teen adventskalender 2025","2025年青少年圣诞倒数日历"
"deu_Latn","weinkalender adventskalender","葡萄酒日历 圣诞日历"
"deu_Latn","wäscheklammern adventskalender","洗衣夹 圣诞倒数日历"
"deu_Latn","zelda adventskalender 2025","塞尔达2025年圣诞日历"
"deu_Latn","schoko weihnachtskalender","巧克力圣诞日历"
"deu_Latn","weihnachtskalender 2025 für frauen rituals","2025年女性专用圣诞日历 rituals"
"deu_Latn","weihnachtskalender 2025 nutella","2025年圣诞日历 能多益"
"deu_Latn","weihnachtskalender bier","圣诞日历 啤酒"
"deu_Latn","weihnachtskalender für jungs","男孩圣诞日历"
"deu_Latn","weihnachtskalender kaffee","圣诞日历咖啡"
"deu_Latn","weihnachtskalender make up","圣诞日历 化妆"
"deu_Latn","weihnachtskalender puzzle","圣诞日历拼图"
"deu_Latn","weihnachtskalender selber befüllen","自己填充圣诞日历"
"deu_Latn","weihnachtskalender selbst befüllen ideen","自行填充圣诞日历的创意"
"deu_Latn","'adventskalender damen","女士圣诞倒数日历"
"deu_Latn","3d drucker adventskalender","3D打印机 圣诞倒数日历"
"deu_Latn","adventskalender 2025 ab 10 jahre","2025年圣诞倒数日历 适合10岁以上"
"deu_Latn","adventskalender 2025 entspannung","2025年圣诞倒数日历 放松"
"deu_Latn","adventskalender 2025 für eltern","2025年父母用圣诞日历"
"deu_Latn","adventskalender 2025 kinder lego duplo","2025年乐高得宝儿童圣诞倒数日历"
"deu_Latn","adventskalender 2025 matcha","2025年圣诞倒数日历 抹茶"
"deu_Latn","adventskalender 2025 mini parfüm","2025年迷你香水圣诞倒数日历"
"deu_Latn","adventskalender 2025 mädchen 16 jahre","2025年圣诞倒数日历 16岁女孩"
"deu_Latn","adventskalender 2025 männer grillen","2025年圣诞倒数日历 男士 烧烤"
"deu_Latn","adventskalender 2025 männer marzipan","2025年圣诞倒数日历 男士 梅子糖"
"deu_Latn","adventskalender 2025 peters","2025年圣诞倒数日历 peters"
"deu_Latn","adventskalender 2025 schwester","2025年圣诞倒数日历 姐妹"
"deu_Latn","adventskalender 2025 sweets","2025年圣诞倒数日历 糖果"
"deu_Latn","adventskalender 2025 süsses","2025年圣诞倒数日历 甜美款"
"deu_Latn","adventskalender abnehmen","圣诞倒数日历 减肥"
"deu_Latn","adventskalender aquarell","圣诞日历 水彩画"
"deu_Latn","adventskalender aquarium","圣诞倒数日历 水族箱"
"deu_Latn","adventskalender axolotl","圣诞日历 轴心龙（或称六角恐龙）"
"deu_Latn","adventskalender bartpflege männer","圣诞倒数日历 男士胡须护理"
"deu_Latn","adventskalender camper","圣诞倒数日历 露营"
"deu_Latn","adventskalender drei","圣诞倒数日历 三款"
"deu_Latn","adventskalender experimente ab 8","圣诞倒数日历 实验套装 8岁以上适用"
"deu_Latn","adventskalender feigling","圣诞倒数日历胆小鬼"
"deu_Latn","adventskalender ferrero rocher","费列罗圣诞倒数日历"
"deu_Latn","adventskalender frauen wellness","圣诞倒数日历 女性 健康养生"
"deu_Latn","adventskalender füllung für frauen","女士圣诞倒数日历填充物"
"deu_Latn","adventskalender für motorradfahrer","摩托车手的圣诞倒数日历"
"deu_Latn","adventskalender gärtner","圣诞倒数日历 园丁"
"deu_Latn","adventskalender honig und marmelade","圣诞倒数日历 蜂蜜和果酱"
"deu_Latn","adventskalender irland","爱尔兰圣诞倒数日历"
"deu_Latn","adventskalender kuchen","圣诞日历蛋糕"
"deu_Latn","adventskalender lama","圣诞倒数日历 lama"
"deu_Latn","adventskalender lego auto","乐高积木圣诞倒数日历汽车"
"deu_Latn","adventskalender lindt klein","林德特小尺寸圣诞倒数日历"
"deu_Latn","adventskalender männer makita","圣诞倒数日历 男士 Makita（品牌名）"
"deu_Latn","adventskalender münchen","慕尼黑圣诞倒数日历"
"deu_Latn","adventskalender nimm2","圣诞倒数日历 nimm2"
"deu_Latn","adventskalender petronella apfelmus","圣诞倒数日历 Petronella 果酱"
"deu_Latn","adventskalender playmobil piraten","圣诞倒数日历 playmobil 海盗"
"deu_Latn","adventskalender rabenhorst 2025","2025年Rabenhorst圣诞倒数日历"
"deu_Latn","adventskalender romantisch","圣诞倒数日历 浪漫"
"deu_Latn","adventskalender sandmännchen","圣诞倒数日历小睡精"
"deu_Latn","adventskalender sonic 2025","2025年圣诞倒数日历 sonic"
"deu_Latn","adventskalender soßen","圣诞倒数日历酱料"
"deu_Latn","adventskalender steine kinder","圣诞日历石头儿童"
"deu_Latn","adventskalender säckchen mit zahlen","圣诞倒数日历小袋子带数字"
"deu_Latn","adventskalender wieso weshalb warum","圣诞倒数日历 为何 为什么 因此"
"deu_Latn","adventskalender zeichnen lernen","学习绘制圣诞倒数日历"
"deu_Latn","adventskalender zum befüllen harry potter","哈利波特填充式圣诞倒数日历"
"deu_Latn","adventskalender zum lesen","圣诞倒数日历阅读"
"deu_Latn","amazon adventskalender männer","亚马逊圣诞倒数日历 男士"
"deu_Latn","badeenten adventskalender 2025","2025年沐浴鸭子圣诞倒数日历"
"deu_Latn","bücher adventskalender kinder","儿童圣诞倒数日历书籍"
"deu_Latn","edelstein adventskalender kinder","宝石 圣诞倒数日历 儿童"
"deu_Latn","espresso adventskalender","意式浓缩咖啡圣诞倒数日历"
"deu_Latn","espresso adventskalender 2025","意式浓缩咖啡圣诞倒数日历2025"
"deu_Latn","exit das spiel adventskalender 2025","退出游戏2025年圣诞倒数日历"
"deu_Latn","feen adventskalender","魔法精灵圣诞倒数日历"
"deu_Latn","funko pop adventskalender star wars","funko pop adventskalender star wars"
"deu_Latn","gepa adventskalender","gepa 圣诞倒数日历"
"deu_Latn","glückskekse adventskalender","幸福饼干 圣诞倒数日历"
"deu_Latn","judith williams adventskalender 2025","朱迪思·威廉姆斯2025年圣诞倒数日历"
"deu_Latn","kleinigkeit für adventskalender kind","小玩意儿用于圣诞倒数日历儿童"
"deu_Latn","koro classic adventskalender 2025","科罗经典2025年圣诞倒数日历"
"deu_Latn","kreative adventskalender 2025","2025年创意圣诞倒数日历"
"deu_Latn","lego adventskalender jungen","乐高圣诞倒数日历男孩"
"deu_Latn","leo lausemaus adventskalender 2025","2025年Leo Lausemaus圣诞倒数日历"
"deu_Latn","lindt hello adventskalender","林德特（Lindt）hello圣诞倒数日历"
"deu_Latn","lyx adventskalender","lyx 圣诞倒数日历"
"deu_Latn","mann adventskalender 2025","曼恩2025年圣诞倒数日历"
"deu_Latn","mercedes adventskalender 2025","梅赛德斯2025年圣诞倒数日历"
"deu_Latn","mops adventskalender","拖把圣诞倒数日历"
"deu_Latn","mädchen adventskalender füllung","女孩圣诞倒数日历填充物"
"deu_Latn","nimms funny adventskalender 2025","2025年趣味尼姆斯圣诞倒数日历"
"deu_Latn","parfümproben adventskalender","香水试用装 圣诞倒数日历"
"deu_Latn","rituals adventskalender frauen","rituals 圣诞倒数日历 女士"
"deu_Latn","rosental adventskalender","罗森塔尔圣诞倒数日历"
"deu_Latn","schwedischer adventskalender","瑞典圣诞倒数日历"
"deu_Latn","schöne adventskalender","漂亮的圣诞倒数日历"
"deu_Latn","silberschmuck adventskalender","银饰圣诞倒数日历"
"deu_Latn","süßigkeiten für den adventskalender","圣诞季日历里的糖果"
"deu_Latn","tatort escape adventskalender","犯罪现场逃脱 圣诞倒数日历"
"deu_Latn","whey adventskalender","乳清圣诞日历"
"deu_Latn","yepoda adventskalender 2025","叶波达2025年圣诞倒数日历"
"deu_Latn","zubehör adventskalender kinder","配件 圣诞倒数日历 儿童"
"deu_Latn","weihnachtskalender herren","圣诞日历 男士"
"deu_Latn","weihnachtskalender junge 10 jahre","圣诞日历 年轻人 10岁"
"deu_Latn","'adventskalender buch","圣诞日历书"
"deu_Latn","90er adventskalender","90年代圣诞倒数日历"
"deu_Latn","adventskalender 2025 beauty sephora","2025年圣诞倒数日历 美容 塞福拉"
"deu_Latn","adventskalender 2025 douglas frauen","2025年道格拉斯女士圣诞倒数日历"
"deu_Latn","adventskalender 2025 elf","2025年圣诞倒数日历 11"
"deu_Latn","adventskalender 2025 football","2025年足球圣诞日历"
"deu_Latn","adventskalender 2025 jäger","2025年猎人历 adventskalender 2025 jäger"
"deu_Latn","adventskalender 2025 kinder legami","2025年圣诞倒数日历 儿童款 乐高"
"deu_Latn","adventskalender 2025 krimi erwachsene","2025年圣诞倒数日历 悬疑小说 成人"
"deu_Latn","adventskalender 2025 mentos","2025年圣诞倒数日历 澳的利口酒"
"deu_Latn","adventskalender 2025 männer zum befüllen","2025年男士可填充圣诞倒数日历"
"deu_Latn","adventskalender 2025 puppen","2025年圣诞倒数日历 人偶"
"deu_Latn","adventskalender befüllen frauen","圣诞日历填充 女士"
"deu_Latn","adventskalender buch 10 jahre","圣诞倒数日历 10周年纪念版"
"deu_Latn","adventskalender böller","圣诞倒数日历爆竹"
"deu_Latn","adventskalender die drei ausrufezeichen 2025","2025年《三个感叹号》圣诞倒数日历"
"deu_Latn","adventskalender dresden","德累斯顿圣诞倒数日历"
"deu_Latn","adventskalender duplo lego","双层乐高圣诞日历"
"deu_Latn","adventskalender duschgel männer","圣诞倒数日历 男士沐浴露"
"deu_Latn","adventskalender für die frau","女士圣诞倒数日历"
"deu_Latn","adventskalender für gärtner","园艺师用的圣诞倒数日历"
"deu_Latn","adventskalender für lehrerinnen","教师专用的圣诞倒数日历"
"deu_Latn","adventskalender für tochter","女儿专用的圣诞倒数日历"
"deu_Latn","adventskalender für zweijährige","两岁儿童用的圣诞倒数日历"
"deu_Latn","adventskalender geschenke mädchen","圣诞倒数日历 女孩礼物"
"deu_Latn","adventskalender geschenkpapier","圣诞倒数日历 礼品包装纸"
"deu_Latn","adventskalender hobby horse","圣诞日历 热爱之马"
"deu_Latn","adventskalender ideen frauen","圣诞倒数日历 女性创意"
"deu_Latn","adventskalender junge erwachsene","圣诞日历 青年成人"
"deu_Latn","adventskalender jungs 2025","2025年男孩圣诞倒数日历"
"deu_Latn","adventskalender kleines böses buch","圣诞倒数日历 小恶魔书"
"deu_Latn","adventskalender lindt lindor","圣诞倒数日历 林特 林多"
"deu_Latn","adventskalender massage","圣诞倒数日历 按摩"
"deu_Latn","adventskalender mädchen 18 jahre","圣诞倒数日历 女孩 18岁"
"deu_Latn","adventskalender männer luxus","圣诞倒数日历 男士 豪华"
"deu_Latn","adventskalender nachhaltigkeit","环保圣诞倒数日历"
"deu_Latn","adventskalender pc","圣诞倒数日历（电脑版）"
"deu_Latn","adventskalender playstation 2025","2025年PlayStation圣诞日历"
"deu_Latn","adventskalender rennauto","圣诞倒数日历跑车"
"deu_Latn","adventskalender sackerl groß","圣诞倒数日历 大号装"
"deu_Latn","adventskalender schulkind","圣诞倒数日历 学生儿童"
"deu_Latn","adventskalender stifte mädchen","圣诞倒数日历 钢笔 女孩"
"deu_Latn","adventskalender teen","圣诞倒数日历 青少年款"
"deu_Latn","adventskalender vaiana","圣诞倒数日历 海底总动员"
"deu_Latn","adventskalender warrior cats","圣诞倒数日历 战猫"
"deu_Latn","adventskalender zum befüllen hund","可填充的圣诞倒数日历（供狗使用）"
"deu_Latn","adventskalender zum befüllen tannenbaum","可填充的圣诞倒数日历 圣诞树"
"deu_Latn","adventskalender zum befüllen wandteppich","可填充的圣诞降临日历 壁挂地毯"
"deu_Latn","adventskalender zum befüllen zug","可填充的圣诞倒数日历"
"deu_Latn","adventskalender zum selber befüllen groß","可自行填充的大号圣诞倒数日历"
"deu_Latn","alcina adventskalender 2025","阿尔西纳2025年圣诞倒数日历"
"deu_Latn","amorelie adventskalender 2025 luxury","amorelie 2025年圣诞倒数日历 豪华版"
"deu_Latn","anti adventskalender","防反光圣诞日历"
"deu_Latn","benefit adventskalender 2025","benefit 2025年圣诞倒数日历"
"deu_Latn","bibel adventskalender","圣经圣诞日历"
"deu_Latn","blackpink adventskalender 2025","blackpink 2025年圣诞倒数日历"
"deu_Latn","böker plus adventskalender 2025","böker plus adventskalender 2025"
"deu_Latn","cupper adventskalender","cupper adventskalender"
"deu_Latn","dmax adventskalender","dmax 圣诞倒数日历"
"deu_Latn","drei fragezeichen adventskalender cd","三个问号圣诞倒数日历CD"
"deu_Latn","duft adventskalender männer","男士香氛圣诞倒数日历"
"deu_Latn","duschbombe adventskalender","淋浴炸弹圣诞倒数日历"
"deu_Latn","funko pop adventskalender marvel","漫威芬克弹窗圣诞日历"
"deu_Latn","gitarren adventskalender 2025","吉他 圣诞倒数日历 2025"
"deu_Latn","haar adventskalender 2025","2025年胡须圣诞倒数日历"
"deu_Latn","hatchimals adventskalender","孵化小精灵圣诞倒数日历"
"deu_Latn","herren parfüm adventskalender","男士香水圣诞倒数日历"
"deu_Latn","herren socken adventskalender","男士袜子圣诞倒数日历"
"deu_Latn","hogwarts adventskalender 2025","霍格沃茨2025年圣诞倒数日历"
"deu_Latn","john deere adventskalender","约翰迪尔圣诞倒数日历"
"deu_Latn","kaffeekapseln adventskalender","咖啡胶囊 圣诞倒数日历"
"deu_Latn","kamasutra adventskalender","《爱经》圣诞日历"
"deu_Latn","katzen adventskalender spielzeug","猫 圣诞倒数日历 玩具"
"deu_Latn","kleinigkeiten für adventskalender teenies","小物件适用于青少年圣诞倒数日历"
"deu_Latn","kreativer adventskalender 2025","2025年创意圣诞倒数日历"
"deu_Latn","lego adventskalender 2025 friends","乐高2025年朋友圣诞倒数日历"
"deu_Latn","lego starwars adventskalender 2025","乐高星球大战2025年圣诞倒数日历"
"deu_Latn","make-up adventskalender 2025","2025年化妆圣诞日历"
"deu_Latn","mein vorlese adventskalender","我的睡前故事圣诞倒数日历"
"deu_Latn","metal gods adventskalender 2025","金属之神2025圣诞倒数日历"
"deu_Latn","nussknacker adventskalender","坚果钳圣诞倒数日历"
"deu_Latn","ossi adventskalender 2025","ossi 2025年圣诞倒数日历"
"deu_Latn","physik adventskalender","物理圣诞日历"
"deu_Latn","porsche adventskalender 911","保时捷911圣诞倒数日历"
"deu_Latn","premium adventskalender","高端圣诞倒数日历"
"deu_Latn","pringles chips adventskalender 2025","品客薯片2025圣诞倒数日历"
"deu_Latn","reese's adventskalender 2025","瑞斯甜心2025年圣诞倒数日历"
"deu_Latn","reiter adventskalender","雷特尔圣诞日历"
"deu_Latn","räucher adventskalender 2025","2025年香薰圣诞倒数日历"
"deu_Latn","schwanger adventskalender","孕妇圣诞倒数日历"
"deu_Latn","spanisch lernen adventskalender","学习西班牙语 圣诞倒数日历"
"deu_Latn","stahlwille adventskalender 2025","stahlwille 2025年圣诞倒数日历"
"deu_Latn","tee adventskalender 2025 sonnentor","茶 圣诞日历 2025 Sonnentor（品牌名）"
"deu_Latn","tonies adventskalender","tonies 圣诞倒数日历"
"deu_Latn","top model adventskalender","顶级模特圣诞倒数日历"
"deu_Latn","überraschungseier adventskalender","惊喜彩蛋 圣诞倒数日历"
"deu_Latn","paw patrol weihnachtskalender","爪爪巡逻队圣诞日历"
"deu_Latn","schleich weihnachtskalender","施莱赫圣诞日历"
"deu_Latn","weihnachtskalender baby","圣诞日历 宝宝"
"deu_Latn","weihnachtskalender katze","圣诞日历 猫"
"deu_Latn","weihnachtskalender selbst befüllen groß","自填充大号圣诞日历"
"deu_Latn","!!! adventskalender","圣诞倒数日历"
"deu_Latn","24 kleinigkeiten für adventskalender frau","24个小物件用于圣诞倒数日历（女性款）"
"deu_Latn","adventskalender 2025 bayern","2025年巴伐利亚圣诞倒数日历"
"deu_Latn","adventskalender 2025 eisenbahn","2025年圣诞倒数日历 铁路"
"deu_Latn","adventskalender 2025 für die ganze familie","2025年全家适用的圣诞倒数日历"
"deu_Latn","adventskalender 2025 girls","2025年圣诞倒数日历 女孩"
"deu_Latn","adventskalender 2025 haarschmuck","2025年圣诞倒数日历 发饰"
"deu_Latn","adventskalender 2025 messer","2025年圣诞倒数日历 刀"
"deu_Latn","adventskalender 2025 mädchen stitch","2025年圣诞倒数日历 女孩 Stitch"
"deu_Latn","adventskalender 2025 tea","2025年圣诞倒数日历 茶"
"deu_Latn","adventskalender 2025 unter 10 euro","2025年圣诞倒数日历，10欧元以下"
"deu_Latn","adventskalender 2025 yves rocher","2025年圣诞倒数日历 YVES ROCHER"
"deu_Latn","adventskalender 24 positive gedanken","圣诞倒数日历 24个积极想法"
"deu_Latn","adventskalender angler 2025","2025年钓手（Angler）圣诞日历"
"deu_Latn","adventskalender bart männer","圣诞倒数日历 男士 胡子"
"deu_Latn","adventskalender beleuchtet","圣诞倒数日历带灯"
"deu_Latn","adventskalender blade","圣诞倒数日历 刀片"
"deu_Latn","adventskalender buch 2. klasse","圣诞倒数日历 2年级 书籍"
"deu_Latn","adventskalender damen schmuck","圣诞倒数日历 女士饰品"
"deu_Latn","adventskalender drei !!!","圣诞倒数日历三个！！！"
"deu_Latn","adventskalender edelbitter","圣诞倒数日历 优质苦味巧克力"
"deu_Latn","adventskalender erwachsene kreativ","成人创意圣诞降临日历"
"deu_Latn","adventskalender feuerwehr kinder","圣诞倒数日历 消防队 儿童"
"deu_Latn","adventskalender freche früchte","圣诞倒数日历 调皮水果"
"deu_Latn","adventskalender freundschaft","圣诞倒数日历 友谊"
"deu_Latn","adventskalender früchte","圣诞倒数日历水果"
"deu_Latn","adventskalender für golfer","高尔夫球员的圣诞倒数日历"
"deu_Latn","adventskalender für kinder 6 jahre","适合6岁以上儿童的圣诞倒数日历"
"deu_Latn","adventskalender junge 12 jahre","圣诞倒数日历 12岁儿童"
"deu_Latn","adventskalender kinder 11 jahre mädchen","儿童圣诞倒数日历 11岁 女孩"
"deu_Latn","adventskalender kosmos experimente","圣诞日历 太空 实验"
"deu_Latn","adventskalender kühe","圣诞倒数日历 羔羊"
"deu_Latn","adventskalender little dutch","小荷兰圣诞倒数日历"
"deu_Latn","adventskalender mit tieren","带有动物的圣诞倒数日历"
"deu_Latn","adventskalender moped","圣诞倒数日历 摩托车"
"deu_Latn","adventskalender pferde 2025","2025年马年圣诞倒数日历"
"deu_Latn","adventskalender russisch","俄罗斯风格的圣诞倒数日历"
"deu_Latn","adventskalender toblerone 2025","2025年托布伦巧克力历"
"deu_Latn","adventskalender tüten amazon","圣诞倒数日历袋子 亚马逊"
"deu_Latn","adventskalender vegan frauen","素食主义者女性圣诞日历"
"deu_Latn","adventskalender väter","圣诞倒数日历 父亲"
"deu_Latn","adventskalender yoga 2025","2025年瑜伽圣诞日历"
"deu_Latn","adventskalender zum befüllen aus holz","可填充的木质圣诞倒数日历"
"deu_Latn","adventskalender zum befüllen papierdrachen","可填充的圣诞倒数日历 纸龙风筝"
"deu_Latn","adventskalender+2025+männer","2025年男士圣诞倒数日历"
"deu_Latn","badekugeln adventskalender kinder","浴球 圣诞倒数日历 儿童"
"deu_Latn","dm adventskalender 2025 teenager","dm 2025年圣诞倒数日历 青少年款"
"deu_Latn","flower bouquet adventskalender","花束 圣诞倒数日历"
"deu_Latn","galileo adventskalender","伽利略圣诞倒数日历"
"deu_Latn","geschenktüten für adventskalender","圣诞日历配套赠品袋"
"deu_Latn","healthy adventskalender 2025","2025年健康圣诞日历"
"deu_Latn","hipp adventskalender","hipp 圣诞倒数日历"
"deu_Latn","holzleiter adventskalender","木质梯子圣诞倒数日历"
"deu_Latn","häuschen adventskalender","小屋 圣诞倒数日历"
"deu_Latn","idee für adventskalender füllung","圣诞倒数日历填充物的创意"
"deu_Latn","isana adventskalender","isana 圣诞倒数日历"
"deu_Latn","kaffee adventskalender 2025 ganze bohnen","咖啡 圣诞倒数日历 2025 全豆"
"deu_Latn","keto adventskalender 2025","2025年生酮节礼日历"
"deu_Latn","kinder white adventskalender","儿童白色圣诞倒数日历"
"deu_Latn","kleine geschenke adventskalender erwachsene","小礼物 圣诞倒数日历 成人"
"deu_Latn","kleine geschenke adventskalender teenager","小礼物 圣诞倒数日历 青少年"
"deu_Latn","kochen adventskalender","烹饪圣诞日历"
"deu_Latn","kristall adventskalender 2025 kinder","2025年水晶圣诞倒数日历 儿童"
"deu_Latn","lego adventskalender 2025 ninjago","乐高2025年忍者神龟圣诞日历"
"deu_Latn","lustige socken adventskalender","有趣的袜子圣诞倒数日历"
"deu_Latn","lustiger adventskalender frauen","有趣的圣诞倒数日历 女士"
"deu_Latn","luxury parfum adventskalender","奢华香水圣诞倒数日历"
"deu_Latn","luxus adventskalender","豪华圣诞倒数日历"
"deu_Latn","malen adventskalender","绘制圣诞倒数日历"
"deu_Latn","match attax adventskalender 2025","2025年圣诞倒数日历拼图游戏"
"deu_Latn","mclaren adventskalender 2025","迈凯伦2025年圣诞日历"
"deu_Latn","micky maus adventskalender","米奇老鼠圣诞倒数日历"
"deu_Latn","minibrands adventskalender","迷你品牌圣诞倒数日历"
"deu_Latn","minion adventskalender","小黄人圣诞倒数日历"
"deu_Latn","my buddy adventskalender","我的小伙伴圣诞日历"
"deu_Latn","papa adventskalender 2025","2025年爸爸圣诞倒数日历"
"deu_Latn","papierdrachen adventskalender zum befüllen","可填充的纸风筝圣诞倒数日历"
"deu_Latn","playmobil polizei adventskalender","playmobil 警察 圣诞倒数日历"
"deu_Latn","puzzle adventskalender coppenrath","拼图圣诞倒数日历 Coppenrath"
"deu_Latn","ravensburger exit adventskalender","ravensburger exit 圣诞倒数日历"
"deu_Latn","rc crawler adventskalender","rc爬虫圣诞倒数日历"
"deu_Latn","rezepte adventskalender","食谱 圣诞倒数日历"
"deu_Latn","ronnefeldt adventskalender","ronnefeldt 圣诞倒数日历"
"deu_Latn","schalke 04 adventskalender 2025","沙尔克04 2025年圣诞倒数日历"
"deu_Latn","tier adventskalender","宠物圣诞倒数日历"
"deu_Latn","vogelfutter adventskalender 2025","2025年鸟类饲料圣诞倒数日历"
"deu_Latn","wiha adventskalender","wiha 圣诞倒数日历"
"deu_Latn","zahlen holz adventskalender","木质圣诞倒数日历支付"
"deu_Latn","weihnachtskalender barbie","圣诞日历芭比"
"deu_Latn","weihnachtskalender befüllen","填充圣诞日历"
"deu_Latn","'adventskalender fitness","健身日历"
"deu_Latn","'adventskalender kinder schokolade","圣诞倒数日历 儿童 巧克力"
"deu_Latn","adventskalender 10 euro","圣诞倒数日历 10欧元"
"deu_Latn","adventskalender 17 jahre mädchen","圣诞日历 17岁 女孩"
"deu_Latn","adventskalender 2025 12 jahre","2025年圣诞倒数日历 12个月"
"deu_Latn","adventskalender 2025 14 jahre junge","2025年圣诞倒数日历 14周年纪念版（年轻版）"
"deu_Latn","adventskalender 2025 charlotte tilbury","2025年圣诞倒数日历 Charlotte Tilbury"
"deu_Latn","adventskalender 2025 darts","2025年圣诞倒数日历 飞镖"
"deu_Latn","adventskalender 2025 für freundin","2025年圣诞倒数日历，送给女友"
"deu_Latn","adventskalender 2025 jungen 16 jahre","2025年圣诞倒数日历 16岁少年"
"deu_Latn","adventskalender 2025 jungen 6 jahre","2025年圣诞倒数日历 6岁儿童用"
"deu_Latn","adventskalender 2025 kinder badezusatz","2025年圣诞倒数日历 儿童 泡澡添加剂"
"deu_Latn","adventskalender 2025 kinder socken","2025年圣诞倒数日历 儿童袜子"
"deu_Latn","adventskalender 2025 kinder tiere","2025年圣诞倒数日历 儿童动物"
"deu_Latn","adventskalender 2025 lancome","2025年圣诞倒数日历 兰蔻"
"deu_Latn","adventskalender 2025 mädchen 13","2025年圣诞倒数日历 女孩 13岁"
"deu_Latn","adventskalender 2025 männer ddr","2025年圣诞倒数日历 男士 DDR（德意志民主共和国）"
"deu_Latn","adventskalender 2025 männer whisky","2025年圣诞倒数日历 男士 威士忌"
"deu_Latn","adventskalender 2025 opa","2025年圣诞倒数日历 爷爷"
"deu_Latn","adventskalender 90er jahre","90年代的圣诞倒数日历"
"deu_Latn","adventskalender ab 3 jahre junge","3岁以上儿童圣诞倒数日历"
"deu_Latn","adventskalender aperol","圣诞日历 阿佩罗酒"
"deu_Latn","adventskalender badekugeln kinder","圣诞倒数日历 浴球 儿童"
"deu_Latn","adventskalender baumwolle","圣诞倒数日历 棉质"
"deu_Latn","adventskalender beauty teenager","圣诞倒数日历 美容 青少年"
"deu_Latn","adventskalender buch kinder 2025","2025年儿童圣诞倒数日历书"
"deu_Latn","adventskalender fingerpuppen","圣诞倒数日历手指玩偶"
"deu_Latn","adventskalender für 7 jährige jungs","7岁男孩的圣诞倒数日历"
"deu_Latn","adventskalender für hunde hundespielzeug weihnachten","狗用圣诞倒数日历 狗玩具 圣诞节"
"deu_Latn","adventskalender für trauernde","为哀悼者准备的圣诞倒数日历"
"deu_Latn","adventskalender gemischt","圣诞倒数日历（混合口味）"
"deu_Latn","adventskalender gestell","圣诞倒数日历架"
"deu_Latn","adventskalender high protein","圣诞倒数日历 高蛋白"
"deu_Latn","adventskalender informatik","圣诞日历 信息技术"
"deu_Latn","adventskalender jugendlicher","青少年圣诞倒数日历"
"deu_Latn","adventskalender junge 12","圣诞倒数日历 年轻 12"
"deu_Latn","adventskalender karton zum befüllen","圣诞倒数日历填充用纸盒"
"deu_Latn","adventskalender kette","圣诞倒数日历链"
"deu_Latn","adventskalender kinder socken","圣诞倒数日历 儿童袜"
"deu_Latn","adventskalender kleinkind 3 jahre","圣诞倒数日历 3岁幼儿"
"deu_Latn","adventskalender lamborghini","兰博基尼圣诞倒数日历"
"deu_Latn","adventskalender lauenstein","圣诞倒数日历 Lauenstein"
"deu_Latn","adventskalender lindt kugeln","圣诞倒数日历 林德特 糕点球"
"deu_Latn","adventskalender minnie mouse","圣诞倒数日历 米妮老鼠"
"deu_Latn","adventskalender mit katzenfiguren","带有猫咪图案的圣诞倒数日历"
"deu_Latn","adventskalender mit steinen","圣诞日历石头"
"deu_Latn","adventskalender mitarbeiter ideen","员工圣诞倒数日历创意"
"deu_Latn","adventskalender männer lego","圣诞日历 男士乐高"
"deu_Latn","adventskalender männer wellness","圣诞倒数日历 男士 健康养生"
"deu_Latn","adventskalender nerf","圣诞倒数日历 Nerf"
"deu_Latn","adventskalender neuheiten 2025","2025年新品圣诞倒数日历"
"deu_Latn","adventskalender nähen 2025","2025年圣诞倒数日历缝制"
"deu_Latn","adventskalender paw patrol jungen","圣诞倒数日历 海豹突击队 幼犬历险记"
"deu_Latn","adventskalender plektren","圣诞倒数日历活页夹"
"deu_Latn","adventskalender pokemon figuren","圣诞倒数日历 皮卡丘玩偶"
"deu_Latn","adventskalender programmieren","预设圣诞日历程序"
"deu_Latn","adventskalender rituals 2024","2024年圣诞倒数日历仪式"
"deu_Latn","adventskalender schleich harry potter","圣诞倒数日历 Schleich 哈利·波特"
"deu_Latn","adventskalender schoki","圣诞倒数日历 巧克力"
"deu_Latn","adventskalender spekulatius","圣诞倒数日历 谱克洛蒂乌斯蛋糕"
"deu_Latn","adventskalender stempel","圣诞日历印章"
"deu_Latn","adventskalender sudoku 2025","2025年数独圣诞日历"
"deu_Latn","adventskalender säckchen rosa","圣诞倒数日历小袋子 粉色"
"deu_Latn","adventskalender wien","圣诞倒数日历 维也纳"
"deu_Latn","adventskalender windel schoko","圣诞倒数日历 尿布 巧克力"
"deu_Latn","adventskalender zum selber befüllen stoff","可自行填充的圣诞倒数日历布料"
"deu_Latn","adventure adventskalender","冒险圣诞日历"
"deu_Latn","ars edition adventskalender","ars edition 圣诞倒数日历"
"deu_Latn","asiatische adventskalender","亚洲风格的圣诞倒数日历"
"deu_Latn","beyblade x adventskalender 2025","beyblade x adventskalender 2025"
"deu_Latn","black friday adventskalender","黑色星期五圣诞倒数日历"
"deu_Latn","black pink adventskalender","黑pink圣诞倒数日历"
"deu_Latn","bruder adventskalender","布德勒圣诞倒数日历"
"deu_Latn","cinnamoroll adventskalender","肉桂小贝圣诞倒数日历"
"deu_Latn","crime adventskalender","犯罪冒险日历"
"deu_Latn","daiments painting adventskalender","daiments painting adventskalender"
"deu_Latn","die drei adventskalender 2025 buch","2025年三款圣诞倒数日历书"
"deu_Latn","die drei adventskalender alle","这三款圣诞倒数日历"
"deu_Latn","filz adventskalender","毛毡圣诞倒数日历"
"deu_Latn","fishermans friends adventskalender 2025","fishermans friends 2025年圣诞倒数日历"
"deu_Latn","gefüllte adventskalender","填充式圣诞降临日历"
"deu_Latn","geschenk adventskalender mann","礼品 圣诞倒数日历 男士"
"deu_Latn","haarpflege adventskalender","护发用品圣诞倒数日历"
"deu_Latn","handball adventskalender 2025","2025年手球主题圣诞倒数日历"
"deu_Latn","hilti adventskalender 2025","喜利得2025年圣诞倒数日历"
"deu_Latn","kaffeepads adventskalender","咖啡胶囊 圣诞倒数日历"
"deu_Latn","kondom adventskalender 2025","避孕套 圣诞倒数日历 2025"
"deu_Latn","koro veganer adventskalender 2025","2025年Koro纯素圣诞倒数日历"
"fra_Latn","l'oréal adventskalender","欧莱雅圣诞倒数日历"
"fra_Latn","l'oréal adventskalender 2025","欧莱雅2025年圣诞倒数日历"
"deu_Latn","ladybug adventskalender","瓢虫圣诞倒数日历"
"deu_Latn","lese adventskalender erwachsene","成人阅读圣诞倒数日历"
"deu_Latn","liebes adventskalender 2025","2025年爱心圣诞倒数日历"
"deu_Latn","lindt adventskalender 2025 zartbitter","林德特2025年圣诞倒数日历 丝滑黑巧克力"
"deu_Latn","lindt lindor adventskalender","林德特林多尔圣诞倒数日历"
"deu_Latn","little pet shop adventskalender","小宠物店圣诞倒数日历"
"deu_Latn","mammaly adventskalender","哺乳期圣诞倒数日历"
"deu_Latn","minnie mouse adventskalender","米妮老鼠圣诞日历"
"deu_Latn","nostalgische adventskalender","怀旧风格的圣诞倒数日历"
"deu_Latn","plüschtier adventskalender","毛绒玩具圣诞倒数日历"
"deu_Latn","ps adventskalender 2025","ps 圣诞倒数日历 2025"
"deu_Latn","purelei adventskalender rosegold","纯蕾德圣诞倒数日历 玫瑰金"
"deu_Latn","rick and morty adventskalender","《瑞克和莫蒂》圣诞倒数日历"
"deu_Latn","ruby adventskalender zum befüllen","可填充的红宝石圣诞日历"
"deu_Latn","räucherkegel adventskalender","香薰蜡烛 圣诞倒数日历"
"deu_Latn","schokolinsen adventskalender","巧克力豆圣诞倒数日历"
"deu_Latn","schule adventskalender","学校圣诞日历"
"deu_Latn","teenager adventskalender jungs","青少年圣诞倒数日历 男孩"
"deu_Latn","tüte adventskalender","女孩复临日历"
"deu_Latn","veganer adventskalender lindt","纯素圣诞倒数日历 Lindt"
"deu_Latn","villeroy & boch adventskalender","维勒罗伊&博赫圣诞倒数日历"
"deu_Latn","witze adventskalender erwachsene","笑话 圣诞倒数日历 成人"
"deu_Latn","zahlen zum aufkleben adventskalender","用于粘贴的圣诞倒数日历的支付"
"deu_Latn","geschenke für weihnachtskalender","圣诞日历礼物"
"deu_Latn","weihnachtskalender 2025 werkzeug","2025年圣诞日历工具"
"deu_Latn","weihnachtskalender wein","圣诞日历 酒"
"deu_Latn","'adventskalender schleich","圣诞日历 Schleich"
"deu_Latn","'adventskalender zum befüllen stoff","可填充的圣诞倒数日历布料"
"deu_Latn","adventskalender 2 jährige mädchen","圣诞倒数日历 2岁女孩"
"deu_Latn","adventskalender 2023 frauen","2023年圣诞倒数日历 女士"
"deu_Latn","adventskalender 2025 basteln kinder","2025年圣诞倒数日历 儿童手工制作"
"deu_Latn","adventskalender 2025 bluebrixx","2025年蓝色布里克斯圣诞倒数日历"
"deu_Latn","adventskalender 2025 die schule der magischen tiere","2025年圣诞倒数日历 魔法动物学校"
"deu_Latn","adventskalender 2025 frauen bio","2025年圣诞倒数日历 女士 有机"
"deu_Latn","adventskalender 2025 frauen lf","2025年圣诞倒数日历 女士 LF"
"deu_Latn","adventskalender 2025 frozen","2025年圣诞倒数日历 冰雪奇缘"
"deu_Latn","adventskalender 2025 kinder capybara","2025年圣诞倒数日历 儿童水豚帽"
"deu_Latn","adventskalender 2025 kinder fußball","2025年圣诞倒数日历 儿童 足球"
"deu_Latn","adventskalender 2025 kinder squishmallow","2025年圣诞倒数日历 儿童款史努比毛绒玩具"
"deu_Latn","adventskalender 2025 knobel","2025年圣诞倒数日历 猜谜游戏"
"deu_Latn","adventskalender 2025 kuscheltier","2025年圣诞倒数日历 毛绒玩具"
"deu_Latn","adventskalender 2025 mädchen basteln","2025年圣诞倒数日历 女孩手工制作"
"deu_Latn","adventskalender 2025 männer tee","2025年圣诞倒数日历 男士T恤"
"deu_Latn","adventskalender 2025 odonnell","2025年圣诞倒数日历 odonnell"
"deu_Latn","adventskalender 2025 parfüm männer","2025年圣诞倒数日历 男士香水"
"deu_Latn","adventskalender 2025 real madrid","2025年圣诞倒数日历 皇家马德里"
"deu_Latn","adventskalender 2025 tüten zum befüllen","2025年圣诞倒数日历填充袋"
"deu_Latn","adventskalender ab 4 jahre junge","适合4岁以上儿童的圣诞倒数日历"
"deu_Latn","adventskalender ab 7 jahre junge","7岁以上儿童圣诞倒数日历"
"deu_Latn","adventskalender aufstrich","圣诞倒数日历酱料"
"deu_Latn","adventskalender bei amazon","亚马逊上的圣诞倒数日历"
"deu_Latn","adventskalender berlin","圣诞倒数日历 柏林"
"deu_Latn","adventskalender buch mädchen 10 jahre","圣诞倒数日历 书籍 女孩 10岁"
"deu_Latn","adventskalender bundesliga 2025/2026","2025/2026德甲联赛圣诞日历"
"deu_Latn","adventskalender cookies","圣诞倒数日历饼干"
"deu_Latn","adventskalender dm 2025","2025年dm圣诞日历"
"deu_Latn","adventskalender dosen","圣诞倒数日历罐"
"deu_Latn","adventskalender ente","圣诞倒数日历 鸭子"
"deu_Latn","adventskalender fahrrad zubehör","圣诞倒数日历 自行车 配件"
"deu_Latn","adventskalender füllung freundin","圣诞日历填充物 女友"
"deu_Latn","adventskalender füllung mädchen 12","圣诞倒数日历填充女孩12"
"deu_Latn","adventskalender für 9 jährige jungs","9岁男孩的圣诞倒数日历"
"deu_Latn","adventskalender für hamster","仓鼠圣诞倒数日历"
"deu_Latn","adventskalender heimwerker","圣诞倒数日历  DIY爱好者"
"deu_Latn","adventskalender icrush","圣诞倒数日历 icrush"
"deu_Latn","adventskalender invisibobble","圣诞倒数日历 invisibobble"
"deu_Latn","adventskalender kinder ab 10 jahre","圣诞倒数日历 适合10岁以上儿童"
"deu_Latn","adventskalender klasse","圣诞倒数日历 优质"
"deu_Latn","adventskalender klopfer","圣诞倒数日历 打击器"
"deu_Latn","adventskalender kochen 2025","2025年烹饪式圣诞日历"
"deu_Latn","adventskalender kuscheltier","圣诞倒数日历 毛绒玩具"
"deu_Latn","adventskalender liebesbotschaften","圣诞日历 爱情信息"
"deu_Latn","adventskalender mit büchern kinder","带书籍的儿童圣诞日历"
"deu_Latn","adventskalender mit werkzeug","带工具的圣诞倒数日历"
"deu_Latn","adventskalender mountainbike","圣诞倒数日历 山地自行车"
"deu_Latn","adventskalender mystery","圣诞倒数日历 神秘礼物"
"deu_Latn","adventskalender mädchen make up","圣诞倒数日历 女孩 化妆"
"deu_Latn","adventskalender männer bartpflege","圣诞倒数日历 男士 胡须护理"
"deu_Latn","adventskalender müsli 2025","2025年圣诞倒数日历 燕麦片"
"deu_Latn","adventskalender pusheen","圣诞倒数日历 博美犬"
"deu_Latn","adventskalender rätsel schokolade","圣诞倒数日历 谜题 巧克力"
"deu_Latn","adventskalender strauss","圣诞日历花束"
"deu_Latn","adventskalender tkkg junior","圣诞倒数日历 TKKG 少年版"
"deu_Latn","adventskalender tüten pink","圣诞倒数日历袋子粉色"
"deu_Latn","adventskalender umschläge","圣诞倒数日历封面"
"deu_Latn","adventskalender unisex","圣诞日历 男女通用"
"deu_Latn","adventskalender vollmilch","圣诞倒数日历全脂牛奶"
"deu_Latn","adventskalender zum befüllen jungs","可填充的圣诞倒数日历（男孩款）"
"deu_Latn","adventskalender zum befüllen stoff kinder","可填充的圣诞倒数日历 布料 儿童用"
"deu_Latn","adventskalender ältere frauen","圣诞倒数日历 老年妇女"
"deu_Latn","amazon adventskalender tüten","亚马逊圣诞倒数日历袋"
"deu_Latn","aufkleber für adventskalender 1-24","用于圣诞降临日历的贴纸1-24"
"deu_Latn","baby adventskalender füllung","婴儿圣诞倒数日历填充物"
"deu_Latn","bahlsen adventskalender","巴赫森圣诞倒数日历"
"deu_Latn","bayala adventskalender","bayala 圣诞倒数日历"
"eng_Latn","black box men adventskalender 2025","黑盒男士2025年冒险日历"
"deu_Latn","blanko adventskalender","空白圣诞倒数日历"
"deu_Latn","borussia dortmund adventskalender 2025","多特蒙德足球俱乐部2025年圣诞倒数日历"
"deu_Latn","buldak ramen adventskalender","布达克拉面圣诞倒数日历"
"deu_Latn","catrice adventskalender 2025 tasche","catrice 2025年圣诞日历包"
"deu_Latn","disney adventskalender erwachsene","迪士尼圣诞倒数日历 成人款"
"deu_Latn","eiweiß adventskalender","蛋白质 圣诞倒数日历"
"deu_Latn","ferrero küsschen adventskalender","费列罗小亲亲圣诞倒数日历"
"deu_Latn","fisch adventskalender","鱼形圣诞倒数日历"
"deu_Latn","füllung adventskalender frau","填充式圣诞倒数日历（女士用）"
"deu_Latn","gadget adventskalender","小玩意儿圣诞倒数日历"
"deu_Latn","gizeh adventskalender","吉萨圣诞倒数日历"
"deu_Latn","glubschi adventskalender","glubschi adventskalender"
"deu_Latn","haarpflege adventskalender 2025","护发用品 圣诞倒数日历 2025"
"deu_Latn","katze adventskalender 2025","2025年猫咪圣诞倒数日历"
"deu_Latn","kleine bücher für adventskalender","适用于圣诞倒数日历的小书"
"deu_Latn","kloster kitchen adventskalender 2025","2025年修道院厨房圣诞倒数日历"
"deu_Latn","korsch adventskalender","科尔施圣诞倒数日历"
"deu_Latn","kpop demon hunters adventskalender 2025","KPOP恶魔猎人2025年圣诞倒数日历"
"deu_Latn","krimi adventskalender erwachsene","犯罪小说圣诞日历 成人"
"deu_Latn","l'occitane adventskalender","l'occitane adventskalender 译文：奥克西塔尼圣诞倒数日历"
"deu_Latn","lego adventskalender 2025 kinder","乐高2025年圣诞倒数日历 儿童款"
"deu_Latn","lego adventskalender blumen 2025","乐高2025年圣诞倒数日历花朵"
"deu_Latn","ltb adventskalender","ltb 圣诞倒数日历"
"deu_Latn","magnet adventskalender kinder","磁性圣诞倒数日历 儿童"
"deu_Latn","mini sachen für adventskalender","迷你物品用于圣诞倒数日历"
"deu_Latn","mozartkugel adventskalender","莫扎特巧克力历 adventskalender（圣诞倒数日历）"
"deu_Latn","mystery adventskalender 2025","神秘圣诞倒数日历2025"
"deu_Latn","niederegger adventskalender 2025 marzipan","Niederegger 2025年圣诞倒数日历 榛子糖"
"deu_Latn","no cosmetics adventskalender 2025","无化妆品2025年圣诞倒数日历"
"deu_Latn","oma und opa adventskalender 2025","祖父母圣诞倒数日历 2025"
"deu_Latn","panini adventskalender 2025","2025年潘尼尼圣诞倒数日历"
"deu_Latn","piraten adventskalender","海盗圣诞倒数日历"
"deu_Latn","playboy adventskalender","花花公子圣诞倒数日历"
"deu_Latn","playmobil horses of waterfall adventskalender","playmobil瀑布马圣诞日历"
"deu_Latn","postillon adventskalender","邮递员圣诞倒数日历"
"deu_Latn","rituals männer adventskalender","rituals 男士圣诞倒数日历"
"deu_Latn","slimy adventskalender 2025","2025年黏滑圣诞日历"
"deu_Latn","socken adventskalender 24 paar","袜子 圣诞倒数日历 24双"
"deu_Latn","squid game adventskalender","鱿鱼游戏圣诞倒数日历"
"deu_Latn","sticker für adventskalender","用于圣诞倒数日历的贴纸"
"deu_Latn","stoffbeutel adventskalender zum befüllen","可填充的布袋圣诞倒数日历"
"deu_Latn","tic tac adventskalender","叮当口香糖倒数日历"
"deu_Latn","tim burton adventskalender","蒂姆·波顿圣诞倒数日历"
"deu_Latn","tischtennis adventskalender 2025","乒乓球 圣诞倒数日历 2025"
"deu_Latn","tüten für adventskalender groß","用于圣诞倒数日历的大袋子"
"deu_Latn","weed adventskalender","大麻圣诞倒数日历"
"deu_Latn","weihnachtskiste adventskalender","圣诞礼盒 圣诞倒数日历"
"deu_Latn","werkzeug adventskalender 2025 hazet","工具 圣诞倒数日历 2025 hazet"
"deu_Latn","womanizer adventskalender 2025","女性诱惑圣诞日历2025"
"deu_Latn","yogi adventskalender","瑜伽圣诞倒数日历"
"deu_Latn","zaubertricks adventskalender","魔术把戏 圣诞倒数日历"
"deu_Latn","ätherische öle adventskalender","精油 圣诞倒数日历"
"deu_Latn","weihnachtskalender 2025 frau","2025年圣诞日历 女士"
"deu_Latn","weihnachtskalender befüllen ideen","圣诞日历填充点子"
"deu_Latn","weihnachtskalender bilder","圣诞日历图片"
"deu_Latn","werkzeug weihnachtskalender 2025","2025年圣诞日历工具"
"deu_Latn","24 geschenke für adventskalender mann","24份男士圣诞倒数日历礼物"
"deu_Latn","adventskalender 2025 !!!","2025年圣诞倒数日历！！！"
"deu_Latn","adventskalender 2025 beauty maybelline","2025年圣诞倒数日历 美白 美宝莲"
"deu_Latn","adventskalender 2025 dior","2025年迪奥圣诞倒数日历"
"deu_Latn","adventskalender 2025 junge 11 jahre","2025年圣诞倒数日历 11岁儿童"
"deu_Latn","adventskalender 2025 kinder 7 jahre junge","2025年圣诞倒数日历 儿童 7岁 幼年"
"deu_Latn","adventskalender 2025 kinder 8 jahre mädchen","2025年圣诞倒数日历 8岁儿童 女孩"
"deu_Latn","adventskalender 2025 loccitane","2025年圣诞倒数日历 loccitane"
"deu_Latn","adventskalender 2025 lübecker marzipan","2025年圣诞倒数日历 慕尼黑杏仁糖"
"deu_Latn","adventskalender 2025 mit parfüm","2025年带香水的圣诞倒数日历"
"deu_Latn","adventskalender 2025 männer düfte","2025年圣诞倒数日历 男士 香氛"
"deu_Latn","adventskalender 2025 naturkosmetik","2025年圣诞倒数日历 天然化妆品"
"deu_Latn","adventskalender 2025 outdoor","2025年圣诞倒数日历 户外"
"deu_Latn","adventskalender 2025 sale","2025年圣诞倒数日历促销"
"deu_Latn","adventskalender 2025 weingummi","2025年圣诞倒数日历 葡萄牙软糖"
"deu_Latn","adventskalender ab 8","圣诞倒数日历 8起"
"deu_Latn","adventskalender bauernhof kinder","圣诞日历 农场 儿童"
"deu_Latn","adventskalender baufahrzeuge","圣诞倒数日历 工程车辆"
"deu_Latn","adventskalender blanko","空白圣诞日历"
"deu_Latn","adventskalender champions league","欧冠日历"
"deu_Latn","adventskalender drogerie","圣诞倒数日历 药店"
"deu_Latn","adventskalender essie 2025","2025年Essie圣诞倒数日历"
"deu_Latn","adventskalender fast and furious","《速度与激情》圣诞倒数日历"
"deu_Latn","adventskalender für demenzkranke","适合痴呆症患者的圣诞倒数日历"
"deu_Latn","adventskalender für erwachsene 2025","2025年成人圣诞倒数日历"
"deu_Latn","adventskalender für hasen","圣诞倒数日历（兔子款）"
"deu_Latn","adventskalender für schwangere 2025","2025年孕妇圣诞倒数日历"
"deu_Latn","adventskalender geolino","adventskalender geolino"
"deu_Latn","adventskalender gondeln","圣诞倒数日历 矿车"
"deu_Latn","adventskalender idee","圣诞倒数日历创意"
"deu_Latn","adventskalender inhalte kinder","圣诞倒数日历内容 儿童"
"deu_Latn","adventskalender junge 1 jahr","圣诞倒数日历 1岁"
"deu_Latn","adventskalender jute","圣诞倒数日历黄麻"
"deu_Latn","adventskalender keks","圣诞倒数日历饼干"
"deu_Latn","adventskalender kinder auto","儿童圣诞倒数日历 汽车"
"deu_Latn","adventskalender kinder süßigkeiten","圣诞倒数日历 儿童 糖果"
"deu_Latn","adventskalender kinder tüten","圣诞倒数日历 儿童小礼包"
"deu_Latn","adventskalender kinderriegel","圣诞日历儿童棒状巧克力"
"deu_Latn","adventskalender kisten","圣诞倒数日历箱子"
"deu_Latn","adventskalender klassenzimmer","圣诞倒数日历 教室"
"deu_Latn","adventskalender knobel erwachsene","圣诞日历 破解 成人"
"deu_Latn","adventskalender likör 2025","2025年圣诞倒数日历利口酒"
"deu_Latn","adventskalender mama und papa","圣诞倒数日历 爸爸和妈妈"
"deu_Latn","adventskalender marvel lego","漫威乐高圣诞倒数日历"
"deu_Latn","adventskalender marzipan mini","圣诞倒数日历 榛子糖迷你"
"deu_Latn","adventskalender meerestiere","圣诞倒数日历 海洋动物"
"deu_Latn","adventskalender musik kinder","圣诞日历 音乐 儿童"
"deu_Latn","adventskalender mädchen 15","圣诞倒数日历 女孩 15"
"deu_Latn","adventskalender mädchen 6","圣诞倒数日历 女孩 6"
"deu_Latn","adventskalender mädchen kreativ","圣诞倒数日历 女孩 创意"
"deu_Latn","adventskalender mädchen schokolade","圣诞倒数日历 女孩 巧克力"
"deu_Latn","adventskalender männer amazon","圣诞倒数日历 男士 亚马逊"
"deu_Latn","adventskalender männer lustig","圣诞倒数日历 男士 搞笑"
"deu_Latn","adventskalender männer selber machen","自制男士圣诞倒数日历"
"deu_Latn","adventskalender märklin","圣诞日历 Märklin"
"deu_Latn","adventskalender perlen","圣诞倒数日历 珍珠"
"deu_Latn","adventskalender personalisiert foto","个性化圣诞倒数日历 带照片"
"deu_Latn","adventskalender schokolade nostalgisch","圣诞倒数日历 巧克力 怀旧"
"deu_Latn","adventskalender schwartau","圣诞倒数日历 Schwartau"
"deu_Latn","adventskalender starwars","星球大战圣诞日历"
"deu_Latn","adventskalender titanic","天路历程日历 泰坦尼克"
"deu_Latn","adventskalender vollmilchschokolade","圣诞倒数日历 全脂牛奶巧克力"
"deu_Latn","adventskalender wolle 2025","2025年羊毛圣诞倒数日历"
"deu_Latn","adventskalender yogurette","圣诞倒数日历 酸奶"
"deu_Latn","adventskalender zum befüllen baumwolle","可填充的圣诞倒数日历（填充物为棉花）"
"deu_Latn","alverde adventskalender","alverde 圣诞倒数日历"
"deu_Latn","amazon-adventskalender männer","亚马逊圣诞倒数日历 男士"
"deu_Latn","bagger adventskalender 2025","挖掘机圣诞倒数日历2025"
"deu_Latn","barebells adventskalender","barebells 圣诞倒数日历"
"deu_Latn","beutel adventskalender stoff","圣诞倒数日历布袋"
"deu_Latn","bosch adventskalender 2024","博世2024年圣诞倒数日历"
"deu_Latn","brast adventskalender","brast adventskalender"
"deu_Latn","comic adventskalender","漫画圣诞日历"
"deu_Latn","cosmetic adventskalender","化妆品圣诞日历"
"deu_Latn","eisenbahn adventskalender 2025","2025年铁路主题圣诞倒数日历"
"deu_Latn","feuerwerk adventskalender 2025","2025年烟花圣诞倒数日历"
"deu_Latn","französischer adventskalender","法式圣诞倒数日历"
"deu_Latn","hanuta adventskalender","汉娜塔圣诞倒数日历"
"deu_Latn","harry potter adventskalender spielzeug","哈利波特圣诞倒数日历玩具"
"deu_Latn","harry potter funko pop adventskalender","哈利波特Funko Pop圣诞倒数日历"
"deu_Latn","heinz erhardt adventskalender","海恩茨·埃哈特圣诞倒数日历"
"deu_Latn","historische adventskalender","历史性的圣诞倒数日历"
"deu_Latn","ice adventskalender","冰雕圣诞日历"
"deu_Latn","kaffe adventskalender 2025","2025年咖啡圣诞倒数日历"
"deu_Latn","kinetic sand adventskalender","动能沙圣诞倒数日历"
"deu_Latn","kleine adventskalender tüten","小圣诞倒数日历袋子"
"deu_Latn","kleine gadgets für adventskalender","适用于圣诞倒数日历的小型小玩意"
"deu_Latn","kleinigkeiten adventskalender mädchen","小细节 圣诞倒数日历 女孩"
"deu_Latn","kräuter adventskalender 2025","草药圣诞倒数日历 2025"
"deu_Latn","liebes adventskalender","亲爱的圣诞倒数日历"
"deu_Latn","literatur adventskalender 2025","2025年文学圣诞日历"
"deu_Latn","lustige adventskalender 2025","有趣的2025年圣诞降临日历"
"deu_Latn","lustiger adventskalender für mann","适合男士的有趣圣诞倒数日历"
"deu_Latn","luxus adventskalender 2025 männer","2025年奢华圣诞倒数日历 男士"
"deu_Latn","make up adventskalender essence","圣诞倒数日历精华"
"deu_Latn","maus adventskalender experimente","鼠标 圣诞倒数日历 实验"
"deu_Latn","maybelline new york adventskalender 2025","美宝莲纽约2025年圣诞倒数日历"
"deu_Latn","mini parfüm adventskalender 2025","2025年迷你香水圣诞倒数日历"
"deu_Latn","mini tüten adventskalender","迷你袋式圣诞倒数日历"
"deu_Latn","minions adventskalender 2025","小黄人2025年圣诞倒数日历"
"deu_Latn","minis für adventskalender","迷你版圣诞倒数日历"
"deu_Latn","nachhaltiger adventskalender","可持续圣诞倒数日历"
"deu_Latn","nici adventskalender 2025","妮西2025年圣诞倒数日历"
"deu_Latn","nomo adventskalender vegan","nomo 腊月日历 素食"
"deu_Latn","nuxe adventskalender","纽西之谜圣诞倒数日历"
"deu_Latn","persönlicher adventskalender","个人圣诞倒数日历"
"deu_Latn","pippi langstrumpf adventskalender","皮皮长袜子圣诞倒数日历"
"deu_Latn","play-doh adventskalender","play-doh 圣诞倒数日历"
"deu_Latn","pralinenbote adventskalender","巧克力信使圣诞倒数日历"
"deu_Latn","schlüsselanhänger adventskalender","钥匙扣 圣诞倒数日历"
"deu_Latn","schokoladen adventskalender für kinder","儿童巧克力圣诞倒数日历"
"deu_Latn","stitch adventskalender pandora","刺绣圣诞日历 珀诗路达（Pandora）"
"deu_Latn","sugargang adventskalender 2025","sugargang 2025年圣诞倒数日历"
"deu_Latn","süßigkeiten zum befüllen für adventskalender","待填充的圣诞倒数日历糖果"
"deu_Latn","tassimo adventskalender","tassimo 圣诞倒数日历"
"deu_Latn","vegan box adventskalender","素食盒圣诞倒数日历"
"deu_Latn","vtech adventskalender 2025","VTech 2025年圣诞倒数日历"
"deu_Latn","waldorf adventskalender","waldorf 圣诞倒数日历"
"deu_Latn","weihnachtsbuch adventskalender","圣诞书 圣诞日历"
"deu_Latn","wellness adventskalender für frauen","女性专用养生圣诞倒数日历"
"deu_Latn","wera adventskalender 2022","wera 圣诞倒数日历 2022"
"deu_Latn","woll adventskalender 2025","羊毛圣诞倒数日历 2025"
"deu_Latn","wolle adventskalender","羊毛圣诞倒数日历"
"deu_Latn","red bull weihnachtskalender","红牛圣诞日历"
"deu_Latn","schokoladen weihnachtskalender","巧克力圣诞日历"
"deu_Latn","tee weihnachtskalender 2025","2025年圣诞日历茶"
"deu_Latn","weihnachtskalender mit schokolade","带巧克力的圣诞日历"
"deu_Latn","weihnachtskalender nostalgisch","怀旧风格的圣诞日历"
"deu_Latn","'adventskalender essen","圣诞日历食品"
"deu_Latn","adventskalender 2025 11 jahre","2025年圣诞倒数日历 11年"
"deu_Latn","adventskalender 2025 chips pringles","2025年圣诞倒数日历 薄脆薯片 皮林格斯"
"deu_Latn","adventskalender 2025 frauen schmuck gold","2025年圣诞倒数日历 女士 金饰"
"deu_Latn","adventskalender 2025 für angler","2025年垂钓爱好者圣诞倒数日历"
"deu_Latn","adventskalender 2025 japanische süßigkeiten","2025年日本糖果圣诞倒数日历"
"deu_Latn","adventskalender 2025 jungen 13 jahre","2025年圣诞倒数日历 13岁男孩"
"deu_Latn","adventskalender 2025 kerzen yankee","2025年圣诞倒数日历 烛光 好时"
"deu_Latn","adventskalender 2025 lego marvel","2025年乐高漫威圣诞倒数日历"
"deu_Latn","adventskalender 2025 marmelade und honig","2025年圣诞倒数日历 果酱和蜂蜜"
"deu_Latn","adventskalender 2025 mädchen essence","2025年圣诞倒数日历 女孩版 essence"
"deu_Latn","adventskalender 2025 männer fahrrad","2025年圣诞倒数日历 男士 自行车"
"deu_Latn","adventskalender 2025 neuheiten","2025年圣诞倒数日历新品"
"deu_Latn","adventskalender 2025 schalke","2025年圣诞倒数日历 沙尔克"
"deu_Latn","adventskalender 2025 sol de janeiro","2025年圣诞倒数日历 1月sol（注：此处“sol”可能为特定品牌或型号名称，直接保留）"
"deu_Latn","adventskalender 2025 vegetarisch","2025年素食圣诞日历"
"deu_Latn","adventskalender befüllen inhalt frauen","圣诞日历填充内容 女性"
"deu_Latn","adventskalender befüllen teenager","圣诞倒数日历填充 青少年"
"deu_Latn","adventskalender boxen groß","圣诞倒数日历大盒装"
"deu_Latn","adventskalender buch romance","圣诞日历 书籍 浪漫"
"deu_Latn","adventskalender buttons","圣诞倒数日历按钮"
"deu_Latn","adventskalender checker","圣诞倒数日历检查器"
"deu_Latn","adventskalender deine zweisamkeit","圣诞倒数日历 你们的二人世界"
"deu_Latn","adventskalender dessous","圣诞倒数日历内衣"
"deu_Latn","adventskalender diamond painting 2025","2025钻石画圣诞日历"
"deu_Latn","adventskalender drache","圣诞倒数日历 龙形"
"deu_Latn","adventskalender echtschmuck","圣诞倒数日历 真实珠宝"
"deu_Latn","adventskalender frauen 2025 rituals","2025年女性圣诞倒数日历 Rituals"
"deu_Latn","adventskalender für frauen parfüm","女性专用香水圣诞倒数日历"
"deu_Latn","adventskalender für kleine hunde","小型犬圣诞倒数日历"
"deu_Latn","adventskalender für männer ideen","男士圣诞倒数日历创意"
"deu_Latn","adventskalender gabbys dollhouse 2025","2025年加比娃娃屋圣诞日历"
"deu_Latn","adventskalender katzenmotiv","圣诞倒数日历 猫咪图案"
"deu_Latn","adventskalender kind 5 jahre","圣诞倒数日历 5岁儿童"
"deu_Latn","adventskalender kinder dino","儿童恐龙圣诞倒数日历"
"deu_Latn","adventskalender kinder kosmetik","儿童化妆品圣诞日历"
"deu_Latn","adventskalender kleine hunde","圣诞倒数日历 小狗"
"deu_Latn","adventskalender kollegium","圣诞日历 学院"
"deu_Latn","adventskalender kreativ teenager","创意圣诞倒数日历 青少年"
"deu_Latn","adventskalender lindt mini","林德迷你圣诞倒数日历"
"deu_Latn","adventskalender mit türchen","圣诞倒数日历带小门"
"deu_Latn","adventskalender mädchen 14-15 jahre","圣诞日历 女孩 14-15岁"
"deu_Latn","adventskalender pandora 2025","潘多拉2025年圣诞倒数日历"
"deu_Latn","adventskalender paw patrol mädchen","圣诞倒数日历 小狗巡逻队 女孩"
"deu_Latn","adventskalender purelei 2024","2024年纯羊毛圣诞倒数日历"
"deu_Latn","adventskalender sexy männer","圣诞倒数日历 性感 男士"
"deu_Latn","adventskalender shot","圣诞倒数日历酒"
"deu_Latn","adventskalender star wars lego","《星球大战》乐高圣诞倒数日历"
"deu_Latn","adventskalender säckchen rot","圣诞倒数日历小袋红色"
"deu_Latn","adventskalender taylor swift 2025","2025年泰勒·斯威夫特圣诞倒数日历"
"deu_Latn","adventskalender tea","圣诞倒数日历茶"
"deu_Latn","adventskalender tüten papier","圣诞倒数日历袋子纸"
"deu_Latn","adventskalender waldorf","圣诞倒数日历 Waldorf"
"deu_Latn","adventskalender weleda 2025","2025年weleda圣诞日历"
"deu_Latn","adventskalender zahlen klammern","圣诞倒数日历 支付 括号"
"deu_Latn","adventskalender zum befüllen hängen","可填充的圣诞降临日历挂件"
"deu_Latn","adventskalender zum befüllen katzen","可填充的圣诞倒数日历（猫用）"
"deu_Latn","adventskalender zum selberfüllen","自填式圣诞倒数日历"
"deu_Latn","adventskalender zum selbermachen","自制圣诞倒数日历"
"deu_Latn","astrid lindgren adventskalender","阿斯特丽德·林格伦圣诞倒数日历"
"deu_Latn","ava and may adventskalender","ava和may的圣诞倒数日历"
"deu_Latn","baby born adventskalender 2024","2024年宝宝诞生圣诞倒数日历"
"deu_Latn","backbuch für teenager adventskalender","青少年用倒数日历手册"
"deu_Latn","barbara behr adventskalender","芭芭拉·贝尔圣诞倒数日历"
"deu_Latn","book adventskalender","书圣诞日历"
"deu_Latn","bosch 41-tlg. adventskalender 2025","博世41件套2025年圣诞倒数日历"
"deu_Latn","brain rot adventskalender","脑残圣诞倒数日历"
"deu_Latn","bundeswehr adventskalender","联邦国防军圣诞倒数日历"
"deu_Latn","die drei fragezeichen kids adventskalender 2025","2025年三个问号儿童圣诞倒数日历"
"deu_Latn","disney stitch adventskalender 2025","迪士尼斯蒂奇2025年圣诞倒数日历"
"deu_Latn","eltern adventskalender 2025","2025年父母圣诞倒数日历"
"deu_Latn","exit adventskalender kosmos","退出 圣诞倒数日历 太空"
"deu_Latn","fingerboard adventskalender","指板圣诞日历"
"deu_Latn","flex adventskalender","灵活圣诞日历"
"deu_Latn","furby adventskalender 2025","福比2025年圣诞倒数日历"
"deu_Latn","füllung adventskalender kind 3 jahre","填充物 圣诞倒数日历 儿童 3岁"
"deu_Latn","glühwein und gelassenheit adventskalender","热葡萄酒与从容不迫的圣诞日历"
"deu_Latn","grammophon adventskalender","留声机圣诞倒数日历"
"deu_Latn","haarschmuck adventskalender 2025","2025年发饰圣诞倒数日历"
"deu_Latn","heilsteine adventskalender","圣石圣诞倒数日历"
"deu_Latn","hello adventskalender","你好，圣诞日历"
"deu_Latn","hensslers adventskalender","hensslers 圣诞倒数日历"
"deu_Latn","holzklammern adventskalender","木质夹子 圣诞倒数日历"
"deu_Latn","i crimax adventskalender","i crimax 圣诞倒数日历"
"deu_Latn","jutesäckchen adventskalender groß","麻布小袋 圣诞倒数日历 大号"
"deu_Latn","kiehls adventskalender 2025","基尔斯2025年圣诞日历"
"deu_Latn","kinder beauty adventskalender","儿童美容圣诞倒数日历"
"deu_Latn","kleine geschenke für adventskalender mädchen","女孩圣诞倒数日历的小礼物"
"deu_Latn","kleiner feigling adventskalender 2025","小胆鬼2025年圣诞倒数日历"
"deu_Latn","kleinigkeiten für männer adventskalender","男士小物件圣诞倒数日历"
"deu_Latn","legami stifte weihnachten edition 2025 adventskalender","legami笔 圣诞节版2025 圣诞倒数日历"
"deu_Latn","lego adventskalender krippe","乐高圣诞倒数日历 圣诞马槽"
"deu_Latn","majorette adventskalender","majorette adventskalender"
"deu_Latn","manga adventskalender 2025 zeichnen","漫画圣诞日历2025绘制"
"deu_Latn","miniverse make it mini food adventskalender","迷你宇宙打造迷你食品圣诞倒数日历"
"deu_Latn","modelleisenbahn adventskalender","模型火车圣诞倒数日历"
"deu_Latn","monster adventskalender","怪兽圣诞倒数日历"
"deu_Latn","mr beast adventskalender 2025","mr beast 2025年圣诞日历"
"deu_Latn","mädchen füllung adventskalender","女孩填充式圣诞倒数日历"
"deu_Latn","neo adventskalender","neo 圣诞日历"
"deu_Latn","paw-patrol adventskalender","《帕哇巡逻队》圣诞倒数日历"
"deu_Latn","pez adventskalender 2025","佩兹2025年圣诞日历"
"deu_Latn","schmuck adventskalender frauen","女性饰品圣诞倒数日历"
"deu_Latn","snoopy adventskalender 2025 socken","2025年史努比圣诞倒数日历袜子"
"deu_Latn","sternenschweif adventskalender 2025","星芒圣诞倒数日历 2025"
"deu_Latn","trüffel adventskalender 2025","松露圣诞倒数日历 2025"
"deu_Latn","twilight adventskalender","暮光圣诞日历"
"deu_Latn","verpoorten adventskalender","verpoorten adventskalender"
"deu_Latn","weihnachten adventskalender","圣诞 圣诞日历"
"deu_Latn","weihnachtsdorf adventskalender","圣诞村圣诞日历"
"deu_Latn","wincent weiss adventskalender","温森特·魏斯圣诞倒数日历"
"deu_Latn","witze adventskalender","笑话 圣诞倒数日历"
"deu_Latn","wundervolle welt adventskalender","绝妙的世界圣诞倒数日历"
"deu_Latn","zahlen adventskalender klammer","支付 圣诞倒数日历 夹子"
"deu_Latn","zuckerfrei adventskalender","无糖圣诞倒数日历"
"deu_Latn","zuckerfreier adventskalender 2025","无糖圣诞降临日历2025"
"deu_Latn","fussball weihnachtskalender","足球圣诞日历"
"deu_Latn","harry potter weihnachtskalender 2025","哈利波特2025年圣诞日历"
"deu_Latn","kosmetik weihnachtskalender 2025","2025年化妆品圣诞日历"
"deu_Latn","playmobil weihnachtskalender","playmobil 圣诞日历"
"deu_Latn","weihnachtskalender 2025 milka","2025年圣诞日历 milka"
"deu_Latn","weihnachtskalender auto","圣诞日历 汽车"
"deu_Latn","adventskalender 2025 ahead","2025年圣诞倒数日历 提前"
"deu_Latn","adventskalender 2025 buben","2025年圣诞倒数日历（男孩版）"
"deu_Latn","adventskalender 2025 candy","2025年圣诞倒数日历 糖果"
"deu_Latn","adventskalender 2025 douglas parfüm","2025年圣诞倒数日历 Douglas香水"
"deu_Latn","adventskalender 2025 frauen balea","2025年圣诞倒数日历 女士 Balea（品牌名）"
"deu_Latn","adventskalender 2025 frauen pralinen","2025年圣诞倒数日历 女士巧克力"
"deu_Latn","adventskalender 2025 holly","2025年圣诞倒数日历 洛莉"
"deu_Latn","adventskalender 2025 instant nudeln","2025年圣诞倒数日历 即食面条"
"deu_Latn","adventskalender 2025 kinder ab 8 jahre","2025年圣诞倒数日历，适合8岁以上儿童"
"deu_Latn","adventskalender 2025 krippe","2025年圣诞倒数日历 圣诞马槽"
"deu_Latn","adventskalender 2025 m asam","2025年圣诞倒数日历 m asam"
"deu_Latn","adventskalender 2025 mit sprüchen","2025年圣诞倒数日历带箴言"
"deu_Latn","adventskalender 2025 pringels","2025年圣诞倒数日历 Pringels"
"deu_Latn","adventskalender 2025 prinzessin","2025年圣诞倒数日历 公主"
"deu_Latn","adventskalender 2025 rezepte","2025年圣诞倒数日历食谱"
"deu_Latn","adventskalender 2025 säckchen","2025年圣诞倒数日历小袋子"
"deu_Latn","adventskalender 2025 trend it up","2025年圣诞倒数日历，引领潮流"
"deu_Latn","adventskalender 2025 zaubern","2025年圣诞倒数日历 魔法开启"
"deu_Latn","adventskalender adhs","圣诞倒数日历 adhs"
"deu_Latn","adventskalender adventure","圣诞倒数日历 冒险"
"deu_Latn","adventskalender asterix","圣诞倒数日历 阿斯特里克斯"
"deu_Latn","adventskalender beutel stoff groß","圣诞倒数日历布袋大号"
"deu_Latn","adventskalender boxen zum befüllen groß","装可填充物品的圣诞倒数日历盒（大号）"
"deu_Latn","adventskalender bts 2025","圣诞倒数日历 BTS 2025"
"deu_Latn","adventskalender buch die drei ausrufezeichen","圣诞日历书 三个感叹号"
"deu_Latn","adventskalender buch krimi","圣诞日历 书籍 犯罪小说"
"deu_Latn","adventskalender bülow lakritz","圣诞倒数日历 Bülow 甘草"
"deu_Latn","adventskalender delikatessen","圣诞日历特产"
"deu_Latn","adventskalender dominosteine","圣诞倒数日历 多米诺骨牌"
"deu_Latn","adventskalender esn 2025","2025年圣诞倒数日历 ESN"
"deu_Latn","adventskalender fanta","找到复临日历"
"deu_Latn","adventskalender filme","圣诞倒数日历电影"
"deu_Latn","adventskalender frau 2025","2025年女士圣诞倒数日历"
"deu_Latn","adventskalender funny chips","趣味薯片圣诞倒数日历"
"deu_Latn","adventskalender fur männer","男士圣诞倒数日历"
"deu_Latn","adventskalender füllung papa","圣诞倒数日历填充物 爸爸"
"deu_Latn","adventskalender für 8 jährige mädchen","适合8岁女孩的圣诞倒数日历"
"deu_Latn","adventskalender für kleinkinder ab 1 jahr","适合1岁以上幼儿的圣诞倒数日历"
"deu_Latn","adventskalender für schüler","学生圣诞倒数日历"
"deu_Latn","adventskalender gefriergetrocknete früchte","圣诞倒数日历 冻干水果"
"deu_Latn","adventskalender handarbeit 2025","2025年手工制作的圣诞倒数日历"
"deu_Latn","adventskalender haushalt","圣诞倒数日历 家用"
"deu_Latn","adventskalender heinz","海恩茨圣诞倒数日历"
"deu_Latn","adventskalender insekten","圣诞倒数日历 昆虫"
"deu_Latn","adventskalender k-pop demon hunter","圣诞倒数日历 K-pop Demon Hunter"
"deu_Latn","adventskalender kaugummi extra","圣诞倒数日历口香糖特惠"
"deu_Latn","adventskalender kinder ab 3 jahre","圣诞倒数日历 适合3岁以上儿童"
"deu_Latn","adventskalender kinder ohne schokolade","儿童无巧克力圣诞日历"
"deu_Latn","adventskalender klemmbausteine 2025","2025年圣诞倒数日历 磁性拼接积木"
"deu_Latn","adventskalender lose","散装圣诞倒数日历"
"deu_Latn","adventskalender mit eigenem foto","带有自定义照片的圣诞倒数日历"
"deu_Latn","adventskalender mit taschen","带口袋的圣诞倒数日历"
"deu_Latn","adventskalender mädchen 8","圣诞倒数日历 女孩 8"
"deu_Latn","adventskalender mönchengladbach","圣诞倒数日历门兴格拉德巴赫"
"deu_Latn","adventskalender paar challenge","圣诞倒数日历 配对 挑战"
"deu_Latn","adventskalender paare duell","圣诞日历情侣对决"
"deu_Latn","adventskalender papier nostalgisch","圣诞倒数日历 纸质 怀旧"
"deu_Latn","adventskalender pferde schleich","圣诞倒数日历 马 沙莱克"
"deu_Latn","adventskalender philosophie","圣诞日历哲学"
"deu_Latn","adventskalender ricola","ricola圣诞日历"
"deu_Latn","adventskalender schleich tiere","圣诞日历施莱赫动物"
"deu_Latn","adventskalender schokolinsen","圣诞日历 巧克力豆"
"deu_Latn","adventskalender snoopy socken","圣诞倒数日历 史努比袜子"
"deu_Latn","adventskalender starbucks","星巴克圣诞倒数日历"
"deu_Latn","adventskalender stricken häkeln","编织圣诞倒数日历 钩织圣诞倒数日历"
"deu_Latn","adventskalender teelicht","圣诞倒数日历 茶烛"
"deu_Latn","adventskalender topps","圣诞倒数日历 Topps"
"deu_Latn","adventskalender tung tung sahur","圣诞倒数日历 涂鸦 涂鸦 斋月饭"
"deu_Latn","adventskalender türen","圣诞倒数日历门"
"deu_Latn","adventskalender tüten set","圣诞日历套装袋"
"deu_Latn","adventskalender zum befüllen schachtel","可填充的圣诞降临日历盒子"
"deu_Latn","adventskalender zum befüllen xxl säckchen","可填充的圣诞倒数日历xxl小袋"
"deu_Latn","alpaka adventskalender","羊驼历 adventskalender"
"deu_Latn","amigurumi adventskalender","阿米古鲁米圣诞日历"
"deu_Latn","avengers adventskalender 2025","复仇者联盟2025年圣诞倒数日历"
"deu_Latn","besondere adventskalender füllung","特别的圣诞倒数日历填充物"
"deu_Latn","bvb adventskalender 2026","bvb 2026年圣诞倒数日历"
"deu_Latn","checker adventskalender","格子圣诞日历"
"deu_Latn","chio adventskalender","chio 圣诞倒数日历"
"deu_Latn","dinge für adventskalender männer","适用于男士的圣诞倒数日历配件"
"deu_Latn","drei kids adventskalender","三只小熊圣诞倒数日历"
"deu_Latn","eis deluxe erotischer adventskalender 2025","2025年豪华冰制色情圣诞倒数日历"
"deu_Latn","eltern adventskalender","父母圣诞倒数日历"
"deu_Latn","ener bio adventskalender","ener bio 圣诞倒数日历"
"deu_Latn","energy drink adventskalender 2025","能量饮料圣诞倒数日历2025"
"deu_Latn","erotische adventskalender","色情圣诞倒数日历"
"deu_Latn","festool adventskalender","费斯托圣诞日历"
"deu_Latn","füllung adventskalender junge 11","填充圣诞倒数日历 年轻 11"
"deu_Latn","für den adventskalender kinder","儿童圣诞倒数日历"
"deu_Latn","galileo adventskalender 2025","伽利略2025年圣诞倒数日历"
"deu_Latn","gedore red adventskalender 2025","gedore red adventskalender 2025"
"deu_Latn","gregs tagebuch adventskalender 2025","格雷格日记2025年圣诞倒数日历"
"deu_Latn","hunde adventskalender zum befüllen","可填充的狗狗圣诞倒数日历"
"deu_Latn","italien adventskalender","意大利圣诞倒数日历"
"deu_Latn","jean & len adventskalender","jean & len 圣诞倒数日历"
"deu_Latn","kaffeebohnen adventskalender","咖啡豆 圣诞倒数日历"
"deu_Latn","kinder adventskalender mädchen","儿童圣诞倒数日历 女孩"
"deu_Latn","lego disney adventskalender","乐高迪士尼圣诞倒数日历"
"deu_Latn","lego spiderman adventskalender","乐高蜘蛛侠圣诞倒数日历"
"deu_Latn","london adventskalender 2025","2025年伦敦圣诞倒数日历"
"deu_Latn","maybelline adventskalender 2024","美宝莲2024年圣诞倒数日历"
"deu_Latn","mini parfum adventskalender damen","女士迷你香水圣诞倒数日历"
"deu_Latn","miniverse adventskalender 2025","迷你宇宙2025年圣诞日历"
"deu_Latn","mumins adventskalender","姆明历险记圣诞日历"
"deu_Latn","mädchen adventskalender 5 jahre","女孩 圣诞倒数日历 5岁"
"deu_Latn","mädchen adventskalender 6 jahre","女孩 圣诞倒数日历 6岁"
"deu_Latn","niederegger adventskalender 2025 nougat","Niederegger 圣诞倒数日历 2025 牛轧糖"
"deu_Latn","pferd adventskalender","马 圣诞倒数日历"
"deu_Latn","polizei adventskalender 2025","警察2025年圣诞倒数日历"
"deu_Latn","polo adventskalender","polo圣诞日历"
"deu_Latn","prym adventskalender","prym 圣诞倒数日历"
"deu_Latn","rica das schaf adventskalender","里卡达斯羊圣诞倒数日历"
"deu_Latn","ricola adventskalender","里科拉圣诞倒数日历"
"deu_Latn","rituals deluxe adventskalender 2025 frauen","2025年女性专用Rituals奢华圣诞倒数日历"
"deu_Latn","schildkröten adventskalender","乌龟圣诞倒数日历"
"deu_Latn","schleich adventskalender dino","施莱希（Schleich）恐龙圣诞倒数日历"
"deu_Latn","schwarzer tee adventskalender","黑色茶圣诞倒数日历"
"deu_Latn","simson adventskalender 2025","simson 2025年圣诞日历"
"deu_Latn","sound adventskalender grammophon","声音 圣诞倒数日历 留声机"
"deu_Latn","sound adventskalender vögel","声音圣诞日历小鸟"
"deu_Latn","villeroy boch adventskalender","维勒罗伊博赫圣诞倒数日历"
"deu_Latn","wer weiß denn sowas adventskalender","谁会知道这样的商品，圣诞倒数日历"
"deu_Latn","werkzeug adventskalender makita","工具 圣诞倒数日历 麻吉达"
"deu_Latn","westwing adventskalender","westwing圣诞倒数日历"
"deu_Latn","windel adventskalender schokolade","尿布 圣诞倒数日历 巧克力"
"deu_Latn","anime weihnachtskalender","动漫圣诞日历"
"deu_Latn","fc bayern weihnachtskalender","拜仁慕尼黑圣诞日历"
"deu_Latn","naruto weihnachtskalender","火影忍者圣诞日历"
"deu_Latn","weihnachtskalender 2025 after eight","2025年圣诞日历 after eight"
"deu_Latn","weihnachtskalender 2025 erotisch","2025年圣诞日历 淫荡"
"deu_Latn","weihnachtskalender inhalt","圣诞日历内容"
"deu_Latn","weihnachtskalender mädchen 8 jahre","圣诞日历 女孩 8岁"
"eng_Latn","advent calendar for filling","填充式日历"
"deu_Latn","24 gleiche geschenke für adventskalender","24份相同的礼物用于圣诞倒数日历"
"deu_Latn","24 sprüche adventskalender","24句圣诞倒数日历箴言"
"deu_Latn","adult adventskalender","成人圣诞倒数日历"
"deu_Latn","adventskalender 10 jähriger junge","圣诞倒数日历 10岁 年轻"
"deu_Latn","adventskalender 2025 asiatisches essen","2025年圣诞倒数日历 亚洲美食"
"deu_Latn","adventskalender 2025 bitterschokolade","2025年圣诞倒数日历 黑巧克力"
"deu_Latn","adventskalender 2025 body shop","2025年圣诞倒数日历 Body Shop"
"deu_Latn","adventskalender 2025 dr oetker","2025年圣诞倒数日历 dr oetker"
"deu_Latn","adventskalender 2025 dragonball","2025年圣诞倒数日历 龙珠"
"deu_Latn","adventskalender 2025 duell","2025年圣诞倒数日历 对决"
"deu_Latn","adventskalender 2025 kinder 5 jahre junge","2025年圣诞倒数日历 5岁儿童 幼儿"
"deu_Latn","adventskalender 2025 kinder checker tobi","2025年圣诞倒数日历 儿童款 Tobi"
"deu_Latn","adventskalender 2025 kinder jungen lego","2025年圣诞倒数日历 儿童 男孩 LEGO"
"deu_Latn","adventskalender 2025 kinder selber befüllen","2025年圣诞倒数日历，儿童自行填充"
"deu_Latn","adventskalender 2025 literatur","2025年圣诞倒数日历 文学"
"deu_Latn","adventskalender 2025 mit tee","2025年圣诞倒数日历带茶"
"deu_Latn","adventskalender 2025 männer einhell","2025年男士Einhell圣诞倒数日历"
"deu_Latn","adventskalender 2025 männer nüsse","2025年圣诞倒数日历 男士 坚果"
"deu_Latn","adventskalender 2025 männer süßigkeiten","2025年圣诞倒数日历 男士 糖果"
"deu_Latn","adventskalender 2025 nfl","2025年圣诞倒数日历 NFL"
"deu_Latn","adventskalender 2025 spongebob","2025年圣诞倒数日历 海绵宝宝"
"deu_Latn","adventskalender 2025 teenager jungs","2025年圣诞倒数日历 青少年 男孩"
"deu_Latn","adventskalender 2025 women","2025年圣诞倒数日历 女士"
"deu_Latn","adventskalender aufkleber rechnen","圣诞日历贴纸 算账"
"deu_Latn","adventskalender ausgrabung","圣诞日历挖掘"
"deu_Latn","adventskalender bade","圣诞倒数日历 浴室"
"deu_Latn","adventskalender baum holz","圣诞日历 树 木制"
"deu_Latn","adventskalender besuty","圣诞倒数日历 besuty"
"deu_Latn","adventskalender bilder nostalgie glitzer","圣诞倒数日历 图片 怀旧 闪光"
"deu_Latn","adventskalender buch drei fragezeichen","圣诞倒数日历 书籍三 问号"
"deu_Latn","adventskalender chefin","圣诞倒数日历女版"
"deu_Latn","adventskalender diät","节礼日日历 饮食"
"deu_Latn","adventskalender eichhörnchen","圣诞倒数日历松鼠"
"deu_Latn","adventskalender fenster","圣诞倒数日历 窗户"
"deu_Latn","adventskalender füllung ab 1 jahr","1岁以上适用的圣诞倒数日历填充物"
"deu_Latn","adventskalender füllung beste freundin","圣诞倒数日历填充物 好友"
"deu_Latn","adventskalender für 6 jährige jungs","6岁男孩的圣诞倒数日历"
"deu_Latn","adventskalender für erzieher","教师用圣诞倒数日历"
"deu_Latn","adventskalender für fotografen","摄影师专用的圣诞倒数日历"
"deu_Latn","adventskalender geräusche","圣诞倒数日历声音"
"deu_Latn","adventskalender haarschmuck frauen","圣诞倒数日历 发饰 女士"
"deu_Latn","adventskalender halter","圣诞倒数日历挂架"
"deu_Latn","adventskalender jugendliche chio chips","圣诞倒数日历 青少年 CHIO 薯片"
"deu_Latn","adventskalender junge 13","圣诞倒数日历 年轻 13"
"deu_Latn","adventskalender jungen 6 jahre lego","6岁儿童乐高圣诞倒数日历"
"deu_Latn","adventskalender kiffer","圣诞日历大麻爱好者"
"deu_Latn","adventskalender kinder ab 4 jahre","儿童（4岁以上）圣诞倒数日历"
"deu_Latn","adventskalender kinder geschichten","圣诞倒数日历 儿童故事"
"deu_Latn","adventskalender kinder selbst befüllen","儿童自填式圣诞倒数日历"
"deu_Latn","adventskalender kleiner feigling","圣诞倒数日历 小胆子"
"deu_Latn","adventskalender kleiner maulwurf","圣诞倒数日历 小鼹鼠"
"deu_Latn","adventskalender konder","圣诞日历果仁"
"deu_Latn","adventskalender kristall","圣诞日历 水晶"
"deu_Latn","adventskalender lego duplo 2025","2025年乐高得宝圣诞倒数日历"
"deu_Latn","adventskalender lets battle für paare","圣诞日历情侣对战"
"deu_Latn","adventskalender lustiges taschenbuch","圣诞倒数日历趣味口袋书"
"deu_Latn","adventskalender mit badekugeln","圣诞倒数日历带沐浴球"
"deu_Latn","adventskalender monster","圣诞倒数日历 怪物"
"deu_Latn","adventskalender neonail 2025","2025年霓虹灯指甲艺术圣诞日历"
"deu_Latn","adventskalender neonails","圣诞倒数日历 霓虹美甲"
"deu_Latn","adventskalender pechkeks","圣诞倒数日历 黑麦饼干"
"deu_Latn","adventskalender pilates","圣诞倒数日历 普拉提"
"deu_Latn","adventskalender ringe","圣诞倒数日历戒指"
"deu_Latn","adventskalender scherzartikel","圣诞倒数日历 恶作剧小玩意"
"deu_Latn","adventskalender schminke 2025","2025年圣诞倒数日历化妆品"
"deu_Latn","adventskalender senf","圣诞日历芥末"
"deu_Latn","adventskalender sterne","圣诞日历星星"
"deu_Latn","adventskalender stoffbeutel zum befüllen","圣诞日历填充布袋"
"deu_Latn","adventskalender stollenkonfekt","圣诞日历 圣诞节蛋糕糖果"
"deu_Latn","adventskalender teens mädchen","圣诞倒数日历 青少年 女孩"
"deu_Latn","adventskalender zeitmaschine","圣诞倒数日历 时间机器"
"deu_Latn","adventskalender zum befüllen für männer","可填充的男士圣诞倒数日历"
"deu_Latn","adventskalender zum befüllen mit kiste","可填充的圣诞倒数日历带盒子"
"deu_Latn","adventskalender zum selbst basteln","自制圣诞倒数日历"
"deu_Latn","außergewöhnlicher adventskalender","独特的圣诞倒数日历"
"deu_Latn","baby adventskalender ab 1 jahr","婴儿圣诞倒数日历 适合1岁以上"
"deu_Latn","badebomben adventskalender kinder","浴球 圣诞倒数日历 儿童"
"deu_Latn","barbour adventskalender 2025","巴宝莉2025年圣诞倒数日历"
"deu_Latn","bau adventskalender","创建 Advent Calendar"
"deu_Latn","befüllung für adventskalender","圣诞日历填充物"
"deu_Latn","beleuchteter adventskalender","带灯的圣诞降临日历"
"deu_Latn","checksperiment adventskalender","检查实验圣诞日历"
"deu_Latn","conni adventskalender buch 2025","conni 圣诞倒数日历 书 2025"
"deu_Latn","coppenrath puzzle adventskalender","Coppenrath拼图圣诞倒数日历"
"deu_Latn","die drei fragezeichen adventskalender buch","三个问号圣诞倒数日历书"
"deu_Latn","dior adventskalender","迪奥圣诞倒数日历"
"deu_Latn","douglas luxury adventskalender","道格拉斯奢华圣诞倒数日历"
"deu_Latn","douglas männer adventskalender","道格拉斯男士圣诞倒数日历"
"deu_Latn","duftkerzen-adventskalender","香薰蜡烛圣诞倒数日历"
"deu_Latn","eilles tee adventskalender","eilles tee adventskalender"
"deu_Latn","einstein adventskalender 2025","爱因斯坦2025年圣诞倒数日历"
"deu_Latn","enten adventskalender 2025","2025年鹅蛋形圣诞日历"
"deu_Latn","exit buch adventskalender","退出书籍 圣诞日历"
"deu_Latn","foto adventskalender 2025","2025年圣诞倒数日历照片"
"deu_Latn","fussballkarten adventskalender","足球卡片 圣诞倒数日历"
"deu_Latn","füllung für adventskalender jungs","男孩圣诞倒数日历填充物"
"deu_Latn","geschenk adventskalender","礼物 圣诞倒数日历"
"deu_Latn","geschenke adventskalender mädchen","礼物 圣诞倒数日历 女孩"
"deu_Latn","gnom adventskalender 2025","2025年精灵圣诞倒数日历"
"deu_Latn","govinda adventskalender","戈文达圣诞倒数日历"
"deu_Latn","grinch adventskalender 2025 socken","2025年格林奇圣诞倒数日历袜子"
"deu_Latn","gym adventskalender männer","健身圣诞日历 男士"
"deu_Latn","häuschen adventskalender zum befüllen","小屋形状的圣诞倒数日历，可填充"
"deu_Latn","kalender adventskalender frau","日历 圣诞日历 女士"
"deu_Latn","kellys adventskalender 2025","凯利2025年圣诞倒数日历"
"deu_Latn","kinder buenos adventskalender","儿童版布恩斯圣诞倒数日历"
"deu_Latn","kleine dinge für adventskalender kinder","儿童圣诞倒数日历小物件"
"deu_Latn","kleinigkeiten für adventskalender kleinkind","适用于幼儿的圣诞倒数日历小物件"
"deu_Latn","knekki adventskalender","克内基圣诞倒数日历"
"deu_Latn","kristalle adventskalender 2025","2025年水晶圣诞倒数日历"
"deu_Latn","lakrids adventskalender","龙涎香圣诞日历"
"deu_Latn","lego adventskalender city 2025","乐高2025城市系列圣诞倒数日历"
"deu_Latn","lettering adventskalender","文字装饰的圣诞倒数日历"
"deu_Latn","lichterkette für adventskalender","圣诞倒数日历灯饰串"
"deu_Latn","match attax adventskalender 25 26","比赛 attax 圣诞倒数日历 25 26"
"deu_Latn","mini füllung für adventskalender","迷你填充物用于圣诞日历"
"deu_Latn","nagel adventskalender 2025","2025年指甲艺术圣诞倒数日历"
"eng_Latn","oracle red bull racing adventskalender","甲骨文红牛车队历险日历"
"deu_Latn","paris adventskalender 2025","巴黎2025年圣诞倒数日历"
"deu_Latn","playboy adventskalender frauen","花花公子圣诞倒数日历 女士"
"deu_Latn","prinzessin adventskalender 2025","公主2025年圣诞倒数日历"
"deu_Latn","protein adventskalender 2025 more","2025年蛋白质圣诞倒数日历 更多"
"deu_Latn","puzzle adventskalender erwachsene","拼图圣诞日历成人"
"deu_Latn","rausch adventskalender 2025","2025年狂欢节倒数日历"
"deu_Latn","ravensburger adventskalender puzzle","拉文斯堡圣诞倒数日历拼图"
"deu_Latn","schogetten adventskalender","schogetten adventskalender"
"deu_Latn","stitch pandora adventskalender","斯蒂奇潘多拉圣诞倒数日历"
"deu_Latn","straykids adventskalender","Straykids圣诞倒数日历"
"deu_Latn","tiptoi adventskalender 2025 ab 3 jahre","Tiptoi 圣诞倒数日历 2025 适用于3岁以上儿童"
"deu_Latn","tkkg adventskalender 2025 cd","TKKG 圣诞倒数日历 2025 CD"
"deu_Latn","tonys chocolonely adventskalender 2025","托尼巧克力孤独圣诞倒数日历2025"
"deu_Latn","vintage adventskalender zum befüllen","复古填充式圣诞倒数日历"
"deu_Latn","vitakraft adventskalender","维塔克力圣诞倒数日历"
"deu_Latn","walkers shortbread adventskalender","步行者短饼圣诞倒数日历"
"deu_Latn","wandteppich adventskalender","墙垫 圣诞倒数日历"
"deu_Latn","weihnachtskrippe adventskalender","圣诞马槽 圣诞日历"
"deu_Latn","whisky adventskalender 2025 single malt","2025年威士忌圣诞倒数日历 单一麦芽"
"deu_Latn","zettel adventskalender","小纸条 圣诞倒数日历"
"deu_Latn","zurück in die zukunft adventskalender","回到未来圣诞倒数日历"
"deu_Latn","angel weihnachtskalender","天使圣诞日历"
"deu_Latn","haribo weihnachtskalender","哈力宝圣诞日历"
"deu_Latn","nutella weihnachtskalender","Nutella圣诞日历"
"deu_Latn","weihnachtskalender basteln","制作圣诞日历"
"deu_Latn","weihnachtskalender buch","圣诞日历书"
"deu_Latn","weihnachtskalender tüten groß","圣诞日历大袋装"
"deu_Latn","'adventskalender chips","圣诞倒数日历薯片"
"deu_Latn","'adventskalender playmobil","adventskalender playmobil"
"deu_Latn","21280 adventskalender","21280 圣诞倒数日历"
"deu_Latn","3d druck adventskalender","3D打印圣诞倒数日历"
"deu_Latn","adventskalender  kids","圣诞倒数日历 儿童"
"deu_Latn","adventskalender 1 fc köln","圣诞倒数日历 1 法兰克福科隆足球俱乐部"
"deu_Latn","adventskalender 12 jährige","圣诞倒数日历 12岁"
"deu_Latn","adventskalender 2025 american football","2025年圣诞倒数日历 美式足球"
"deu_Latn","adventskalender 2025 bonne maman","2025年圣诞倒数日历 bonne maman"
"deu_Latn","adventskalender 2025 cola","2025年圣诞倒数日历 可乐"
"deu_Latn","adventskalender 2025 essence neu","2025年圣诞倒数日历 新款精华"
"deu_Latn","adventskalender 2025 feinkost","2025年圣诞倒数日历 精品食品"
"deu_Latn","adventskalender 2025 frauen essen","2025年圣诞倒数日历 女性食品"
"deu_Latn","adventskalender 2025 frauen maybelline new york","2025年圣诞倒数日历 女士美宝莲纽约"
"deu_Latn","adventskalender 2025 gewürze ankerkraut","2025年圣诞倒数日历 香料 鹿角菜"
"deu_Latn","adventskalender 2025 influencer","2025年圣诞倒数日历 网红"
"deu_Latn","adventskalender 2025 junge 9 jahre","2025年圣诞倒数日历 9岁年轻款"
"deu_Latn","adventskalender 2025 kinder labubu","2025年圣诞倒数日历 儿童版 Labubu"
"deu_Latn","adventskalender 2025 kosmetik essence","2025年圣诞倒数日历 美妆精华"
"deu_Latn","adventskalender 2025 maus","2025年圣诞倒数日历 鼠标"
"deu_Latn","adventskalender 2025 mit bildern","2025年带图片的圣诞倒数日历"
"deu_Latn","adventskalender 2025 mädchen 12","2025年女孩圣诞倒数日历12月"
"deu_Latn","adventskalender 2025 mädchen 14","2025年圣诞倒数日历 女孩 14岁"
"deu_Latn","adventskalender 2025 rc","2025年圣诞倒数日历（限量版）"
"deu_Latn","adventskalender 2025 tatort","2025年圣诞倒数日历 Tatort（德国电视犯罪剧系列名）"
"deu_Latn","adventskalender 2025 taylor swift","2025年圣诞倒数日历 Taylor Swift"
"deu_Latn","adventskalender 2025 zug","2025年圣诞倒数日历火车票"
"deu_Latn","adventskalender 24 kleine säckchen","圣诞倒数日历 24个小袋子"
"deu_Latn","adventskalender ab 12 jahre mädchen","12岁以上女孩用的圣诞倒数日历"
"deu_Latn","adventskalender ab 6 jahre mädchen","圣诞日历 适合6岁以上女孩"
"deu_Latn","adventskalender arbeitskollegin","圣诞倒数日历 同事"
"deu_Latn","adventskalender bonne maman","圣诞倒数日历 bonne maman"
"deu_Latn","adventskalender brot backen","圣诞倒数日历面包烘焙"
"deu_Latn","adventskalender buch jugendliche","圣诞日历 书籍 青少年"
"deu_Latn","adventskalender duschbomben","圣诞倒数日历 沐浴炸弹"
"deu_Latn","adventskalender eierlikör 2025","2025年圣诞倒数日历 杏仁酒"
"deu_Latn","adventskalender film","圣诞日历电影"
"deu_Latn","adventskalender fleisch","圣诞倒数日历 肉类"
"deu_Latn","adventskalender füllung kinder 6 jahre","圣诞倒数日历填充物 儿童 6岁"
"deu_Latn","adventskalender für 4 jährige","适合4岁儿童的圣诞倒数日历"
"deu_Latn","adventskalender für elektriker","电工圣诞日历"
"deu_Latn","adventskalender für fussballfans","足球迷的圣诞倒数日历"
"deu_Latn","adventskalender für klugscheißer","聪明人的圣诞倒数日历"
"deu_Latn","adventskalender grundschule geschenke","圣诞日历 小学 礼物"
"deu_Latn","adventskalender herren parfum","圣诞倒数日历 男士香水"
"deu_Latn","adventskalender horse club","圣诞倒数日历 马术俱乐部"
"deu_Latn","adventskalender hund getreidefrei","圣诞倒数日历 狗 粮食无添加"
"deu_Latn","adventskalender ich hasse menschen","圣诞倒数日历 我讨厌人类"
"deu_Latn","adventskalender inkee","圣诞倒数日历 inkee"
"deu_Latn","adventskalender jungen 2025","2025年年轻风格的圣诞倒数日历"
"deu_Latn","adventskalender jungs fussball","圣诞倒数日历 男孩 足球"
"deu_Latn","adventskalender karten set","圣诞倒数日历卡片套装"
"deu_Latn","adventskalender kaugummiautomat","圣诞倒数日历口香糖自动售货机"
"deu_Latn","adventskalender kelloggs","凯洛格斯圣诞日历"
"deu_Latn","adventskalender kinder pferde","儿童圣诞倒数日历 马"
"deu_Latn","adventskalender kinder tiere","圣诞倒数日历 儿童 动物"
"deu_Latn","adventskalender kinder überraschungen","圣诞倒数日历 儿童惊喜"
"deu_Latn","adventskalender kleinkinder 2 jahre","圣诞倒数日历 2岁幼儿"
"deu_Latn","adventskalender kloster kitchen","圣诞倒数日历 康普茶厨房"
"deu_Latn","adventskalender led","LED圣诞倒数日历"
"deu_Latn","adventskalender lego weihnachten","乐高圣诞倒数日历 圣诞"
"deu_Latn","adventskalender maritim","航海主题的圣诞倒数日历"
"deu_Latn","adventskalender max verstappen","圣诞倒数日历 max verstappen"
"deu_Latn","adventskalender mia and me","《米娅和我》圣诞倒数日历"
"deu_Latn","adventskalender minecraft figuren","《我的世界》冒险日历角色玩偶"
"deu_Latn","adventskalender mädchen baby born","圣诞倒数日历 女孩 宝宝诞生"
"deu_Latn","adventskalender männer whiskey","圣诞倒数日历 男士 威士忌"
"deu_Latn","adventskalender netflix 2025","2025年Netflix圣诞日历"
"deu_Latn","adventskalender premium","圣诞倒数日历 高级版"
"deu_Latn","adventskalender prosecco","圣诞倒数日历 雪花酒"
"deu_Latn","adventskalender rätsel 2025","2025年圣诞日历谜题"
"deu_Latn","adventskalender sally","圣诞倒数日历 Sally"
"deu_Latn","adventskalender skateboard","圣诞倒数日历 滑板"
"deu_Latn","adventskalender sport frauen","运动女性圣诞倒数日历"
"deu_Latn","adventskalender säckchen verschiedene größen","圣诞日历小袋子 不同尺寸"
"deu_Latn","adventskalender thailand","泰国圣诞倒数日历"
"deu_Latn","adventskalender victoria secret","维多利亚的秘密圣诞倒数日历"
"deu_Latn","adventskalender wald","圣诞倒数日历 森林"
"deu_Latn","adventskalender weltall","圣诞日历 宇宙"
"deu_Latn","adventskalender zum befüllen günstig","可填充的圣诞倒数日历，价格实惠"
"deu_Latn","adventskalender zum befüllen mini","迷你填充式圣诞降临日历"
"deu_Latn","amazon lindt adventskalender","亚马逊Lindt圣诞倒数日历"
"deu_Latn","autopflege adventskalender","汽车保养 圣诞倒数日历"
"deu_Latn","bayblade x adventskalender","bayblade x 圣诞倒数日历"
"deu_Latn","befüllung für adventskalender mann","用于圣诞倒数日历的填充物（男士款）"
"deu_Latn","beste adventskalender 2025 kinder","2025年最佳儿童圣诞倒数日历"
"deu_Latn","bier adventskalender 2026","啤酒 圣诞倒数日历 2026"
"deu_Latn","box für adventskalender","圣诞倒数日历盒"
"deu_Latn","burg blaustein adventskalender","布尔格·布劳施泰因圣诞倒数日历"
"deu_Latn","bären adventskalender","熊形圣诞倒数日历"
"deu_Latn","cannabis adventskalender","大麻圣诞倒数日历"
"deu_Latn","catrice twinkling treasures adventskalender 2025","catrice twinkling treasures adventskalender 2025"
"deu_Latn","chilisauce adventskalender","辣椒酱圣诞倒数日历"
"deu_Latn","coole adventskalender füllung","酷炫的圣诞倒数日历填充物"
"deu_Latn","crystal adventskalender","水晶圣诞倒数日历"
"deu_Latn","deko für adventskalender","圣诞季日历装饰"
"deu_Latn","detektiv adventskalender kinder","侦探 圣诞日历 儿童"
"deu_Latn","eis premium erotischer adventskalender 2025","2025年高级情色圣诞倒数日历"
"deu_Latn","elektro adventskalender","电子圣诞倒数日历"
"deu_Latn","erwachsene adventskalender","成人圣诞降临日历"
"deu_Latn","frauen adventskalender ideen","女性圣诞倒数日历创意"
"deu_Latn","gin adventskalender für männer 2025","2025年男士金酒圣诞倒数日历"
"deu_Latn","goth adventskalender","哥特风圣诞倒数日历"
"deu_Latn","granini adventskalender 2025","granini 2025年圣诞倒数日历"
"deu_Latn","holi adventskalender","霍利圣诞倒数日历"
"deu_Latn","ideen adventskalender füllen frau","女性圣诞倒数日历填充点子"
"deu_Latn","ideen für adventskalender befüllen","圣诞倒数日历填充创意"
"deu_Latn","ideen für den adventskalender","圣诞倒数日历的点子"
"deu_Latn","in der weihnachtshäkelei adventskalender","圣诞钩针编织的圣诞日历"
"deu_Latn","karte adventskalender","圣诞倒数日历卡片"
"deu_Latn","kinderbuch adventskalender","儿童书籍 圣诞倒数日历"
"deu_Latn","kunst des zeichnens adventskalender","绘画艺术圣诞倒数日历"
"deu_Latn","lakritz bülow adventskalender 2025","拉克里茨·布洛瓦2025年圣诞倒数日历"
"deu_Latn","lauensteiner adventskalender 2025","劳恩施泰纳2025年圣诞倒数日历"
"deu_Latn","löwenzahn adventskalender","蒲公英圣诞倒数日历"
"deu_Latn","maoam adventskalender 2025","毛毛2025年圣诞倒数日历"
"deu_Latn","mini süßigkeiten adventskalender","迷你糖果圣诞倒数日历"
"deu_Latn","mitmach adventskalender mädchen","参与式圣诞倒数日历 女孩"
"deu_Latn","mould king adventskalender 2025","模具之王2025年圣诞倒数日历"
"deu_Latn","männer adventskalender 2025 parfüm","男士2025年圣诞倒数日历 香水"
"deu_Latn","müsliriegel adventskalender","穆斯里条形巧克力圣母历"
"deu_Latn","nba adventskalender 2025","2025年NBA圣诞日历"
"deu_Latn","niederegger adventskalender marzipan","Niederegger 圣诞倒数日历 榛子糖"
"deu_Latn","otter adventskalender 2025","2025年海獭圣诞倒数日历"
"deu_Latn","panzer adventskalender 2025","装甲圣诞倒数日历 2025"
"deu_Latn","papier tüten adventskalender","纸袋圣诞倒数日历"
"deu_Latn","parfüm adventskalender für frauen","女士香水圣诞倒数日历"
"deu_Latn","paul valentine adventskalender 2025","保罗·瓦伦丁2025年圣诞倒数日历"
"deu_Latn","pinguin adventskalender","企鹅圣诞倒数日历"
"deu_Latn","playmobil adventskalender 123","playmobil圣诞倒数日历123"
"deu_Latn","printplanet adventskalender","printplanet 圣诞倒数日历"
"deu_Latn","puka adventskalender","puka 圣诞倒数日历"
"deu_Latn","rub on adventskalender to go","涂用圣诞倒数日历随身携带"
"deu_Latn","schwarze adventskalender tüten","黑色圣诞倒数日历袋"
"deu_Latn","seeglas adventskalender","seeglas adventskalender"
"deu_Latn","sexy adventskalender für paare","性感情侣圣诞倒数日历"
"deu_Latn","spicy adventskalender","辛辣圣诞倒数日历"
"deu_Latn","steine adventskalender 2025","2025年石头圣诞倒数日历"
"deu_Latn","stitch adventskalender schokolade","刺绣 圣诞倒数日历 巧克力"
"deu_Latn","strohsterne adventskalender","麦秆星星圣诞倒数日历"
"deu_Latn","sugargang adventskalender klein","糖果日历 小型圣诞倒数日历"
"deu_Latn","tee adventskalender amazon","茶 圣诞倒数日历 亚马逊"
"deu_Latn","tee adventskalender messmer","茶 圣诞倒数日历 Messmer"
"deu_Latn","topp basteln adventskalender","手工制作圣诞倒数日历"
"deu_Latn","ucanbe adventskalender","ucanbe 圣诞倒数日历"
"deu_Latn","vitamin adventskalender","维生素圣诞日历"
"deu_Latn","zahide adventskalender","扎希德圣诞倒数日历"
"deu_Latn","rituals weihnachtskalender","rituals 圣诞日历"
"deu_Latn","weihnachtskalender lustig","圣诞日历趣味"
"deu_Latn","weihnachtskalender papier","圣诞日历纸"
"deu_Latn","wera weihnachtskalender 2025","wera 2025年圣诞日历"
"deu_Latn","whisky weihnachtskalender","威士忌圣诞日历"
"deu_Latn","1gegen1 duell adventskalender","1对1对决圣诞倒数日历"
"deu_Latn","3bears adventskalender 2025","3bears 2025年圣诞倒数日历"
"deu_Latn","3d puzzle adventskalender","3D拼图圣诞倒数日历"
"deu_Latn","adventskalender 1 gegen 1","圣诞倒数日历 1对1"
"deu_Latn","adventskalender 2025 9 jahre","2025年圣诞倒数日历 9年"
"deu_Latn","adventskalender 2025 bartpflege","2025年圣诞倒数日历 须后护理"
"deu_Latn","adventskalender 2025 beauty männer","2025年圣诞倒数日历 美妆 男士"
"deu_Latn","adventskalender 2025 cool","2025年圣诞倒数日历 冷酷"
"deu_Latn","adventskalender 2025 douglas männer","2025年道格拉斯男士圣诞倒数日历"
"deu_Latn","adventskalender 2025 frauen nagellack","2025年圣诞倒数日历 女士指甲油"
"deu_Latn","adventskalender 2025 frauen sekt","2025年圣诞倒数日历 女性用气泡酒"
"deu_Latn","adventskalender 2025 für oma","2025年圣诞倒数日历 给奶奶"
"deu_Latn","adventskalender 2025 handarbeit","2025年圣诞倒数日历 手工制作"
"deu_Latn","adventskalender 2025 kinder 3 jahre junge","2025年圣诞倒数日历 3岁儿童 幼儿"
"deu_Latn","adventskalender 2025 kinder essen","2025年圣诞倒数日历 儿童食品"
"deu_Latn","adventskalender 2025 kinder tüten","2025年圣诞倒数日历 儿童礼包"
"deu_Latn","adventskalender 2025 kleinkind 2 jahre","2025年圣诞倒数日历 2岁幼儿"
"deu_Latn","adventskalender 2025 nerd","2025年圣诞倒数日历 粉丝"
"deu_Latn","adventskalender 2025 schmuck mädchen","2025年圣诞倒数日历 女孩饰品"
"deu_Latn","adventskalender 2025 spirituosen","2025年圣诞倒数日历 精神饮品"
"deu_Latn","adventskalender 2025 teenager mädchen kosmetik","2025年圣诞倒数日历 青少年 女孩 化妆品"
"deu_Latn","adventskalender 2025 zauber","2025年圣诞倒数日历 魔法"
"deu_Latn","adventskalender ab 9 jahre junge","圣诞日历 适合9岁以上儿童"
"deu_Latn","adventskalender accessoires","圣诞倒数日历 配饰"
"deu_Latn","adventskalender american football","圣诞倒数日历 美式足球"
"deu_Latn","adventskalender bdsm","圣诞倒数日历 双重束缚与支配"
"deu_Latn","adventskalender befüllt","圣诞倒数日历已填充"
"deu_Latn","adventskalender buch teenager mädchen","圣诞日历 书籍 青少年 女孩"
"deu_Latn","adventskalender coole sachen","圣诞倒数日历 冷门好物"
"deu_Latn","adventskalender dc","圣诞倒数日历 dc"
"deu_Latn","adventskalender detektiv kinder","圣诞倒数日历 探险家 儿童"
"deu_Latn","adventskalender die 3 ausrufezeichen","圣诞倒数日历 3个感叹号"
"deu_Latn","adventskalender dresdner essenz 2025","2025年德累斯顿精华圣诞倒数日历"
"deu_Latn","adventskalender eiweißriegel","圣诞倒数日历蛋白棒"
"deu_Latn","adventskalender enchantimals","圣诞倒数日历 enchantimals"
"deu_Latn","adventskalender erwachsene rätsel","圣诞倒数日历 成人 谜语"
"deu_Latn","adventskalender essen 2025","2025年圣诞倒数日历食品"
"deu_Latn","adventskalender fernbeziehung","圣诞倒数日历 远距离恋爱"
"deu_Latn","adventskalender ferngesteuert","遥控圣诞倒数日历"
"deu_Latn","adventskalender frauen schminke","圣诞倒数日历 女士化妆品"
"deu_Latn","adventskalender frauen toys","圣诞倒数日历 女士玩具"
"deu_Latn","adventskalender funko pop 2025","2025年Funko Pop圣诞倒数日历"
"deu_Latn","adventskalender füllung mädchen 8","圣诞日历填充物 女孩 8"
"deu_Latn","adventskalender für paare schokolade","情侣圣诞倒数日历 巧克力"
"deu_Latn","adventskalender fürs team","团队圣诞日历"
"deu_Latn","adventskalender grüffelo","圣诞倒数日历 格吕弗洛（品牌名）"
"deu_Latn","adventskalender gummi","圣诞倒数日历 橡胶"
"deu_Latn","adventskalender heißluftfritteuse","圣诞倒数日历 热风空气炸锅"
"deu_Latn","adventskalender herrendüfte","圣诞倒数日历 男士香水"
"deu_Latn","adventskalender holzspielzeug","圣诞倒数日历 木制玩具"
"deu_Latn","adventskalender huhn","圣诞倒数日历 鸡肉"
"deu_Latn","adventskalender kinder beauty","圣诞倒数日历 儿童 美容"
"deu_Latn","adventskalender kleine geschenke kinder","圣诞倒数日历 小礼物 儿童"
"deu_Latn","adventskalender klettern","圣诞倒数日历 攀爬"
"deu_Latn","adventskalender kneip","圣诞倒数日历 酒吧"
"deu_Latn","adventskalender konfitüre","圣诞倒数日历 果酱"
"deu_Latn","adventskalender künstlerbedarf","圣诞日历 艺术用品"
"deu_Latn","adventskalender lego krippe","乐高圣诞倒数日历 圣诞马槽"
"deu_Latn","adventskalender leiter","圣诞倒数日历梯子"
"deu_Latn","adventskalender m und ms","圣诞倒数日历 m 和 ms"
"deu_Latn","adventskalender magnet","圣诞倒数日历磁铁"
"deu_Latn","adventskalender make up elf","圣诞倒数日历 化妆品 第十一"
"deu_Latn","adventskalender mit gummibärchen","圣诞倒数日历带软糖小熊"
"deu_Latn","adventskalender mit licht","带灯的圣诞倒数日历"
"deu_Latn","adventskalender motor","圣诞倒数日历 电机"
"deu_Latn","adventskalender mtb","山地自行车圣诞倒数日历"
"deu_Latn","adventskalender mädchen 5","圣诞倒数日历 女孩 5"
"deu_Latn","adventskalender männer grillen","圣诞倒数日历 男士 烧烤"
"deu_Latn","adventskalender männer protein","圣诞倒数日历 男士 蛋白质"
"deu_Latn","adventskalender münzen","圣诞倒数日历硬币"
"deu_Latn","adventskalender no cosmetics","圣诞倒数日历无化妆品"
"deu_Latn","adventskalender perfume","圣诞倒数日历 香水"
"deu_Latn","adventskalender physiotherapie","圣诞日历 物理治疗"
"deu_Latn","adventskalender protein riegel","圣诞日历蛋白棒"
"deu_Latn","adventskalender puppenhaus","圣诞倒数日历玩偶屋"
"deu_Latn","adventskalender reise um die welt","圣诞日历 世界旅行"
"deu_Latn","adventskalender schoko 2025","2025年圣诞倒数日历巧克力"
"deu_Latn","adventskalender schwarzer humor","圣诞倒数日历 黑色幽默"
"deu_Latn","adventskalender sticker zahlen","圣诞倒数日历贴纸支付"
"deu_Latn","adventskalender stiefel zum befüllen","圣诞倒数日历靴子，可填充"
"deu_Latn","adventskalender säcke groß","圣诞倒数日历大袋子"
"deu_Latn","adventskalender süss","圣诞倒数日历 甜"
"deu_Latn","adventskalender trend it up 2025","2025年流行趋势圣诞日历"
"deu_Latn","adventskalender women","圣诞倒数日历 女士"
"deu_Latn","adventskalender zum lesen erwachsene","圣诞日历阅读成人版"
"deu_Latn","arcane adventskalender","arcane adventskalender 译文：暗黑之魂圣诞倒数日历"
"deu_Latn","babor adventskalender 2025 ampullen","巴博尔2025年圣诞倒数日历安瓿"
"deu_Latn","babyborn adventskalender","babyborn 圣诞倒数日历"
"deu_Latn","bauernhof adventskalender 2025","2025年农家圣诞倒数日历"
"deu_Latn","beauty-adventskalender","美妆圣诞倒数日历"
"deu_Latn","box adventskalender","圣诞倒数日历盒"
"deu_Latn","brubaker adventskalender zum befüllen","布鲁贝克可填充式圣诞倒数日历"
"deu_Latn","die drei  kids adventskalender","三个孩子的圣诞倒数日历"
"deu_Latn","energie adventskalender 2025","2025年能量圣诞日历"
"deu_Latn","erster adventskalender baby","首款圣诞倒数日历 宝宝"
"deu_Latn","erzieher adventskalender","教育工作者圣诞倒数日历"
"deu_Latn","ferrero kinder adventskalender","费列罗金德圣诞倒数日历"
"deu_Latn","fuchs adventskalender","狐狸圣诞倒数日历"
"deu_Latn","glossybox adventskalender 2025","glossybox 2025年圣诞倒数日历"
"deu_Latn","hachez adventskalender 2025","2025年圣诞倒数日历切碎器"
"deu_Latn","handarbeit adventskalender","手工制作的圣诞倒数日历"
"deu_Latn","hunter adventskalender 2025","hunter 2025年圣诞倒数日历"
"deu_Latn","ideen adventskalender befüllen kinder","儿童圣诞倒数日历填充创意"
"deu_Latn","ideen für adventskalender teenager","青少年圣诞倒数日历创意"
"deu_Latn","ingwer adventskalender","姜味圣诞日历"
"deu_Latn","ingwer shot adventskalender 2025","2025年姜味烈酒圣诞倒数日历"
"deu_Latn","inhalte für adventskalender kinder","儿童圣诞倒数日历内容"
"deu_Latn","iron maiden adventskalender","铁娘子圣诞倒数日历"
"deu_Latn","kids adventskalender 2025","2025年儿童圣诞倒数日历"
"deu_Latn","kinder adventskalender zug","儿童圣诞倒数日历火车"
"deu_Latn","kleber adventskalender","胶带 圣诞倒数日历"
"deu_Latn","kleine tüten für adventskalender","用于圣诞倒数日历的小袋子"
"deu_Latn","kleinigkeiten für adventskalender kind","适用于儿童的圣诞倒数日历小物件"
"deu_Latn","legami adventskalender 2024","legami 2024年圣诞倒数日历"
"deu_Latn","legami adventskalender 2025/2026","legami 2025/2026圣诞倒数日历"
"deu_Latn","lego adventskalender blumenstrauß","乐高圣诞倒数日历花束"
"deu_Latn","lilo stitch adventskalender","莉露思奇（Lilo Stitch）圣诞倒数日历"
"deu_Latn","lindt tisch adventskalender 2025","林德特 桌面式 圣诞倒数日历 2025"
"deu_Latn","lorenz adventskalender","Lorenz 圣诞倒数日历"
"deu_Latn","magic adventskalender 2025","2025年魔法圣诞日历"
"deu_Latn","makita adventskalender 2025 p-84800","牧田（Makita）2025年圣诞倒数日历 P-84800"
"deu_Latn","man adventskalender","圣诞倒数日历"
"deu_Latn","men adventskalender","男士圣诞倒数日历"
"deu_Latn","mozart adventskalender","莫扎特圣诞倒数日历"
"deu_Latn","my booklove adventskalender 2025","my booklove 圣诞倒数日历 2025"
"deu_Latn","mädchen adventskalender 7 jahre","女孩圣诞倒数日历 7岁"
"deu_Latn","papierdrachen adventskalender karten","纸风筝 圣诞倒数日历 卡片"
"deu_Latn","partylite adventskalender 2025","partylite 2025年圣诞倒数日历"
"deu_Latn","perfume adventskalender","香水圣诞日历"
"deu_Latn","pferde adventskalender für mädchen","女孩专用的马儿主题圣诞倒数日历"
"deu_Latn","playmobil wiltopia adventskalender","playmobil 沃尔蒂波亚圣诞倒数日历"
"deu_Latn","prinzessinnen adventskalender","公主圣诞倒数日历"
"deu_Latn","rituals adventskalender 2025 für männer","2025年男士Rituals圣诞倒数日历"
"deu_Latn","rätsel-adventskalender","谜题圣诞倒数日历"
"deu_Latn","schmink adventskalender mädchen","化妆品 圣诞倒数日历 女孩"
"deu_Latn","selfcare adventskalender 2025","2025年自用护理圣诞倒数日历"
"deu_Latn","sound adventskalender tiere","声音圣诞日历动物"
"deu_Latn","spa adventskalender 2025","2025年水疗圣诞倒数日历"
"deu_Latn","sprüche für adventskalender","圣诞倒数日历上的箴言"
"deu_Latn","stoffbeutel für adventskalender","用于圣诞倒数日历的布袋"
"deu_Latn","säcke für adventskalender","用于圣诞倒数日历的袋子"
"deu_Latn","süsses für adventskalender","甜品用于圣诞倒数日历"
"deu_Latn","teenie adventskalender 2025","2025年迷你圣诞倒数日历"
"deu_Latn","tony schokolade adventskalender","托尼巧克力圣诞倒数日历"
"deu_Latn","vegetarischer adventskalender","素食主义圣诞降临日历"
"deu_Latn","vera adventskalender 2025","vera adventskalender 2025"
"deu_Latn","vw adventskalender 2025","vw 2025年圣诞倒数日历"
"deu_Latn","weltraum adventskalender","太空圣诞倒数日历"
"deu_Latn","werder bremen adventskalender 2025","云达不莱梅2025圣诞倒数日历"
"deu_Latn","yankee adventskalender","yankee adventskalender"
"deu_Latn","chips weihnachtskalender","薯片圣诞日历"
"deu_Latn","weihnachtskalender 2025 für kinder","2025年儿童圣诞日历"
"deu_Latn","weihnachtskalender 2025 junge","2025年圣诞日历 年轻款"
"deu_Latn","weihnachtskalender fußball","圣诞日历 足球"
"deu_Latn","weihnachtskalender whisky","圣诞日历威士忌"
"deu_Latn","'adventskalender achtsamkeit","圣诞倒数日历 正念"
"deu_Latn","adventskalender 2025 6 jahre","2025年圣诞倒数日历 6年"
"deu_Latn","adventskalender 2025 alverde","2025年圣诞倒数日历 alverde"
"deu_Latn","adventskalender 2025 badewanne","2025年圣诞倒数日历 浴缸"
"deu_Latn","adventskalender 2025 bücher kinder","2025年圣诞倒数日历 儿童书籍"
"deu_Latn","adventskalender 2025 dackel","2025年圣诞倒数日历 德国短毛猎犬"
"deu_Latn","adventskalender 2025 damen beauty","2025年女性美容圣诞倒数日历"
"deu_Latn","adventskalender 2025 erwachsene frauen","2025年圣诞倒数日历 成人 女性"
"deu_Latn","adventskalender 2025 frauen süßigkeiten","2025年圣诞倒数日历 女性 糖果"
"deu_Latn","adventskalender 2025 frauentee","2025年圣诞倒数日历 女性茶"
"deu_Latn","adventskalender 2025 für frauen douglas parfüm","2025年女士圣诞倒数日历 Douglas香水"
"deu_Latn","adventskalender 2025 gesichtsmasken","2025年圣诞倒数日历 面膜"
"deu_Latn","adventskalender 2025 girls teen","2025年圣诞倒数日历 女孩 青少年"
"deu_Latn","adventskalender 2025 harry potter lego","2025年哈利波特乐高圣诞倒数日历"
"deu_Latn","adventskalender 2025 kinder ab 1","2025年圣诞倒数日历 适合1岁以上儿童"
"deu_Latn","adventskalender 2025 kinder feuerwehr","2025年儿童消防员圣诞倒数日历"
"deu_Latn","adventskalender 2025 kinder kosmetik","2025年圣诞倒数日历 儿童化妆品"
"deu_Latn","adventskalender 2025 klo","2025年圣诞倒数日历 klo"
"deu_Latn","adventskalender 2025 marzipan niederegger männer","2025年圣诞倒数日历 榛子糖 Niederegger 男士"
"deu_Latn","adventskalender 2025 männer erotisch","2025年圣诞倒数日历 男士 淫荡"
"deu_Latn","adventskalender 2025 männer ritual","2025年圣诞倒数日历 男士 仪式"
"deu_Latn","adventskalender 2025 nudeln","2025年圣诞倒数日历 面条"
"deu_Latn","adventskalender 2025 ohne süßigkeiten","2025年无糖果圣诞倒数日历"
"deu_Latn","adventskalender 2025 ohrringe","2025年圣诞倒数日历 耳环"
"deu_Latn","adventskalender 2025 rossmann","2025年圣诞倒数日历 Rossmann"
"deu_Latn","adventskalender 80er","80年代圣诞倒数日历"
"deu_Latn","adventskalender ab 10","圣诞倒数日历 10日起"
"deu_Latn","adventskalender ab 10 jahre mädchen","圣诞倒数日历 适合10岁以上女孩"
"deu_Latn","adventskalender ab 12 jahre","12岁以上适用的圣诞倒数日历"
"deu_Latn","adventskalender ab 4 jahre mädchen","4岁以上女孩圣诞日历"
"deu_Latn","adventskalender alkohol schokolade","圣诞倒数日历 酒 巧克力"
"deu_Latn","adventskalender amazon 2025","2025年亚马逊圣诞倒数日历"
"deu_Latn","adventskalender berge","圣诞倒数日历山"
"deu_Latn","adventskalender biotherm","圣诞倒数日历 biotherm"
"deu_Latn","adventskalender butlers","圣诞倒数日历 Butler"
"deu_Latn","adventskalender faller","圣诞倒数日历套装"
"deu_Latn","adventskalender fidget toys","圣诞倒数日历减压玩具"
"deu_Latn","adventskalender flachwitze","圣诞倒数日历 幽默笑话"
"deu_Latn","adventskalender füllung kind","圣诞日历填充物儿童"
"deu_Latn","adventskalender für 11 jährige","11岁儿童的圣诞倒数日历"
"deu_Latn","adventskalender für 5 jährige jungs","适合5岁男孩的圣诞倒数日历"
"deu_Latn","adventskalender für ehepaare","夫妻圣诞日历"
"deu_Latn","adventskalender für frauen beauty","女性专用圣诞倒数日历 美容"
"deu_Latn","adventskalender für krankenschwester","护士用的圣诞倒数日历"
"deu_Latn","adventskalender für köche","厨师用的圣诞倒数日历"
"deu_Latn","adventskalender für paare lustig","适合情侣的趣味圣诞倒数日历"
"deu_Latn","adventskalender gaming zubehör","圣诞倒数日历 游戏配件"
"deu_Latn","adventskalender highland cow","圣诞倒数日历 高地牛"
"deu_Latn","adventskalender island","圣诞倒数日历岛"
"deu_Latn","adventskalender jugend","圣诞倒数日历 青少年"
"deu_Latn","adventskalender jujutsu kaisen","圣诞倒数日历 灵能百分百"
"deu_Latn","adventskalender junge 14 jahre","圣诞日历 14岁 青少年"
"deu_Latn","adventskalender jungen 17 jahre","圣诞倒数日历 17岁男孩"
"deu_Latn","adventskalender jungs teenager","圣诞倒数日历 男孩 青少年"
"deu_Latn","adventskalender kinder disney","迪士尼儿童圣诞倒数日历"
"deu_Latn","adventskalender kinder holz","儿童木质圣诞倒数日历"
"deu_Latn","adventskalender küchenutensilien","圣诞倒数日历 厨房用具"
"deu_Latn","adventskalender lego 2025 kinder","乐高2025年圣诞倒数日历 儿童"
"deu_Latn","adventskalender lego disney","乐高迪士尼圣诞倒数日历"
"deu_Latn","adventskalender lena gerke","圣诞倒数日历 Lena Gerke"
"deu_Latn","adventskalender makeup essence","圣诞日历 化妆品 精华液"
"deu_Latn","adventskalender mars","圣诞倒数日历 马尔斯"
"deu_Latn","adventskalender marvel kinder","漫威儿童圣诞日历"
"deu_Latn","adventskalender minibücher","圣诞倒数日历迷你书"
"deu_Latn","adventskalender mit alkohol pralinen","含酒精的圣诞倒数日历巧克力"
"deu_Latn","adventskalender mit badezusätzen","带沐浴添加剂的圣诞倒数日历"
"deu_Latn","adventskalender mit socken damen","女士袜子圣诞倒数日历"
"deu_Latn","adventskalender mit wurst","圣诞倒数日历带香肠"
"deu_Latn","adventskalender mittelalter","中世纪圣诞日历"
"deu_Latn","adventskalender musik erwachsene","圣诞倒数日历 音乐 成人"
"deu_Latn","adventskalender mädchen 9-12 jahre","圣诞倒数日历 女孩 9-12岁"
"deu_Latn","adventskalender mädchen essence","圣诞倒数日历 女孩用 美妆品牌悦诗风吟"
"deu_Latn","adventskalender mädchen füllung","圣诞倒数日历 女孩 填充"
"deu_Latn","adventskalender nougat viba","圣诞倒数日历牛轧糖Viba"
"deu_Latn","adventskalender peters pralinen","圣诞倒数日历 彼得松露巧克力"
"deu_Latn","adventskalender restposten","圣诞倒数日历剩余库存"
"deu_Latn","adventskalender räucherkegel","圣诞日历 熏香锥"
"deu_Latn","adventskalender räucherkerzen 2025","2025年圣诞倒数日历 熏香蜡烛"
"deu_Latn","adventskalender schleich dino","圣诞倒数日历 Schleich 恐龙"
"deu_Latn","adventskalender schoko kinder","圣诞倒数日历 巧克力儿童"
"deu_Latn","adventskalender schwarztee","圣诞倒数日历 黑茶"
"deu_Latn","adventskalender schöne sprüche","圣诞日历 美丽的格言"
"deu_Latn","adventskalender seifen","圣诞倒数日历肥皂"
"deu_Latn","adventskalender selber befüllen holz","自制圣诞日历填充木制版"
"deu_Latn","adventskalender selber befüllen tüten","自制圣诞倒数日历填充袋"
"deu_Latn","adventskalender socken harry potter","圣诞倒数日历袜子 哈利波特"
"deu_Latn","adventskalender spiralbindung","圣诞倒数日历 螺旋装订"
"deu_Latn","adventskalender squishmallows","圣诞倒数日历挤压毛绒玩具"
"deu_Latn","adventskalender star wars lego 2025","2025年星球大战乐高圣诞倒数日历"
"deu_Latn","adventskalender survival kinder","圣诞倒数日历 生存款 巧克力"
"deu_Latn","adventskalender säckchen beige","圣诞日历小袋子米色"
"deu_Latn","adventskalender süßigkeiten usa","圣诞倒数日历 糖果 美国"
"deu_Latn","adventskalender vegan lindt","素食主义者的圣诞倒数日历 林特"
"deu_Latn","adventskalender weihnachtsmann","圣诞倒数日历 圣诞老人"
"deu_Latn","adventskalender zahlen aufkleber groß","圣诞倒数日历支付贴纸大号"
"deu_Latn","adventskalender zeichnen erwachsene","圣诞倒数日历 绘制 成人"
"deu_Latn","adventskalender zum befüllen pinguin","可填充的圣诞倒数日历 企鹅"
"deu_Latn","adventskalender+baby","圣诞倒数日历+婴儿"
"deu_Latn","after aight adventskalender","after aight adventskalender"
"deu_Latn","alle adventskalender","所有圣诞降临日历"
"deu_Latn","among us adventskalender","among us 圣诞倒数日历"
"deu_Latn","anthon berg adventskalender","安顿·伯格圣诞倒数日历"
"deu_Latn","artikel für adventskalender kinder","儿童圣诞倒数日历用品"
"deu_Latn","aufstell adventskalender","立式圣诞倒数日历"
"deu_Latn","baby adventskalender 8 monate","8个月宝宝圣诞倒数日历"
"deu_Latn","befüllung für adventskalender frau","用于女性的圣诞倒数日历填充物"
"deu_Latn","benjamin blümchen adventskalender","本杰明·布吕姆琴圣诞倒数日历"
"deu_Latn","challenge adventskalender","挑战圣诞日历"
"deu_Latn","chips adventskalender 2025 xxl","薯片 圣诞倒数日历 2025 XXL"
"deu_Latn","clipper gizeh adventskalender 2025","clipper gizeh 2025年圣诞倒数日历"
"deu_Latn","dallmayr adventskalender","达尔梅拉圣诞倒数日历"
"deu_Latn","damen socken adventskalender","女士袜子圣诞倒数日历"
"deu_Latn","degusta adventskalender","品鉴圣诞日历"
"deu_Latn","der literarische adventskalender","文学圣诞倒数日历"
"deu_Latn","die drei ausrufezeichen adventskalender buch","三个感叹号的圣诞倒数日历书"
"deu_Latn","die drei kids adventskalender 2025","2025年三款儿童圣诞倒数日历"
"deu_Latn","dinge für adventskalender mann","圣诞倒数日历配件 男士"
"deu_Latn","elektronik retro spiele adventskalender","电子 电子游戏 复古 游戏 圣诞倒数日历"
"deu_Latn","emotional adventskalender","情感圣诞倒数日历"
"deu_Latn","essence xmas adventskalender","精华圣诞圣诞日历"
"deu_Latn","frau adventskalender","女性圣诞倒数日历"
"deu_Latn","funko pop adventskalender anime","费恩科普（Funko）POP动漫圣诞倒数日历"
"deu_Latn","funko pop adventskalender pokemon","funko pop adventskalender pokemon"
"deu_Latn","füllideen adventskalender","填充创意圣诞倒数日历"
"deu_Latn","füllung adventskalender für frauen","填充式圣诞倒数日历，适用于女性"
"deu_Latn","füllungen für adventskalender frauen","适用于女性的圣诞倒数日历填充物"
"deu_Latn","gedore adventskalender","gedore 圣诞倒数日历"
"deu_Latn","gefragt gejagt adventskalender 2025","2025年圣诞倒数日历 搜索热门 商品追踪"
"deu_Latn","geschenktüte adventskalender","礼物袋 圣诞倒数日历"
"deu_Latn","glas adventskalender","玻璃圣诞倒数日历"
"deu_Latn","grüner tee adventskalender","绿色茶叶圣诞倒数日历"
"deu_Latn","happy socks adventskalender 2023","快乐袜子2023年圣诞倒数日历"
"deu_Latn","harley adventskalender","哈雷圣诞日历"
"deu_Latn","harry potter adventskalender funko pop","哈利波特圣诞倒数日历 Funko Pop"
"deu_Latn","harry potter adventskalender schokolade","哈利波特圣诞倒数日历巧克力"
"deu_Latn","holi adventskalender 2025 ohne energy","2025年无能量霍利圣诞倒数日历"
"deu_Latn","horsebrands adventskalender","horsebrands 圣诞倒数日历"
"deu_Latn","hot chocolate adventskalender","热巧克力圣诞倒数日历"
"deu_Latn","insoon adventskalender 2025","insoon 2025年圣诞日历"
"deu_Latn","jelly belly adventskalender 2025","2025年果冻肚历（圣诞倒数日历）"
"deu_Latn","jugendliche adventskalender 2025","2025年青少年圣诞倒数日历"
"deu_Latn","kinder adventskalender 2025 ab 2","2025年儿童圣诞倒数日历，2岁起适用"
"deu_Latn","kinder adventskalender lego","儿童圣诞倒数日历乐高"
"deu_Latn","korres adventskalender","korres 圣诞倒数日历"
"deu_Latn","kreativ adventskalender mädchen","创意圣诞倒数日历 女孩"
"deu_Latn","küchen adventskalender","厨房圣诞日历"
"deu_Latn","lamborghini adventskalender","兰博基尼圣诞倒数日历"
"deu_Latn","loccitane adventskalender","loccitane 圣诞倒数日历"
"deu_Latn","lol surprise adventskalender 2025","lol惊喜圣诞倒数日历2025"
"deu_Latn","lustige kleinigkeiten für adventskalender","趣味小物件，适用于圣诞倒数日历"
"deu_Latn","malteser adventskalender","马尔代斯圣诞倒数日历"
"deu_Latn","mein schweden adventskalender","我的瑞典圣诞倒数日历"
"deu_Latn","mexican tears adventskalender 2025","墨西哥眼泪2025年圣诞倒数日历"
"deu_Latn","mini parfüm adventskalender frauen","迷你香水圣诞倒数日历 女士"
"deu_Latn","minibücher adventskalender","迷你书圣诞日历"
"deu_Latn","moomin adventskalender 2025","moomin adventskalender 2025"
"deu_Latn","nfl adventskalender 2025 schokolade","nfl 圣诞倒数日历 2025 巧克力"
"deu_Latn","niederegger marzipan adventskalender 2025","尼德勒格格仁果节日期待日历2025"
"deu_Latn","oma opa adventskalender","爷爷 爷爷 圣诞倒数日历"
"deu_Latn","opa adventskalender","圣诞倒数日历"
"deu_Latn","originelle adventskalender 2025","2025年原创圣诞倒数日历"
"deu_Latn","parfum adventskalender 2025 frauen","2025年香水圣诞日历 女士"
"deu_Latn","parfum adventskalender frauen","香水 圣诞倒数日历 女士"
"deu_Latn","playmobil junior adventskalender 2025","playmobil junior 圣诞倒数日历 2025"
"deu_Latn","pop figuren adventskalender","流行玩偶圣诞倒数日历"
"deu_Latn","prinz adventskalender 2025 schnaps","2025年prinz圣诞倒数日历烈酒"
"deu_Latn","prosecco adventskalender 2025","普罗赛克香槟圣诞倒数日历2025"
"deu_Latn","ritter adventskalender","ritter 圣诞倒数日历"
"deu_Latn","saat adventskalender","种子圣诞日历"
"deu_Latn","schleich adventskalender 2024","施莱赫2024年圣诞倒数日历"
"deu_Latn","schmuck adventskalender 2025 frauen","2025年女士首饰圣诞日历"
"deu_Latn","schreibwaren für adventskalender","文具用品用于圣诞倒数日历"
"deu_Latn","slytherin adventskalender","斯莱特林圣诞倒数日历"
"deu_Latn","star wars adventskalender 2024","星球大战2024年圣诞日历"
"deu_Latn","stihl adventskalender","斯蒂尔（Stihl）圣诞倒数日历"
"deu_Latn","stitch adventskalender schmuck","刺绣圣诞日历饰品"
"deu_Latn","stollen adventskalender 2025","2025年圣诞降临日历 麦克蛋糕"
"deu_Latn","strauss adventskalender","施特劳斯圣诞倒数日历"
"deu_Latn","süßigkeiten adventskalender xxl","糖果 圣诞倒数日历 XXL"
"deu_Latn","tartufo adventskalender","松露圣诞倒数日历"
"deu_Latn","tequila adventskalender","龙舌兰酒圣诞日历"
"deu_Latn","thermomix adventskalender 2025","thermomix 2025年圣诞倒数日历"
"deu_Latn","twinings adventskalender","twinings adventskalender"
"deu_Latn","verbastelbuch adventskalender","手工制作圣诞倒数日历书"
"deu_Latn","vfb stuttgart adventskalender 2025","斯图加特VFB 2025年圣诞倒数日历"
"deu_Latn","wander adventskalender","漫步圣诞倒数日历"
"deu_Latn","werkzeug adventskalender wera","工具 圣诞倒数日历 Wera"
"deu_Latn","wildcat adventskalender","wildcat adventskalender 译文：野猫圣诞倒数日历"
"deu_Latn","yoga adventskalender in der box","瑜伽圣诞倒数日历盒装"
"deu_Latn","zigarren adventskalender","香烟圣诞倒数日历"
"deu_Latn","zuckerfreie adventskalender","无糖圣诞倒数日历"
"deu_Latn","weihnachtskalender 2025 für frauen kosmetik","2025年女性化妆品圣诞日历"
"deu_Latn","weihnachtskalender jungen 12 jahre","圣诞日历 12岁男孩"
"deu_Latn","weihnachtskalender lakritze","圣诞日历 洋甘菊糖"
"deu_Latn","weihnachtskalender personalisiert","个性化圣诞日历"
"deu_Latn","24 beutel adventskalender","24袋圣诞倒数日历"
"deu_Latn","adventskalender 1860 münchen","圣诞倒数日历 1860 慕尼黑"
"deu_Latn","adventskalender 2025 bauernhof","2025年圣诞倒数日历 农场"
"deu_Latn","adventskalender 2025 bmw","2025年圣诞倒数日历 BMW"
"deu_Latn","adventskalender 2025 bülow","2025年圣诞倒数日历 bülow"
"deu_Latn","adventskalender 2025 corny","2025年玉米圣诞日历"
"deu_Latn","adventskalender 2025 enten","2025年圣诞倒数日历（女款）"
"deu_Latn","adventskalender 2025 frauen amorelie","2025年圣诞倒数日历 女士 Amorelie"
"deu_Latn","adventskalender 2025 frauen befüllung","2025年圣诞倒数日历 女性款 填充"
"deu_Latn","adventskalender 2025 frauen haare","2025年圣诞倒数日历 女性美发"
"deu_Latn","adventskalender 2025 frauen selber machen","2025年圣诞倒数日历 女性自制"
"deu_Latn","adventskalender 2025 handball","2025年圣诞倒数日历 手球"
"deu_Latn","adventskalender 2025 hundebesitzer","2025年圣诞倒数日历 狗主人"
"deu_Latn","adventskalender 2025 kiko","2025年圣诞倒数日历 kiko"
"deu_Latn","adventskalender 2025 kinder ab 2","2025年圣诞倒数日历 适合2岁以上儿童"
"deu_Latn","adventskalender 2025 kinder kpop demon hunters","2025年圣诞倒数日历 儿童 KPOP 恶魔猎手"
"deu_Latn","adventskalender 2025 kinder marvel","2025年儿童漫威圣诞日历"
"deu_Latn","adventskalender 2025 kinder milka","2025年儿童牛奶历"
"deu_Latn","adventskalender 2025 kinder pixi bücher","2025年圣诞倒数日历 儿童Pixi书籍"
"deu_Latn","adventskalender 2025 kinder traktor","2025年儿童拖拉机圣诞日历"
"deu_Latn","adventskalender 2025 london","2025年伦敦圣诞倒数日历"
"deu_Latn","adventskalender 2025 make up nyx","2025年圣诞倒数日历 NYX化妆品"
"deu_Latn","adventskalender 2025 milwaukee","2025年圣诞倒数日历 milwaukee"
"deu_Latn","adventskalender 2025 minecraft lego","2025年圣诞倒数日历 求生之路（Minecraft）乐高"
"deu_Latn","adventskalender 2025 pop","2025年圣诞倒数日历 pop"
"deu_Latn","adventskalender 2025 rock","2025年圣诞倒数日历 皮革"
"deu_Latn","adventskalender 2025 schule der magischen tiere","2025年圣诞倒数日历 魔法动物学校"
"deu_Latn","adventskalender 2025 steine kristalle","2025年圣诞倒数日历 石头 水晶"
"deu_Latn","adventskalender achtsam","圣诞倒数日历 专注当下"
"deu_Latn","adventskalender amerikanisch","美国风格的圣诞倒数日历"
"deu_Latn","adventskalender angeln raubfisch","圣诞倒数日历 钓鱼 鲭鱼"
"deu_Latn","adventskalender asterix und obelix","圣诞倒数日历 阿斯特里克斯与奥贝里克斯"
"deu_Latn","adventskalender ausmalbuch","圣诞倒数日历涂色书"
"deu_Latn","adventskalender badezusatz männer","圣诞倒数日历 泡澡添加剂 男士"
"deu_Latn","adventskalender barbara behr","巴洛赫·芭芭拉圣诞倒数日历"
"deu_Latn","adventskalender beuty","圣诞倒数日历 beuty"
"deu_Latn","adventskalender bijou brigitte","圣诞日历 bijou brigitte"
"deu_Latn","adventskalender bodybuilding","健身日历 圣诞倒数日历"
"deu_Latn","adventskalender buben 10 jahre","圣诞倒数日历 男孩 10岁"
"deu_Latn","adventskalender buch ab 10","圣诞倒数日历书 10岁以上"
"deu_Latn","adventskalender buch für kinder","圣诞日历儿童书籍"
"deu_Latn","adventskalender böses buch","圣诞倒数日历恶作剧之书"
"deu_Latn","adventskalender dackel 2025","2025年腊肠犬圣诞日历"
"deu_Latn","adventskalender duschgel damen","圣诞倒数日历 女性沐浴露"
"deu_Latn","adventskalender esel","圣诞倒数日历 骆驼"
"deu_Latn","adventskalender exit kosmos","圣诞倒数日历 逃离 宇宙"
"deu_Latn","adventskalender frauen lustig","圣诞倒数日历 女士 有趣"
"deu_Latn","adventskalender füllideen kinder","圣诞倒数日历填充创意儿童"
"deu_Latn","adventskalender füllung lego","圣诞倒数日历填充物乐高"
"deu_Latn","adventskalender für bastler","手工爱好者圣诞倒数日历"
"deu_Latn","adventskalender für veganer","适合纯素食者的圣诞日历"
"deu_Latn","adventskalender getrocknete früchte","圣诞日历干果"
"deu_Latn","adventskalender gourmet 2025","2025年美食圣诞日历"
"deu_Latn","adventskalender haus holz","圣诞倒数日历 木质家居"
"deu_Latn","adventskalender hitschis 2025","2025年hitschis圣诞倒数日历"
"deu_Latn","adventskalender ice","圣诞倒数日历 冰淇淋"
"deu_Latn","adventskalender it","圣诞倒数日历 it"
"deu_Latn","adventskalender jungs 14","圣诞倒数日历 男孩 14岁"
"deu_Latn","adventskalender kind 7 jahre","圣诞倒数日历 7岁儿童"
"deu_Latn","adventskalender kinder 12 jahre mädchen","圣诞倒数日历 儿童 12岁 女孩"
"deu_Latn","adventskalender kinder ab 5 jahre","圣诞倒数日历 适合5岁以上儿童"
"deu_Latn","adventskalender kinder amazon","儿童圣诞倒数日历 亚马逊"
"deu_Latn","adventskalender kinder bilder","圣诞日历 儿童图片"
"deu_Latn","adventskalender kinder schule","圣诞日历 儿童 学校"
"deu_Latn","adventskalender lego figuren","圣诞倒数日历乐高人偶"
"deu_Latn","adventskalender lindt edelbitter","圣诞倒数日历 林德特 咖啡味巧克力"
"deu_Latn","adventskalender mann ideen","圣诞日历 男士 点子"
"deu_Latn","adventskalender maus und elefant","圣诞倒数日历 鼹鼠和大象"
"deu_Latn","adventskalender medizin 2025","2025年医疗主题圣诞倒数日历"
"deu_Latn","adventskalender mini verse","迷你诗句圣诞日历"
"deu_Latn","adventskalender mir doch egal wie alt ich bin","圣诞日历，我多大都无所谓"
"deu_Latn","adventskalender nützlich","圣诞倒数日历 有用"
"deu_Latn","adventskalender playstation 5","圣诞倒数日历 PlayStation 5"
"deu_Latn","adventskalender pony","圣诞倒数日历 小马"
"deu_Latn","adventskalender rammstein","圣诞倒数日历 拉姆斯坦（乐队）"
"deu_Latn","adventskalender rentier","圣诞倒数日历 骏马（或驯鹿）"
"deu_Latn","adventskalender rick and morty","《瑞克和莫蒂》圣诞日历"
"deu_Latn","adventskalender schokolade windel","圣诞倒数日历 巧克力 尿布"
"deu_Latn","adventskalender selber befüllen box","自填充圣诞日历盒"
"deu_Latn","adventskalender snacks 2025","2025年圣诞倒数日历零食"
"deu_Latn","adventskalender socken 2025","2025年圣诞倒数日历袜子"
"deu_Latn","adventskalender socken mädchen","圣诞倒数日历 短袜 女孩"
"deu_Latn","adventskalender stadt","圣诞日历城市"
"deu_Latn","adventskalender tarot","圣诞日历塔罗牌"
"deu_Latn","adventskalender tip toi 2025","2025年adventskalender tip toi"
"deu_Latn","adventskalender union berlin","adventskalender union berlin"
"deu_Latn","adventskalender weltenbummler","圣诞倒数日历 旅行达人"
"deu_Latn","adventskalender witze erwachsene","圣诞日历笑话成人版"
"deu_Latn","adventskalender zum ausfüllen","可填写的圣诞倒数日历"
"deu_Latn","adventskalender+erstleser","圣诞倒数日历+首读者"
"deu_Latn","amazon tee adventskalender","亚马逊T恤圣诞倒数日历"
"deu_Latn","auto adventskalender kinder","儿童圣诞倒数日历（或：儿童用圣诞倒数日历）"
"deu_Latn","backen adventskalender 2025","烘焙2025年圣诞倒数日历"
"deu_Latn","bad adventskalender","浴缸圣诞日历"
"deu_Latn","beauty adventskalender männer","美妆圣诞倒数日历 男士"
"deu_Latn","besondere adventskalender kinder","特别的儿童圣诞倒数日历"
"deu_Latn","book nook adventskalender","书角圣诞日历"
"deu_Latn","bubble tea adventskalender","珍珠奶茶圣诞日历"
"deu_Latn","buch adventskalender 2025 teenager","2025年青少年圣诞日历书籍"
"deu_Latn","böses buch adventskalender","邪恶之书圣诞倒数日历"
"deu_Latn","celebrations adventskalender","庆祝活动 圣诞日历"
"deu_Latn","cosmos adventskalender","cosmos adventskalender"
"deu_Latn","daphnes diary adventskalender","达芙妮日记圣诞倒数日历"
"deu_Latn","der wundersame adventskalender","神奇的圣诞倒数日历"
"deu_Latn","disney cars adventskalender 2025","迪士尼赛车2025年圣诞倒数日历"
"deu_Latn","engel adventskalender","engel adventskalender"
"deu_Latn","englisch adventskalender","英文 圣诞倒数日历"
"deu_Latn","fidget toy adventskalender 2025","2025年减压玩具圣诞倒数日历"
"deu_Latn","fleisch adventskalender","肉类圣诞倒数日历"
"deu_Latn","funko pop stitch adventskalender","funko pop stitch adventskalender 译文：芬克弹出式斯蒂奇圣诞倒数日历"
"deu_Latn","fussball adventskalender 2026","2026年足球圣诞日历"
"deu_Latn","gesunde snacks adventskalender","健康零食 圣诞节倒数日历"
"deu_Latn","gute laune adventskalender","好心情 圣诞倒数日历"
"deu_Latn","ich liebe dich adventskalender","我爱你 圣诞倒数日历"
"deu_Latn","japanische süssigkeiten adventskalender","日本糖果 圣诞倒数日历"
"deu_Latn","jutesäcke adventskalender","麻袋 圣诞倒数日历"
"deu_Latn","k pop huntrix adventskalender","K-pop Huntrix 圣诞倒数日历"
"deu_Latn","karten für adventskalender","圣诞倒数日历卡片"
"deu_Latn","kaufmann adventskalender","卡夫曼圣诞倒数日历"
"deu_Latn","kleine geschenke für den adventskalender kinder","儿童圣诞倒数日历小礼物"
"deu_Latn","kleine papiertüten adventskalender","小纸袋圣诞倒数日历"
"deu_Latn","kleinigkeiten für adventskalender jugendliche","青少年圣诞倒数日历小物件"
"deu_Latn","klopfer adventskalender 2025","2025年敲门砖圣诞倒数日历"
"deu_Latn","knobelspiele adventskalender 2025","2025年圣诞倒数日历智力游戏"
"deu_Latn","kondom adventskalender","避孕套圣诞日历"
"deu_Latn","kosmetik adventskalender männer","男士化妆品圣诞日历"
"deu_Latn","kosmos - adventskalender","宇宙 - 圣诞倒数日历"
"deu_Latn","kreuzworträtsel adventskalender 2025","2025年圣诞倒数日历填字游戏"
"deu_Latn","lese adventskalender","阅读圣诞倒数日历"
"deu_Latn","little people adventskalender 2025","小人历险记2025圣诞倒数日历"
"deu_Latn","massage adventskalender 2025","2025年按摩圣诞日历"
"deu_Latn","match attax 25/26 adventskalender","match attax 25/26 圣诞倒数日历"
"deu_Latn","meerjungfrauen adventskalender","海的女儿圣诞倒数日历"
"deu_Latn","mein lotta leben adventskalender","我的洛塔生活圣诞倒数日历"
"deu_Latn","monty bojangles adventskalender","蒙提·鲍杰朗斯圣诞倒数日历"
"deu_Latn","muschel adventskalender","贝壳圣诞倒数日历"
"deu_Latn","naturkosmetik adventskalender 2025","2025年天然化妆品圣诞倒数日历"
"deu_Latn","nostalgie adventskalender mit glitzer","怀旧闪粉圣诞倒数日历"
"deu_Latn","nostalgischer adventskalender schokolade","怀旧风格的圣诞倒数日历巧克力"
"deu_Latn","oldtimer adventskalender","老式圣诞倒数日历"
"deu_Latn","parkside adventskalender","公园边的圣诞倒数日历"
"deu_Latn","pikachu adventskalender","皮卡丘圣诞倒数日历"
"deu_Latn","playdo adventskalender 2025","playdo 2025年圣诞倒数日历"
"deu_Latn","playmobil adventskalender 2025 polizei","playmobil 2025年圣诞倒数日历 警察"
"deu_Latn","rauhnacht adventskalender","拉恩纳赫特圣诞倒数日历"
"deu_Latn","sachen für adventskalender mädchen","女孩用的圣诞倒数日历小物"
"deu_Latn","sallys welt adventskalender","sallys welt 圣诞倒数日历"
"deu_Latn","saucen adventskalender","酱料圣诞日历"
"deu_Latn","schleich adventskalender farm world","施莱希圣诞倒数日历农场世界"
"deu_Latn","schleich farm world adventskalender","施莱希农场世界圣诞倒数日历"
"deu_Latn","senseo adventskalender","senseo 圣诞日历"
"deu_Latn","sockswear adventskalender","sockswear 圣诞倒数日历"
"deu_Latn","south park adventskalender","南公园圣诞倒数日历"
"deu_Latn","spielzeug adventskalender jungen","玩具圣诞倒数日历男孩"
"deu_Latn","sweets aus aller welt adventskalender","来自世界各地的糖果 圣诞倒数日历"
"deu_Latn","tee im glas adventskalender","茶杯里的玻璃圣诞倒数日历"
"deu_Latn","waschbär adventskalender","浣熊圣诞倒数日历"
"deu_Latn","werkzeug adventskalender kinder","工具 圣诞倒数日历 儿童"
"deu_Latn","wolfsblut adventskalender","wolfsblut adventskalender"
"deu_Latn","yu gi oh adventskalender","游戏王圣诞日历"
"deu_Latn","zug adventskalender kinder","儿童圣诞倒数日历"
"deu_Latn","dart weihnachtskalender","飞镖圣诞日历"
"deu_Latn","fußball weihnachtskalender","足球圣诞日历"
"deu_Latn","weihnachtskalender 2025 gewürze","2025年圣诞日历 调味料"
"deu_Latn","weihnachtskalender freundin","圣诞日历 女友"
"deu_Latn","weihnachtskalender jugendliche jungs","圣诞日历 青少年男孩"
"deu_Latn","weihnachtskalender mit alkohol","含酒精的圣诞日历"
"deu_Latn","weihnachtskalender sport","圣诞日历 运动"
"deu_Latn","weihnachtskalender star wars","圣诞日历 星球大战"
"deu_Latn","'adventskalender protein","蛋白质圣诞日历"
"deu_Latn","adventskalender 2023 kinder","2023年儿童圣诞倒数日历"
"deu_Latn","adventskalender 2025 anna und elsa","2025年圣诞倒数日历 安娜与艾尔莎"
"deu_Latn","adventskalender 2025 asam","2025年圣诞倒数日历 酸（或指某种酸味产品，根据具体语境）"
"deu_Latn","adventskalender 2025 autos kinder","2025年圣诞倒数日历 汽车 儿童"
"deu_Latn","adventskalender 2025 cars","2025年圣诞倒数日历 汽车"
"deu_Latn","adventskalender 2025 frauen gewürze","2025年圣诞倒数日历 女性 香料"
"deu_Latn","adventskalender 2025 frauen skincare","2025年圣诞倒数日历 女性护肤品"
"deu_Latn","adventskalender 2025 früchtetee","2025年圣诞倒数日历 水果茶"
"deu_Latn","adventskalender 2025 gitarre","2025年圣诞倒数日历 吉他"
"deu_Latn","adventskalender 2025 gothic","2025年哥特风圣诞日历"
"deu_Latn","adventskalender 2025 haarpflege","2025年圣诞倒数日历 护发"
"deu_Latn","adventskalender 2025 k pop","2025年圣诞倒数日历 K-pop"
"deu_Latn","adventskalender 2025 kinder 10 jahre junge","2025年圣诞倒数日历 儿童 10岁 年轻"
"deu_Latn","adventskalender 2025 kinder 13 jahre","2025年圣诞倒数日历 儿童 13岁"
"deu_Latn","adventskalender 2025 kinder 2 jahre junge","2025年圣诞倒数日历 儿童 2岁 幼儿"
"deu_Latn","adventskalender 2025 kinder ohne schokolade","2025年无巧克力儿童版圣诞倒数日历"
"deu_Latn","adventskalender 2025 kinder slime","2025年圣诞倒数日历 儿童史莱姆"
"deu_Latn","adventskalender 2025 kinder steine","2025年圣诞倒数日历 儿童石头"
"deu_Latn","adventskalender 2025 klassisch","2025年经典款圣诞倒数日历"
"deu_Latn","adventskalender 2025 lakritze","2025年圣诞倒数日历 荞麦糖"
"deu_Latn","adventskalender 2025 mac","2025年圣诞倒数日历 mac"
"deu_Latn","adventskalender 2025 schleich horse club","2025年圣诞倒数日历 Schleich 马术俱乐部"
"deu_Latn","adventskalender 2025 self care","2025年圣诞倒数日历 自我关怀"
"deu_Latn","adventskalender 2025 trinkschokolade","2025年圣诞倒数日历 可饮用巧克力"
"deu_Latn","adventskalender 31 türchen","圣诞倒数日历 31扇小门"
"deu_Latn","adventskalender adidas","圣诞倒数日历 阿迪达斯"
"deu_Latn","adventskalender aesthetic","圣诞日历美学"
"deu_Latn","adventskalender aus papier","纸质圣诞倒数日历"
"deu_Latn","adventskalender babor","圣诞倒数日历 babor"
"deu_Latn","adventskalender benefit","圣诞倒数日历 benefit"
"deu_Latn","adventskalender beschriftung","圣诞倒数日历标签"
"deu_Latn","adventskalender briefumschläge","圣诞日历信封"
"deu_Latn","adventskalender buch 2025 kinder","2025年儿童圣诞倒数日历书"
"deu_Latn","adventskalender bär","圣诞倒数日历 熊"
"deu_Latn","adventskalender cappuccino","圣诞倒数日历 卡布奇诺"
"deu_Latn","adventskalender dinge zum befüllen","圣诞倒数日历填充物"
"deu_Latn","adventskalender duell paare","圣诞倒数日历对决情侣款"
"deu_Latn","adventskalender düfte männer","圣诞日历 香氛 男士"
"deu_Latn","adventskalender eisenbahn kinder","圣诞倒数日历 铁路 儿童"
"deu_Latn","adventskalender eiweiss","圣诞倒数日历蛋白蛋"
"deu_Latn","adventskalender emotional","情感圣诞倒数日历"
"deu_Latn","adventskalender emotional support","圣诞倒数日历 情感支持"
"deu_Latn","adventskalender französische bulldogge","圣诞倒数日历 法国斗牛犬"
"deu_Latn","adventskalender fur frauen","女士圣诞倒数日历"
"deu_Latn","adventskalender füllmaterial","圣诞倒数日历填充材料"
"deu_Latn","adventskalender füllung damen","女士圣诞倒数日历填充物"
"deu_Latn","adventskalender füllung junge 5","圣诞倒数日历填充物 年轻5（注：此处“junge 5”可能根据具体语境有不同翻译，但按字面意思直译为“年轻5”，实际应用中可能需要根据品牌或产品特性调整）"
"deu_Latn","adventskalender füllung vegan","素食主义圣诞倒数日历填充物"
"deu_Latn","adventskalender für 12 jährige","12岁儿童的圣诞倒数日历"
"deu_Latn","adventskalender für die seele","心灵的圣诞倒数日历"
"deu_Latn","adventskalender für große hunde","大狗专用的圣诞倒数日历"
"deu_Latn","adventskalender für jungs 10 jahre","10岁男孩的圣诞倒数日历"
"deu_Latn","adventskalender für katzen mit spielzeug","猫咪的带有玩具的圣诞倒数日历"
"deu_Latn","adventskalender für kiffer","大麻迷专用的圣诞倒数日历"
"deu_Latn","adventskalender für manner","男士圣诞倒数日历"
"deu_Latn","adventskalender für pasre","圣诞倒数日历 for pasre"
"deu_Latn","adventskalender für polizisten","警察专用的圣诞倒数日历"
"deu_Latn","adventskalender für schlaumeier","聪明人的圣诞倒数日历"
"deu_Latn","adventskalender geschenke frauen","圣诞倒数日历 女性礼物"
"deu_Latn","adventskalender ghibli","吉卜力圣诞倒数日历"
"deu_Latn","adventskalender haarprodukte","圣诞倒数日历 护发产品"
"deu_Latn","adventskalender hängend zum befüllen","待填充的悬挂式圣诞倒数日历"
"deu_Latn","adventskalender janosch","圣诞日历 janosch"
"deu_Latn","adventskalender japanisch lernen","学习日语的圣诞日历"
"deu_Latn","adventskalender junge 10","圣诞倒数日历 年轻款 10"
"deu_Latn","adventskalender junge lego","圣诞倒数日历 年轻乐高"
"deu_Latn","adventskalender jungs 13","圣诞倒数日历 男孩 13岁"
"deu_Latn","adventskalender kakao 2025","2025年圣诞倒数日历可可"
"deu_Latn","adventskalender kinder ab 2","圣诞倒数日历 适合2岁以上儿童"
"deu_Latn","adventskalender kinder fußball","圣诞倒数日历 儿童 足球"
"deu_Latn","adventskalender kpop stray kids","圣诞倒数日历 KPOP Stray Kids"
"deu_Latn","adventskalender könig der löwen","圣诞倒数日历《狮子王》"
"deu_Latn","adventskalender körperpflege","圣诞倒数日历 护理"
"deu_Latn","adventskalender leho","圣诞日历 leho"
"deu_Latn","adventskalender loriot","adventskalender loriot"
"deu_Latn","adventskalender maulwurf","圣诞倒数日历 土拨鼠"
"deu_Latn","adventskalender mit stickern","带贴纸的圣诞倒数日历"
"deu_Latn","adventskalender mit teebeutel","圣诞日历配茶包"
"deu_Latn","adventskalender mogli","摩格利圣诞日历"
"deu_Latn","adventskalender mädchen zum befüllen","圣诞倒数日历（可填充）女孩款"
"deu_Latn","adventskalender nails","圣诞倒数日历美甲"
"deu_Latn","adventskalender nba","圣诞倒数日历 nba"
"deu_Latn","adventskalender neoh","圣诞倒数日历 neoh"
"deu_Latn","adventskalender personalisiert holz","个性化定制圣诞倒数日历 木制"
"deu_Latn","adventskalender päckchen zum befüllen","圣诞倒数日历小袋子，可填充"
"deu_Latn","adventskalender radio","圣诞倒数日历 收音机"
"deu_Latn","adventskalender rock legends","圣诞倒数日历 摇滚传奇"
"deu_Latn","adventskalender single frauen","圣诞倒数日历 单身女性"
"deu_Latn","adventskalender socken frauen","圣诞倒数日历 女士袜子"
"deu_Latn","adventskalender spiele kinder","圣诞日历 游戏 儿童"
"deu_Latn","adventskalender sweets aus aller welt","来自世界各地的圣诞倒数日历糖果"
"deu_Latn","adventskalender säckchen blau","圣诞日历小袋子 蓝色"
"deu_Latn","adventskalender säckchen groß xxl","圣诞日历小袋子 大号 XXL"
"deu_Latn","adventskalender säckchen jute","圣诞倒数日历麻布袋"
"deu_Latn","adventskalender tonys","圣诞倒数日历 顿尼斯"
"deu_Latn","adventskalender totenkopf","圣诞倒数日历骷髅头"
"deu_Latn","adventskalender tuten","圣诞倒数日历 嘟嘟声"
"deu_Latn","adventskalender tüten gold","圣诞倒数日历袋子金色"
"deu_Latn","adventskalender tüten mit zahlen","圣诞倒数日历带数字的袋子"
"deu_Latn","adventskalender unnützes wissen","圣诞日历 无用的知识"
"deu_Latn","adventskalender weed","圣诞倒数日历大麻"
"deu_Latn","adventskalender zum befüllen lila","可填充的紫色圣诞降临日历"
"deu_Latn","alnatura adventskalender","alnatura 圣诞倒数日历"
"deu_Latn","art adventskalender","圣诞倒数日历"
"deu_Latn","bier adventskalender 2025 dosen","啤酒 圣诞倒数日历 2025 罐装"
"deu_Latn","bilder adventskalender kinder","儿童圣诞倒数日历图片"
"deu_Latn","bon maman adventskalender 2025","邦曼妈妈2025年圣诞倒数日历"
"deu_Latn","bonne maman adventskalender","Bonne maman 圣诞倒数日历"
"deu_Latn","boxen adventskalender","拳击主题圣诞倒数日历"
"deu_Latn","briefumschläge adventskalender","信封 圣诞倒数日历"
"deu_Latn","die eiskönigin adventskalender","冰雪奇缘圣诞倒数日历"
"deu_Latn","do it yourself adventskalender","do it yourself 圣诞倒数日历"
"deu_Latn","douglas luxury adventskalender 2025","道格拉斯豪华圣诞倒数日历2025"
"deu_Latn","dragons adventskalender","龙的圣诞倒数日历"
"deu_Latn","edelbitter adventskalender","edelbitter adventskalender"
"deu_Latn","eintracht frankfurt adventskalender 2025","法兰克福队2025年圣诞倒数日历"
"deu_Latn","eis de adventskalender","圣诞降临日历冰淇淋"
"deu_Latn","elf cosmetic adventskalender 2025","2025年elf化妆品圣诞倒数日历"
"deu_Latn","escape room adventskalender kinder","密室逃脱 圣诞倒数日历 儿童"
"deu_Latn","fcn adventskalender","fcn 圣诞倒数日历"
"deu_Latn","feinschmecker adventskalender","美食家圣诞倒数日历"
"deu_Latn","franzis adventskalender 2025","弗朗齐斯2025年圣诞倒数日历"
"deu_Latn","füllung adventskalender 3 jährige","填充式圣诞倒数日历 3年"
"deu_Latn","für adventskalender füllung frauen","适用于女性的圣诞倒数日历填充物"
"deu_Latn","gaby adventskalender","加比圣诞倒数日历"
"deu_Latn","haikyuu adventskalender","排球少年圣诞倒数日历"
"deu_Latn","hair care adventskalender","护发圣诞倒数日历"
"deu_Latn","horse club adventskalender 2025","马术俱乐部2025年圣诞倒数日历"
"deu_Latn","hretvoi outdoor-adventskalender","hretvoi 户外圣诞日历"
"deu_Latn","japanische adventskalender","日本式圣诞倒数日历"
"deu_Latn","kawaii adventskalender 2025","2025年可爱风格圣诞倒数日历"
"deu_Latn","kfz adventskalender","汽车（Kfz）圣诞倒数日历"
"deu_Latn","kleine geschenke für den adventskalender für frauen","适用于女性的圣诞降临日历小礼物"
"deu_Latn","kleinigkeit adventskalender frau","小件儿 圣诞倒数日历 女士"
"deu_Latn","knobelspiel adventskalender","智力游戏圣诞倒数日历"
"deu_Latn","korean beauty adventskalender","韩式美妆圣诞倒数日历"
"deu_Latn","kosmos adventskalender 2025 exit","科斯莫斯2025年圣诞倒数日历 退出"
"deu_Latn","lego 75418 lego star wars adventskalender 2025","乐高 75418 乐高星球大战2025年圣诞日历"
"deu_Latn","lego adventskalender frozen","乐高圣诞倒数日历 冰雪奇缘"
"deu_Latn","lego duplo adventskalender ab 2 jahre","乐高杜波洛圣诞倒数日历 适合2岁以上儿童"
"deu_Latn","lindor kugeln adventskalender","林德霍夫巧克力球圣诞倒数日历"
"deu_Latn","lindt adventskalender 2025 kinder","林德特2025年圣诞倒数日历儿童款"
"deu_Latn","loreal paris adventskalender","欧莱雅巴黎圣诞倒数日历"
"deu_Latn","magic finish adventskalender 2025","2025年魔法完成圣诞日历"
"deu_Latn","magna tiles adventskalender","麦加磁力片圣诞倒数日历"
"deu_Latn","malu wilz adventskalender 2025","马鲁威尔茨2025年圣诞倒数日历"
"deu_Latn","martin rütter adventskalender hund","马丁·吕特圣诞倒数日历 狗"
"deu_Latn","marvel adventskalender lego","漫威圣诞日历乐高"
"deu_Latn","mein sticker adventskalender","我的贴纸圣诞倒数日历"
"deu_Latn","metabo adventskalender","metabo 圣诞倒数日历"
"deu_Latn","milka adventskalender 2025 alpenmilch","米尔卡2025年圣诞倒数日历 阿尔卑斯牛奶"
"deu_Latn","mumin adventskalender","姆明圣诞倒数日历"
"deu_Latn","neonails adventskalender 2025","霓虹美甲2025年圣诞倒数日历"
"deu_Latn","northern lights adventskalender buch","北极光圣诞倒数日历书"
"deu_Latn","nummern adventskalender sticker","数字 圣诞倒数日历 贴纸"
"deu_Latn","o'donnell adventskalender 2025","o'donnell 2025年圣诞倒数日历"
"deu_Latn","paar duell adventskalender","一对对决圣诞倒数日历"
"deu_Latn","playmobil aqua adventskalender","playmobil 水上历险记倒数日历"
"deu_Latn","pralinen adventskalender ohne alkohol","无酒精的圣诞姜饼历"
"deu_Latn","reclams klassischer adventskalender","经典广告日历"
"deu_Latn","reese adventskalender","瑞斯（Reese）圣诞倒数日历"
"deu_Latn","reise adventskalender 2025","旅行 圣诞倒数日历 2025"
"deu_Latn","saure süßigkeiten adventskalender","酸甜零食 圣诞倒数日历"
"deu_Latn","schach adventskalender 2025","2025年国际象棋圣诞倒数日历"
"deu_Latn","schleich 99178 adventskalender","施莱希 99178 圣诞倒数日历"
"deu_Latn","schoko adventskalender vegan","纯素巧克力圣诞倒数日历"
"deu_Latn","sound adventskalender coppenrath","声音圣诞日历 Coppenrath"
"deu_Latn","soßen adventskalender","酱料圣诞倒数日历"
"deu_Latn","spirituosen adventskalender","烈酒圣诞日历"
"deu_Latn","sugar dad adventskalender","糖爹圣诞倒数日历"
"deu_Latn","süßigkeiten für adventskalender kinder","儿童圣诞倒数日历糖果"
"deu_Latn","tchibo adventskalender 2025","奇宝圣诞倒数日历2025"
"deu_Latn","tonies adventskalender 2025 flöckchen","tonies 2025年圣诞倒数日历 flöckchen"
"deu_Latn","trumpf adventskalender","特鲁普圣诞倒数日历"
"deu_Latn","usa süßigkeiten adventskalender","美国糖果 圣诞倒数日历"
"deu_Latn","victoria secret adventskalender 2025","维多利亚的秘密2025年圣诞倒数日历"
"deu_Latn","weihnachtsgeschichte adventskalender","圣诞故事 圣诞倒数日历"
"deu_Latn","xleta adventskalender","xleta 圣诞倒数日历"
"deu_Latn","zeck adventskalender","蜱虫圣诞倒数日历"
"deu_Latn","zeit verbrechen adventskalender","违反法律的圣诞倒数日历"
"deu_Latn","zmile adventskalender","zmile 圣诞倒数日历"
"deu_Latn","￼adventskalender","圣诞倒数日历"
"deu_Latn","aufkleber weihnachtskalender","贴纸 圣诞日历"
"deu_Latn","weihnachtskalender 2025 kinder lego","2025年儿童乐高圣诞日历"
"deu_Latn","weihnachtskalender für jugendliche","青少年圣诞日历"
"deu_Latn","weihnachtskalender rätsel","圣诞日历谜题"
"deu_Latn","weihnachtskalender schokolade kinder","圣诞日历 巧克力 儿童"
"deu_Latn","weihnachtskalender teenager","青少年圣诞日历"
"deu_Latn","'adventskalender beauty","圣诞日历美妆"
"deu_Latn","3 adventskalender","3个圣诞倒数日历"
"deu_Latn","3d druck adventskalender 2025","2025年3D打印圣诞倒数日历"
"deu_Latn","adventskalender 2023 joline elisa","2023年圣诞倒数日历 Joline Elisa"
"deu_Latn","adventskalender 2025 1. fc köln","2025年圣诞倒数日历 1. 法兰克福科隆足球俱乐部"
"deu_Latn","adventskalender 2025 ab 3 jahre","2025年圣诞倒数日历 适合3岁以上"
"deu_Latn","adventskalender 2025 bausteine","2025年圣诞倒数日历 套装积木"
"deu_Latn","adventskalender 2025 bestseller","2025年圣诞倒数日历畅销书"
"deu_Latn","adventskalender 2025 creme","2025年圣诞倒数日历 面霜"
"deu_Latn","adventskalender 2025 eishockey","2025年圣诞倒数日历 冰球"
"deu_Latn","adventskalender 2025 fnaf","2025年圣诞倒数日历 fnaf"
"deu_Latn","adventskalender 2025 frauen sport","2025年女性运动主题圣诞倒数日历"
"deu_Latn","adventskalender 2025 frauen wein","2025年圣诞倒数日历 女士 葡萄酒"
"deu_Latn","adventskalender 2025 gewürz","2025年圣诞倒数日历 调味品"
"deu_Latn","adventskalender 2025 happy socks","2025年圣诞倒数日历 快乐袜子"
"deu_Latn","adventskalender 2025 kinder 4 jahre junge","2025年圣诞倒数日历 儿童 4岁 幼儿"
"deu_Latn","adventskalender 2025 kinder 4 jahre mädchen","2025年圣诞倒数日历 儿童 4岁 女孩"
"deu_Latn","adventskalender 2025 kinder 9 jahre mädchen","2025年圣诞倒数日历 9岁儿童 女孩"
"deu_Latn","adventskalender 2025 lindt edelbitter","2025年林德特（Lindt）精致黑巧克力圣诞倒数日历"
"deu_Latn","adventskalender 2025 mario","2025年马里奥圣诞日历"
"deu_Latn","adventskalender 2025 männer dart","2025年圣诞倒数日历 男士 飞镖"
"deu_Latn","adventskalender 2025 ovomaltine","2025年圣诞倒数日历 ovomaltine"
"deu_Latn","adventskalender 2025 sugar gang","2025年圣诞倒数日历 糖果组"
"deu_Latn","adventskalender ab 1","圣诞倒数日历 从1开始"
"deu_Latn","adventskalender ab 18 monate","18个月起适用的圣诞倒数日历"
"deu_Latn","adventskalender air up","圣诞倒数日历 空气升级"
"deu_Latn","adventskalender angeln karpfen","圣诞倒数日历 钓鱼 鲑鱼"
"deu_Latn","adventskalender architektur","圣诞倒数日历 建筑学"
"deu_Latn","adventskalender arduino","圣诞倒数日历 Arduino"
"deu_Latn","adventskalender bayala","圣诞倒数日历 bayala"
"deu_Latn","adventskalender besser im glas","玻璃材质的圣诞倒数日历更好"
"deu_Latn","adventskalender beutel kinder","圣诞倒数日历袋儿童"
"deu_Latn","adventskalender bich","圣诞倒数日历 bich"
"deu_Latn","adventskalender buch kinder ab 8","圣诞日历 书籍 儿童 8岁以上"
"deu_Latn","adventskalender chinesisch","圣诞倒数日历（中文）"
"deu_Latn","adventskalender clinique","圣诞倒数日历 倩碧"
"deu_Latn","adventskalender cornflakes","圣诞倒数日历 燕麦片"
"deu_Latn","adventskalender erwachsener","成人圣诞日历"
"deu_Latn","adventskalender füllung 7 jährige","圣诞倒数日历填充物 7岁"
"deu_Latn","adventskalender für die beste tochter","为最心爱的女儿准备的圣诞倒数日历"
"deu_Latn","adventskalender für frauen ab 40","40岁以上女性的圣诞倒数日历"
"deu_Latn","adventskalender für fußballer","足球运动员的圣诞倒数日历"
"deu_Latn","adventskalender für informatiker","计算机科学家的圣诞倒数日历"
"deu_Latn","adventskalender für jugendliche jungs","青少年男孩的圣诞倒数日历"
"deu_Latn","adventskalender für mädchen 7 jahre","7岁女孩的圣诞倒数日历"
"deu_Latn","adventskalender galileo","圣诞倒数日历 galileo"
"deu_Latn","adventskalender gedore","圣诞倒数日历 gedore"
"deu_Latn","adventskalender geschichten u3","圣诞倒数日历故事 u3"
"deu_Latn","adventskalender große taschen","圣诞倒数日历大袋子"
"deu_Latn","adventskalender harry potter schleich","哈利波特圣诞倒数日历 Schleich"
"deu_Latn","adventskalender hello lindt","圣诞倒数日历 hello lindt"
"deu_Latn","adventskalender henssler","圣诞日历 henssler"
"deu_Latn","adventskalender hitschies 2025","2025年hitschies圣诞倒数日历"
"deu_Latn","adventskalender ice de","圣诞倒数日历 冰冻 德文版"
"deu_Latn","adventskalender kekse 2025","2025年圣诞倒数日历饼干"
"deu_Latn","adventskalender kinder ferrero","圣诞倒数日历 儿童费列罗"
"deu_Latn","adventskalender kinder säckchen","圣诞倒数日历 儿童小袋子"
"deu_Latn","adventskalender kinetic sand","圣诞倒数日历 动态沙"
"deu_Latn","adventskalender kiste zum befüllen","圣诞倒数日历填充盒"
"deu_Latn","adventskalender liebe ist","圣诞倒数日历 爱情"
"deu_Latn","adventskalender magic","圣诞倒数日历 magic"
"deu_Latn","adventskalender mit keksen","圣诞倒数日历带饼干"
"deu_Latn","adventskalender mit kosmetik","圣诞倒数日历带化妆品"
"deu_Latn","adventskalender mit nougat","含有软糖的圣诞倒数日历"
"deu_Latn","adventskalender mit snacks","圣诞倒数日历带零食"
"deu_Latn","adventskalender mädchen 16","圣诞倒数日历 女孩 16"
"deu_Latn","adventskalender mädchen 4","圣诞倒数日历 女孩 4"
"deu_Latn","adventskalender männer befüllen","圣诞倒数日历 男士 填充"
"deu_Latn","adventskalender männer fussball","圣诞倒数日历 男士 足球"
"deu_Latn","adventskalender nostalgie papier","圣诞倒数日历 怀旧 纸"
"deu_Latn","adventskalender ohne alkohol","无酒精的圣诞倒数日历"
"deu_Latn","adventskalender ostsee","北海道圣诞日历"
"deu_Latn","adventskalender pokemonkarten","圣诞日历宝可梦卡牌"
"deu_Latn","adventskalender ritter","圣诞倒数日历骑士"
"deu_Latn","adventskalender schweizer schokolade","圣诞日历 瑞士巧克力"
"deu_Latn","adventskalender socken 24 paar","圣诞倒数日历袜子24双"
"deu_Latn","adventskalender soletti","圣诞倒数日历 soletti"
"deu_Latn","adventskalender stiefel","圣诞倒数日历靴子"
"deu_Latn","adventskalender strohsterne","圣诞倒数日历 稻草星"
"deu_Latn","adventskalender super mario 2025","2025年超级马里奥圣诞日历"
"deu_Latn","adventskalender teenager jungs füllung","圣诞倒数日历 青少年 男孩 填充物"
"deu_Latn","adventskalender to go schokolinsen","随行圣诞日历 巧克力豆"
"deu_Latn","adventskalender tüten harry potter","圣诞倒数日历袋 哈利波特"
"deu_Latn","adventskalender tüten häuser","圣诞倒数日历袋子房子"
"deu_Latn","adventskalender uv nagellack","圣诞倒数日历 防紫外线指甲油"
"deu_Latn","adventskalender wohnmobil","圣诞倒数日历 房车"
"deu_Latn","adventskalender wäscheklammern","圣诞日历 衣架夹"
"deu_Latn","adventskalender zahnarzt","圣诞倒数日历 牙医"
"deu_Latn","adventskalender zaubertrank","圣诞倒数日历 魔法药水"
"deu_Latn","adventskalender zettel","圣诞日历小纸条"
"deu_Latn","adventskalender zocken","圣诞倒数日历 玩游戏"
"deu_Latn","adventskalender zuckerfreie snacks","无糖零食圣诞倒数日历"
"deu_Latn","adventskalender zum befüllen stoff mit taschen","可填充的圣诞倒数日历 带口袋的布料"
"deu_Latn","adventskalender ägypten","圣诞倒数日历 埃及"
"deu_Latn","alessandro adventskalender 2025","亚历山德罗2025年圣诞倒数日历"
"deu_Latn","angel adventskalender 2025 zeck","2025年天使圣诞倒数日历 防蜱"
"deu_Latn","baby adventskalender 3 monate","婴儿圣诞倒数日历 3个月"
"deu_Latn","badespaß adventskalender","浴袍 圣诞倒数日历"
"deu_Latn","balea adventskalender 2025 dm"," Balea 2025年圣诞倒数日历 DM"
"deu_Latn","baumwollsäckchen adventskalender","棉布小袋 圣诞倒数日历"
"deu_Latn","better fishing adventskalender 2025","2025年钓鱼主题圣诞倒数日历"
"deu_Latn","bifi adventskalender","bifi 圣诞倒数日历"
"deu_Latn","bosch blau adventskalender 2025","博世蓝色2025年圣诞倒数日历"
"deu_Latn","bremen adventskalender","不莱梅圣诞倒数日历"
"deu_Latn","charlotte meentzen adventskalender","夏洛特·明岑圣诞倒数日历"
"deu_Latn","clean girl adventskalender 2025","2025年清洁女孩圣诞倒数日历"
"deu_Latn","coppenrath adventskalender puzzle","科本拉特圣诞倒数日历拼图"
"deu_Latn","dallmayr tee adventskalender","达勒迈尔茶圣诞倒数日历"
"deu_Latn","die adventskalender zum befüllen","可填充的圣诞倒数日历"
"deu_Latn","dinge für adventskalender frau","用于圣诞倒数日历的物品 女性"
"deu_Latn","diät adventskalender","节食圣诞倒数日历"
"deu_Latn","duftkerze adventskalender","香薰蜡烛 圣诞倒数日历"
"deu_Latn","egal wie alt ich bin adventskalender","无论我多大岁数 圣诞倒数日历"
"deu_Latn","escape game adventskalender","逃脱游戏圣诞日历"
"deu_Latn","essie nagellack adventskalender 2025","essie指甲油圣诞倒数日历2025"
"deu_Latn","estee lauder adventskalender 2025","雅诗兰黛2025年圣诞倒数日历"
"deu_Latn","eulenpost adventskalender","猫头鹰邮局圣诞倒数日历"
"deu_Latn","exit adventskalender erwachsene","退出圣诞倒数日历 成人"
"deu_Latn","f1 adventskalender 2025 red bull","2025款F1圣诞倒数日历 红牛"
"deu_Latn","fluffy slime adventskalender","毛茸茸的史莱姆圣诞倒数日历"
"deu_Latn","füllideen adventskalender frauen","女性圣诞倒数日历填充创意"
"deu_Latn","geschenke für adventskalender mädchen","女孩用的圣诞倒数日历礼物"
"deu_Latn","graffiti adventskalender","涂鸦圣诞倒数日历"
"deu_Latn","haargummi adventskalender","发圈 圣诞倒数日历"
"deu_Latn","hertha bsc adventskalender 2025","柏林赫塔足球俱乐部2025年圣诞倒数日历"
"deu_Latn","hosentaschen adventskalender 2025","裤袋 圣诞倒数日历 2025"
"deu_Latn","hot wheel adventskalender 2025","2025年热门车轮圣诞倒数日历"
"deu_Latn","i love mom adventskalender","我爱妈妈的圣诞倒数日历"
"deu_Latn","icrush adventskalender","icrush 圣诞倒数日历"
"deu_Latn","ideen für adventskalender füllung mädchen","女孩圣诞倒数日历填充物的创意"
"deu_Latn","jacobs adventskalender","雅各布斯圣诞倒数日历"
"deu_Latn","junge adventskalender","年轻圣诞倒数日历"
"deu_Latn","kinder und co adventskalender","儿童及co圣诞倒数日历"
"deu_Latn","kleine kartons für adventskalender","小纸盒用于圣诞倒数日历"
"deu_Latn","kleinkind adventskalender 2025","儿童 圣诞倒数日历 2025"
"deu_Latn","kosmos adventskalender experimente","科斯莫斯圣诞倒数日历实验"
"deu_Latn","kpop demon hunter adventskalender","KPOP恶魔猎人圣诞日历"
"deu_Latn","krimidinner adventskalender","克里米迪纳尔圣诞日历"
"deu_Latn","küstenkrimi adventskalender","海岸犯罪小说圣诞日历"
"deu_Latn","lego adventskalender disney","乐高圣诞倒数日历 迪士尼"
"deu_Latn","m und ms adventskalender","m和ms的圣诞倒数日历"
"deu_Latn","makita adventskalender 2026","牧田2026年圣诞倒数日历"
"deu_Latn","mal adventskalender 2025","2025年圣诞倒数日历"
"deu_Latn","mein london adventskalender","我的伦敦圣诞倒数日历"
"deu_Latn","mir doch egal adventskalender","我无所谓 圣诞日历"
"deu_Latn","moncherie adventskalender","moncherie 圣诞倒数日历"
"deu_Latn","mutter adventskalender","母亲圣诞日历"
"deu_Latn","nina chuba adventskalender","尼娜·丘巴圣诞倒数日历"
"deu_Latn","pamela reif adventskalender 2025","pamela reif 2025年圣诞倒数日历"
"deu_Latn","papiertüten adventskalender klein","纸袋 圣诞倒数日历 小号"
"deu_Latn","perlen adventskalender","珍珠圣诞倒数日历"
"deu_Latn","personalisierter adventskalender zum befüllen","可填充的个性化圣诞倒数日历"
"deu_Latn","plus plus adventskalender","plus plus 圣诞倒数日历"
"deu_Latn","puzzle adventskalender 2025 kinder","2025年拼图圣诞日历 儿童用"
"deu_Latn","reclams adventskalender","reclams adventskalender"
"deu_Latn","rituals adventskalender amazon","rituals 圣诞倒数日历 亚马逊"
"deu_Latn","ronnefeldt adventskalender 2025","ronnefeldt 2025年圣诞倒数日历"
"deu_Latn","sakura adventskalender","樱花圣诞倒数日历"
"deu_Latn","schmuck adventskalender charms","饰品 圣诞倒数日历 饰品"
"deu_Latn","senf adventskalender 2025","芥末 圣诞倒数日历 2025"
"deu_Latn","spy x family adventskalender","间谍过家家圣诞倒数日历"
"deu_Latn","survival adventskalender kinder","生存圣诞倒数日历 儿童"
"deu_Latn","tannenbaum adventskalender","圣诞树圣诞日历"
"deu_Latn","teebeutel adventskalender","茶包 圣诞倒数日历"
"deu_Latn","thalia adventskalender","泰利娅圣诞倒数日历"
"deu_Latn","transformer adventskalender","变压器圣诞倒数日历"
"deu_Latn","tüten adventskalender klein","小袋装圣诞倒数日历"
"deu_Latn","vespa adventskalender","维斯帕圣诞倒数日历"
"deu_Latn","wacken adventskalender","瓦肯圣诞倒数日历"
"deu_Latn","weihnachten adventskalender füllung","圣诞节 圣诞日历 填充物"
"deu_Latn","wimmelbuch adventskalender","热闹图画书 圣诞倒数日历"
"deu_Latn","ysl adventskalender","圣罗兰圣诞倒数日历"
"deu_Latn","dino weihnachtskalender","恐龙圣诞日历"
"deu_Latn","diy weihnachtskalender","DIY圣诞日历"
"deu_Latn","kaffee weihnachtskalender","咖啡圣诞日历"
"deu_Latn","lustige weihnachtskalender","有趣的圣诞日历"
"deu_Latn","veganer weihnachtskalender","纯素圣诞日历"
"deu_Latn","weihnachtskalender 2025 jugendliche","2025年圣诞日历 青年"
"deu_Latn","weihnachtskalender mädchen 4 jahre","圣诞日历 女孩 4岁"
"deu_Latn","weihnachtskalender red bull","圣诞日历 红牛"
"deu_Latn","weihnachtskalender schleich","圣诞日历 Schleich"
"deu_Latn","weihnachtskalender selber machen","自制圣诞日历"
"deu_Latn","weihnachtskalender￼","圣诞日历"
"eng_Latn","pink marble advent calendar","粉色大理石图案的倒数日历"
"deu_Latn","1 euro artikel für adventskalender","1欧元商品用于圣诞倒数日历"
"deu_Latn","1. fc köln adventskalender","1. 科隆足球俱乐部圣诞日历"
"deu_Latn","adventskalender 10 jährige mädchen","圣诞倒数日历 10岁女孩"
"deu_Latn","adventskalender 2025 13 jahre mädchen","2025年圣诞倒数日历 13岁 女孩"
"deu_Latn","adventskalender 2025 bonbon","2025年圣诞倒数日历 糖果"
"deu_Latn","adventskalender 2025 dynamo dresden","2025年圣诞倒数日历 dynamo dresden"
"deu_Latn","adventskalender 2025 elf cosmetics","2025年圣诞倒数日历 elf化妆品"
"deu_Latn","adventskalender 2025 faultier","2025年圣诞倒数日历 故障"
"deu_Latn","adventskalender 2025 frauen kreativ","2025年圣诞倒数日历 女性 创意"
"deu_Latn","adventskalender 2025 frauen luxus","2025年圣诞倒数日历 女士 豪华"
"deu_Latn","adventskalender 2025 gladbach","2025年圣诞倒数日历 格拉德巴赫"
"deu_Latn","adventskalender 2025 horror","2025年圣诞倒数日历 恐怖"
"deu_Latn","adventskalender 2025 isana","2025年圣诞倒数日历 isana"
"deu_Latn","adventskalender 2025 jagd","2025年圣诞倒数日历"
"deu_Latn","adventskalender 2025 jungen 11 jahre","2025年圣诞倒数日历 11岁男孩"
"deu_Latn","adventskalender 2025 kinder elsa","2025年圣诞倒数日历 儿童款 Elsa"
"deu_Latn","adventskalender 2025 laktosefrei","2025年圣诞倒数日历 无乳糖"
"deu_Latn","adventskalender 2025 man","2025年男士圣诞倒数日历"
"deu_Latn","adventskalender 2025 mit süßigkeiten","2025年圣诞倒数日历带糖果"
"deu_Latn","adventskalender 2025 mädchen einhorn","2025年圣诞倒数日历 女孩 鹿角"
"deu_Latn","adventskalender 2025 männer inhalt","2025年圣诞倒数日历 男性内容"
"deu_Latn","adventskalender 2025 männer schnaps","2025年圣诞倒数日历 男士烈酒"
"deu_Latn","adventskalender 2025 no cosmetics","2025年圣诞倒数日历，不含化妆品"
"deu_Latn","adventskalender 2025 scharfe sossen","2025年圣诞倒数日历 酸辣酱"
"deu_Latn","adventskalender 2025 steffen henssler","2025年圣诞倒数日历 Steffen Henssler"
"deu_Latn","adventskalender 2025 teelichter","2025年圣诞倒数日历 茶烛"
"deu_Latn","adventskalender alkoholfreies bier","圣诞倒数日历 无酒精啤酒"
"deu_Latn","adventskalender badewanne","圣诞倒数日历 浴缸"
"deu_Latn","adventskalender befüllen ideen mädchen","圣诞日历填充创意 女孩"
"deu_Latn","adventskalender belgische schokolade","圣诞日历比利时巧克力"
"deu_Latn","adventskalender benjamin blümchen","圣诞日历本杰明·布吕姆琴"
"deu_Latn","adventskalender bettelarmband","圣诞倒数日历乞讨手链"
"deu_Latn","adventskalender biotherm damen","生物热女士圣诞倒数日历"
"deu_Latn","adventskalender borussia dortmund","圣诞倒数日历 多特蒙德队"
"deu_Latn","adventskalender botschaften","圣诞倒数日历信息"
"deu_Latn","adventskalender faber castell","福布斯卡斯特尔圣诞日历"
"deu_Latn","adventskalender für 10 euro","10欧元的圣诞倒数日历"
"deu_Latn","adventskalender für 10 jährige","适合10岁儿童的圣诞倒数日历"
"deu_Latn","adventskalender für junge eltern","年轻父母的圣诞倒数日历"
"deu_Latn","adventskalender für jungen 10 jahre","10岁儿童的圣诞倒数日历"
"deu_Latn","adventskalender für meerschweinchen","圣诞倒数日历（豚鼠版）"
"deu_Latn","adventskalender für paare battle","情侣圣诞倒数日历 对决"
"deu_Latn","adventskalender gamer 2025","2025游戏玩家圣诞倒数日历"
"deu_Latn","adventskalender geschichten grundschule","圣诞日历故事 小学"
"deu_Latn","adventskalender gondel","圣诞倒数日历 桥厢"
"deu_Latn","adventskalender hase","圣诞倒数日历 兔子"
"deu_Latn","adventskalender herz","圣诞倒数日历 心形"
"deu_Latn","adventskalender holy ohne energy","圣诞倒数日历 holy 无能量"
"deu_Latn","adventskalender im glas aufkleber","玻璃材质的圣诞倒数日历贴纸"
"deu_Latn","adventskalender jesus","耶稣圣诞日历"
"deu_Latn","adventskalender jungen 10 jahre fußball","圣诞倒数日历 10岁男孩 足球"
"deu_Latn","adventskalender jungen 12","圣诞倒数日历 年轻人 12"
"deu_Latn","adventskalender jungen 14","14岁青少年圣诞倒数日历"
"deu_Latn","adventskalender jungen 8 jahre lego","8岁儿童乐高圣诞倒数日历"
"deu_Latn","adventskalender jungen teenager","圣诞倒数日历 青少年"
"deu_Latn","adventskalender kaubonbon","圣诞倒数日历 卡布奇诺巧克力"
"deu_Latn","adventskalender ketten","圣诞倒数日历项链"
"deu_Latn","adventskalender kind 8 jahre","圣诞倒数日历 8岁儿童"
"deu_Latn","adventskalender kinder 11 jahre jungs","儿童11岁男孩圣诞倒数日历"
"deu_Latn","adventskalender kinder edelsteine","儿童天竺石历"
"deu_Latn","adventskalender kinder pixi","儿童圣诞日历 pixi"
"deu_Latn","adventskalender kinder schleim","儿童圣诞倒数日历 粘液"
"deu_Latn","adventskalender kinder zum befüllen stoff","儿童填充式圣诞倒数日历（布制）"
"deu_Latn","adventskalender korean","圣诞倒数日历 韩语"
"deu_Latn","adventskalender kreativ mädchen","创意女孩圣诞日历"
"deu_Latn","adventskalender lutscher","圣诞倒数日历糖果"
"deu_Latn","adventskalender magic the gathering","圣诞倒数日历 魔法师的集结"
"deu_Latn","adventskalender makeup 2025","2025年圣诞倒数日历彩妆"
"deu_Latn","adventskalender mit bastelmaterial","带有手工材料的圣诞倒数日历"
"deu_Latn","adventskalender mit säckchen","带有小袋子的圣诞倒数日历"
"deu_Latn","adventskalender mix","圣诞倒数日历套装"
"deu_Latn","adventskalender männer alkohol","圣诞倒数日历 男士 酒精"
"deu_Latn","adventskalender nageldesign","圣诞倒数日历 甲油设计"
"deu_Latn","adventskalender nyx 2025","2025年Nyx圣诞倒数日历"
"deu_Latn","adventskalender ohne süssigkeiten","无糖果的圣诞倒数日历"
"deu_Latn","adventskalender optische illusion","圣诞日历 视觉错觉"
"deu_Latn","adventskalender outdoor kinder","户外儿童圣诞日历"
"deu_Latn","adventskalender paare battle","圣诞倒数日历 情侣对决"
"deu_Latn","adventskalender piraten","圣诞倒数日历 海盗"
"deu_Latn","adventskalender pringles chips","圣诞倒数日历 乐事薯片"
"deu_Latn","adventskalender pumuckl","圣诞倒数日历 Pumuckl"
"deu_Latn","adventskalender puzzle für erwachsene","成人拼图圣诞日历"
"deu_Latn","adventskalender rabenhorst","圣诞倒数日历 Rabenhorst"
"deu_Latn","adventskalender rot","圣诞倒数日历 红色"
"deu_Latn","adventskalender schminken","圣诞倒数日历化妆"
"deu_Latn","adventskalender schnur","圣诞倒数日历 细绳"
"deu_Latn","adventskalender segeln","圣诞倒数日历 航海"
"deu_Latn","adventskalender spaß","圣诞日历 乐趣"
"deu_Latn","adventskalender sticker gold","圣诞倒数日历贴纸 金色"
"deu_Latn","adventskalender stitch pandora","圣诞倒数日历 stitch pandora"
"deu_Latn","adventskalender stofftiere","圣诞倒数日历毛绒玩具"
"deu_Latn","adventskalender student","学生圣诞日历"
"deu_Latn","adventskalender tee sonnentor","圣诞日历 茶 Sonnentor（品牌名）"
"deu_Latn","adventskalender tüten schwarz gold","圣诞倒数日历袋子 黑色 金色"
"deu_Latn","adventskalender weihnachtsmarkt","圣诞倒数日历 圣诞市场"
"deu_Latn","adventskalender wimmelbuch","圣诞倒数日历寻宝游戏"
"deu_Latn","adventskalender zum befüllen baby","可填充的圣诞倒数日历（适用于婴儿）"
"deu_Latn","adventskalender zum befüllen kleinkind","可填充的圣诞倒数日历（适用于幼儿）"
"deu_Latn","adventskalender zum befüllen stoffsäckchen","可填充的圣诞倒数日历布袋"
"deu_Latn","adventskalender zum selbst befüllen kinder","可自行填充的圣诞倒数日历（儿童用）"
"deu_Latn","air fryer adventskalender","空气炸锅圣诞倒数日历"
"deu_Latn","auto zubehör adventskalender","汽车配件 圣诞倒数日历"
"deu_Latn","bade adventskalender kinder","儿童圣诞倒数日历"
"deu_Latn","badefee adventskalender","沐浴露 圣诞倒数日历"
"deu_Latn","befestigung adventskalender","固定式圣诞倒数日历"
"deu_Latn","biker adventskalender","骑行者圣诞倒数日历"
"deu_Latn","borussia dortmund adventskalender","多特蒙德足球俱乐部圣诞倒数日历"
"deu_Latn","chanel adventskalender 2025","香奈儿2025年圣诞倒数日历"
"deu_Latn","die drei weihnachten adventskalender","三款圣诞节圣诞日历"
"deu_Latn","dinge zum befüllen von adventskalender","填充圣诞倒数日历的物品"
"deu_Latn","dino adventskalender jurassic world","恐龙圣诞倒数日历侏罗纪世界"
"deu_Latn","eintracht adventskalender","Eintracht 圣诞倒数日历"
"deu_Latn","elektriker adventskalender","电工圣诞倒数日历"
"deu_Latn","elvis adventskalender 2025","埃尔维斯2025年圣诞日历"
"deu_Latn","englische kurzgeschichten adventskalender","英文短篇小说 圣诞倒数日历"
"deu_Latn","eschbacher adventskalender","埃施巴赫圣诞倒数日历"
"deu_Latn","exit adventskalender 2025 kosmos","2025年宇宙主题圣诞倒数日历"
"deu_Latn","figuren adventskalender 2025","2025年造型圣诞倒数日历"
"deu_Latn","film adventskalender","电影圣诞日历"
"deu_Latn","filz zahlen für adventskalender","为圣诞倒数日历支付毛毡费用"
"deu_Latn","formel 1 adventskalender 2025 ferrari","2025年法拉利正式版圣诞倒数日历"
"deu_Latn","für adventskalender","适用于圣诞倒数日历"
"deu_Latn","genshin adventskalender","原神圣诞日历"
"deu_Latn","geschenk für adventskalender kinder","儿童圣诞日历礼物"
"deu_Latn","geschenkideen adventskalender frauen","圣诞礼物点子 圣诞倒数日历 女性"
"deu_Latn","klammern mit zahlen adventskalender","带数字的括号 圣诞倒数日历"
"deu_Latn","kleiner adventskalender zum befüllen","小型可填充的圣诞倒数日历"
"deu_Latn","kuh adventskalender","牛奶 圣诞倒数日历"
"deu_Latn","lego harry potter 76456 adventskalender 2025","乐高哈利波特76456 2025年圣诞日历"
"deu_Latn","lindt teddy adventskalender 2025","林德特泰迪2025年圣诞倒数日历"
"deu_Latn","m adam adventskalender","男士圣诞倒数日历"
"deu_Latn","maybellin adventskalender","美宝莲圣诞倒数日历"
"deu_Latn","mein erster adventskalender ab 1","我的第一个圣诞倒数日历 从1开始"
"deu_Latn","minecraft adventskalender 2024","《我的世界》2024年圣诞日历"
"deu_Latn","mini geschenke adventskalender","迷你礼品圣诞倒数日历"
"deu_Latn","mtb adventskalender 2025","2025年山地自行车圣诞倒数日历"
"deu_Latn","mustang adventskalender","野马圣诞日历"
"deu_Latn","nail adventskalender 2025","2025年指甲圣诞日历"
"deu_Latn","nivea adventskalender männer","妮维雅男士圣诞日历"
"deu_Latn","nivea man adventskalender 2025","妮维雅男士2025年圣诞倒数日历"
"deu_Latn","odonnell adventskalender","奥唐纳尔圣诞倒数日历"
"deu_Latn","oetinger adventskalender","奥蒂宁圣诞倒数日历"
"deu_Latn","ohrringe adventskalender 2025","耳环 圣诞倒数日历 2025"
"deu_Latn","picmondoo adventskalender 2025","picmondoo 2025年圣诞倒数日历"
"deu_Latn","playmobil adventskalender jungs","playmobil 圣诞倒数日历 男孩"
"deu_Latn","playmobil asterix adventskalender","playmobil 阿斯泰里克斯圣诞倒数日历"
"deu_Latn","quietscheenten adventskalender","会唱歌的鸭子圣诞倒数日历"
"deu_Latn","rentner adventskalender frühstück","退休人员 圣诞倒数日历 早餐"
"deu_Latn","sailor moon adventskalender","美少女战士圣诞日历"
"deu_Latn","schmuck adventskalender 2025 kinder","2025年珠宝圣诞倒数日历 儿童"
"deu_Latn","schoko adventskalender nostalgisch","巧克力圣诞倒数日历 复古风格"
"deu_Latn","sebastian fitzek adventskalender","塞巴斯蒂安·菲茨克圣诞倒数日历"
"deu_Latn","soba adventskalender","荞麦面圣诞倒数日历"
"deu_Latn","socks adventskalender","袜子圣诞倒数日历"
"deu_Latn","streichel adventskalender","抚摸式圣诞倒数日历"
"deu_Latn","stumble guys adventskalender","stumble guys 圣诞倒数日历"
"deu_Latn","süßigkeiten adventskalender kinder","糖果 圣诞倒数日历 儿童"
"deu_Latn","tee adventskalender 2025 pukka","茶 圣诞倒数日历 2025 Pukka"
"deu_Latn","teebeutel adventskalender 2025","2025年圣诞倒数日历茶包"
"deu_Latn","teenager adventskalender 2025 mädchen","2025年青少年女孩圣诞倒数日历"
"deu_Latn","tequila adventskalender 2025","2025年特基拉酒圣诞倒数日历"
"deu_Latn","tom turbo adventskalender","tom turbo 圣诞倒数日历"
"deu_Latn","tut tut flitzer adventskalender","tut tut flitzer adventskalender"
"deu_Latn","walkers adventskalender","婴儿学步鞋圣诞日历"
"deu_Latn","weihnachtskarten adventskalender","圣诞卡 圣诞倒数日历"
"deu_Latn","werkzeug adventskalender 2025 bosch","2025年博世工具圣诞倒数日历"
"deu_Latn","zahlen kleber adventskalender","支付胶带圣诞倒数日历"
"deu_Latn","zmile cosmetics adventskalender","zmile化妆品圣诞倒数日历"
"deu_Latn","beauty weihnachtskalender","美妆圣诞日历"
"deu_Latn","füllung weihnachtskalender","填充圣诞日历"
"deu_Latn","weihnachtskalender 2025 für frauen parfüm","2025年女性香水圣诞日历"
"deu_Latn","weihnachtskalender 2025 harry potter","2025年圣诞日历 哈利·波特"
"deu_Latn","weihnachtskalender 2025 lakritz","2025年圣诞日历 甘草"
"deu_Latn","weihnachtskalender alkohol","圣诞日历 酒精"
"deu_Latn","weihnachtskalender amazon","亚马逊圣诞日历"
"deu_Latn","weihnachtskalender ddr","圣诞日历 DDR"
"deu_Latn","weihnachtskalender jungs 10 jahre","圣诞日历 男孩 10岁"
"deu_Latn","weihnachtskalender selbst befüllen inhalt","自制圣诞日历填充内容"
"deu_Latn","3 bears adventskalender","3 bears adventskalender"
"deu_Latn","adventskalender 12 jähriger junge","圣诞倒数日历 12岁 年轻"
"deu_Latn","adventskalender 2025 14 jahre mädchen","2025年圣诞倒数日历 14岁 女孩"
"deu_Latn","adventskalender 2025 dnd","2025年圣诞倒数日历 dnd"
"deu_Latn","adventskalender 2025 fantasy","2025年圣诞倒数日历 幻想"
"deu_Latn","adventskalender 2025 frauen fitness","2025年圣诞倒数日历 女性 健身"
"deu_Latn","adventskalender 2025 frauen sexspielzeug","2025年圣诞倒数日历 女性性玩具"
"deu_Latn","adventskalender 2025 für teenager mädchen","2025年青少年女孩圣诞倒数日历"
"deu_Latn","adventskalender 2025 junge 2 jahre","2025年圣诞倒数日历，2年新款"
"deu_Latn","adventskalender 2025 kaffee gemahlen","2025年圣诞倒数日历 研磨咖啡"
"deu_Latn","adventskalender 2025 kinder 9 jahre jungs","2025年圣诞倒数日历 9岁男孩儿童"
"deu_Latn","adventskalender 2025 kinder freche freunde","2025年圣诞倒数日历 儿童 调皮朋友"
"deu_Latn","adventskalender 2025 kinder playdoh","2025年圣诞倒数日历 儿童玩偶泥"
"deu_Latn","adventskalender 2025 kinder revell","2025年儿童历法（Adventskalender）Revell品牌"
"deu_Latn","adventskalender 2025 lehrer","2025年圣诞倒数日历 教师"
"deu_Latn","adventskalender 2025 lena gerke","2025年圣诞倒数日历 Lena Gerke"
"deu_Latn","adventskalender 2025 lindt 1001","2025年林德特（Lindt）圣诞倒数日历 1001"
"deu_Latn","adventskalender 2025 männer loreal","2025年圣诞倒数日历 男士 欧莱雅"
"deu_Latn","adventskalender 2025 männer salami","2025年圣诞倒数日历 男士萨拉米香肠"
"deu_Latn","adventskalender 2025 männer wurst","2025年圣诞倒数日历 男士香肠"
"deu_Latn","adventskalender 2025 ravensburger","2025年ravensburger圣诞倒数日历"
"deu_Latn","adventskalender 2025 riegel","2025年圣诞倒数日历条状巧克力"
"deu_Latn","adventskalender 2025 sauce","2025年圣诞倒数日历 酱汁"
"deu_Latn","adventskalender 2025 schokolade klein","2025年圣诞倒数日历 巧克力 小型"
"deu_Latn","adventskalender 2025 sonic","2025年圣诞倒数日历 sonic"
"deu_Latn","adventskalender 2025 tennis","2025年圣诞倒数日历 网球"
"deu_Latn","adventskalender 2025 tinti","2025年蒂蒂圣诞倒数日历"
"deu_Latn","adventskalender 2025 topp","2025年圣诞倒数日历 顶装"
"deu_Latn","adventskalender 2025 witze","2025年圣诞倒数日历 搞笑笑话"
"deu_Latn","adventskalender 2025 zartbitter schokolade","2025年圣诞倒数日历 纯黑巧克力"
"deu_Latn","adventskalender 2025 zum bauen","2025年可组装圣诞倒数日历"
"deu_Latn","adventskalender 2025 ätherische öle","2025年圣诞倒数日历 芳香精油"
"deu_Latn","adventskalender 2026 mädchen","2026年圣诞倒数日历 女孩"
"deu_Latn","adventskalender 3d drucker","圣诞日历 3D 打印机"
"deu_Latn","adventskalender 5 euro","圣诞倒数日历 5欧元"
"deu_Latn","adventskalender american candy","圣诞倒数日历 美国糖果"
"deu_Latn","adventskalender barbie kleidung","圣诞倒数日历 巴比娃娃 服装"
"deu_Latn","adventskalender bastelset kinder","圣诞倒数日历手工套装 儿童"
"deu_Latn","adventskalender befüllung männer","圣诞日历填充物 男士"
"deu_Latn","adventskalender beutel papier","圣诞日历袋 纸"
"deu_Latn","adventskalender beyblade x","圣诞倒数日历 玩偶战士X"
"deu_Latn","adventskalender bibelverse","圣诞倒数日历 圣经经文"
"deu_Latn","adventskalender body shop","圣诞日历 body shop"
"deu_Latn","adventskalender chanel","香奈儿圣诞倒数日历"
"deu_Latn","adventskalender diamant painting","圣诞倒数日历 钻石画"
"deu_Latn","adventskalender duftkerze","圣诞倒数日历香薰蜡烛"
"deu_Latn","adventskalender erotisch paare 2025","2025年情色情侣圣诞倒数日历"
"deu_Latn","adventskalender ferrero küsschen","费列罗巧克力历（Küsschen系列）"
"deu_Latn","adventskalender flipper","圣诞倒数日历弹珠台"
"deu_Latn","adventskalender flugzeug 2025","2025年飞机造型圣诞倒数日历"
"deu_Latn","adventskalender frsuen","圣诞倒数日历 frsuen"
"deu_Latn","adventskalender füllen männer","男士圣诞倒数日历填充"
"deu_Latn","adventskalender füllung freund","圣诞倒数日历填充物朋友"
"deu_Latn","adventskalender füllung junge 12","圣诞倒数日历填充物 年轻12款"
"deu_Latn","adventskalender füllung kind 5 jahre","5岁儿童圣诞倒数日历填充物"
"deu_Latn","adventskalender füllung kita","圣诞倒数日历填充物 保育园"
"deu_Latn","adventskalender füllung mädchen 5","圣诞倒数日历填充物 女孩 5"
"deu_Latn","adventskalender füllung schule","圣诞倒数日历 学校填充物"
"deu_Latn","adventskalender füllung schulkinder","圣诞日历填充物 学生儿童"
"deu_Latn","adventskalender für 4 jährige mädchen","4岁女孩的圣诞倒数日历"
"deu_Latn","adventskalender für den chef","厨师专用的圣诞倒数日历"
"deu_Latn","adventskalender für künstler 2025","2025年艺术家圣诞倒数日历"
"deu_Latn","adventskalender für paare 2025 sex","2025年情侣圣诞倒数日历 性爱"
"deu_Latn","adventskalender gewürze bio","圣诞倒数日历 调味品 有机"
"deu_Latn","adventskalender goth","adventskalender goth"
"deu_Latn","adventskalender granini","adventskalender granini"
"deu_Latn","adventskalender gute taten","圣诞倒数日历 善行"
"deu_Latn","adventskalender handwerker 2025","2025年工匠主题圣诞倒数日历"
"deu_Latn","adventskalender hazbin hotel","圣诞日历 哈兹宾酒店"
"deu_Latn","adventskalender hello","圣诞倒数日历 hello"
"deu_Latn","adventskalender herzhafte snacks","圣诞倒数日历 美味小吃"
"deu_Latn","adventskalender historisch","圣诞日历 历史"
"deu_Latn","adventskalender hot sauce","圣诞倒数日历 热辣酱"
"deu_Latn","adventskalender häkel","圣诞日历 钩织"
"deu_Latn","adventskalender inhalt junge","圣诞倒数日历内容年轻"
"deu_Latn","adventskalender ironmaxx","铁马克斯铁盒历"
"deu_Latn","adventskalender junge 7","圣诞倒数日历 年轻款 7"
"deu_Latn","adventskalender jungen hot wheels","热火轮年轻版圣诞倒数日历"
"deu_Latn","adventskalender jungen pokemon","圣诞倒数日历 年轻宝可梦"
"deu_Latn","adventskalender kinder & co","儿童及成人圣诞倒数日历"
"deu_Latn","adventskalender kinder zug","儿童火车圣诞日历"
"deu_Latn","adventskalender kknekki","圣诞倒数日历 kknekki"
"deu_Latn","adventskalender kleinigkeiten mädchen","圣诞日历 小玩意 女孩"
"deu_Latn","adventskalender klugscheißer","傻瓜式圣诞倒数日历"
"deu_Latn","adventskalender koch","圣诞倒数日历 烹饪"
"deu_Latn","adventskalender krimi 2025","2025年圣诞倒数日历 神探小说"
"deu_Latn","adventskalender lf","圣诞倒数日历 lf"
"deu_Latn","adventskalender lippenpflege","圣诞倒数日历 唇部护理"
"deu_Latn","adventskalender mann parfüm","圣诞倒数日历 男士香水"
"deu_Latn","adventskalender mattel","圣诞倒数日历 羊毛绒"
"deu_Latn","adventskalender meditation","圣诞倒数日历 冥想"
"deu_Latn","adventskalender messmer","圣诞倒数日历 Messmer"
"deu_Latn","adventskalender mit edelsteinen","带有宝石的圣诞倒数日历"
"deu_Latn","adventskalender mit fensterbild","带窗口图案的圣诞倒数日历"
"deu_Latn","adventskalender mit lebkuchen","圣诞日历配姜饼"
"deu_Latn","adventskalender modell","圣诞倒数日历 模型"
"deu_Latn","adventskalender mädchen 9","圣诞倒数日历 女孩 9"
"deu_Latn","adventskalender mädchen disney","迪士尼女孩圣诞倒数日历"
"deu_Latn","adventskalender männer bart","圣诞倒数日历 男士 胡须"
"deu_Latn","adventskalender mödchen","圣诞倒数日历女孩"
"deu_Latn","adventskalender nail art","圣诞日历美甲艺术"
"deu_Latn","adventskalender nur mit bildern","圣诞倒数日历仅含图片"
"deu_Latn","adventskalender nähzubehör","圣诞日历缝纫配件"
"deu_Latn","adventskalender ohne süßigkeiten kinder","无糖果的圣诞倒数日历（儿童用）"
"deu_Latn","adventskalender paare erwachsene","圣诞倒数日历 成人情侣款"
"deu_Latn","adventskalender parfümproben","圣诞倒数日历香水试用装"
"deu_Latn","adventskalender peterson und findus","圣诞倒数日历 Peterson 和 Findus"
"deu_Latn","adventskalender proteinpulver","圣诞倒数日历 蛋白粉"
"deu_Latn","adventskalender ricola 2025","2025年里科拉圣诞倒数日历"
"deu_Latn","adventskalender rockmusik","圣诞倒数日历 摇滚音乐"
"deu_Latn","adventskalender sackerl stoff","圣诞倒数日历 袋装 织物"
"deu_Latn","adventskalender schmuck edelstahl","圣诞倒数日历 饰品 不锈钢"
"deu_Latn","adventskalender selbst füllen","自制圣诞倒数日历"
"deu_Latn","adventskalender sheglam","圣诞倒数日历 sheglam"
"deu_Latn","adventskalender skittles","圣诞倒数日历 西格特斯糖果"
"deu_Latn","adventskalender sohn","圣诞倒数日历 男孩"
"deu_Latn","adventskalender soldaten","圣诞倒数日历 士兵"
"deu_Latn","adventskalender supplements","圣诞倒数日历补充品"
"deu_Latn","adventskalender säckchen schwarz","圣诞倒数日历小袋子 黑色"
"deu_Latn","adventskalender tee und rätsel","圣诞倒数日历 茶与谜语"
"deu_Latn","adventskalender teenager jungs gaming","圣诞倒数日历 青少年 男孩 游戏"
"deu_Latn","adventskalender tüten mit henkel","圣诞倒数日历带提手的袋子"
"deu_Latn","adventskalender vfb stuttgart 2025","2025年斯图加特VFB圣诞日历"
"deu_Latn","adventskalender waschbär","圣诞倒数日历浣熊"
"deu_Latn","adventskalender zum befüllen frau","可填充的圣诞倒数日历（女士用）"
"deu_Latn","adventskalender zum befüllen schwarz gold","可填充的圣诞倒数日历 黑色金色"
"deu_Latn","adventskalender zum befüllen stiefel","可填充的圣诞倒数日历（用于装礼物的）靴形"
"deu_Latn","adventskalender zum befüllen unterschiedliche größen","可填充的圣诞倒数日历，不同尺寸"
"deu_Latn","adventskalender zum wiederbefüllen","可重复填充的圣诞倒数日历"
"deu_Latn","adventskalender zzm befüllen","圣诞日历zzm填充"
"deu_Latn","american adventskalender","美国圣诞倒数日历"
"deu_Latn","amorelie adventskalender 2023","amorelie 圣诞倒数日历 2023"
"deu_Latn","anton berg adventskalender","安东·伯格圣诞倒数日历"
"deu_Latn","barbie cutie reveal adventskalender","芭比可爱小物揭秘圣诞倒数日历"
"deu_Latn","baseball adventskalender","棒球圣诞日历"
"deu_Latn","beauty adventskalender 2025 parfüm","2025年美妆圣诞倒数日历 香水"
"deu_Latn","beauty adventskalender kinder","儿童美容圣诞日历"
"deu_Latn","bier adventskalender 2025 kalea","2025年Kalea啤酒圣诞倒数日历"
"deu_Latn","bonbon adventskalender","糖果圣诞日历"
"deu_Latn","buddha adventskalender","佛像圣诞日历"
"deu_Latn","crime adventskalender 2025","犯罪冒险日历2025"
"deu_Latn","cristiano ronaldo adventskalender","克里斯蒂亚诺·罗纳尔多圣诞倒数日历"
"deu_Latn","disney mickey mouse adventskalender","迪士尼米奇老鼠圣诞倒数日历"
"deu_Latn","diy-adventskalender","DIY圣诞倒数日历"
"deu_Latn","essence adventskalender 2025 xmas wonder","精华圣诞倒数日历2025 圣诞惊喜"
"deu_Latn","essence little x-mas wonder adventskalender","精华小圣诞惊喜圣诞倒数日历"
"deu_Latn","fc bayern adventskalender 2026","拜仁慕尼黑2026年圣诞倒数日历"
"deu_Latn","flugzeug adventskalender 2025","飞机圣诞倒数日历2025"
"deu_Latn","fruchtgummi adventskalender 2025","水果软糖 圣诞倒数日历 2025"
"deu_Latn","gay adventskalender","同性恋圣诞倒数日历"
"deu_Latn","gesund adventskalender","健康圣诞倒数日历"
"deu_Latn","gründl adventskalender","gründl adventskalender"
"deu_Latn","hanf adventskalender","大麻圣诞日历"
"deu_Latn","hazet adventskalender 2024","hazet 2024年圣诞倒数日历"
"deu_Latn","heilstein adventskalender","heilstein 圣诞倒数日历"
"deu_Latn","ideen adventskalender kinder 2 jahre","儿童2岁圣诞倒数日历点子"
"deu_Latn","iron maxx adventskalender","铁马克斯圣诞倒数日历"
"deu_Latn","jurassic adventskalender","侏罗纪圣诞倒数日历"
"deu_Latn","just spices adventskalender 2025 groß","2025年大号胡椒圣诞倒数日历"
"deu_Latn","k beauty adventskalender 2025","k beauty 2025年圣诞倒数日历"
"deu_Latn","kidsmood adventskalender","kidsmood 圣诞倒数日历"
"deu_Latn","kinder adventskalender 2025 lego","2025年儿童圣诞倒数日历乐高"
"deu_Latn","kosmetik adventskalender 2025 frauen","2025年女性化妆品圣诞日历"
"deu_Latn","krimi adventskalender to go","犯罪小说倒数日历外带"
"deu_Latn","kugelbahn adventskalender 2025","2025年轨道球圣诞倒数日历"
"deu_Latn","köln adventskalender 2025","科隆2025年圣诞倒数日历"
"deu_Latn","lakritze adventskalender 2025","甘草 圣诞倒数日历 2025"
"deu_Latn","lego elsa adventskalender","乐高艾莎圣诞倒数日历"
"deu_Latn","lego marvel avengers adventskalender","乐高漫威复仇者历险日历"
"deu_Latn","lindt wichtelzauber adventskalender","林德特威克特魔法圣诞倒数日历"
"deu_Latn","loser tee adventskalender","宽松T恤圣诞倒数日历"
"deu_Latn","martinelia adventskalender","马蒂内利亚圣诞倒数日历"
"deu_Latn","maxinutrition adventskalender 2025","maxinutrition 2025年圣诞倒数日历"
"deu_Latn","medizin adventskalender","医药圣诞日历"
"deu_Latn","mein island adventskalender","我的冰岛圣诞倒数日历"
"deu_Latn","meßmer tee adventskalender 2025","meßmer茶 2025年圣诞倒数日历"
"deu_Latn","miffy adventskalender","米菲圣诞倒数日历"
"deu_Latn","mini verse adventskalender 2025","迷你verse圣诞倒数日历2025"
"deu_Latn","mountainbike adventskalender","山地自行车圣诞日历"
"deu_Latn","mtg adventskalender","mtg 圣诞倒数日历"
"deu_Latn","männer adventskalender 2025 werkzeug","2025年男士圣诞倒数日历 工具"
"deu_Latn","nic nacs adventskalender","nic nacs 圣诞倒数日历"
"deu_Latn","noch adventskalender 2025","2025年圣诞倒数日历"
"deu_Latn","nostalgie adventskalender 2025","2025年怀旧圣诞倒数日历"
"deu_Latn","nähen adventskalender","缝制圣诞日历"
"deu_Latn","papier adventskalender 2025 nostalgisch","2025年复古风格纸质圣诞倒数日历"
"deu_Latn","peanuts socken adventskalender","花生袜子圣诞倒数日历"
"deu_Latn","pixi adventskalender für die kleinen","pixi 圣诞倒数日历，适合小朋友"
"deu_Latn","pixi bücher adventskalender 2025","pixi书籍2025年圣诞倒数日历"
"deu_Latn","produkte für adventskalender","圣诞倒数日历商品"
"deu_Latn","pukka tee adventskalender 2025","2025年pukka茶圣诞倒数日历"
"deu_Latn","rituals adventskalender 2025 men","2025年男士Rituals圣诞倒数日历"
"deu_Latn","salami sticks adventskalender","萨拉米香肠 圣诞倒数日历"
"deu_Latn","sandmännchen adventskalender","小沙人儿圣诞倒数日历"
"deu_Latn","schmuck adventskalender 2025 pandora","2025年潘多拉首饰圣诞日历"
"deu_Latn","spiel adventskalender","游戏圣诞日历"
"deu_Latn","stoff adventskalender tüten","布料 圣诞倒数日历 袋子"
"deu_Latn","stoffsackerl adventskalender","布袋式圣诞倒数日历"
"deu_Latn","tee adventskalender kinder","儿童茶圣诞日历"
"deu_Latn","tiptoi® mein großer adventskalender","tiptoi® 我的大圣诞倒数日历"
"deu_Latn","tür adventskalender","门式圣诞倒数日历"
"deu_Latn","tür adventskalender zum befüllen","可填充的圣诞倒数日历"
"deu_Latn","unterhosen adventskalender männer","男士内裤圣诞倒数日历"
"deu_Latn","vollmilch schokoladen adventskalender","全脂牛奶巧克力圣诞倒数日历"
"deu_Latn","vw adventskalender","vw 圣诞倒数日历"
"deu_Latn","wichtel adventskalender buch","圣诞精灵倒数日历书"
"deu_Latn","wiederbefüllbarer adventskalender","可重复填充的圣诞降临日历"
"deu_Latn","wildcat adventskalender 2025","wildcat 2025年圣诞倒数日历"
"deu_Latn","witch adventskalender","女巫圣诞倒数日历"
"deu_Latn","witchy adventskalender","巫术风格的圣诞倒数日历"
"deu_Latn","workout adventskalender","健身圣诞日历"
"deu_Latn","xxl adventskalender von sugar gang","xxl圣诞倒数日历 by sugar gang"
"deu_Latn","legami weihnachtskalender 2025","legami 2025年圣诞日历"
"deu_Latn","weihnachtskalender 2025 beauty","2025年圣诞日历 美容"
"deu_Latn","weihnachtskalender 2025 schmuck","2025年圣诞日历饰品"
"deu_Latn","weihnachtskalender 2025 selber befüllen","2025年圣诞日历自行填充"
"deu_Latn","weihnachtskalender 2026","2026年圣诞日历"
"deu_Latn","weihnachtskalender fortnite","圣诞日历 fortnite"
"deu_Latn","weihnachtskalender für angler","钓鱼爱好者圣诞日历"
"deu_Latn","weihnachtskalender lego star wars","乐高星球大战圣诞日历"
"deu_Latn","weihnachtskalender pokemon 2025","2025年宝可梦圣诞日历"
"deu_Latn","1 gegen 1 adventskalender","1对1圣诞倒数日历"
"deu_Latn","adventskalender 2025 12 jahre junge","2025年圣诞倒数日历 12年青春"
"deu_Latn","adventskalender 2025 4 jahre","2025年圣诞倒数日历 4年"
"deu_Latn","adventskalender 2025 4 jahre junge","2025年圣诞倒数日历 4年 新品"
"deu_Latn","adventskalender 2025 brio","2025年brio圣诞倒数日历"
"deu_Latn","adventskalender 2025 charms","2025年圣诞倒数日历 饰物"
"deu_Latn","adventskalender 2025 eierlikör","2025年圣诞倒数日历 鸡蛋利口酒"
"deu_Latn","adventskalender 2025 engelbert straus","2025年圣诞倒数日历 Engelbert Strauss"
"deu_Latn","adventskalender 2025 frauen düfte","2025年圣诞倒数日历 女性 香氛"
"deu_Latn","adventskalender 2025 grillen","2025年圣诞倒数日历 烧烤"
"deu_Latn","adventskalender 2025 juicy bomb","2025年圣诞倒数日历 水果炸弹"
"deu_Latn","adventskalender 2025 junge männer","2025年圣诞倒数日历 年轻男士"
"deu_Latn","adventskalender 2025 jungs 12 jahre","2025年圣诞倒数日历 男孩 12岁"
"deu_Latn","adventskalender 2025 kinder ab 4","2025年圣诞倒数日历 适合4岁以上儿童"
"deu_Latn","adventskalender 2025 kinder fussballkarten","2025年圣诞倒数日历 儿童足球卡牌"
"deu_Latn","adventskalender 2025 kinder mädchen schmuck","2025年圣诞倒数日历 儿童 女孩 饰品"
"deu_Latn","adventskalender 2025 kinder zug","2025年儿童火车圣诞倒数日历"
"deu_Latn","adventskalender 2025 lavera","2025年圣诞倒数日历 lavera"
"deu_Latn","adventskalender 2025 lindt hello","2025年林德特（Lindt）圣诞倒数日历，你好"
"deu_Latn","adventskalender 2025 my little pony","2025年圣诞倒数日历 我的小马驹"
"deu_Latn","adventskalender 2025 männer fussball","2025年圣诞倒数日历 男士 足球"
"deu_Latn","adventskalender 2025 männer lustig","2025年圣诞倒数日历 男士 搞笑"
"deu_Latn","adventskalender 2025 männer snacks","2025年圣诞倒数日历 男士零食"
"deu_Latn","adventskalender 2025 pflegeprodukte","2025年圣诞倒数日历 护理产品"
"deu_Latn","adventskalender 2025 spa","2025年圣诞倒数日历 水疗"
"deu_Latn","adventskalender 2025 trüffel pralinen","2025年圣诞倒数日历 松露巧克力"
"deu_Latn","adventskalender ab 7 jahre mädchen","7岁以上女孩圣诞日历"
"deu_Latn","adventskalender ab 9 jahre mädchen","9岁以上女孩圣诞倒数日历"
"deu_Latn","adventskalender abverkauf","圣诞倒数日历清仓促销"
"deu_Latn","adventskalender ahoj brause","圣诞日历 ahoj 冲泡饮料"
"deu_Latn","adventskalender alternativ","替代圣诞日历"
"deu_Latn","adventskalender angeln kinder","圣诞倒数日历 钓鱼 儿童"
"deu_Latn","adventskalender animal crossing","《动物之森》圣诞倒数日历"
"deu_Latn","adventskalender backzubehör","圣诞倒数日历烘焙配件"
"deu_Latn","adventskalender bahlsen","圣诞倒数日历 Bahlsen"
"deu_Latn","adventskalender baustelle kinder","圣诞倒数日历 施工现场 儿童"
"deu_Latn","adventskalender buch für teenager","圣诞日历书 青少年适用"
"deu_Latn","adventskalender cat","圣诞倒数日历 猫"
"deu_Latn","adventskalender celebration","圣诞倒数日历庆祝"
"deu_Latn","adventskalender conni 2025","conni 2025 圣诞倒数日历"
"deu_Latn","adventskalender countdown","圣诞倒数日历"
"deu_Latn","adventskalender dr oetker","圣诞倒数日历 dr oetker"
"deu_Latn","adventskalender dragon ball","圣诞倒数日历 龙珠"
"deu_Latn","adventskalender einhörner","圣诞倒数日历 单角"
"deu_Latn","adventskalender erdnüsse","圣诞倒数日历 开心果"
"deu_Latn","adventskalender erwachsen","成人圣诞倒数日历"
"deu_Latn","adventskalender erwachsene essen","圣诞倒数日历 成人食品"
"deu_Latn","adventskalender füllen erwachsene","成人圣诞倒数日历填充"
"deu_Latn","adventskalender füllung 3 jähriger","圣诞倒数日历填充物 3年装"
"deu_Latn","adventskalender füllung 9 jahre","圣诞倒数日历填充物 9年"
"deu_Latn","adventskalender füllung grundschule","圣诞倒数日历填充物 小学"
"deu_Latn","adventskalender füllung herren","圣诞倒数日历填充物 男士"
"deu_Latn","adventskalender für 13 jährige","13岁儿童的圣诞倒数日历"
"deu_Latn","adventskalender für frauen kosmetik","女性化妆品圣诞日历"
"deu_Latn","adventskalender getränke alkoholfrei","无酒精饮品 圣诞倒数日历"
"deu_Latn","adventskalender heidel","圣诞倒数日历 蔓越莓"
"deu_Latn","adventskalender hobby","圣诞倒数日历 爱好"
"deu_Latn","adventskalender ingwer shot","姜味圣诞日历短饮"
"deu_Latn","adventskalender inhalt ideen","圣诞倒数日历内容创意"
"deu_Latn","adventskalender jewellery","圣诞日历珠宝"
"deu_Latn","adventskalender junge 4","圣诞倒数日历 年轻款 4"
"deu_Latn","adventskalender jungen 10","圣诞倒数日历 年轻 10"
"deu_Latn","adventskalender jungen 12 jahre lego","12岁年轻人乐高圣诞倒数日历"
"deu_Latn","adventskalender jurassic","侏罗纪圣诞日历"
"deu_Latn","adventskalender kaffe","圣诞倒数日历 咖啡"
"deu_Latn","adventskalender kanada","加拿大圣诞倒数日历"
"deu_Latn","adventskalender kaufen","购买圣诞倒数日历"
"deu_Latn","adventskalender keine schokolade","圣诞倒数日历不含巧克力"
"deu_Latn","adventskalender kinder diy","儿童自制圣诞日历DIY"
"deu_Latn","adventskalender kinder lesen","圣诞倒数日历 儿童 阅读"
"deu_Latn","adventskalender kitkat 2025","2025年奇巧（KitKat）圣诞倒数日历"
"deu_Latn","adventskalender kleiner prinz","圣诞日历 小王子"
"deu_Latn","adventskalender kreativ handarbeiten","圣诞日历 创意 手工"
"deu_Latn","adventskalender krippe lego","圣诞倒数日历 圣诞马槽乐高"
"deu_Latn","adventskalender laktosefrei schokolade","无乳糖圣诞日历巧克力"
"deu_Latn","adventskalender lavera","圣诞倒数日历 罗勒香"
"deu_Latn","adventskalender leiste holz","圣诞倒数日历 条状 木制"
"deu_Latn","adventskalender majorette","圣诞日历 马约尔特（品牌或型号名）"
"deu_Latn","adventskalender merci 2025","2025年mercii圣诞倒数日历"
"deu_Latn","adventskalender mit bilder","带图片的圣诞倒数日历"
"deu_Latn","adventskalender mit deko","圣诞日历带装饰"
"deu_Latn","adventskalender mit schnaps","装烈酒的圣诞日历"
"deu_Latn","adventskalender mädchen pferd","圣诞倒数日历 女孩 马"
"deu_Latn","adventskalender mädchen selbst befüllen","自填充女孩圣诞倒数日历"
"deu_Latn","adventskalender männer günstig","圣诞倒数日历 男士 便宜"
"deu_Latn","adventskalender männer pflegeprodukte","圣诞倒数日历 男士 护理产品"
"deu_Latn","adventskalender nuss schokolade","圣诞日历 开心果 巧克力"
"deu_Latn","adventskalender playmobil feuerwehr","圣诞倒数日历 playmobil 消防队"
"deu_Latn","adventskalender puppenkleidung","圣诞倒数日历 娃娃服装"
"deu_Latn","adventskalender rennrad","圣诞倒数日历 公路自行车"
"deu_Latn","adventskalender rubble und crew","圣诞倒数日历 rubble und crew"
"deu_Latn","adventskalender schmuck pandora","圣诞日历 饰品 Pandora"
"deu_Latn","adventskalender siebenschläfer","圣诞倒数日历 七睡者"
"deu_Latn","adventskalender snacks salzig","圣诞倒数日历咸味零食"
"deu_Latn","adventskalender tierfiguren","圣诞倒数日历动物造型"
"deu_Latn","adventskalender tonies","圣诞倒数日历 tonies"
"deu_Latn","adventskalender tüten junge","圣诞倒数日历小袋装年轻款"
"deu_Latn","adventskalender unter 15 euro","15欧元以下的圣诞倒数日历"
"deu_Latn","adventskalender von makita","麦太尔的圣诞倒数日历"
"deu_Latn","adventskalender whey protein","圣诞倒数日历 乳清蛋白"
"deu_Latn","adventskalender zahlen aufkleber klein","圣诞倒数日历支付贴纸小号"
"deu_Latn","adventskalender zum aufhängen kinder","挂式圣诞倒数日历 儿童用"
"deu_Latn","adventskalender zum befüllen gondel","可填充的圣诞倒数日历 箱形吊舱"
"deu_Latn","adventskalender zum befüllen häuser groß","可填充的圣诞倒数日历 大号"
"deu_Latn","adventskalender zum befüllen kinder xxl","儿童装可填充圣诞倒数日历 XXL"
"deu_Latn","adventskalender zum malen","可涂色的圣诞日历"
"deu_Latn","adventskalender öl","圣诞倒数日历油"
"deu_Latn","adventskalender- füllung kinder","圣诞日历填充物 儿童"
"deu_Latn","affirmationskarten adventskalender","肯定卡片 圣诞倒数日历"
"deu_Latn","amazon adventskalender 2025 kinder","亚马逊2025年儿童圣诞倒数日历"
"deu_Latn","ankerkraut adventskalender 2025 deluxe","安克尔克劳特2025豪华版圣诞倒数日历"
"deu_Latn","asam beauty magic finish adventskalender 2025","asam beauty magic finish 2025年圣诞倒数日历"
"deu_Latn","bad adventskalender 2025 kinder","2025年儿童款洗浴用品圣诞倒数日历"
"deu_Latn","badespass adventskalender","泳趣圣诞日历"
"deu_Latn","bausteine adventskalender 2025","积木 圣诞倒数日历 2025"
"deu_Latn","beauty adventskalender 2025 männer","2025年男士美妆圣诞日历"
"deu_Latn","beliebte adventskalender 2025","2025年热门圣诞倒数日历"
"deu_Latn","blue bricks adventskalender","蓝色砖块圣诞倒数日历"
"deu_Latn","bodylab adventskalender","bodylab 圣诞日历"
"deu_Latn","braut adventskalender","新娘圣诞日历"
"deu_Latn","bundesliga adventskalender 2025/26","德甲联赛2025/26圣诞日历"
"deu_Latn","bvb adventskalender 2025 schokolade","bvb 圣诞倒数日历 2025 巧克力"
"deu_Latn","chipsfrisch adventskalender","薯片新鲜圣诞倒数日历"
"deu_Latn","conni bunter adventskalender","conni bunter adventskalender"
"deu_Latn","der etwas andere adventskalender","与众不同的圣诞倒数日历"
"deu_Latn","der zauberhafte adventskalender für babys","宝宝的魔法圣诞倒数日历"
"deu_Latn","dewalt adventskalender 2025","得伟2025年圣诞倒数日历"
"deu_Latn","die 3 adventskalender","3个圣诞倒数日历"
"deu_Latn","die besten adventskalender 2025","2025年最佳圣诞倒数日历"
"deu_Latn","die weihnachtsgeschichte adventskalender","圣诞故事 圣诞倒数日历"
"deu_Latn","duftkerze adventskalender 2025","2025年圣诞蜡烛香薰历"
"deu_Latn","engelbert strauss adventskalender werkzeug 2025","恩格尔伯特·施特劳斯圣诞倒数日历工具 2025"
"deu_Latn","entenhausen adventskalender","恩特纳豪森圣诞倒数日历"
"deu_Latn","entspannung adventskalender","放松 圣诞倒数日历"
"deu_Latn","essence adventskalender 2023","精华圣诞倒数日历2023"
"deu_Latn","essence little x-mas wonder adventskalender 2025","精华小圣诞惊喜圣诞倒数日历2025"
"deu_Latn","fidget toys adventskalender 2025","2025年解压玩具圣诞倒数日历"
"deu_Latn","folia adventskalender winterland","冬日仙境折页式圣诞倒数日历"
"deu_Latn","fußball adventskalender fc bayern","足球 圣诞倒数日历 拜仁慕尼黑足球俱乐部"
"deu_Latn","füllung adventskalender baby 1 jahr","填充物 圣诞倒数日历 婴儿 1岁"
"deu_Latn","füllungen für adventskalender kinder","儿童圣诞倒数日历填充物"
"deu_Latn","geschenke männer adventskalender","礼品 男士 圣诞倒数日历"
"deu_Latn","gewürz adventskalender ankerkraut","香料 圣诞倒数日历 醉鱼草"
"deu_Latn","granny square adventskalender","奶奶方格圣诞倒数日历"
"deu_Latn","gärtner adventskalender","加特纳圣诞倒数日历"
"deu_Latn","hagel adventskalender","雹子 圣诞倒数日历"
"deu_Latn","horses of waterfall adventskalender","瀑布马圣诞日历"
"deu_Latn","jack daniels adventskalender 2025","杰克·丹尼尔历险记2025圣诞倒数日历"
"deu_Latn","jane austen adventskalender","简·奥斯汀圣诞倒数日历"
"deu_Latn","jean and lean adventskalender","牛仔裤与修身装圣诞倒数日历"
"deu_Latn","jelly beans adventskalender 2025","2025年软糖豆圣诞倒数日历"
"deu_Latn","jute adventskalender zum befüllen","黄麻填充式圣诞倒数日历"
"deu_Latn","kaffeepads adventskalender 2025","咖啡胶囊 圣诞倒数日历 2025"
"deu_Latn","karton adventskalender","纸板圣诞倒数日历"
"deu_Latn","kekse adventskalender","饼干 圣诞降临日日历"
"deu_Latn","kinder adventskalender 2025 zug","2025年儿童圣诞倒数日历火车票"
"deu_Latn","klassischer adventskalender","经典圣诞倒数日历"
"deu_Latn","kleine böse buch adventskalender 2025","2025年小恶魔书圣诞日历"
"deu_Latn","kleiner adventskalender mann","小圣诞倒数日历人"
"deu_Latn","kleinigkeiten für adventskalender kinder 2 jahre","儿童2岁圣诞倒数日历小物件"
"deu_Latn","kleinigkeiten für kinder adventskalender","儿童小物件圣诞倒数日历"
"deu_Latn","kleinster adventskalender","最小的圣诞倒数日历"
"deu_Latn","knipex adventskalender","克尼普克斯圣诞日历"
"deu_Latn","knobel adventskalender kinder","儿童扭蛋圣诞日历"
"deu_Latn","kosmetik adventskalender 2025 mädchen","化妆品 圣诞倒数日历 2025 女孩"
"deu_Latn","lauenstein adventskalender 2025","劳恩斯坦2025年圣诞倒数日历"
"deu_Latn","lego adventskalender spiderman","乐高圣诞倒数日历 蜘蛛侠"
"deu_Latn","lego krippe adventskalender","乐高圣诞马槽倒数日历"
"deu_Latn","lego minecraft adventskalender 2024","乐高我的世界2024年圣诞倒数日历"
"deu_Latn","lindt adventskalender kinder","林德特（Lindt）圣诞倒数日历（儿童款）"
"deu_Latn","magnetische bausteine adventskalender","磁性积木圣诞倒数日历"
"deu_Latn","masken adventskalender","口罩 圣诞倒数日历"
"deu_Latn","minecraft socken adventskalender","我的世界袜子圣诞倒数日历"
"deu_Latn","mini geschenke für adventskalender frauen","迷你礼品 圣诞倒数日历 女性"
"deu_Latn","mini schokolade adventskalender","迷你巧克力圣诞倒数日历"
"deu_Latn","minibuch adventskalender","迷你本子圣诞日历"
"deu_Latn","mochi squishy adventskalender","糯米纸压感圣诞倒数日历"
"deu_Latn","musiker adventskalender","音乐家圣诞倒数日历"
"deu_Latn","mymochi beauty adventskalender","mymochi美容圣诞倒数日历"
"deu_Latn","mädchen adventskalender 2 jahre","女孩圣诞倒数日历 2岁"
"deu_Latn","nerd adventskalender 2025","2025年书呆子圣诞倒数日历"
"deu_Latn","norwegischer adventskalender","挪威风格的圣诞降临日历"
"deu_Latn","nägel adventskalender 2025","2025年圣诞倒数日历指甲装饰"
"deu_Latn","oh shanti adventskalender 2025","哦香缇 2025年圣诞倒数日历"
"deu_Latn","ohne dich ist alles doof adventskalender","没有你一切都好无聊的圣诞倒数日历"
"deu_Latn","oma gegen opa adventskalender","祖母与祖父的圣诞倒数日历"
"deu_Latn","one pice adventskalender","单件圣诞倒数日历"
"deu_Latn","opa adventskalender 2025","2025年圣诞倒数日历 opa"
"deu_Latn","parfum herren adventskalender","男士香水圣诞倒数日历"
"deu_Latn","playmobil ritter adventskalender","playmobil骑士圣诞倒数日历"
"deu_Latn","playstation 5 adventskalender","PlayStation 5 圣诞倒数日历"
"deu_Latn","pokemon adventskalender figuren","宝可梦圣诞日历玩偶"
"deu_Latn","purelei adventskalender 2023 rosegold","purelei 2023年圣诞倒数日历 玫瑰金"
"deu_Latn","pusheen adventskalender 2025","pusheen 2025年圣诞倒数日历"
"deu_Latn","reishunger adventskalender 2025","2025年小麦饥饿圣诞倒数日历"
"deu_Latn","revell adventskalender rc crawler","雷维尔圣诞倒数日历遥控爬行车"
"deu_Latn","romantischer adventskalender","浪漫的圣诞降临日历"
"deu_Latn","roth adventskalender 2025","2025年罗斯（Roth）圣诞倒数日历"
"deu_Latn","ruf porridge adventskalender","RUF麦片圣诞倒数日历"
"deu_Latn","schmuck-adventskalender","首饰圣诞倒数日历"
"deu_Latn","seifen adventskalender","肥皂 圣诞倒数日历"
"deu_Latn","senf adventskalender","芥末圣诞日历"
"deu_Latn","simpson adventskalender","辛普森圣诞倒数日历"
"deu_Latn","skittles adventskalender","skittles 圣诞倒数日历"
"deu_Latn","squish adventskalender","挤压式圣诞倒数日历"
"deu_Latn","star wars adventskalender 2025 lego","星球大战2025年圣诞日历乐高"
"deu_Latn","stift adventskalender","stift adventskalender"
"deu_Latn","stranger things funko pop adventskalender 2025","《怪奇物语》Funko Pop圣诞倒数日历2025"
"deu_Latn","stricken adventskalender","编织圣诞倒数日历"
"deu_Latn","sugar gang adventskalender klein","糖帮圣诞倒数日历小号"
"deu_Latn","superfood adventskalender","超级食物圣诞倒数日历"
"deu_Latn","swarovski adventskalender","施华洛世奇圣诞倒数日历"
"deu_Latn","tabletop adventskalender","桌面圣诞倒数日历"
"deu_Latn","taschen adventskalender","手袋圣诞倒数日历"
"deu_Latn","true crime adventskalender 2025","真实犯罪圣诞日历2025"
"deu_Latn","uv nagellack adventskalender","紫外线指甲油圣诞倒数日历"
"deu_Latn","von bülow lakritz adventskalender","冯·布洛沃甘草圣诞日历"
"deu_Latn","wildtopia adventskalender","wildtopia 圣诞倒数日历"
"deu_Latn","wohnmobil adventskalender","房车圣诞倒数日历"
"deu_Latn","zahlen für adventskalender holz","购买木质圣诞倒数日历"
"deu_Latn","zaubertrick adventskalender","魔术小把戏圣诞日历"
"deu_Latn","zero potential adventskalender","零风险圣诞日历"
"deu_Latn","rum weihnachtskalender","朗姆酒圣诞日历"
"deu_Latn","schmuck weihnachtskalender","珠宝 圣诞日历"
"deu_Latn","tonie weihnachtskalender","tonie 圣诞日历"
"deu_Latn","weihnachtskalender 2025 für mädchen","2025年女孩圣诞日历"
"deu_Latn","weihnachtskalender 2025 hot wheels","2025年圣诞日历 热轮"
"deu_Latn","weihnachtskalender 2025 süßigkeiten","2025年圣诞日历糖果"
"deu_Latn","weihnachtskalender 2025 whisky","2025年圣诞日历 威士忌"
"deu_Latn","weihnachtskalender frauen kosmetik","圣诞日历 女性 化妆品"
"deu_Latn","weihnachtskalender pralinen","圣诞日历巧克力"
"deu_Latn","weihnachtskalender spielzeug","圣诞日历玩具"
"deu_Latn","kinder advent calendar","儿童圣诞倒数日历"
"deu_Latn","'adventskalender barbie","圣诞倒数日历 巴比娃娃"
"deu_Latn","'adventskalender geschenke","圣诞日历礼物"
"deu_Latn","'adventskalender stitch","圣诞倒数日历 Stitch"
"deu_Latn","adventskalender 1. klasse","圣诞倒数日历 1. 等级"
"deu_Latn","adventskalender 15 euro","圣诞倒数日历 15欧元"
"deu_Latn","adventskalender 2025 10 euro","2025年圣诞倒数日历 10欧元"
"deu_Latn","adventskalender 2025 buch frauen","2025年圣诞倒数日历 女性书籍"
"deu_Latn","adventskalender 2025 buchliebhaber","2025年圣诞倒数日历 书籍爱好者"
"deu_Latn","adventskalender 2025 düfte","2025年圣诞倒数日历 香味"
"deu_Latn","adventskalender 2025 erwachsene essen","2025年圣诞倒数日历 成人食品"
"deu_Latn","adventskalender 2025 frauen babor","2025年圣诞倒数日历 女士 Babor"
"deu_Latn","adventskalender 2025 frauen dm","2025年圣诞倒数日历 女性用 dm"
"deu_Latn","adventskalender 2025 fußball karten","2025年圣诞倒数日历 足球 卡片"
"deu_Latn","adventskalender 2025 für jugendliche","2025年青少年圣诞倒数日历"
"deu_Latn","adventskalender 2025 für mütter","2025年母亲圣诞日历"
"deu_Latn","adventskalender 2025 kinder 8 jahre junge","2025年圣诞倒数日历 儿童 8岁 年轻"
"deu_Latn","adventskalender 2025 kinder ab 10 jahre","2025年圣诞倒数日历，适合10岁以上儿童"
"deu_Latn","adventskalender 2025 kinder ab 6 jahre","2025年圣诞倒数日历，适合6岁以上儿童"
"deu_Latn","adventskalender 2025 kinder edelsteine","2025年儿童版圣诞倒数日历 珍珠"
"deu_Latn","adventskalender 2025 kinder ehrlich brothers","2025年圣诞倒数日历 儿童版 Ehrlich Brothers"
"deu_Latn","adventskalender 2025 kinder jungen 5 jahre","2025年圣诞倒数日历 儿童 男孩 5岁"
"deu_Latn","adventskalender 2025 kinder lego city","2025年乐高城市儿童圣诞日历"
"deu_Latn","adventskalender 2025 kinder pringles","2025年圣诞倒数日历 儿童专用品客薯片"
"deu_Latn","adventskalender 2025 kinder puzzle","2025年圣诞倒数日历 儿童拼图"
"deu_Latn","adventskalender 2025 knabbereien","2025年圣诞倒数日历 小零食"
"deu_Latn","adventskalender 2025 köln","2025年科隆圣诞倒数日历"
"deu_Latn","adventskalender 2025 landwirt","2025年圣诞倒数日历 农夫"
"deu_Latn","adventskalender 2025 lindt ohne alkohol","2025年林德特无酒精圣诞倒数日历"
"deu_Latn","adventskalender 2025 mädchen baby born","2025年圣诞倒数日历 女孩 婴儿 出生"
"deu_Latn","adventskalender 2025 männer axe","2025年圣诞倒数日历 男士 雕刻刀"
"deu_Latn","adventskalender 2025 männer essen","2025年圣诞倒数日历 男士食品"
"deu_Latn","adventskalender 2025 männer rätsel","2025年圣诞倒数日历 男士谜题"
"deu_Latn","adventskalender 2025 männer sexy","2025年圣诞倒数日历 男士 性感"
"deu_Latn","adventskalender 2025 shots säfte","2025年圣诞倒数日历 酒精饮料 果汁"
"deu_Latn","adventskalender 2025 spiel","2025年圣诞倒数日历游戏"
"deu_Latn","adventskalender 2025 star trek","2025年圣诞倒数日历 星际迷航"
"deu_Latn","adventskalender 2025 winnie pooh","2025年维尼熊圣诞倒数日历"
"deu_Latn","adventskalender 2025 würth","2025年würth圣诞倒数日历"
"deu_Latn","adventskalender 24 gründe warum ich dich liebe","圣诞倒数日历 24个理由告诉你我爱你"
"deu_Latn","adventskalender 6-12 monate","圣诞倒数日历 6-12 个月"
"deu_Latn","adventskalender amazon kinder","圣诞倒数日历 亚马逊 儿童"
"deu_Latn","adventskalender apotheke","圣诞倒数日历 药店"
"deu_Latn","adventskalender ars edition","圣诞倒数日历 Ars 版"
"deu_Latn","adventskalender badewanne kinder","圣诞倒数日历 浴缸 儿童"
"deu_Latn","adventskalender balea mädchen","圣诞日历 Balea 女孩"
"deu_Latn","adventskalender bauset","圣诞倒数日历 套装"
"deu_Latn","adventskalender bio produkte","圣诞日历有机产品"
"deu_Latn","adventskalender bis 30 euro","圣诞倒数日历，最高30欧元"
"deu_Latn","adventskalender body","Advent Calendar 身体"
"deu_Latn","adventskalender book","圣诞倒数日历 书"
"deu_Latn","adventskalender buch jungen","圣诞日历 书籍 年轻人"
"deu_Latn","adventskalender ddr süßigkeiten","圣诞倒数日历 DDR 糖果"
"deu_Latn","adventskalender fingernägel","圣诞倒数日历 指甲油"
"deu_Latn","adventskalender fitness frauen","健身女性圣诞日历"
"deu_Latn","adventskalender frauen schmuck silber","圣诞倒数日历 女士 珠宝 银"
"deu_Latn","adventskalender für 12-jährige mädchen","12岁女孩的圣诞倒数日历"
"deu_Latn","adventskalender für eltern 2025","2025年家长圣诞倒数日历"
"deu_Latn","adventskalender für landwirte","农夫的圣诞倒数日历"
"deu_Latn","adventskalender für meinen mann","为我丈夫的圣诞倒数日历"
"deu_Latn","adventskalender für männer sexy","男士圣诞倒数日历 欲望"
"deu_Latn","adventskalender für teenager-mädchen","青少年女孩的圣诞倒数日历"
"deu_Latn","adventskalender gay","圣诞倒数日历 同性恋"
"deu_Latn","adventskalender geschenke mann","圣诞倒数日历 男士礼物"
"deu_Latn","adventskalender gewürze und öle","圣诞倒数日历 调味料和精油"
"deu_Latn","adventskalender girl","圣诞倒数日历女孩"
"deu_Latn","adventskalender hochzeit","婚庆日历"
"deu_Latn","adventskalender holly","圣诞倒数日历 洋常春藤"
"deu_Latn","adventskalender horror figuren","圣诞倒数日历 恐怖玩偶"
"deu_Latn","adventskalender hundefiguren","圣诞倒数日历 狗形挂饰"
"deu_Latn","adventskalender ideen zum befüllen teenager","圣诞倒数日历填充创意，适合青少年"
"deu_Latn","adventskalender in der dose kinder","儿童罐装圣诞倒数日历"
"deu_Latn","adventskalender international","国际圣诞倒数日历"
"deu_Latn","adventskalender kinder bluey","儿童蓝色小怪兽（Bluey）圣诞倒数日历"
"deu_Latn","adventskalender kinder essen","儿童食用的圣诞倒数日历"
"deu_Latn","adventskalender kinder gesund","儿童健康圣诞日历"
"deu_Latn","adventskalender kinder mädchen 10 jahre","圣诞倒数日历 儿童 女孩 10岁"
"deu_Latn","adventskalender kinder stoff","儿童绒布圣诞倒数日历"
"deu_Latn","adventskalender kinderschokolade xxl","圣诞倒数日历 儿童巧克力 XXL"
"deu_Latn","adventskalender kleinigkeit","圣诞倒数日历小礼物"
"deu_Latn","adventskalender lego blume","乐高花形圣诞倒数日历"
"deu_Latn","adventskalender lego spiderman","乐高蜘蛛侠圣诞倒数日历"
"deu_Latn","adventskalender lkw fahrer","圣诞日历 卡车司机"
"deu_Latn","adventskalender mandala","圣诞倒数日历 莫奈达拉（或译为曼陀罗）"
"deu_Latn","adventskalender mann und frau","圣诞倒数日历 男女款"
"deu_Latn","adventskalender metabo","adventskalender metabo"
"deu_Latn","adventskalender mit schubladen","带抽屉的圣诞倒数日历"
"deu_Latn","adventskalender mon cherie 2025","2025年mon cherie圣诞倒数日历"
"deu_Latn","adventskalender mops","圣诞倒数日历 贵宾犬"
"deu_Latn","adventskalender mädchen 7","圣诞倒数日历 女孩 7"
"deu_Latn","adventskalender mädchen malen","圣诞倒数日历 女孩涂色"
"deu_Latn","adventskalender männer angeln","圣诞倒数日历 男士 钓鱼"
"deu_Latn","adventskalender nespresso 2025","2025年奈斯派索圣诞倒数日历"
"deu_Latn","adventskalender non food","圣诞日历 非食品"
"deu_Latn","adventskalender nordsee","北海圣诞日历"
"deu_Latn","adventskalender ohrringe silber","圣诞倒数日历耳环 银色"
"deu_Latn","adventskalender pflegekräfte","护理人员的圣诞倒数日历"
"deu_Latn","adventskalender plus plus","圣诞倒数日历 加加版"
"deu_Latn","adventskalender positiv","圣诞倒数日历 正面（或积极）"
"deu_Latn","adventskalender roland kaiser","圣诞倒数日历 Roland Kaiser"
"deu_Latn","adventskalender rotkäppchen","圣诞倒数日历 小红帽"
"deu_Latn","adventskalender schlangen","圣诞倒数日历 蛇形"
"deu_Latn","adventskalender supernatural","圣诞倒数日历 超自然"
"deu_Latn","adventskalender tag und nacht","圣诞倒数日历，日夜相伴"
"deu_Latn","adventskalender teens jungs","圣诞倒数日历 青少年 男孩"
"deu_Latn","adventskalender tony schokolade","圣诞倒数日历 Tony 巧克力"
"deu_Latn","adventskalender tuchmasken","圣诞日历 面罩"
"deu_Latn","adventskalender uhren","圣诞倒数日历手表"
"deu_Latn","adventskalender ungewöhnlich","不寻常的圣诞倒数日历"
"deu_Latn","adventskalender verliebte","圣诞倒数日历 恋爱"
"deu_Latn","adventskalender waffen","圣诞倒数日历 武器"
"deu_Latn","adventskalender weihnachten","圣诞倒数日历 圣诞节"
"deu_Latn","adventskalender werkzeug wera","圣诞日历 工具 Wera"
"deu_Latn","adventskalender whiskey 2025","2025年威士忌圣诞倒数日历"
"deu_Latn","adventskalender zahlen zum aufkleben","圣诞倒数日历粘贴支付"
"deu_Latn","adventskalender zum befüllen große säckchen","可填充的圣诞倒数日历大袋子"
"deu_Latn","affirmations adventskalender","肯定语 圣诞倒数日历"
"deu_Latn","after eight adventskalender 2025 turm","2025年After Eight圣诞倒数日历塔"
"deu_Latn","amazon adventskalender 2025 männer","亚马逊2025年圣诞倒数日历 男士"
"deu_Latn","aquabeads adventskalender","aquabeads 圣诞倒数日历"
"deu_Latn","asiatischer adventskalender 2025","2025年亚洲风格的圣诞倒数日历"
"deu_Latn","attack on titan adventskalender","进击的巨人圣诞倒数日历"
"deu_Latn","badeschaum adventskalender","badeschaum adventskalender"
"deu_Latn","barca adventskalender","巴萨圣诞日历"
"deu_Latn","bayerisches bier adventskalender","巴伐利亚啤酒圣诞倒数日历"
"deu_Latn","beaty adventskalender","beaty adventskalender"
"deu_Latn","bester männer adventskalender","最佳男士圣诞倒数日历"
"deu_Latn","bilder adventskalender nostalgisch glitzer","图片 圣诞倒数日历 怀旧 闪光"
"deu_Latn","bio snacks adventskalender","有机零食圣诞倒数日历"
"deu_Latn","black friday angebote 2025 adventskalender","2025黑色星期五优惠 圣诞倒数日历"
"deu_Latn","body attack adventskalender","身体攻击圣诞日历"
"deu_Latn","buch adventskalender 2025 erwachsene","2025年成人布质圣诞日历"
"deu_Latn","center shock adventskalender","中心减震圣诞倒数日历"
"deu_Latn","checker marina adventskalender","检视者玛丽娜圣诞倒数日历"
"deu_Latn","claas adventskalender 2025","克拉斯2025年圣诞倒数日历"
"deu_Latn","corgi adventskalender","柯基圣诞倒数日历"
"deu_Latn","creme adventskalender","奶油圣诞倒数日历"
"deu_Latn","demon hunters adventskalender 2025","恶魔猎人2025年圣诞倒数日历"
"deu_Latn","der 10 minuten airfryer adventskalender","10分钟空气炸锅圣诞倒数日历"
"deu_Latn","douglas adventskalender 2025 men","道格拉斯2025年男士圣诞倒数日历"
"deu_Latn","douglas adventskalender männer","道格拉斯圣诞倒数日历 男士"
"deu_Latn","echtschmuck adventskalender","真品首饰圣诞倒数日历"
"deu_Latn","escape room adventskalender buch","密室逃脱 圣诞日历 书籍"
"deu_Latn","eucerin adventskalender","优色林圣诞倒数日历"
"deu_Latn","exit games adventskalender 2025","退出游戏 圣诞日历 2025"
"deu_Latn","ferngesteuertes auto adventskalender","遥控汽车圣诞倒数日历"
"deu_Latn","ferrari adventskalender 2025","法拉利2025年圣诞倒数日历"
"deu_Latn","ford mustang adventskalender 2025","2025年福特野马圣诞倒数日历"
"deu_Latn","formel 1 adventskalender 2025 mclaren","2025年迈凯伦正式版圣诞倒数日历"
"deu_Latn","freundinnen adventskalender 2025","女友2025年圣诞倒数日历"
"deu_Latn","fruchtbar adventskalender","肥沃的圣诞倒数日历"
"deu_Latn","funko pop adventskalender stranger","费恩科普弹窗圣诞倒数日历 奇异博士"
"deu_Latn","füllung adventskalender teenager mädchen","填充 冬日倒数日历 青少年 女孩"
"deu_Latn","geschenkideen adventskalender kinder","礼物点子 圣诞倒数日历 儿童"
"deu_Latn","gesundheit adventskalender","健康 圣诞倒数日历"
"deu_Latn","große adventskalender säckchen","大号圣诞倒数日历小袋"
"deu_Latn","grüffelo adventskalender 2025","grüffelo adventskalender 2025"
"deu_Latn","h0 adventskalender","h0 圣诞倒数日历"
"deu_Latn","herzhafte adventskalender","有肉的圣诞降临节日历"
"deu_Latn","historischer adventskalender","历史圣诞倒数日历"
"deu_Latn","horse adventskalender","马年圣诞日历"
"deu_Latn","ice adventskalender 2025 für paare","2025年情侣款冰冻圣诞日历"
"deu_Latn","ikea adventskalender","宜家圣诞日历"
"deu_Latn","irischer adventskalender","爱尔兰风格的圣诞倒数日历"
"deu_Latn","katzen adventskalender 2025 spielzeug","2025年猫咪圣诞倒数日历玩具"
"deu_Latn","kelly adventskalender","凯利圣诞倒数日历"
"deu_Latn","kerastase adventskalender 2025","科拉斯达2025年圣诞倒数日历"
"deu_Latn","kinder & co adventskalender","儿童与我（Kinder & Co）圣诞倒数日历"
"deu_Latn","kleine spiele für adventskalender","适用于圣诞倒数日历的小游戏"
"deu_Latn","kleinigkeiten für adventskalender kinder 1 jahr","适合1岁以上儿童的圣诞倒数日历小配件"
"deu_Latn","klopfer adventskalender 2023","2023年敲门砖圣诞倒数日历"
"deu_Latn","korea adventskalender 2025","2025年韩国圣诞倒数日历"
"deu_Latn","kusmi tea adventskalender","库斯米茶圣诞倒数日历"
"deu_Latn","lakritz adventskalender 2025 bülow","2025年布洛维乳酪历（Lakritz Adventskalender 2025 Bülow）"
"deu_Latn","leere adventskalender","空的圣诞倒数日历"
"deu_Latn","lego figuren adventskalender","乐高人物圣诞倒数日历"
"deu_Latn","lego frozen adventskalender 2025","乐高冰雪奇缘2025年圣诞倒数日历"
"deu_Latn","lieblingsmensch adventskalender","心爱之人圣诞倒数日历"
"deu_Latn","lindt mini tisch adventskalender","林德特迷你桌面圣诞倒数日历"
"deu_Latn","literatur adventskalender","文学 圣诞日历"
"deu_Latn","makita adventskalender 2024","牧田2024年圣诞倒数日历"
"deu_Latn","medizinische adventskalender","医疗圣诞倒数日历"
"deu_Latn","mein großer adventskalender tiptoi","我的大号圣诞倒数日历（Tiptoi版）"
"deu_Latn","milka schokolade adventskalender","米尔卡巧克力圣诞倒数日历"
"deu_Latn","mini adventskalender schokolinsen","迷你圣诞倒数日历巧克力豆"
"deu_Latn","moo free adventskalender","moo free 圣诞倒数日历"
"deu_Latn","moped adventskalender","轻便摩托车圣诞日历"
"deu_Latn","motorsport adventskalender","赛车运动圣诞日历"
"deu_Latn","my little pony adventskalender 2025","2025年小马宝莉圣诞倒数日历"
"deu_Latn","mädchen adventskalender 9 jahre","女孩 圣诞倒数日历 9岁"
"deu_Latn","männer geschenke für adventskalender","男士圣诞倒数日历礼物"
"deu_Latn","omas adventskalender 2025","奥马斯2025年圣诞倒数日历"
"deu_Latn","ostmann adventskalender","奥斯曼圣诞倒数日历"
"deu_Latn","panini adventskalender","潘尼尼圣诞倒数日历"
"deu_Latn","parfüm adventskalender 2025 frauen","2025年香水圣诞倒数日历 女士"
"deu_Latn","pen and paper adventskalender","笔和纸圣诞倒数日历"
"deu_Latn","pixie bücher adventskalender","pixie书籍圣诞倒数日历"
"deu_Latn","pixum adventskalender","pixum 圣诞倒数日历"
"deu_Latn","playmobil adventskalender weihnachten","playmobil 圣诞倒数日历 圣诞节"
"deu_Latn","playmobil mädchen adventskalender","playmobil女孩圣诞倒数日历"
"deu_Latn","pokemon kalender adventskalender","宝可梦日历 圣诞日历"
"deu_Latn","pow patrol adventskalender","pow巡逻圣诞倒数日历"
"deu_Latn","premium spirituosen adventskalender 2025","2025年高端烈酒圣诞倒数日历"
"deu_Latn","reishunger adventskalender","面包饥饿圣诞倒数日历"
"deu_Latn","rennrad adventskalender","自行车 圣诞倒数日历"
"deu_Latn","revel adventskalender","revel adventskalender"
"deu_Latn","rotbäckchen saft adventskalender","红腹滨鹬果汁圣诞倒数日历"
"deu_Latn","ruby adventskalender","ruby adventskalender"
"deu_Latn","salus adventskalender 2025","2025年圣诞健康日历"
"deu_Latn","satisfyer adventskalender 2025","满意者2025年圣诞倒数日历"
"deu_Latn","saunaaufguss adventskalender","桑拿香薰浴露 圣诞倒数日历"
"deu_Latn","schleich adventskalender 2025 horse club","施莱赫2025年圣诞倒数日历 马术俱乐部"
"deu_Latn","schlumpf adventskalender","圣诞精灵倒数日历"
"deu_Latn","selbstgebastelter adventskalender","自制的圣诞降临日历"
"deu_Latn","star wars socken adventskalender","星球大战袜子圣诞倒数日历"
"deu_Latn","super wings adventskalender","超级翅膀圣诞倒数日历"
"deu_Latn","taba squishy adventskalender","塔巴软萌圣诞倒数日历"
"deu_Latn","triathlon adventskalender","铁人三项运动圣诞倒数日历"
"deu_Latn","vape adventskalender","电子烟圣诞日历"
"deu_Latn","verpackung für adventskalender","圣诞倒数日历包装"
"deu_Latn","vw bulli adventskalender 2025","2025年大众Bulli圣诞倒数日历"
"deu_Latn","weihnachtspuzzle adventskalender","圣诞拼图 圣诞倒数日历"
"deu_Latn","weisse schokolade adventskalender","白色巧克力圣诞倒数日历"
"deu_Latn","youtube adventskalender","YouTube 圣诞倒数日历"
"deu_Latn","ü-eier adventskalender 2025","ü-eier adventskalender 2025"
"deu_Latn","baby weihnachtskalender","婴儿圣诞日历"
"deu_Latn","füllung für weihnachtskalender","圣诞日历填充物"
"deu_Latn","pferde weihnachtskalender","马 圣诞日历"
"deu_Latn","weihnachtskalender 2025 douglas","2025年圣诞日历 douglas"
"deu_Latn","weihnachtskalender 2025 minecraft","2025年圣诞日历 勇者斗恶龙（注：此处“minecraft”按常见理解译为“勇者斗恶龙”，若需保留原名则译为“我的世界”，但根据任务要求，此处提供按常见理解的译文）"
"deu_Latn","weihnachtskalender anime","动漫圣诞日历"
"deu_Latn","weihnachtskalender kinder lego","圣诞日历 儿童乐高"
"deu_Latn","weihnachtskalender kleinkind","圣诞日历 幼儿"
"deu_Latn","weihnachtskalender kosmetik teenager","圣诞日历 化妆品 青少年"
"deu_Latn","weihnachtskalender lego blumen","乐高圣诞日历花朵"
"deu_Latn","weihnachtskalender marmelade","圣诞日历果酱"
"deu_Latn","weihnachtskalender pferde","圣诞日历 马"
"deu_Latn","weihnachtskalender rätsel erwachsene","圣诞日历谜题 成人"
"deu_Latn","weihnachtskalender selbst befüllen xxl","自填圣诞日历 XXL"
"deu_Latn","'adventskalender hund","圣诞倒数日历 狗"
"deu_Latn","24 säckchen für adventskalender","24个小袋，用于圣诞日历"
"deu_Latn","achtsamkeit adventskalender kinder","正念 圣诞倒数日历 儿童"
"deu_Latn","adventskalender 2025 8 jahre","2025年圣诞倒数日历 8周年"
"deu_Latn","adventskalender 2025 aperol","2025年圣诞倒数日历 Aperol"
"deu_Latn","adventskalender 2025 boys","2025年圣诞倒数日历（男孩款）"
"deu_Latn","adventskalender 2025 dose","2025年圣诞倒数日历罐装"
"deu_Latn","adventskalender 2025 duschgel","2025年圣诞倒数日历 沐浴露"
"deu_Latn","adventskalender 2025 englisch","2025年英语圣诞倒数日历"
"deu_Latn","adventskalender 2025 eulen","2025年圣诞倒数日历 猫头鹰"
"deu_Latn","adventskalender 2025 frauen creme","2025年圣诞倒数日历 女性护肤品"
"deu_Latn","adventskalender 2025 frauen eis","2025年圣诞倒数日历 女士 冰淇淋"
"deu_Latn","adventskalender 2025 frauen eis de","2025年圣诞倒数日历 女性 冰淇淋 德国"
"deu_Latn","adventskalender 2025 frauen günstig","2025年圣诞倒数日历 女士 便宜"
"deu_Latn","adventskalender 2025 frauen puzzle","2025年圣诞倒数日历 女性拼图"
"deu_Latn","adventskalender 2025 funny","2025年趣味圣诞倒数日历"
"deu_Latn","adventskalender 2025 für 2","2025年圣诞倒数日历，2人份"
"deu_Latn","adventskalender 2025 für gamer","2025年游戏玩家圣诞倒数日历"
"deu_Latn","adventskalender 2025 harley davidson","2025年哈雷戴维森圣诞倒数日历"
"deu_Latn","adventskalender 2025 hexen","2025年魔法女巫历"
"deu_Latn","adventskalender 2025 hidden games","2025年圣诞倒数日历 隐藏游戏"
"deu_Latn","adventskalender 2025 jungs ab 10","2025年圣诞倒数日历 男孩 10岁以上"
"deu_Latn","adventskalender 2025 kinder 6 jahre mädchen","2025年圣诞倒数日历 6岁儿童 女孩"
"deu_Latn","adventskalender 2025 kinder ab 5","2025年圣诞倒数日历，适合5岁以上儿童"
"deu_Latn","adventskalender 2025 kinder disney","2025年迪士尼儿童圣诞日历"
"deu_Latn","adventskalender 2025 kinder gummibärchen","2025年圣诞倒数日历 儿童软糖小熊"
"deu_Latn","adventskalender 2025 kinderüberraschung","2025年圣诞倒数日历 儿童惊喜"
"deu_Latn","adventskalender 2025 malen nach zahlen","2025年圣诞倒数日历 按数字涂色"
"deu_Latn","adventskalender 2025 mädchen 11","2025年圣诞倒数日历 女孩 11"
"deu_Latn","adventskalender 2025 mädchen schokolade","2025年圣诞倒数日历 女孩 巧克力"
"deu_Latn","adventskalender 2025 männer rituals","2025年圣诞倒数日历 男士 Rituals品牌"
"deu_Latn","adventskalender 2025 pflege damen","2025年圣诞倒数日历 护肤品 女士"
"deu_Latn","adventskalender 2025 polizei","2025年圣诞倒数日历 警察"
"deu_Latn","adventskalender 2025 pringles chips","2025年圣诞倒数日历 薯片（品客）"
"deu_Latn","adventskalender 2025 roboter","2025年圣诞倒数日历 机器人"
"deu_Latn","adventskalender 2025 schminke kinder","2025年圣诞倒数日历 儿童化妆品"
"deu_Latn","adventskalender 2025 snacks aus aller welt","2025年圣诞倒数日历，来自世界各地的零食"
"deu_Latn","adventskalender 2025 teens","2025年圣诞倒数日历 青少年款"
"deu_Latn","adventskalender 2025 trecker","2025年圣诞倒数日历 推土机"
"deu_Latn","adventskalender 2025 weihnachtsbaum","2025年圣诞日历 圣诞树"
"deu_Latn","adventskalender 2025 zotter","2025年zotter圣诞倒数日历"
"deu_Latn","adventskalender 2025 zweisamkeit","2025年圣诞倒数日历 双人份"
"deu_Latn","adventskalender 2025kinder","2025年儿童圣诞倒数日历"
"deu_Latn","adventskalender ab 11 jahre","11岁以上适用的圣诞倒数日历"
"deu_Latn","adventskalender ab 9 jahre","圣诞倒数日历，适合9岁以上"
"deu_Latn","adventskalender ausländische süßigkeiten","圣诞日历 外国糖果"
"deu_Latn","adventskalender auto männer","圣诞倒数日历 汽车 男士"
"deu_Latn","adventskalender auto zusammenbauen","圣诞倒数日历 汽车组装"
"deu_Latn","adventskalender baileys","圣诞倒数日历 巴利斯利（Baileys）"
"deu_Latn","adventskalender beauty douglas","圣诞倒数日历 美容道格拉斯"
"deu_Latn","adventskalender befüllen groß","圣诞倒数日历填充大号"
"deu_Latn","adventskalender boyfriend","圣诞倒数日历 男友"
"deu_Latn","adventskalender buch rätsel","圣诞倒数日历 书籍 谜题"
"deu_Latn","adventskalender buldak","圣诞倒数日历 羊排"
"deu_Latn","adventskalender bügelbilder","圣诞倒数日历 蒸汽熨烫画"
"deu_Latn","adventskalender daniela drescher","圣诞倒数日历 达妮埃拉·德斯彻"
"deu_Latn","adventskalender dior 2025","迪奥2025年圣诞倒数日历"
"deu_Latn","adventskalender disney erwachsene","迪士尼成人圣诞倒数日历"
"deu_Latn","adventskalender diy männer","圣诞日历 DIY 男士"
"deu_Latn","adventskalender dolce gusto","圣诞日历 dolce gusto"
"deu_Latn","adventskalender dove","圣诞倒数日历 多芬"
"deu_Latn","adventskalender dragons","圣诞倒数日历 龙"
"deu_Latn","adventskalender duft männer","圣诞倒数日历 男士香氛"
"deu_Latn","adventskalender duglas","adventskalender duglas"
"deu_Latn","adventskalender exit game","圣诞倒数日历逃脱游戏"
"deu_Latn","adventskalender findus","圣诞倒数日历 findus"
"deu_Latn","adventskalender frauen pflege","圣诞倒数日历 女性 护理"
"deu_Latn","adventskalender friseur","圣诞倒数日历 理发店"
"deu_Latn","adventskalender füllen frauen","女性用的圣诞倒数日历填充物"
"deu_Latn","adventskalender füllung baby","圣诞倒数日历填充物 宝宝"
"deu_Latn","adventskalender für 18 jährige mädchen","适合18岁女孩的圣诞倒数日历"
"deu_Latn","adventskalender für 8 jährige jungs","适合8岁男孩的圣诞倒数日历"
"deu_Latn","adventskalender für architekten","建筑师用的圣诞倒数日历"
"deu_Latn","adventskalender für babys 8 monate","8个月大宝宝的圣诞倒数日历"
"deu_Latn","adventskalender für chef","厨师用的圣诞倒数日历"
"deu_Latn","adventskalender für chefin","老板的圣诞倒数日历"
"deu_Latn","adventskalender für juristen","法律人专用的圣诞倒数日历"
"deu_Latn","adventskalender für kinder mädchen","儿童女孩圣诞倒数日历"
"deu_Latn","adventskalender für neugeborene","新生儿圣诞日历"
"deu_Latn","adventskalender für paare amazon","情侣圣诞倒数日历 亚马逊"
"deu_Latn","adventskalender für partnerin","为伴侣准备的圣诞倒数日历"
"deu_Latn","adventskalender für teens","青少年圣诞倒数日历"
"deu_Latn","adventskalender genshin impact","原神冒险日历"
"deu_Latn","adventskalender geschichte kinder","圣诞日历 历史 儿童"
"deu_Latn","adventskalender graffiti","圣诞日历涂鸦"
"deu_Latn","adventskalender große säckchen","圣诞倒数日历 大袋子"
"deu_Latn","adventskalender handwerk","圣诞倒数日历 手工"
"deu_Latn","adventskalender herren werkzeug","圣诞日历 男士 工具"
"deu_Latn","adventskalender hogokids","圣诞倒数日历 hogokids"
"deu_Latn","adventskalender hogwarts","圣诞倒数日历 霍格沃茨"
"deu_Latn","adventskalender hygge","复临日历的乐趣"
"deu_Latn","adventskalender ideen mädchen","圣诞倒数日历 女孩创意"
"deu_Latn","adventskalender ideen zum befüllen mädchen","圣诞倒数日历填充创意女孩款"
"deu_Latn","adventskalender japan 2025","2025年日本圣诞倒数日历"
"deu_Latn","adventskalender junge 11","圣诞倒数日历 年轻 11"
"deu_Latn","adventskalender kalender","圣诞倒数日历 日历"
"deu_Latn","adventskalender kerzen 1-24 im glas","圣诞倒数日历蜡烛 1-24 玻璃装"
"deu_Latn","adventskalender kinder ab 3","儿童圣诞倒数日历，适合3岁以上儿童"
"deu_Latn","adventskalender kinder ab 7","圣诞倒数日历 儿童适用 7岁以上"
"deu_Latn","adventskalender kinder füllideen","圣诞倒数日历 儿童填充创意"
"deu_Latn","adventskalender kinder jungen 6 jahre","儿童（6岁）圣诞倒数日历"
"deu_Latn","adventskalender kinder peppa wutz","儿童圣诞倒数日历 彭彭猪佩奇"
"deu_Latn","adventskalender kinder white","儿童白色圣诞日历"
"deu_Latn","adventskalender kinderbücher","圣诞倒数日历 儿童书籍"
"deu_Latn","adventskalender kolleginnen","圣诞倒数日历 女同事"
"deu_Latn","adventskalender kosmetik kinder","圣诞倒数日历 化妆品 儿童"
"deu_Latn","adventskalender kästchen","圣诞倒数日历小盒"
"deu_Latn","adventskalender lauensteiner","圣诞倒数日历 Lauensteiner"
"deu_Latn","adventskalender lego frozen","乐高冰雪奇缘圣诞倒数日历"
"deu_Latn","adventskalender lindt paare","林德特圣诞日历 情侣款"
"deu_Latn","adventskalender lokomotive","圣诞倒数日历 火车头"
"deu_Latn","adventskalender malteser","马尔他骑士团圣诞倒数日历"
"deu_Latn","adventskalender mann pflege","圣诞倒数日历 男士 护理"
"deu_Latn","adventskalender marmelade glück 2025","2025年幸运果酱圣诞倒数日历"
"deu_Latn","adventskalender meer","圣诞倒数日历 海"
"deu_Latn","adventskalender metallica","金属乐队圣诞倒数日历"
"deu_Latn","adventskalender modellbausatz","圣诞日历模型套件"
"deu_Latn","adventskalender muscheln","圣诞倒数日历 贻贝"
"deu_Latn","adventskalender mädchen buch","圣诞倒数日历 女孩 书籍"
"deu_Latn","adventskalender männer douglas","圣诞倒数日历 男士 Douglas"
"deu_Latn","adventskalender männer essen","圣诞倒数日历 男士美食"
"deu_Latn","adventskalender männer schmuck","圣诞倒数日历 男士饰品"
"deu_Latn","adventskalender männer spirituosen","圣诞日历 男士 酒类"
"deu_Latn","adventskalender neugeborene","圣诞倒数日历 新生儿"
"deu_Latn","adventskalender online","在线圣诞日历"
"deu_Latn","adventskalender pappe","圣诞倒数日历（纸质）"
"deu_Latn","adventskalender parfüm proben herren","圣诞日历 香水 样本 男士"
"deu_Latn","adventskalender piercing","圣诞倒数日历 穿孔"
"deu_Latn","adventskalender pokemon 2025 karten","2025年宝可梦圣诞日历卡片"
"deu_Latn","adventskalender pop it","圣诞日历弹弹乐"
"deu_Latn","adventskalender rituals frauen","圣诞倒数日历 女性仪式用品"
"deu_Latn","adventskalender rossmann 2025","2025年罗斯曼圣诞倒数日历"
"deu_Latn","adventskalender rätselbuch","圣诞倒数日历谜题书"
"deu_Latn","adventskalender salz","圣诞倒数日历 盐"
"deu_Latn","adventskalender schachteln zum befüllen","圣诞倒数日历填充盒"
"deu_Latn","adventskalender schnitzen","圣诞日历雕刻"
"deu_Latn","adventskalender selbstbefüllen","自填充式圣诞倒数日历"
"deu_Latn","adventskalender self care","圣诞倒数日历 自我关爱"
"deu_Latn","adventskalender sellmer","圣诞倒数日历 Sellmer"
"deu_Latn","adventskalender squishy mellows","圣诞倒数日历 柔软毛绒"
"deu_Latn","adventskalender säckchen baumwolle","圣诞倒数日历 小袋子 棉花"
"deu_Latn","adventskalender tee kinder","圣诞倒数日历 茶 儿童"
"deu_Latn","adventskalender teebeutel","圣诞日历茶包"
"deu_Latn","adventskalender teenager kosmetik","圣诞倒数日历 青少年 化妆品"
"deu_Latn","adventskalender tischler","圣诞日历 木工"
"deu_Latn","adventskalender toilette","圣诞倒数日历 卫生间"
"deu_Latn","adventskalender trüffel mit alkohol","圣诞倒数日历 酒心松露"
"deu_Latn","adventskalender tüten günstig","圣诞倒数日历袋便宜"
"deu_Latn","adventskalender tüten mann","圣诞倒数日历袋子男士款"
"deu_Latn","adventskalender tüten zum befüllen klein","圣诞倒数日历填充袋，小号"
"deu_Latn","adventskalender u3","圣诞倒数日历 u3"
"deu_Latn","adventskalender unterhosen","圣诞倒数日历内裤"
"deu_Latn","adventskalender von lego","乐高圣诞倒数日历"
"deu_Latn","adventskalender vorschulkinder","学前儿童圣诞日历"
"deu_Latn","adventskalender was ich an dir liebe","圣诞倒数日历 我爱你的一切"
"deu_Latn","adventskalender world of warcraft","魔兽世界圣诞日历"
"deu_Latn","adventskalender zum befüllen bunt","可填充的彩色圣诞倒数日历"
"deu_Latn","adventskalender zum befüllen dorf","可填充的圣诞倒数日历 村庄"
"deu_Latn","adventskalender zum befüllen fussball","可填充的圣诞倒数日历 足球"
"deu_Latn","adventskalender zum befüllen für frauen","可填充的女士圣诞倒数日历"
"deu_Latn","adventskalender zum befüllen weiß","可填充的白色圣诞倒数日历"
"deu_Latn","adventskalender zum selberbefüllen","可自行填充的圣诞倒数日历"
"deu_Latn","adventskalender zum verschicken","待寄圣诞日历"
"deu_Latn","aesthetic adventskalender clean girl","美学圣诞倒数日历 清新女孩风"
"deu_Latn","ak match attax adventskalender 2025/26","ak match attax 圣诞倒数日历 2025/26"
"deu_Latn","alternative adventskalender","替代性圣诞倒数日历"
"deu_Latn","amazon adventskalender 2025 für frauen","亚马逊2025年女性圣诞倒数日历"
"deu_Latn","amorelie adventskalender 2025 frauen","amorelie 2025年圣诞倒数日历 女性"
"deu_Latn","anatomie adventskalender","解剖学圣诞倒数日历"
"deu_Latn","andere zeiten adventskalender","其他时光 圣诞倒数日历"
"deu_Latn","angel adventskalender karpfen","天使圣诞倒数日历 鲤鱼"
"deu_Latn","ariana grande adventskalender","阿丽亚娜·格兰德圣诞倒数日历"
"deu_Latn","beste adventskalender 2025 frauen","2025年最佳女性圣诞倒数日历"
"deu_Latn","bier adventskalender leer","啤酒圣诞日历 空"
"deu_Latn","bier kalender adventskalender 2025","啤酒日历 圣诞日历 2025"
"deu_Latn","blumenstrauß adventskalender","花束 圣诞倒数日历"
"deu_Latn","bosch professional adventskalender 2025","博世专业版2025年圣诞倒数日历"
"deu_Latn","briefe von felix adventskalender","费利克斯的圣诞日历明信片"
"deu_Latn","chihuahua adventskalender","吉娃娃圣诞倒数日历"
"deu_Latn","connie adventskalender","connie 圣诞倒数日历"
"deu_Latn","cosy adventskalender","温馨的圣诞倒数日历"
"deu_Latn","dachshund adventskalender","腊肠犬圣诞倒数日历"
"deu_Latn","dart adventskalender 2025 softdart","dart 圣诞倒数日历 2025 softdart"
"deu_Latn","der kleine igel adventskalender","小刺猬圣诞倒数日历"
"deu_Latn","die drei ausrufezeichen adventskalender buch 2025","2025年版三个感叹号圣诞倒数日历书"
"deu_Latn","diy adventskalender füllung männer","DIY圣诞倒数日历填充物 男士"
"deu_Latn","douglas adventskalender 2023","道格拉斯2023年圣诞倒数日历"
"deu_Latn","exit kids adventskalender","儿童圣诞倒数日历"
"deu_Latn","fensterbilder adventskalender","窗户图片 圣诞倒数日历"
"deu_Latn","funko pop pokemon adventskalender","funko pop pokemon adventskalender"
"deu_Latn","funko pop stranger things adventskalender","费恩科（Funko）Pop 异世界奇境（Stranger Things）圣诞倒数日历"
"deu_Latn","füllideen adventskalender mann","男士圣诞倒数日历填充创意"
"deu_Latn","füllung adventskalender 8 jahre","填充物 圣诞倒数日历 8年"
"deu_Latn","gelnägel adventskalender","凝胶指甲 圣诞倒数日历"
"deu_Latn","geschenke für adventskalender mann","圣诞倒数日历送男士的礼物"
"deu_Latn","glück marmeladen adventskalender 2025","2025年幸福果酱圣诞倒数日历"
"deu_Latn","godzilla adventskalender","哥斯拉圣诞倒数日历"
"deu_Latn","hagelshop adventskalender","hagelshop 圣诞倒数日历"
"deu_Latn","hsv-adventskalender","hsv-圣诞倒数日历"
"deu_Latn","jesus adventskalender","耶稣圣诞日历"
"deu_Latn","katzen adventskalender für kinder","儿童用猫咪圣诞日历"
"deu_Latn","ketten adventskalender","项链圣诞倒数日历"
"deu_Latn","kiehls adventskalender","奇尔克斯圣诞倒数日历"
"deu_Latn","kleine geschenke adventskalender mann","小礼物 圣诞倒数日历 男士"
"deu_Latn","kosmos adventskalender exit","科斯莫斯圣诞倒数日历 逃生"
"deu_Latn","kristal adventskalender","水晶圣诞倒数日历"
"deu_Latn","lebensmittel adventskalender 2025","食品 圣诞倒数日历 2025"
"deu_Latn","lego adventskalender jungs","乐高圣诞倒数日历 男孩"
"deu_Latn","lego krippe adventskalender 2025","乐高圣诞马槽2025年圣诞倒数日历"
"deu_Latn","lego-friends adventskalender","乐高朋友圣诞日历"
"deu_Latn","lindt adventskalender mini","林德特圣诞倒数日历迷你版"
"deu_Latn","lindt pralinen adventskalender","林德特巧克力圣诞倒数日历"
"deu_Latn","live fresh adventskalender","现场新鲜圣诞倒数日历"
"deu_Latn","locken adventskalender","卷发 圣诞倒数日历"
"deu_Latn","loreal men adventskalender","欧莱雅男士圣诞倒数日历"
"deu_Latn","man adventskalender 2025","2025年男士圣诞倒数日历"
"deu_Latn","mario kart adventskalender","马里奥赛车圣诞倒数日历"
"deu_Latn","massage adventskalender","按摩圣诞日历"
"deu_Latn","mini brands kawaii adventskalender","迷你品牌卡哇伊圣诞倒数日历"
"deu_Latn","mini spiele für kinder adventskalender","儿童迷你游戏圣诞倒数日历"
"deu_Latn","nivea adventskalender frauen","妮维雅圣诞倒数日历（女性专用）"
"deu_Latn","norwegen adventskalender 2025","挪威 2025年圣诞倒数日历"
"deu_Latn","nudeln adventskalender","面条 圣诞倒数日历"
"deu_Latn","pandora armband adventskalender","潘多拉手链 圣诞倒数日历"
"deu_Latn","papphäuser adventskalender","papphäuser adventskalender"
"deu_Latn","playmobil adventskalender 2025 jungen","playmobil 2025年圣诞倒数日历（适用于）年轻人"
"deu_Latn","playmobile adventskalender","playmobile 圣诞倒数日历"
"deu_Latn","porsche 911 turbo adventskalender","保时捷911 turbo圣诞倒数日历"
"deu_Latn","pringles kalender adventskalender","品客日历 圣诞日历"
"deu_Latn","protein adventskalender 2025 männer","2025年男士蛋白质圣诞日历"
"deu_Latn","quality street adventskalender","品质街圣诞倒数日历"
"deu_Latn","red bull kalender adventskalender","红牛日历 圣诞倒数日历"
"deu_Latn","riise adventskalender","riise 圣诞倒数日历"
"deu_Latn","rotkäppchen adventskalender 2025","小红帽2025年圣诞倒数日历"
"deu_Latn","schildkröten adventskalender 2025","2025年海龟圣诞倒数日历"
"deu_Latn","schmink adventskalender 2025 kinder","2025年化妆圣诞日历 儿童"
"deu_Latn","schoko adventskalender lindt","林德特巧克力圣诞倒数日历"
"deu_Latn","schwartau adventskalender","施瓦尔陶圣诞倒数日历"
"deu_Latn","tattoo adventskalender kinder","纹身圣诞倒数日历 儿童"
"deu_Latn","tech deck adventskalender","科技桌历 adventskalender"
"deu_Latn","the vampire diaries adventskalender","吸血鬼日记圣诞倒数日历"
"deu_Latn","toca boca adventskalender","托卡宝盒圣诞倒数日历"
"deu_Latn","tut tut adventskalender","tut tut adventskalender"
"deu_Latn","tut tut baby flitzer adventskalender 2025","tut tut baby flitzer adventskalender 2025"
"deu_Latn","twix adventskalender","twix adventskalender"
"deu_Latn","tüten adventskalender zum befüllen groß","可填充的大号袋装圣诞倒数日历"
"deu_Latn","vegetarischer adventskalender 2025","2025年素食圣诞降临日历"
"deu_Latn","weingummi adventskalender 2025","葡萄酒橡皮糖 圣诞倒数日历 2025"
"deu_Latn","wellness-adventskalender","健康圣诞日历"
"deu_Latn","wiederverwendbar adventskalender zum befüllen","可重复使用的填充式圣诞倒数日历"
"deu_Latn","baby born weihnachtskalender","婴儿诞生圣诞日历"
"deu_Latn","weihnachtskalender bosch","圣诞日历 博世"
"deu_Latn","weihnachtskalender experimente","圣诞日历实验"
"deu_Latn","weihnachtskalender frauen sexy","圣诞日历 女士 性感"
"deu_Latn","weihnachtskalender gesund","健康圣诞日历"
"deu_Latn","weihnachtskalender grinch","圣诞日历 恶棍格林奇"
"deu_Latn","weihnachtskalender kinder 2 jahre","儿童圣诞日历 2岁"
"deu_Latn","weihnachtskalender schokolade 2025","2025年圣诞日历巧克力"
"eng_Latn","exit advent calendar english","出口式倒数日历（英语）"
"eng_Latn","jewellery advent calendar","珠宝圣诞倒数日历"
"eng_Latn","pink marble advent calendar 2025 24-day christmas countdown box","2025年粉色大理石图案倒数日历，24天圣诞倒计时礼盒"
"deu_Latn","advent calendars 2025","2025年圣诞倒数日历"
"deu_Latn","1.fc köln adventskalender","1. FC 科隆 圣诞倒数日历"
"deu_Latn","adventskalender 2025 after eight big ben","2025年圣诞倒数日历 After Eight 大本钟"
"deu_Latn","adventskalender 2025 angebot","2025年圣诞倒数日历优惠"
"deu_Latn","adventskalender 2025 audi","2025年奥迪圣诞日历"
"deu_Latn","adventskalender 2025 billig","2025年圣诞倒数日历便宜"
"deu_Latn","adventskalender 2025 bio snacks","2025年圣诞倒数日历 生物有机零食"
"deu_Latn","adventskalender 2025 bücher erwachsene","2025年圣诞倒数日历 成人书籍"
"deu_Latn","adventskalender 2025 chilisauce","2025年圣诞倒数日历 辣椒酱"
"deu_Latn","adventskalender 2025 dm essence","2025年圣诞倒数日历 dm essence"
"deu_Latn","adventskalender 2025 ehefrau","2025年圣诞倒数日历 妻子"
"deu_Latn","adventskalender 2025 ehepaar","2025年圣诞倒数日历 夫妻款"
"deu_Latn","adventskalender 2025 fc barcelona","2025年巴塞罗那足球俱乐部圣诞倒数日历"
"deu_Latn","adventskalender 2025 frauen entspannung","2025年圣诞倒数日历 女性 放松"
"deu_Latn","adventskalender 2025 frauen frühstück","2025年圣诞倒数日历 女士 早餐"
"deu_Latn","adventskalender 2025 frauen mac","2025年圣诞倒数日历 女性 mac"
"deu_Latn","adventskalender 2025 frauen purelei","2025年圣诞倒数日历 女士 纯洁（或“纯真”，根据上下文选择更贴切的翻译）"
"deu_Latn","adventskalender 2025 freund","2025年圣诞倒数日历 朋友"
"deu_Latn","adventskalender 2025 für frauen rituals","2025年女性专用Rituals圣诞倒数日历"
"deu_Latn","adventskalender 2025 für studenten","2025年学生圣诞倒数日历"
"deu_Latn","adventskalender 2025 jack daniels","2025年圣诞倒数日历 杰克·丹尼尔斯"
"deu_Latn","adventskalender 2025 jungs 15 jahre","2025年圣诞倒数日历 男孩 15岁"
"deu_Latn","adventskalender 2025 jungs minecraft lego","2025年圣诞倒数日历 男孩版 我的世界（Minecraft）乐高"
"deu_Latn","adventskalender 2025 karte","2025年圣诞倒数日历卡片"
"deu_Latn","adventskalender 2025 kinder ab 7","2025年圣诞倒数日历，适合7岁以上儿童"
"deu_Latn","adventskalender 2025 kinder beauty","2025年圣诞倒数日历 儿童美容"
"deu_Latn","adventskalender 2025 kinder hotwheels","2025年圣诞倒数日历 儿童Hot Wheels"
"deu_Latn","adventskalender 2025 kräuter","2025年圣诞倒数日历 草药"
"deu_Latn","adventskalender 2025 make up catrice","2025年圣诞倒数日历 妆容 Catrice"
"deu_Latn","adventskalender 2025 minions","2025年圣诞倒数日历 小黄人"
"deu_Latn","adventskalender 2025 mit foto","2025年带照片的圣诞倒数日历"
"deu_Latn","adventskalender 2025 motivation","2025年圣诞倒数日历 励志"
"deu_Latn","adventskalender 2025 männer golf","2025年圣诞倒数日历 男士 高尔夫"
"deu_Latn","adventskalender 2025 pandora charms","2025年圣诞倒数日历 保加利亚珠宝饰品挂饰"
"deu_Latn","adventskalender 2025 raffaelo","2025年拉斐罗圣诞倒数日历"
"deu_Latn","adventskalender 2025 reisen","2025年圣诞倒数日历 旅行"
"deu_Latn","adventskalender 2025 schach","2025年圣诞倒数日历 象棋"
"deu_Latn","adventskalender 2025 shopping queen","2025年圣诞倒数日历 购物女王"
"deu_Latn","adventskalender 2025 slime fluffy","2025年圣诞倒数日历 滑溜毛绒玩具"
"deu_Latn","adventskalender 2025 teenager mädchen schmuck","2025年圣诞倒数日历 青少年 女孩 饰品"
"deu_Latn","adventskalender 2025 toffifee","2025年托菲费（Toffifee）圣诞倒数日历"
"deu_Latn","adventskalender 2025 tonie","2025年圣诞倒数日历 tonie"
"deu_Latn","adventskalender 2025 trüffel","2025年圣诞倒数日历 香菇"
"deu_Latn","adventskalender 2025 weihnachtsdeko","2025年圣诞倒数日历 圣诞装饰"
"deu_Latn","adventskalender 3","圣诞倒数日历 3"
"deu_Latn","adventskalender 90er","圣诞倒数日历 90年代"
"deu_Latn","adventskalender ab 5 jahre mädchen","圣诞日历 适合5岁以上女孩"
"deu_Latn","adventskalender anatomie","圣诞倒数日历 解剖学"
"deu_Latn","adventskalender asiatische snacks","圣诞倒数日历 亚洲零食"
"deu_Latn","adventskalender aufkleber kinder","圣诞倒数日历贴纸 儿童"
"deu_Latn","adventskalender baby ab 1 jahr","圣诞倒数日历，适合1岁以上婴儿"
"deu_Latn","adventskalender bastelsachen","圣诞日历 手工制品"
"deu_Latn","adventskalender befüllen ideen mann","圣诞倒数日历填充创意男士"
"deu_Latn","adventskalender bis 15 euro","圣诞倒数日历至15欧元"
"deu_Latn","adventskalender brandooz","品牌adventskalender brandooz"
"deu_Latn","adventskalender brubaker","圣诞倒数日历 brubaker"
"deu_Latn","adventskalender buch jungen 10 jahre","圣诞倒数日历 书籍 10岁男孩"
"deu_Latn","adventskalender bueno 2025","2025年Bueno圣诞倒数日历"
"deu_Latn","adventskalender cd","圣诞倒数日历CD"
"deu_Latn","adventskalender challenge familien","圣诞倒数日历 挑战 家庭"
"deu_Latn","adventskalender china","圣诞倒数日历 中国"
"deu_Latn","adventskalender chips funny frisch 2025","2025年新鲜趣味薯片圣诞倒数日历"
"deu_Latn","adventskalender cola dosen","圣诞倒数日历可乐罐装"
"deu_Latn","adventskalender drei ausrufezeichen 2025","2025年圣诞倒数日历，三个感叹号"
"deu_Latn","adventskalender dunkle schokolade 2025","2025年圣诞倒数日历 黑巧克力"
"deu_Latn","adventskalender eishockey 2025","2025年冰球主题圣诞日历"
"deu_Latn","adventskalender elch","圣诞倒数日历 鹿"
"deu_Latn","adventskalender fcb","圣诞倒数日历 fcb"
"deu_Latn","adventskalender figuren 2025","2025年圣诞倒数日历玩偶"
"deu_Latn","adventskalender flex","圣诞倒数日历flex"
"deu_Latn","adventskalender fraue","圣诞倒数日历 女士"
"deu_Latn","adventskalender frauen sale","圣诞倒数日历 女士 特卖"
"deu_Latn","adventskalender für 7 jährige mädchen","适合7岁女孩的圣诞倒数日历"
"deu_Latn","adventskalender für fahrradfahrer","自行车骑行者的圣诞倒数日历"
"deu_Latn","adventskalender für kinder ab 1 jahr","适合1岁以上儿童的圣诞倒数日历"
"deu_Latn","adventskalender für mediziner","医生专用的圣诞倒数日历"
"deu_Latn","adventskalender für mich","我的圣诞倒数日历"
"deu_Latn","adventskalender für pferdeliebhaber","马术爱好者圣诞倒数日历"
"deu_Latn","adventskalender für wanderer","徒步旅行者的圣诞倒数日历"
"deu_Latn","adventskalender gewürze ankerkraut","圣诞倒数日历 香料 船锚草"
"deu_Latn","adventskalender gitarrenplektren","圣诞日历 吉他拨片"
"deu_Latn","adventskalender glitzer 2025","2025闪亮圣诞倒数日历"
"deu_Latn","adventskalender gummiente","圣诞倒数日历 丁香"
"deu_Latn","adventskalender h0","圣诞倒数日历 h0"
"deu_Latn","adventskalender halterung","圣诞日历支架"
"deu_Latn","adventskalender healthy","圣诞倒数日历 健康"
"deu_Latn","adventskalender herren männer","圣诞倒数日历 男士 男性"
"deu_Latn","adventskalender hipp","圣诞倒数日历 hipp"
"deu_Latn","adventskalender jungen 13","圣诞倒数日历 13岁"
"deu_Latn","adventskalender jungen fußball","圣诞倒数日历 年轻足球"
"deu_Latn","adventskalender kinder baby born","儿童圣诞倒数日历 宝宝 新生"
"deu_Latn","adventskalender kinder feuerwehr","儿童消防员圣诞倒数日历"
"deu_Latn","adventskalender kinder knete","儿童圣诞倒数日历 糖果"
"deu_Latn","adventskalender kinder lego friends","儿童乐高好朋友圣诞日历"
"deu_Latn","adventskalender kinder steine","圣诞倒数日历 儿童 石头"
"deu_Latn","adventskalender krippe holz","圣诞倒数日历 舍宾木制"
"deu_Latn","adventskalender länder","圣诞日历 国家"
"deu_Latn","adventskalender mit pferden","带有马的圣诞日历"
"deu_Latn","adventskalender nespresso kapseln","圣诞倒数日历 蓝宝咖啡胶囊"
"deu_Latn","adventskalender ninja","圣诞日历忍者"
"deu_Latn","adventskalender ohne nüsse","无坚果的圣诞日历"
"deu_Latn","adventskalender poppy playtime","圣诞倒数日历 Poppy Playtime"
"deu_Latn","adventskalender revolution 2025","2025年革命式圣诞倒数日历"
"deu_Latn","adventskalender sarah harrison","圣诞倒数日历 Sarah Harrison"
"deu_Latn","adventskalender schokolade groß","圣诞倒数日历 大块巧克力"
"deu_Latn","adventskalender schwiegermutter","圣诞倒数日历 岳母"
"deu_Latn","adventskalender selber befüllen ideen","自制圣诞倒数日历填充点子"
"deu_Latn","adventskalender selbst befüllen stoff","自填充圣诞倒数日历布料"
"deu_Latn","adventskalender sellmer verlag","圣诞日历 Sellmer 出版社"
"deu_Latn","adventskalender serien","圣诞倒数日历系列"
"deu_Latn","adventskalender set papiertüten","圣诞倒数日历套装纸袋"
"deu_Latn","adventskalender socken grinch","圣诞倒数日历袜子格林奇"
"deu_Latn","adventskalender starke frauen","圣诞倒数日历 强势女性"
"deu_Latn","adventskalender switch 2025","2025年任天堂Switch圣诞倒数日历"
"deu_Latn","adventskalender säckchen mädchen","圣诞日历小袋子 女孩"
"deu_Latn","adventskalender tee 2025 frauen","2025年女士圣诞倒数日历茶"
"deu_Latn","adventskalender traktor erwachsene","圣诞倒数日历 拖拉机 成人"
"deu_Latn","adventskalender tüten 2025","2025年圣诞倒数日历袋"
"deu_Latn","adventskalender tüten zum befüllen stoff","圣诞倒数日历填充袋 布料"
"deu_Latn","adventskalender verbastelbuch","圣诞倒数日历手工制作书"
"deu_Latn","adventskalender verschicken","圣诞倒数日历寄送"
"deu_Latn","adventskalender wolf","圣诞倒数日历 狼"
"deu_Latn","adventskalender wrestling","圣诞倒数日历 摔跤"
"deu_Latn","adventskalender zahlen aufbügeln","圣诞倒数日历 支付 熨平"
"deu_Latn","adventskalender zahlen filz","圣诞倒数日历 支付 毛毡"
"deu_Latn","adventskalender zum befüllen 2025","2025年可填充的圣诞倒数日历"
"deu_Latn","adventskalender zum befüllen jungen","可填充的圣诞倒数日历（针对年轻人）"
"deu_Latn","adventskalender zum befüllen katze","可填充的圣诞倒数日历（猫款）"
"deu_Latn","adventskalender zum befüllen zum hängen","可填充挂式圣诞倒数日历"
"deu_Latn","aifanciey adventskalender","艾凡思圣诞倒数日历"
"deu_Latn","airsoft adventskalender","软弹球圣诞日历"
"deu_Latn","amazon adventskalender tee","亚马逊圣诞倒数日历茶"
"deu_Latn","angel adventskalender raubfisch","天使圣诞倒数日历 鲨鱼"
"deu_Latn","ankerkraut gewürze adventskalender","腌白菜香料圣诞季日历"
"deu_Latn","apple adventskalender","苹果圣诞倒数日历"
"deu_Latn","aufkleber adventskalender zahlen gold","贴纸 圣诞倒数日历 支付 金币"
"deu_Latn","aufkleber adventskalender zahlen kinder","贴纸 圣诞倒数日历 支付 儿童"
"deu_Latn","ballett adventskalender","芭蕾舞圣诞倒数日历"
"deu_Latn","beutel für adventskalender groß","大号圣诞降临日历袋"
"deu_Latn","bio adventskalender kinder","儿童有机圣诞日历"
"deu_Latn","blue adventskalender 2025","2025年蓝色圣诞日历"
"deu_Latn","build a bear adventskalender","为Build a Bear制作的圣诞倒数日历"
"deu_Latn","cappuccino adventskalender","卡布奇诺圣诞日历"
"deu_Latn","diamant painting adventskalender 2025","钻石画 圣诞倒数日历 2025"
"deu_Latn","die sendung mit der maus adventskalender","带老鼠的圣诞颂歌倒数日历"
"deu_Latn","dino magnet adventskalender","恐龙磁铁圣诞倒数日历"
"deu_Latn","ein guter plan adventskalender","一个好计划的圣诞倒数日历"
"deu_Latn","eldrador adventskalender 2025","2025年eldador圣诞倒数日历"
"deu_Latn","exit adventskalender 2024","2024年圣诞倒数日历退出"
"deu_Latn","exit games adventskalender","exit games 圣诞日历"
"deu_Latn","exit® - das spiel - adventskalender: der zauber von weihnachten","exit® - 游戏 - 圣诞倒数日历：圣诞节的魔力"
"deu_Latn","fitness adventskalender frauen","健身圣诞日历 女士"
"deu_Latn","flow adventskalender","流年圣诞倒数日历"
"deu_Latn","funko pop adventskalender harry potter","funko pop adventskalender harry potter"
"deu_Latn","funny chips adventskalender","搞笑薯片圣诞倒数日历"
"deu_Latn","gewürz adventskalender 2025 ankerkraut","2025年香料圣诞倒数日历 鹊肾草"
"deu_Latn","gizeh adventskalender 2025","吉萨2025年圣诞倒数日历"
"deu_Latn","gravitrax junior adventskalender","gravitrax junior adventskalender"
"deu_Latn","gummibären adventskalender 2025","2025年橡皮糖圣诞倒数日历"
"deu_Latn","ideen für adventskalender füllung mann","男士圣诞倒数日历填充物的创意"
"deu_Latn","italien brainrot adventskalender","意大利脑残圣诞倒数日历"
"deu_Latn","john deere adventskalender 2025","约翰迪尔2025年圣诞倒数日历"
"deu_Latn","kalligraphie adventskalender 2025","2025年书法圣诞倒数日历"
"deu_Latn","kamin adventskalender","壁炉圣诞日历"
"deu_Latn","katjes adventskalender 2025 vegan","2025年素食版卡特老鼠（Katjes）圣诞倒数日历"
"deu_Latn","katzen adventskalender 2025 für menschen","2025年猫咪圣诞日历 适合人类使用"
"deu_Latn","katzen adventskalender mit leckerlis","猫咪圣诞倒数日历带美味零食"
"deu_Latn","kinder adventskalender 2025 playmobil","2025年儿童圣诞倒数日历 Playmobil"
"deu_Latn","kinderschminke adventskalender","儿童化妆品圣诞日历"
"deu_Latn","kleine figuren für adventskalender","适用于圣诞倒数日历的小摆件"
"deu_Latn","kleine säckchen adventskalender","小袋子 圣诞倒数日历"
"deu_Latn","korb adventskalender","篮子 圣诞倒数日历"
"deu_Latn","landkarten rätselbuch adventskalender","地图拼图书 圣诞倒数日历"
"deu_Latn","legami adventskalender zug","legami 圣诞倒数日历夹"
"deu_Latn","legends of rock adventskalender","摇滚传奇圣诞倒数日历"
"deu_Latn","lego fortnite adventskalender","乐高堡垒之夜圣诞日历"
"deu_Latn","lego harry potter adventskalender 2024","乐高哈利波特2024年圣诞倒数日历"
"deu_Latn","let's battle adventskalender","让我们来比拼圣诞倒数日历"
"deu_Latn","leuchttage adventskalender 2025","2025年圣诞降临日历灯"
"deu_Latn","lindt adventskalender 2025 groß","林德特2025年圣诞倒数日历 大号"
"deu_Latn","lippenpflege adventskalender","唇部护理圣诞倒数日历"
"deu_Latn","liverpool adventskalender","利物浦圣诞倒数日历"
"deu_Latn","lotta leben adventskalender 2025","lotta leben 2025年圣诞倒数日历"
"deu_Latn","maltesers adventskalender","马尔代斯巧克力历 adventskalender"
"deu_Latn","marvel lego adventskalender 2025","漫威乐高2025年圣诞倒数日历"
"deu_Latn","mc dart adventskalender 2025","2025年MC DART圣诞倒数日历"
"deu_Latn","mein erster pixi adventskalender","我的第一个Pixi圣诞倒数日历"
"deu_Latn","mini geschenke für adventskalender männer","迷你礼品 圣诞倒数日历 男士"
"deu_Latn","männer beauty adventskalender","男士美容圣诞倒数日历"
"deu_Latn","niceria adventskalender","尼切里亚圣诞倒数日历"
"deu_Latn","niederegger adventskalender 2025 31 tage","niederegger adventskalender 2025 31 tage"
"deu_Latn","nummer für adventskalender","圣诞倒数日历的编号"
"deu_Latn","peters mit genuss verführt adventskalender","彼得斯带您享受诱惑的圣诞倒数日历"
"deu_Latn","pizza adventskalender","披萨圣诞日历"
"deu_Latn","playmobil 123 adventskalender krippe","playmobil 123 圣诞倒数日历 舍夫勒"
"deu_Latn","playmobil pferde adventskalender","playmobil 马 德国圣诞倒数日历"
"deu_Latn","pony adventskalender","小马圣诞倒数日历"
"deu_Latn","pop it adventskalender","pop it adventskalender"
"deu_Latn","pop mart adventskalender","泡泡玛特圣诞倒数日历"
"deu_Latn","pop up adventskalender","弹出式圣诞倒数日历"
"deu_Latn","postkarten adventskalender mit türchen","明信片 圣诞倒数日历 带小门"
"deu_Latn","prosecco adventskalender","普罗赛克（Prosecco）圣诞倒数日历"
"deu_Latn","pyrotechnik adventskalender","烟火学圣诞倒数日历"
"deu_Latn","ravensburger mystery adventskalender","拉文斯堡神秘圣诞倒数日历"
"deu_Latn","revell adventskalender traktor","雷维尔圣诞倒数日历 拖拉机"
"deu_Latn","riegel adventskalender 2025","2025年圣诞倒数日历能量棒"
"deu_Latn","rinti adventskalender 2025 für hunde","rinti 2025年狗狗圣诞倒数日历"
"deu_Latn","rätsel adventskalender 2025 exit","2025年解谜圣诞日历 逃脱"
"deu_Latn","rätsel adventskalender für erwachsene","成人谜语圣诞日历"
"deu_Latn","räucherkerzen-adventskalender","香薰蜡烛圣诞降临日历"
"deu_Latn","sackerl adventskalender","sackerl adventskalender"
"deu_Latn","salami stick adventskalender","萨拉米香肠圣诞倒数日历"
"deu_Latn","sc freiburg adventskalender","sc freiburg 圣诞倒数日历"
"deu_Latn","sherlock holmes adventskalender 2025","夏洛克·福尔摩斯2025年圣诞倒数日历"
"deu_Latn","skyrim adventskalender","天际圣诞日历"
"deu_Latn","snoopy adventskalender socken","史努比圣诞倒数日历袜子"
"deu_Latn","socken adventskalender damen 39-42","女款袜子圣诞倒数日历 39-42码"
"deu_Latn","sushi adventskalender","寿司圣诞倒数日历"
"deu_Latn","süße adventskalender","甜味圣诞降临日历"
"deu_Latn","tee adventskalender 2025 frauen","茶（饮品）2025年圣诞倒数日历 女士"
"deu_Latn","tkkg junior adventskalender 2025","TKKG 少年版2025年圣诞倒数日历"
"deu_Latn","tonys adventskalender","托尼的圣诞倒数日历"
"deu_Latn","unicorn adventskalender","独角兽圣诞倒数日历"
"deu_Latn","unterwäsche adventskalender","内衣 圣诞倒数日历"
"deu_Latn","vaiana adventskalender","瓦伊阿纳圣诞倒数日历"
"deu_Latn","verstappen adventskalender","弗斯潘普圣诞倒数日历"
"deu_Latn","viba nougat adventskalender","维巴牛轧糖圣诞倒数日历"
"deu_Latn","vodka adventskalender 2025","伏特加圣诞倒数日历2025"
"deu_Latn","weihnachtskarte adventskalender","圣诞卡 圣诞日历"
"deu_Latn","wichtel millis magischer adventskalender","魔法小精灵millis魔法圣诞倒数日历"
"deu_Latn","windel veganer adventskalender","素食尿布圣诞倒数日历"
"deu_Latn","yogi adventskalender 2025","瑜伽2025年圣诞倒数日历"
"deu_Latn","yves saint laurent adventskalender","伊夫·圣罗兰圣诞倒数日历"
"deu_Latn","zigaretten adventskalender","香烟圣诞倒数日历"
"deu_Latn","demon slayer weihnachtskalender","恶魔之刃圣诞日历"
"deu_Latn","holy energy weihnachtskalender","神圣能量圣诞日历"
"deu_Latn","kleine geschenke für weihnachtskalender","圣诞日历小礼物"
"deu_Latn","marzipan weihnachtskalender","杏仁糖圣诞日历"
"deu_Latn","mädchen weihnachtskalender","女孩圣诞日历"
"deu_Latn","puzzle weihnachtskalender","拼图圣诞日历"
"deu_Latn","weihnachtskalender 2025 für männer werkzeug","2025年男士工具圣诞日历"
"deu_Latn","weihnachtskalender harry potter 2025","哈利波特2025年圣诞日历"
"deu_Latn","weihnachtskalender niederegger","圣诞日历 Niederegger"
"deu_Latn","weihnachtskalender socken damen","女士袜子圣诞日历"
"deu_Latn","weihnachtskalender sprüche","圣诞日历语录"
"eng_Latn","douglas advent calendar 2025","道格拉斯2025年日历"
"deu_Latn","'adventskalender füllung frauen","圣诞倒数日历填充物 女性用"
"deu_Latn","'adventskalender füllung kinder","圣诞日历填充物 儿童"
"deu_Latn","24 aufkleber adventskalender","24张贴纸圣诞倒数日历"
"deu_Latn","adventskalender 2022 frauen","2022年圣诞倒数日历 女士"
"deu_Latn","adventskalender 2025 5 jahre","2025年圣诞倒数日历 5年"
"deu_Latn","adventskalender 2025 amazon beauty","2025年亚马逊美妆圣诞倒数日历"
"deu_Latn","adventskalender 2025 angel","2025年圣诞倒数日历天使"
"deu_Latn","adventskalender 2025 baby 6 monate","2025年圣诞倒数日历 宝宝 6个月"
"deu_Latn","adventskalender 2025 bagger","2025年圣诞倒数日历 挖掘机"
"deu_Latn","adventskalender 2025 borussia mönchengladbach","2025年圣诞倒数日历 慕尼黑格拉德巴赫足球俱乐部"
"deu_Latn","adventskalender 2025 coppenrath","2025年圣诞倒数日历 Coppenrath"
"deu_Latn","adventskalender 2025 fischen","2025年圣诞倒数日历钓鱼"
"deu_Latn","adventskalender 2025 frauen asam beauty","2025年圣诞倒数日历 女性专用 Asam Beauty"
"deu_Latn","adventskalender 2025 frauen duft","2025年圣诞倒数日历 女士 香氛"
"deu_Latn","adventskalender 2025 frauen gesundheit","2025年圣诞倒数日历 女性健康"
"deu_Latn","adventskalender 2025 frauen jean und len","2025年圣诞倒数日历 女士 牛仔裤和蕾妮"
"deu_Latn","adventskalender 2025 frauen m asam","2025年圣诞倒数日历 女士 m asam"
"deu_Latn","adventskalender 2025 frauen mit parfüm","2025年圣诞倒数日历 女性香水"
"deu_Latn","adventskalender 2025 frauen yoga","2025年圣诞倒数日历 女性 瑜伽"
"deu_Latn","adventskalender 2025 für pärchen","2025年情侣圣诞倒数日历"
"deu_Latn","adventskalender 2025 garnier","2025年圣诞倒数日历 加尼尔"
"deu_Latn","adventskalender 2025 gefüllt","2025年圣诞倒数日历（装满）"
"deu_Latn","adventskalender 2025 jungs 14","2025年圣诞倒数日历 男孩 14岁"
"deu_Latn","adventskalender 2025 jungs lego","2025年乐高男孩圣诞日历"
"deu_Latn","adventskalender 2025 kinder mädchen 10 jahre","2025年圣诞倒数日历 儿童 女孩 10岁"
"deu_Latn","adventskalender 2025 kinder peppa","2025年圣诞倒数日历 儿童佩佩猪"
"deu_Latn","adventskalender 2025 korean","2025年韩国圣诞日历"
"deu_Latn","adventskalender 2025 lauenstein","2025年劳恩斯坦圣诞日历"
"deu_Latn","adventskalender 2025 männer lakritz","2025年圣诞倒数日历 男士 桂皮"
"deu_Latn","adventskalender 2025 rc auto","2025年圣诞倒数日历 rc汽车"
"deu_Latn","adventskalender 2025 schmuck damen","2025年圣诞倒数日历 女士饰品"
"deu_Latn","adventskalender 2025 studenten","2025年圣诞倒数日历 学生版"
"deu_Latn","adventskalender 2025 süß","2025年圣诞倒数日历（含）甜"
"deu_Latn","adventskalender 2025 tee goldmännchen","2025年圣诞倒数日历 茶 黄金小人"
"deu_Latn","adventskalender 2025 zocken","2025年圣诞倒数日历 玩游戏"
"deu_Latn","adventskalender 3 jährige mädchen","圣诞倒数日历 3岁女孩"
"deu_Latn","adventskalender 30 euro","圣诞倒数日历 30欧元"
"deu_Latn","adventskalender ab 1 jahr junge","1岁以上儿童圣诞倒数日历"
"deu_Latn","adventskalender achtsamkeit kinder","圣诞日历 正念 儿童"
"deu_Latn","adventskalender aus der dose","罐装圣诞降临日历"
"deu_Latn","adventskalender autos für männer","圣诞倒数日历 男士汽车（模型）"
"deu_Latn","adventskalender bausatz auto","圣诞日历 汽车套件"
"deu_Latn","adventskalender bausatz kinder","圣诞倒数日历套件 儿童"
"deu_Latn","adventskalender behälter","圣诞倒数日历容器"
"deu_Latn","adventskalender besinnlich","圣诞倒数日历 有深意"
"deu_Latn","adventskalender bogenschießen","圣诞倒数日历 射箭"
"deu_Latn","adventskalender bosch blau","圣诞倒数日历 博世 蓝色"
"deu_Latn","adventskalender buch kinder ab 5","圣诞倒数日历 书籍 儿童 5岁以上"
"deu_Latn","adventskalender buddha","圣诞倒数日历 佛陀"
"deu_Latn","adventskalender bueno white","圣诞倒数日历 bueno 白色"
"deu_Latn","adventskalender chocolate","圣诞倒数日历 巧克力"
"deu_Latn","adventskalender danke","圣诞倒数日历 谢谢"
"deu_Latn","adventskalender die eiskönigin","圣诞倒数日历 冰雪奇缘"
"deu_Latn","adventskalender engel figuren","圣诞倒数日历 天使玩偶"
"deu_Latn","adventskalender flamingo","圣诞倒数日历 佛罗里达红鹳"
"deu_Latn","adventskalender fotos","圣诞倒数日历照片"
"deu_Latn","adventskalender frauen nivea","尼维达（Nivea）女性圣诞倒数日历"
"deu_Latn","adventskalender fußball bundesliga","足球德甲圣诞日历"
"deu_Latn","adventskalender füllung jungen 10 jahre","圣诞倒数日历填充物 10岁男孩"
"deu_Latn","adventskalender füllung kinder spielzeug","圣诞倒数日历填充物儿童玩具"
"deu_Latn","adventskalender füllung mini","圣诞日历填充迷你款"
"deu_Latn","adventskalender für 15 jährige","15岁生日的圣诞倒数日历"
"deu_Latn","adventskalender für 15 jährige jungs","适合15岁男孩的圣诞倒数日历"
"deu_Latn","adventskalender für alte menschen","老年人用的圣诞日历"
"deu_Latn","adventskalender für katzen leckerlis","猫咪圣诞倒数日历零食"
"deu_Latn","adventskalender für mädchen 9 jahre","9岁女孩的圣诞倒数日历"
"deu_Latn","adventskalender griechenland","希腊圣诞倒数日历"
"deu_Latn","adventskalender holz schubladen","圣诞倒数日历 木质 抽屉"
"deu_Latn","adventskalender hund hypoallergen","圣诞倒数日历 狗用 低致敏性"
"deu_Latn","adventskalender junge fussball","圣诞倒数日历 年轻足球"
"deu_Latn","adventskalender jura","圣诞倒数日历 Jura"
"deu_Latn","adventskalender jutebeutel","圣诞日历麻布袋"
"deu_Latn","adventskalender kinder autos","儿童圣诞日历汽车"
"deu_Latn","adventskalender kinder und co","圣诞倒数日历 儿童及等"
"deu_Latn","adventskalender klavier","圣诞倒数日历 钢琴"
"deu_Latn","adventskalender lichtungen 2025","2025年圣诞倒数日历 灯饰"
"deu_Latn","adventskalender lindt kinder","林德儿童圣诞日历"
"deu_Latn","adventskalender literatur 2025","2025年文学主题圣诞倒数日历"
"deu_Latn","adventskalender lorenz","洛伦兹圣诞倒数日历"
"deu_Latn","adventskalender martin rütter","马丁·吕特圣诞日历"
"deu_Latn","adventskalender mclaren","圣诞倒数日历 麦拉伦"
"deu_Latn","adventskalender mit baumschmuck","圣诞倒数日历带圣诞树装饰"
"deu_Latn","adventskalender mit großen taschen","带大口袋的圣诞倒数日历"
"deu_Latn","adventskalender mit nagellack","圣诞倒数日历配指甲油"
"deu_Latn","adventskalender mädchen baden","圣诞倒数日历 女孩 浴室"
"deu_Latn","adventskalender männer testsieger","圣诞倒数日历 男士 测试冠军"
"deu_Latn","adventskalender müller","圣诞日历 Müller"
"deu_Latn","adventskalender nagel","圣诞倒数日历 指甲"
"deu_Latn","adventskalender nummer","圣诞倒数日历编号"
"deu_Latn","adventskalender ohnezahn","无牙圣诞倒数日历"
"deu_Latn","adventskalender pilze","圣诞倒数日历 蘑菇"
"deu_Latn","adventskalender playboy","飞利浦adventskalender"
"deu_Latn","adventskalender playmobile","playmobile圣诞倒数日历"
"deu_Latn","adventskalender pop up","圣诞倒数日历弹出式"
"deu_Latn","adventskalender potter","圣诞倒数日历 波特"
"deu_Latn","adventskalender prinzessinnen","圣诞倒数日历公主"
"deu_Latn","adventskalender quietscheente","圣诞倒数日历会叫的鸭子"
"deu_Latn","adventskalender sally 2025","2025年萨莉圣诞倒数日历"
"deu_Latn","adventskalender samen blumen","圣诞日历 花籽"
"deu_Latn","adventskalender schokolade xxl","圣诞日历 巧克力 XXL"
"deu_Latn","adventskalender schreiben","圣诞日历书写"
"deu_Latn","adventskalender selber befüllen mädchen","自制圣诞倒数日历 女孩用"
"deu_Latn","adventskalender sirup","圣诞倒数日历糖浆"
"deu_Latn","adventskalender socken damen 2025","2025年女士袜子圣诞倒数日历"
"deu_Latn","adventskalender sophora","圣诞倒数日历 豆蔻"
"deu_Latn","adventskalender sternenschweif 2025","2025年星尘圣诞日历"
"deu_Latn","adventskalender teuer","圣诞倒数日历 价格高"
"deu_Latn","adventskalender tüten kraftpapier","圣诞倒数日历纸袋牛皮纸"
"deu_Latn","adventskalender tüten zum befüllen rosa","圣诞倒数日历填充袋 粉色"
"deu_Latn","adventskalender unterwäsche damen","圣诞倒数日历 女性内衣"
"deu_Latn","adventskalender vegan glutenfrei","素食圣诞倒数日历 无麸质"
"deu_Latn","adventskalender wand zum befüllen","圣诞倒数日历挂墙式填充"
"deu_Latn","adventskalender witze kinder","圣诞日历笑话儿童"
"deu_Latn","adventskalender wwe","圣诞倒数日历 WWE"
"deu_Latn","adventskalender zotter 2025","2025年Zotter圣诞倒数日历"
"deu_Latn","adventskalender zum abnehmen","减肥圣诞倒数日历"
"deu_Latn","adventskalender zum befüllen baum","可填充的圣诞倒数日历树"
"deu_Latn","adventskalender zum befüllen mit foto","可填充照片的圣诞倒数日历"
"deu_Latn","adventskalender zum hinstellen","可摆放的圣诞倒数日历"
"deu_Latn","adventskalender zum knobeln","解谜式圣诞日历"
"deu_Latn","adventskalender zum verschenken","送礼用的圣诞倒数日历"
"deu_Latn","adventskalender züge","圣诞倒数日历火车"
"deu_Latn","adventskalender ü eier","圣诞倒数日历 ü 蛋"
"deu_Latn","adventskalender ültje","圣诞倒数日历ültje"
"deu_Latn","adventskalender-boxen","圣诞倒数日历盒"
"deu_Latn","after eight adventskalender 2024","2024年after eight圣诞倒数日历"
"deu_Latn","ah riise adventskalender 2025","ah riise 圣诞倒数日历 2025"
"deu_Latn","aufsteller adventskalender","挂饰式圣诞倒数日历"
"deu_Latn","barcelona adventskalender 2025","2025年巴塞罗那圣诞倒数日历"
"deu_Latn","basteln adventskalender kinder","手工制作圣诞倒数日历 儿童"
"deu_Latn","besondere adventskalender 2025 frauen","2025年特别女性圣诞倒数日历"
"deu_Latn","besser im glas tee adventskalender","更好的玻璃杯茶圣诞倒数日历"
"deu_Latn","billige adventskalender","便宜的圣诞倒数日历"
"deu_Latn","body shop adventskalender","body shop 圣诞日历"
"deu_Latn","brause adventskalender","喷头 圣诞倒数日历"
"deu_Latn","brot adventskalender","面包 圣诞倒数日历"
"deu_Latn","buldak adventskalender 2025","布达克2025年圣诞倒数日历"
"deu_Latn","bvb dortmund adventskalender 2025","多特蒙德BVB 2025年圣诞倒数日历"
"deu_Latn","clipper feuerzeug adventskalender 2025","Clipper打火机2025年圣诞倒数日历"
"deu_Latn","conni adventskalender buch","conni 圣诞倒数日历书"
"deu_Latn","dr grandel adventskalender","德格兰德尔圣诞倒数日历"
"deu_Latn","drei ausrufezeichen adventskalender 2025","三个感叹号2025年圣诞倒数日历"
"deu_Latn","dubai schokoladen adventskalender","迪拜巧克力圣诞倒数日历"
"deu_Latn","ekat adventskalender","圣诞倒数日历"
"deu_Latn","erlebnis tee adventskalender 2025","体验茶 圣诞倒数日历 2025"
"deu_Latn","essence adventskalender 2025 amazon","2025年精华圣诞倒数日历 亚马逊"
"deu_Latn","essens adventskalender","美食圣诞倒数日历"
"deu_Latn","ets adventskalender","圣诞倒数日历"
"deu_Latn","fanta adventskalender","芬达圣诞倒数日历"
"deu_Latn","faultier adventskalender 2025","2025年故障日历"
"deu_Latn","fayona mini buch adventskalender","fayona 迷你书 圣诞倒数日历"
"deu_Latn","fc schalke 04 adventskalender und schokolade","FC沙尔克04圣诞日历和巧克力"
"deu_Latn","fensterbild-adventskalender","窗户图片圣诞日历"
"deu_Latn","fingerpuppen adventskalender","手指偶圣诞倒数日历"
"deu_Latn","fisherman's friends adventskalender","渔民之友圣诞倒数日历"
"deu_Latn","fishing adventskalender","钓鱼圣诞倒数日历"
"deu_Latn","fossilien adventskalender","化石 圣诞倒数日历"
"deu_Latn","füllung adventskalender paare","填充物 圣诞倒数日历 成对"
"deu_Latn","füllung für adventskalender erwachsene","成人类圣诞倒数日历填充物"
"deu_Latn","für adventskalender füllen","用于填充圣诞倒数日历"
"deu_Latn","genuss berlin adventskalender","享乐柏林圣诞倒数日历"
"deu_Latn","gesichtsmaske adventskalender","面部护理面膜 圣诞倒数日历"
"deu_Latn","gewürz adventskalender just spices","香料圣诞日历 Just Spices"
"deu_Latn","gitarren plektrum adventskalender","吉他拨片 圣诞倒数日历"
"deu_Latn","gladbach adventskalender 2025","格拉德巴赫2025年圣诞倒数日历"
"deu_Latn","gräfs adventskalender 2025","格拉夫2025年圣诞倒数日历"
"deu_Latn","günstiger adventskalender","实惠的圣诞倒数日历"
"deu_Latn","handcreme adventskalender 2025","护手霜 圣诞倒数日历 2025"
"deu_Latn","handyhüllen adventskalender","手机壳 圣诞倒数日历"
"deu_Latn","harry potter rätsel adventskalender","哈利波特谜题圣诞倒数日历"
"deu_Latn","hecht adventskalender","海钓圣诞日历"
"deu_Latn","ich liebe dich weil adventskalender","我爱你因为圣诞倒数日历"
"deu_Latn","italienischer adventskalender 2025","2025年意大利风格圣诞倒数日历"
"deu_Latn","kaffee adventskalender 2025 bohnen","2025年咖啡圣诞倒数日历 咖啡豆"
"deu_Latn","kinder & ferrero adventskalender","儿童与费列罗圣诞倒数日历"
"deu_Latn","kinderriegel adventskalender","儿童棒状巧克力 圣诞倒数日历"
"deu_Latn","kleinigkeiten zum adventskalender befüllen ideen kinder","为圣诞日历填充小物件的儿童创意"
"deu_Latn","kletter adventskalender","攀岩圣诞倒数日历"
"deu_Latn","kneipp adventskalender 2025 frauen","2025年克奈普女性圣诞倒数日历"
"deu_Latn","knox adventskalender","诺克斯圣诞倒数日历"
"deu_Latn","kosmetik adventskalender für frauen","女性专用化妆品圣诞日历"
"deu_Latn","kosmos experimente adventskalender","科斯莫斯实验圣诞倒数日历"
"deu_Latn","kulinarischer adventskalender","美食圣诞倒数日历"
"deu_Latn","l occitane adventskalender","l occitane 圣诞倒数日历"
"deu_Latn","lachgummi adventskalender 2025","2025年橡皮筋圣诞倒数日历"
"deu_Latn","lego adventskalender auto","乐高圣诞倒数日历汽车"
"deu_Latn","lego adventskalender star wars 2025","乐高圣诞倒数日历 星球大战 2025"
"deu_Latn","lego blume adventskalender","乐高花朵圣诞倒数日历"
"deu_Latn","linis bites adventskalender","linis bites 圣诞倒数日历"
"deu_Latn","lorenz adventskalender 2025","洛伦兹2025年圣诞倒数日历"
"deu_Latn","manhatten adventskalender 2025","曼哈顿2025年圣诞倒数日历"
"deu_Latn","marvel socken adventskalender","漫威袜子圣诞倒数日历"
"deu_Latn","mattel minecraft adventskalender","mattel minecraft adventskalender"
"deu_Latn","max verstappen adventskalender 2025","2025年马克斯·范德帕伦（Max Verstappen）圣诞倒数日历"
"deu_Latn","maybelline new york adventskalender 31-türer 2025","美宝莲纽约2025年圣诞倒数日历31天款"
"deu_Latn","mein dänemark adventskalender 2025","我的丹麦2025年圣诞倒数日历"
"deu_Latn","mein norwegen adventskalender","我的挪威圣诞倒数日历"
"deu_Latn","mini puzzle adventskalender","迷你拼图圣诞倒数日历"
"deu_Latn","mochi adventskalender","糯米纸历"
"deu_Latn","mon cherry adventskalender","樱桃主题圣诞倒数日历"
"deu_Latn","mozart kugeln adventskalender","莫扎特球圣诞倒数日历"
"deu_Latn","my scent adventskalender","我的香氛圣诞倒数日历"
"deu_Latn","ninjago lego adventskalender","忍者龟乐高圣诞日历"
"deu_Latn","nivea adventskalender 2025 damen","妮维雅2025年圣诞倒数日历 女士"
"deu_Latn","nivea adventskalender 2025 männer","妮维雅2025年圣诞倒数日历 男士"
"deu_Latn","novelmore adventskalender 2025","novelmore 2025年圣诞倒数日历"
"deu_Latn","paar minuten adventskalender 2025","几颗糖果 圣诞倒数日历 2025"
"deu_Latn","parfum miniaturen adventskalender","香水迷你装圣诞倒数日历"
"deu_Latn","plüsch adventskalender","毛绒圣诞倒数日历"
"deu_Latn","pumuckl adventskalender","pumuckl 圣诞倒数日历"
"deu_Latn","puppenhaus adventskalender","玩偶屋圣诞倒数日历"
"deu_Latn","puzzle adventskalender grinch","拼图圣诞日历格里芬"
"deu_Latn","rauhnächte adventskalender 2025","2025年冬日夜晚圣诞倒数日历"
"deu_Latn","reiter adventskalender 2025","2025年雷特尔圣诞日历"
"deu_Latn","ring adventskalender","环形圣诞倒数日历"
"deu_Latn","roboter adventskalender 2025 kinder","2025年机器人圣诞倒数日历儿童款"
"deu_Latn","rock metal adventskalender","摇滚金属圣诞倒数日历"
"deu_Latn","rub on adventskalender","涂用的圣诞倒数日历"
"deu_Latn","schleich dinosaurier adventskalender","施莱希恐龙圣诞倒数日历"
"deu_Latn","schoko adventskalender 2025 milka","2025年米尔卡巧克力圣诞倒数日历"
"deu_Latn","schwarzer tee adventskalender 2025","2025年黑色茶圣诞日历"
"deu_Latn","sebamed adventskalender 2025","sebamed 2025年圣诞倒数日历"
"deu_Latn","snöfrid adventskalender","snöfrid 圣诞倒数日历"
"deu_Latn","stitch adventskalender erwachsene","stitch adventskalender erwachsene"
"deu_Latn","stollenkonfekt adventskalender","圣诞年货巧克力圣诞倒数日历"
"deu_Latn","toiletten adventskalender","厕所圣诞倒数日历"
"deu_Latn","top fashion adventskalender","顶级时尚圣诞倒数日历"
"deu_Latn","vodka adventskalender","伏特加圣诞倒数日历"
"deu_Latn","wien adventskalender","维也纳圣诞倒数日历"
"deu_Latn","wohlfühl adventskalender","舒适感圣诞倒数日历"
"deu_Latn","woodwalkers adventskalender","woodwalkers 圣诞倒数日历"
"deu_Latn","würfel adventskalender 2025","2025年日历盲盒骰子"
"deu_Latn","zuru adventskalender","zuru adventskalender"
"deu_Latn","ültje adventskalender 2025","ültje 2025年圣诞倒数日历"
"deu_Latn","weihnachtskalender 2025 haribo","2025年圣诞日历 哈丽宝"
"deu_Latn","weihnachtskalender 2025 jungs","2025年圣诞日历男孩"
"deu_Latn","weihnachtskalender bayern münchen","圣诞日历 巴伐利亚 慕尼黑"
"deu_Latn","weihnachtskalender damen 2025","2025年女士圣诞日历"
"deu_Latn","weihnachtskalender für teenager","青少年圣诞日历"
"deu_Latn","weihnachtskalender katzen","圣诞日历 猫"
"deu_Latn","weihnachtskalender minecraft lego","圣诞日历 暗黑破坏神 玩具积木"
"deu_Latn","weihnachtskalender mädchen 7 jahre","圣诞日历 女孩 7岁"
"deu_Latn","weihnachtskalender nutella","圣诞日历 奶油夹心巧克力酱"
"deu_Latn","weihnachtskalender rentner","退休老人圣诞日历"
"deu_Latn","weihnachtskalender socken männer","圣诞日历袜子男士"
"deu_Latn","werkzeug weihnachtskalender","工具 圣诞日历"
"deu_Latn","1 fc köln adventskalender 2025","1 fc köln 2025年圣诞倒数日历"
"deu_Latn","24 boxen adventskalender","24格圣诞倒数日历"
"deu_Latn","24 kleine geschenke für adventskalender kinder","24件小礼物，适用于儿童圣诞倒数日历"
"deu_Latn","acdc adventskalender 2025","ACDC 圣诞倒数日历 2025"
"deu_Latn","adventskalender 12 türchen","圣诞倒数日历 12扇小门"
"deu_Latn","adventskalender 18 jahre junge","圣诞倒数日历 18周年新品"
"deu_Latn","adventskalender 2025 anime figuren","2025年圣诞倒数日历 动漫人偶"
"deu_Latn","adventskalender 2025 asam beauty","2025年圣诞倒数日历 asam beauty"
"deu_Latn","adventskalender 2025 booklover","2025年圣诞倒数日历 书虫"
"deu_Latn","adventskalender 2025 brandnooz","2025年圣诞倒数日历 brandnooz"
"deu_Latn","adventskalender 2025 demon hunters","2025年恶魔猎人圣诞日历"
"deu_Latn","adventskalender 2025 dresdner essenz","2025年德累斯顿精华圣诞倒数日历"
"deu_Latn","adventskalender 2025 erwachsene lebensmittel","2025年成人食品圣诞倒数日历"
"deu_Latn","adventskalender 2025 exit erwachsene","2025年圣诞倒数日历 成人专用"
"deu_Latn","adventskalender 2025 fc köln","2025年科隆足球俱乐部圣诞倒数日历"
"deu_Latn","adventskalender 2025 frauen nägel","2025年圣诞倒数日历 女性美甲"
"deu_Latn","adventskalender 2025 für kollegen","2025年同事圣诞日历"
"deu_Latn","adventskalender 2025 für schwangere","2025年孕妇圣诞日历"
"deu_Latn","adventskalender 2025 hotwheels","2025年圣诞倒数日历 热轮（Hot Wheels）"
"deu_Latn","adventskalender 2025 jewellery","2025年圣诞倒数日历 珠宝"
"deu_Latn","adventskalender 2025 jungen 3 jahre","2025年圣诞倒数日历 3岁儿童"
"deu_Latn","adventskalender 2025 k-pop","2025年圣诞倒数日历 K-pop"
"deu_Latn","adventskalender 2025 kinder bilder","2025年圣诞倒数日历 儿童图片"
"deu_Latn","adventskalender 2025 kinder geschichten","2025年圣诞倒数日历 儿童故事"
"deu_Latn","adventskalender 2025 kinder kosmos","2025年圣诞倒数日历 儿童宇宙"
"deu_Latn","adventskalender 2025 kinder krippe","2025年圣诞倒数日历 儿童马槽"
"deu_Latn","adventskalender 2025 kinder lego technik","2025年儿童乐高技术圣诞日历"
"deu_Latn","adventskalender 2025 kinder mit schokolade","2025年儿童圣诞倒数日历，含巧克力"
"deu_Latn","adventskalender 2025 kinder mädchen 11 jahre kinder schminke","2025年圣诞倒数日历 儿童 女孩 11岁 儿童化妆品"
"deu_Latn","adventskalender 2025 kinder süssigkeiten","2025年圣诞倒数日历 儿童糖果"
"deu_Latn","adventskalender 2025 lesen","2025年圣诞倒数日历阅读"
"deu_Latn","adventskalender 2025 lustige sprüche","2025年圣诞倒数日历 搞笑短语"
"deu_Latn","adventskalender 2025 männer feuerwehr","2025年圣诞倒数日历 男士 消防队"
"deu_Latn","adventskalender 2025 männer fussball gladbach","2025年圣诞倒数日历 男士 足球 多特蒙德"
"deu_Latn","adventskalender 2025 männer ideen","2025年圣诞倒数日历 男士创意"
"deu_Latn","adventskalender 2025 paarzeit","2025年圣诞倒数日历 情侣装"
"deu_Latn","adventskalender 2025 schwarzer humor","2025年圣诞倒数日历 黑色幽默"
"deu_Latn","adventskalender 2025 sticker","2025年圣诞倒数日历贴纸"
"deu_Latn","adventskalender 2025 tee für paare","2025年圣诞倒数日历 情侣茶"
"deu_Latn","adventskalender 2025 topmodel","2025年圣诞倒数日历 顶级模特"
"deu_Latn","adventskalender 25","圣诞倒数日历25"
"deu_Latn","adventskalender 5 jährige","圣诞倒数日历 5岁"
"deu_Latn","adventskalender 80er jahre","圣诞倒数日历 80年代"
"deu_Latn","adventskalender abenteuer","圣诞倒数日历 冒险"
"deu_Latn","adventskalender augenpads","圣诞倒数日历眼罩"
"deu_Latn","adventskalender befüllen freundin","圣诞日历填充 女友"
"deu_Latn","adventskalender befüllen stoff","圣诞倒数日历填充布料"
"deu_Latn","adventskalender bluy","圣诞倒数日历 bluy"
"deu_Latn","adventskalender bonbon","圣诞倒数日历糖果"
"deu_Latn","adventskalender bonbons","圣诞倒数日历糖果"
"deu_Latn","adventskalender buch mädchen 11 jahre","圣诞倒数日历 书籍 女孩 11岁"
"deu_Latn","adventskalender bücher 2025 kinder","2025年儿童圣诞日历书籍"
"deu_Latn","adventskalender christlich kinder","圣诞日历 基督教 儿童"
"deu_Latn","adventskalender chupa chups 2025","2025年圣诞倒数日历 奇巧软糖"
"deu_Latn","adventskalender cosmos","圣诞日历 cosmos"
"deu_Latn","adventskalender creme damen","圣诞倒数日历 女士面霜"
"deu_Latn","adventskalender d&d","圣诞倒数日历 d&d"
"deu_Latn","adventskalender dr oetker 2025","2025年Oetker圣诞倒数日历"
"deu_Latn","adventskalender ehrlich brothers 2026","2026年Ehrlich Brothers圣诞倒数日历"
"deu_Latn","adventskalender eintracht frankfurt 2025","2025年法兰克福Eintracht足球俱乐部圣诞日历"
"deu_Latn","adventskalender eis.de","圣诞倒数日历 eis.de"
"deu_Latn","adventskalender engelbert strauss 2025","2025年恩格尔伯特·施特劳斯圣诞倒数日历"
"deu_Latn","adventskalender escape 2025","2025年逃脱式圣诞日历"
"deu_Latn","adventskalender essbar","可食用的圣诞日历"
"deu_Latn","adventskalender essence diy","圣诞倒数日历 精华 DIY"
"deu_Latn","adventskalender frauen achtsamkeit","圣诞日历 女性 正念"
"deu_Latn","adventskalender frauen füllung","圣诞倒数日历 女性 填充"
"deu_Latn","adventskalender frauen kerzen","圣诞倒数日历 女士 蜡烛"
"deu_Latn","adventskalender frauen testsieger","圣诞倒数日历 女性 测试冠军"
"deu_Latn","adventskalender fuer paare","情侣圣诞倒数日历"
"deu_Latn","adventskalender füllen mann","圣诞倒数日历填充男士款"
"deu_Latn","adventskalender füllideen männer","圣诞倒数日历填充创意 男士"
"deu_Latn","adventskalender füllung 4 jahre","四岁儿童圣诞日历填充物"
"deu_Latn","adventskalender füllung fitness","圣诞倒数日历填充物 健身"
"deu_Latn","adventskalender für 5 jährige","5岁儿童的圣诞倒数日历"
"deu_Latn","adventskalender für 6 jährige mädchen","6岁女孩的圣诞倒数日历"
"deu_Latn","adventskalender für die tür","圣诞倒数日历（挂在门上用）"
"deu_Latn","adventskalender für hunde mit spielzeug","狗用玩具圣诞倒数日历"
"deu_Latn","adventskalender für japan fans","日本粉丝专用的圣诞倒数日历"
"deu_Latn","adventskalender für junge mütter","年轻母亲的圣诞倒数日历"
"deu_Latn","adventskalender für kinder 3 jahre","儿童（3岁）圣诞倒数日历"
"deu_Latn","adventskalender für kleine kinder","儿童专用的圣诞倒数日历"
"deu_Latn","adventskalender für kollegin","为同事准备的圣诞倒数日历"
"deu_Latn","adventskalender für mann und frau","男士和女士的圣诞倒数日历"
"deu_Latn","adventskalender für mädchen 11 jahre","11岁女孩的圣诞倒数日历"
"deu_Latn","adventskalender für männer pflege","男士护肤圣诞日历"
"deu_Latn","adventskalender für paare zweisamkeit","情侣圣诞倒数日历，二人独处时光"
"deu_Latn","adventskalender für papas","爸爸的圣诞倒数日历"
"deu_Latn","adventskalender gemüse","圣诞倒数日历蔬菜"
"deu_Latn","adventskalender haar","圣诞日历护发"
"deu_Latn","adventskalender herren pflege","圣诞倒数日历 男士 护理"
"deu_Latn","adventskalender hund pferd","圣诞倒数日历 狗 马"
"deu_Latn","adventskalender häkelfiguren","圣诞倒数日历 钩针编织图案"
"deu_Latn","adventskalender ikea","宜家圣诞倒数日历"
"deu_Latn","adventskalender individuell","定制圣诞倒数日历"
"deu_Latn","adventskalender jugendlich","圣诞日历 青少年风格"
"deu_Latn","adventskalender junge 14","圣诞倒数日历 年轻 14"
"deu_Latn","adventskalender junge 2025","2025年年轻款圣诞倒数日历"
"deu_Latn","adventskalender kiko milano","kiko milano 圣诞倒数日历"
"deu_Latn","adventskalender kinder ab 9 jahre","圣诞倒数日历 适合9岁以上儿童"
"deu_Latn","adventskalender kinder traktor","儿童拖拉机圣诞倒数日历"
"deu_Latn","adventskalender knabber","圣诞倒数日历零食"
"deu_Latn","adventskalender kondom","圣诞倒数日历避孕套"
"deu_Latn","adventskalender kosmetik essence","圣诞倒数日历 化妆品 精华液"
"deu_Latn","adventskalender logikrätsel","圣诞倒数日历逻辑谜题"
"deu_Latn","adventskalender lustig schokolade","圣诞倒数日历 搞笑 巧克力"
"deu_Latn","adventskalender make up teenager","圣诞倒数日历 化妆 青少年"
"deu_Latn","adventskalender meßmer","圣诞日历 测量器"
"deu_Latn","adventskalender mit foto schokolade","带照片的巧克力圣诞倒数日历"
"deu_Latn","adventskalender mit fußballkarten","足球卡片圣诞倒数日历"
"deu_Latn","adventskalender mit rätseln","圣诞日历带谜题"
"deu_Latn","adventskalender motivationssprüche","圣诞倒数日历励志语"
"deu_Latn","adventskalender mymuesli","圣诞日历 mymuesli"
"deu_Latn","adventskalender mädchen ab 10","圣诞倒数日历 女孩 10岁以上"
"deu_Latn","adventskalender mädchen armband","圣诞倒数日历 女孩 手链"
"deu_Latn","adventskalender männer düfte","圣诞倒数日历 男士 香氛"
"deu_Latn","adventskalender national geographic","国家地理圣诞倒数日历"
"deu_Latn","adventskalender niederegger vegan","素食尼德里格格圣诞日历"
"deu_Latn","adventskalender peanuts socken","圣诞倒数日历 花生 毛线袜"
"deu_Latn","adventskalender percy jackson","《珀西·杰克逊》圣诞倒数日历"
"deu_Latn","adventskalender pferde kinder","圣诞倒数日历 马 儿童"
"deu_Latn","adventskalender pilot","pilot 圣诞倒数日历"
"deu_Latn","adventskalender pixie 2025","2025年精灵主题圣诞倒数日历"
"deu_Latn","adventskalender politik","圣诞倒数日历 政治"
"deu_Latn","adventskalender porridge 2025","2025年圣诞倒数日历麦片"
"deu_Latn","adventskalender ronaldo 2025","2025年罗纳尔多圣诞倒数日历"
"deu_Latn","adventskalender saatgut blumen","圣诞倒数日历 种子 花卉"
"deu_Latn","adventskalender schokolade männer","圣诞倒数日历 巧克力 男士"
"deu_Latn","adventskalender sexspielzeug für männer","圣诞倒数日历 男性性玩具"
"deu_Latn","adventskalender shiseido","资生堂圣诞倒数日历"
"deu_Latn","adventskalender shisha","圣诞倒数日历 水烟"
"deu_Latn","adventskalender socken disney","圣诞倒数日历袜子 迪士尼"
"deu_Latn","adventskalender spanien","西班牙圣诞倒数日历"
"deu_Latn","adventskalender speziell","圣诞倒数日历 特别款"
"deu_Latn","adventskalender sylvanian families","圣诞日历 Sylvanian Families"
"deu_Latn","adventskalender süßigkeiten zum befüllen","圣诞倒数日历填充糖果"
"deu_Latn","adventskalender tee yogi","圣诞日历茶 瑜伽师"
"deu_Latn","adventskalender tim burton","圣诞倒数日历  蒂姆·波顿"
"deu_Latn","adventskalender tüten papierdrachen","圣诞倒数日历 袋子 纸风筝"
"deu_Latn","adventskalender unicorn","圣诞倒数日历 单角兽"
"deu_Latn","adventskalender unter 30 euro","30欧元以下的圣诞倒数日历"
"deu_Latn","adventskalender unterwäsche","圣诞倒数日历 内衣"
"deu_Latn","adventskalender vampire diaries","吸血鬼日记圣诞倒数日历"
"deu_Latn","adventskalender von lindt 2025","2025年林德特圣诞倒数日历"
"deu_Latn","adventskalender vtech","vtech 圣诞倒数日历"
"deu_Latn","adventskalender weihnachtsgeschichte","圣诞倒数日历 圣诞故事"
"deu_Latn","adventskalender werkzeug männer","圣诞倒数日历 工具 男士"
"deu_Latn","adventskalender wie früher","如以前的圣诞倒数日历"
"deu_Latn","adventskalender zahlen rechnen","圣诞日历 支付 计算"
"deu_Latn","adventskalender zum befüllen für erwachsene","可填充的成人用圣诞倒数日历"
"deu_Latn","adventskalender zum befüllen groß stoff","可填充的大型布制圣诞倒数日历"
"deu_Latn","adventskalender zum befüllen wandkalender","可填充的圣诞倒数日历 壁挂日历"
"deu_Latn","adventskalender zum freirubbeln","可刮开式圣诞倒数日历"
"deu_Latn","adventskalender-tee","圣诞日历茶"
"deu_Latn","amazon lego adventskalender","亚马逊乐高圣诞倒数日历"
"deu_Latn","anime adventskalender demon slayer","动漫圣诞日历 鬼灭之刃"
"deu_Latn","anna elsa adventskalender","安娜艾尔莎圣诞倒数日历"
"deu_Latn","asbach adventskalender 2025","阿斯巴赫2025年圣诞倒数日历"
"deu_Latn","bastel adventskalender 2025 erwachsene","手工制作2025年成人圣诞倒数日历"
"deu_Latn","belgische pralinen adventskalender","比利时巧克力圣诞倒数日历"
"deu_Latn","bibi tina adventskalender","比比蒂娜圣诞倒数日历"
"deu_Latn","brigitte adventskalender","布丽吉特圣诞倒数日历"
"deu_Latn","brubaker cosmetics adventskalender","布鲁贝克化妆品圣诞倒数日历"
"deu_Latn","bundesliga karten adventskalender","德甲联赛门票 圣诞倒数日历"
"deu_Latn","capybara adventskalender 2026","水豚2026年圣诞倒数日历"
"deu_Latn","chemie adventskalender 2025","2025年化学主题圣诞倒数日历"
"deu_Latn","daniela drescher adventskalender","达妮埃拉·德雷舍尔圣诞倒数日历"
"deu_Latn","datteln adventskalender","枣子 圣诞倒数日历"
"deu_Latn","der japanisch lernen adventskalender","学习日语的圣诞倒数日历"
"deu_Latn","der norwegen adventskalender","挪威圣诞倒数日历"
"deu_Latn","diabetiker adventskalender 2025","2025年糖尿病患者圣诞倒数日历"
"deu_Latn","die kunst des zeichnens für kinder adventskalender","儿童绘画艺术圣诞倒数日历"
"deu_Latn","diy adventskalender zum befüllen stoff","DIY填充式圣诞倒数日历（布制）"
"deu_Latn","dr.oetker adventskalender","dr.oetker 圣诞倒数日历"
"deu_Latn","ebelin adventskalender","ebelin 圣诞倒数日历"
"deu_Latn","erotik adventskalender für männer","色情圣诞倒数日历（男性款）"
"deu_Latn","ewiges eis adventskalender","永恒的冰 圣诞倒数日历"
"deu_Latn","fayona adventskalender","fayona 圣诞倒数日历"
"deu_Latn","feuerwehr adventskalender kinder","消防队 圣诞倒数日历 儿童"
"deu_Latn","fnaf funko pop adventskalender","《五夜后宫》Funko Pop圣诞倒数日历"
"deu_Latn","füllung adventskalender senioren","填充物 圣诞倒数日历 长者"
"deu_Latn","games adventskalender switch","游戏 圣诞日历 switch"
"deu_Latn","geschenkideen für adventskalender","圣诞日历礼物创意"
"deu_Latn","gesichtspflege adventskalender","面部护理 圣诞倒数日历"
"deu_Latn","glückskeks adventskalender 2025","幸运饼干 圣诞倒数日历 2025"
"deu_Latn","gravitrax adventskalender 2024","格拉维特拉克斯2024年圣诞倒数日历"
"deu_Latn","herz und heim adventskalender","心与家 圣诞倒数日历"
"deu_Latn","hubschrauber adventskalender","直升机 圣诞倒数日历"
"deu_Latn","huss adventskalender","胡斯圣诞倒数日历"
"deu_Latn","ingwer shots adventskalender","姜黄饮历（或：姜黄饮品圣诞倒数日历）"
"deu_Latn","inhalt für adventskalender erwachsene","成人圣诞倒数日历内容"
"deu_Latn","inhalt für adventskalender mädchen","女孩圣诞倒数日历内容"
"deu_Latn","inhalte für adventskalender mann","圣诞日历内容 男士"
"deu_Latn","irland adventskalender 2025","爱尔兰2025年圣诞倒数日历"
"deu_Latn","ives rocher adventskalender","伊夫斯·罗彻圣诞倒数日历"
"deu_Latn","jolifin adventskalender","乔利芬圣诞倒数日历"
"deu_Latn","k-pop demon hunters adventskalender","K-pop恶魔猎人圣诞倒数日历"
"deu_Latn","kaufmann verlag adventskalender","卡夫曼出版社圣诞倒数日历"
"deu_Latn","kinder adventskalender inhalt","儿童圣诞倒数日历内容"
"deu_Latn","kleine dinge für den adventskalender","圣诞倒数日历里的小物件"
"deu_Latn","knet adventskalender 2025","2025年橡皮泥圣诞日历"
"deu_Latn","knoppers adventskalender","knoppers adventskalender"
"deu_Latn","koala adventskalender","考拉圣诞倒数日历"
"deu_Latn","koreanisch adventskalender","韩式圣诞倒数日历"
"deu_Latn","krippe adventskalender 2025","2025年圣诞降临日历（马槽造型）"
"deu_Latn","la bubu adventskalender","la bubu 圣诞倒数日历"
"deu_Latn","lady bug adventskalender","瓢虫圣诞倒数日历"
"deu_Latn","landgarten adventskalender","乡村花园圣诞倒数日历"
"deu_Latn","league of legends adventskalender","英雄联盟圣诞日历"
"deu_Latn","legends of rock & metal adventskalender 2025","摇滚与金属传奇2025年圣诞倒数日历"
"deu_Latn","lego friends adventskalender 2024","乐高朋友2024年圣诞倒数日历"
"deu_Latn","lego set für adventskalender","乐高积木用于圣诞倒数日历套装"
"deu_Latn","lightning mc queen adventskalender","《闪电麦坤》圣诞倒数日历"
"deu_Latn","lindt pärchen adventskalender","林德特情侣圣诞倒数日历"
"deu_Latn","loriot adventskalender","洛里奥圣诞倒数日历"
"deu_Latn","malen adventskalender 2025","2025年圣诞倒数日历绘画"
"deu_Latn","marvel lego adventskalender","漫威乐高圣诞倒数日历"
"deu_Latn","mein irland adventskalender","我的爱尔兰圣诞倒数日历"
"deu_Latn","mein japan adventskalender 2025","我的日本2025年圣诞倒数日历"
"deu_Latn","minnie maus adventskalender","米妮老鼠圣诞倒数日历"
"deu_Latn","modell adventskalender","圣诞倒数日历型号"
"deu_Latn","mops adventskalender 2025","2025年吸尘器圣诞倒数日历"
"deu_Latn","motivation adventskalender","激励 圣诞倒数日历"
"deu_Latn","mutter tochter adventskalender","母女圣诞倒数日历"
"deu_Latn","nespresso kapseln adventskalender","奈斯派索胶囊圣诞倒数日历"
"deu_Latn","nissin ramen adventskalender 2025","日清拉面圣诞倒数日历2025"
"deu_Latn","odonnell moonshine adventskalender","奥唐奈私酿酒圣诞倒数日历"
"deu_Latn","ossi adventskalender","ossi圣诞倒数日历"
"deu_Latn","p-stash adventskalender 2025","p-stash 2025年圣诞倒数日历"
"deu_Latn","panda adventskalender 2025","熊猫2025年圣诞倒数日历"
"deu_Latn","papierdrachen adventskalender kinder","纸风筝 圣诞倒数日历 儿童"
"deu_Latn","paw patrol adventskalender schokolade","《帕姆巡逻队》圣诞倒数日历 巧克力"
"deu_Latn","pflegeprodukte adventskalender","护肤产品 圣诞倒数日历"
"deu_Latn","positive potato adventskalender","积极土豆圣诞倒数日历"
"deu_Latn","postillon adventskalender 2025","邮递员2025年圣诞倒数日历"
"deu_Latn","potluck gewürze adventskalender","自助餐 调味料 圣诞倒数日历"
"deu_Latn","pulmoll adventskalender","pulmoll 圣诞倒数日历"
"deu_Latn","pärchen-adventskalender","情侣圣诞倒数日历"
"deu_Latn","rosa adventskalender","粉色圣诞倒数日历"
"deu_Latn","räder adventskalender","轮子 圣诞倒数日历"
"deu_Latn","saaten adventskalender","种子 圣诞倒数日历"
"deu_Latn","schleich adventskalender kinder","施莱希（Schleich）儿童圣诞倒数日历"
"deu_Latn","schleich tiere adventskalender","施莱赫动物圣诞倒数日历"
"deu_Latn","schokolade adventskalender kinder","儿童巧克力圣诞倒数日历"
"deu_Latn","schöne bescherung adventskalender","精美的圣诞礼物 圣诞倒数日历"
"deu_Latn","shiseido adventskalender","资生堂圣诞倒数日历"
"deu_Latn","silikonformen gießformen adventskalender","硅胶模具 浇铸模具 圣诞倒数日历"
"deu_Latn","sonnentor tee adventskalender","索恩托尔茶 圣诞倒数日历"
"deu_Latn","spanisch adventskalender","西班牙语 圣诞倒数日历"
"deu_Latn","spielzeug adventskalender für mädchen","女孩玩具圣诞倒数日历"
"deu_Latn","spirituelle adventskalender 2025","精神层面的2025年圣诞倒数日历"
"deu_Latn","stitch armband adventskalender","刺绣手环 圣诞倒数日历"
"deu_Latn","süßigkeiten mix für adventskalender","甜食混合装，适用于圣诞倒数日历"
"deu_Latn","tarot adventskalender 2025","塔罗牌圣诞日历 2025"
"deu_Latn","tee adventskalender 2025 english tea shop","茶 圣诞倒数日历 2025 英文 茶店"
"deu_Latn","tee adventskalender 2025 yogi","茶 圣诞倒数日历 2025 瑜伽师"
"deu_Latn","tee adventskalender meßmer","茶（tee）圣诞日历（adventskalender）梅斯默（meßmer）"
"deu_Latn","teenager kosmetik adventskalender","青少年化妆品圣诞倒数日历"
"deu_Latn","trabant adventskalender 2025","特拉班特2025年圣诞倒数日历"
"deu_Latn","traktor adventskalender kinder","拖拉机圣诞倒数日历 儿童"
"deu_Latn","ukri adventskalender 2025","2025年乌克兰圣诞日历"
"deu_Latn","us adventskalender","美国圣诞倒数日历"
"deu_Latn","vegane schokolade adventskalender","纯素巧克力圣诞倒数日历"
"deu_Latn","victoria secret adventskalender 2023","维多利亚的秘密2023年圣诞倒数日历"
"deu_Latn","vogue adventskalender 2025","2025年Vogue圣诞倒数日历"
"deu_Latn","weihnachtstüten für adventskalender","圣诞袋用于圣诞日历"
"deu_Latn","weil du es wert bist adventskalender","因为你值得它 圣诞日历"
"deu_Latn","werkzeug adventskalender 2025 männer","工具 圣诞倒数日历 2025 男士"
"deu_Latn","whey adventskalender 2025","乳清圣诞倒数日历2025"
"deu_Latn","whey protein adventskalender","乳清蛋白圣诞日历"
"deu_Latn","wimmelbuch adventskalender 2025","2025年圣诞倒数日历趣味书"
"deu_Latn","wollowbies adventskalender","wollowbies 圣诞倒数日历"
"deu_Latn","ww2 adventskalender","二战圣诞日历"
"deu_Latn","yps adventskalender","yps 圣诞倒数日历"
"deu_Latn","zahlen adventskalender gold","圣诞倒数日历 金色 支付"
"deu_Latn","zartbitter adventskalender 2025","2025年暗黑巧克力圣诞倒数日历"
"deu_Latn","bvb weihnachtskalender","bvb 圣诞日历"
"deu_Latn","capybara weihnachtskalender","水豚圣诞日历"
"deu_Latn","einhell weihnachtskalender 2025","einhell weihnachtskalender 2025"
"deu_Latn","gin weihnachtskalender","金酒圣诞日历"
"deu_Latn","grinch weihnachtskalender","格林奇圣诞日历"
"deu_Latn","mini weihnachtskalender","迷你圣诞日历"
"deu_Latn","weihnachtskalender 2025 parfüm","2025年圣诞日历 香水"
"deu_Latn","weihnachtskalender 2025 pokemon","2025年圣诞日历 皮卡丘"
"deu_Latn","weihnachtskalender amorelie","圣诞日历 amorelie"
"deu_Latn","weihnachtskalender für jungen","年轻人圣诞日历"
"deu_Latn","weihnachtskalender gummibärchen","圣诞日历软糖熊"
"deu_Latn","weihnachtskalender klein","圣诞日历小"
"deu_Latn","weihnachtskalender lego friends","乐高朋友圣诞日历"
"deu_Latn","weihnachtskalender nivea","尼维达圣诞日历"
"eng_Latn","advent calendar parfum","圣诞倒数日历香水"
"deu_Latn","123 playmobil adventskalender","123 playmobil 圣诞倒数日历"
"deu_Latn","achtsamkeit adventskalender 2025 männer","正念性 圣诞倒数日历 2025 男士"
"deu_Latn","adventskalender 14 jährige","圣诞倒数日历 14岁"
"deu_Latn","adventskalender 2025 13 jahre","2025年圣诞倒数日历 13年"
"deu_Latn","adventskalender 2025 5 jahre junge","2025年圣诞倒数日历 5年新品"
"deu_Latn","adventskalender 2025 arbeit","2025年圣诞倒数日历 工作"
"deu_Latn","adventskalender 2025 batman","2025年蝙蝠侠圣诞日历"
"deu_Latn","adventskalender 2025 bio tee","2025年圣诞倒数日历 有机茶"
"deu_Latn","adventskalender 2025 chio chips","2025年乔氏薯片圣诞倒数日历"
"deu_Latn","adventskalender 2025 conni","2025年康妮圣诞倒数日历"
"deu_Latn","adventskalender 2025 ferrero küsschen","2025年费列罗巧克力圣诞倒数日历"
"deu_Latn","adventskalender 2025 fishermans","2025年圣诞倒数日历 fishermans"
"deu_Latn","adventskalender 2025 frauen dessous","2025年圣诞倒数日历 女性 内衣"
"deu_Latn","adventskalender 2025 frauen gesund","2025年圣诞倒数日历 女性健康"
"deu_Latn","adventskalender 2025 frauen kosmetik rituals","2025年圣诞倒数日历 女性化妆品 Rituals"
"deu_Latn","adventskalender 2025 frauen lego","2025年圣诞倒数日历 女性乐高"
"deu_Latn","adventskalender 2025 frauen mini parfüm","2025年圣诞倒数日历 女士迷你香水"
"deu_Latn","adventskalender 2025 freundinnen","2025年圣诞倒数日历 女友"
"deu_Latn","adventskalender 2025 für 12 jährige mädchen","2025年圣诞倒数日历，适合12岁女孩"
"deu_Latn","adventskalender 2025 für 2 jährige","2025年2岁儿童圣诞倒数日历"
"deu_Latn","adventskalender 2025 für jäger","2025年猎人节倒数日历"
"deu_Latn","adventskalender 2025 gay","2025年圣诞倒数日历 同性恋"
"deu_Latn","adventskalender 2025 genuss","2025年圣诞倒数日历 享受"
"deu_Latn","adventskalender 2025 gilmore girls","2025年圣诞倒数日历 《吉尔莫女孩》"
"deu_Latn","adventskalender 2025 icrush","2025年圣诞倒数日历 icrush"
"deu_Latn","adventskalender 2025 jungen 4 jahre","2025年圣诞倒数日历 4岁儿童用"
"deu_Latn","adventskalender 2025 kinder 10 jahre mädchen","2025年圣诞倒数日历 儿童 10岁 女孩"
"deu_Latn","adventskalender 2025 kinder 5 jahre mädchen","2025年圣诞倒数日历 5岁儿童 女孩"
"deu_Latn","adventskalender 2025 kinder kreativ","2025年儿童创意圣诞日历"
"deu_Latn","adventskalender 2025 kinder kristalle","2025年圣诞倒数日历 儿童水晶"
"deu_Latn","adventskalender 2025 kinder lol","2025年儿童圣诞倒数日历（搞笑版）"
"deu_Latn","adventskalender 2025 kinder star wars","2025年儿童星球大战圣诞日历"
"deu_Latn","adventskalender 2025 kinder zaubern","2025年儿童魔法圣诞日历"
"deu_Latn","adventskalender 2025 korea","2025年韩国圣诞日历"
"deu_Latn","adventskalender 2025 lebenskompass","2025年圣诞倒数日历 生活指南"
"deu_Latn","adventskalender 2025 lindt lindor","2025年林德特（Lindt）Lindor圣诞倒数日历"
"deu_Latn","adventskalender 2025 masken","2025年圣诞倒数日历 面具"
"deu_Latn","adventskalender 2025 männer kochen","2025年圣诞倒数日历 男士 烹饪"
"deu_Latn","adventskalender 2025 männer nfl","2025年圣诞倒数日历 男士 NFL"
"deu_Latn","adventskalender 2025 müsliriegel","2025年圣诞倒数日历 能量棒"
"deu_Latn","adventskalender 2025 proteine","2025年圣诞倒数日历 蛋白质"
"deu_Latn","adventskalender 2025 puzzel","2025年圣诞倒数日历拼图"
"deu_Latn","adventskalender 2025 puzzle kinder","2025年圣诞倒数日历拼图儿童"
"deu_Latn","adventskalender 2025 ritual","2025年圣诞倒数日历仪式"
"deu_Latn","adventskalender 2025 scharf","2025年圣诞倒数日历 辛辣"
"deu_Latn","adventskalender 2025 switch","2025年圣诞倒数日历 Switch版"
"deu_Latn","adventskalender 2025 unisex","2025年无性别圣诞倒数日历"
"deu_Latn","adventskalender 3 jähriger junge","圣诞倒数日历 3岁 年轻"
"deu_Latn","adventskalender ab 2 jahren","2岁以上适用的圣诞倒数日历"
"deu_Latn","adventskalender ab 6 jahren","圣诞日历，适合6岁以上儿童"
"deu_Latn","adventskalender acdc","adventskalender acdc"
"deu_Latn","adventskalender als postkarte","圣诞倒数日历（以明信片形式）"
"deu_Latn","adventskalender australien","圣诞倒数日历 澳大利亚"
"deu_Latn","adventskalender autismus","圣诞倒数日历 自闭症"
"deu_Latn","adventskalender basteln erwachsene","自制圣诞倒数日历 成人版"
"deu_Latn","adventskalender befüllung frauen","圣诞日历填充物 女士"
"deu_Latn","adventskalender bibi und tina 2025","2025年比比和蒂娜圣诞倒数日历"
"deu_Latn","adventskalender buch grundschule","圣诞倒数日历 书籍 小学"
"deu_Latn","adventskalender christbaum","圣诞日历 圣诞树"
"deu_Latn","adventskalender deadpool","圣诞倒数日历 复仇者联盟角色（死侍）"
"deu_Latn","adventskalender dewalt","德万特（Dewalt）圣诞日历"
"deu_Latn","adventskalender diy stoff","圣诞倒数日历 DIY 布料"
"deu_Latn","adventskalender duftproben","圣诞倒数日历试用装"
"deu_Latn","adventskalender duschen","圣诞倒数日历 淋浴"
"deu_Latn","adventskalender einstein","圣诞倒数日历 爱因斯坦"
"deu_Latn","adventskalender ekaterina leonova","圣诞倒数日历 叶卡捷琳娜·列昂诺娃"
"deu_Latn","adventskalender englisch lernen","学习英语的圣诞日历"
"deu_Latn","adventskalender erwachsene schokolade","圣诞倒数日历 成人 巧克力"
"deu_Latn","adventskalender feinkost 2025","2025年精致食品圣诞倒数日历"
"deu_Latn","adventskalender fidget toy 2025","2025年圣诞倒数日历减压玩具"
"deu_Latn","adventskalender fifa","fifa 圣诞日历"
"deu_Latn","adventskalender fotopuzzle","圣诞倒数日历照片拼图"
"deu_Latn","adventskalender füllung für mann","圣诞倒数日历填充物（男士用）"
"deu_Latn","adventskalender füllung junge 4","复临日历填充年轻4"
"deu_Latn","adventskalender für 1 jährige mädchen","适合1岁女孩的圣诞倒数日历"
"deu_Latn","adventskalender für die arbeit","工作用的圣诞日历"
"deu_Latn","adventskalender für itler","Advent Calendar 的 Itler"
"deu_Latn","adventskalender für jungs ab 8","适合8岁以上男孩的圣诞倒数日历"
"deu_Latn","adventskalender für kinder￼","儿童圣诞倒数日历"
"deu_Latn","adventskalender für teenager jungen","青少年男孩圣诞倒数日历"
"deu_Latn","adventskalender gemüsesamen","圣诞倒数日历 蔬菜种子"
"deu_Latn","adventskalender glutenfrei 2025","2025年无麸质圣诞倒数日历"
"deu_Latn","adventskalender grappa","圣诞倒数日历 格拉帕酒"
"deu_Latn","adventskalender igel","圣诞日历刺猬"
"deu_Latn","adventskalender jellycat","圣诞倒数日历jellycat"
"deu_Latn","adventskalender jolifin","圣诞倒数日历 jolifin"
"deu_Latn","adventskalender kampfsport","圣诞倒数日历 搏击运动"
"deu_Latn","adventskalender karamell","圣诞倒数日历焦糖"
"deu_Latn","adventskalender kaufmann verlag","圣诞日历 Kaufmann 出版社"
"deu_Latn","adventskalender kinde","圣诞倒数日历 儿童款"
"deu_Latn","adventskalender kisten zum befüllen","圣诞倒数日历填充盒"
"deu_Latn","adventskalender knobelspiele kinder","圣诞倒数日历益智游戏儿童"
"deu_Latn","adventskalender kristalle züchten","圣诞倒数日历 水晶养殖"
"deu_Latn","adventskalender lego jungen","圣诞日历乐高男孩"
"deu_Latn","adventskalender lillifee","圣诞倒数日历 lillifee"
"deu_Latn","adventskalender läufer","圣诞日历跑鞋"
"deu_Latn","adventskalender m asam 2025","2025年asam品牌圣诞倒数日历"
"deu_Latn","adventskalender mit lego","乐高圣诞倒数日历"
"deu_Latn","adventskalender mit marmeladen","带果酱的圣诞日历"
"deu_Latn","adventskalender mit musik und licht","带音乐和灯光的圣诞倒数日历"
"deu_Latn","adventskalender mädchen 6 jahre alt","圣诞日历 女孩 6岁"
"deu_Latn","adventskalender mädchen inhalt","圣诞倒数日历 女孩 内容"
"deu_Latn","adventskalender mädchen legami","圣诞日历 女孩 Legami"
"deu_Latn","adventskalender männer bosch","圣诞倒数日历 男士 博世"
"deu_Latn","adventskalender männer zum befüllen","圣诞倒数日历 男士款 可填充"
"deu_Latn","adventskalender nina chuba","圣诞倒数日历 Nina Chuba"
"deu_Latn","adventskalender nivea männer","尼维达男士圣诞倒数日历"
"deu_Latn","adventskalender nur mit parfüm","圣诞倒数日历仅含香水"
"deu_Latn","adventskalender ostmann","奥斯特曼圣诞倒数日历"
"deu_Latn","adventskalender pamela reif","圣诞倒数日历 pamela reif"
"deu_Latn","adventskalender pikant","圣诞倒数日历 辛辣"
"deu_Latn","adventskalender playmobil krippe","圣诞倒数日历 playmobil 圣诞马槽"
"deu_Latn","adventskalender polizei kinder","圣诞倒数日历 警察 儿童"
"deu_Latn","adventskalender power ranger","圣诞倒数日历 功率战士（或“超能战士”，根据具体语境选择）"
"deu_Latn","adventskalender retro spiele","圣诞倒数日历 复古 游戏"
"deu_Latn","adventskalender schachtel","圣诞日历盒"
"deu_Latn","adventskalender schilder","圣诞倒数日历标识牌"
"deu_Latn","adventskalender schmuck frauen silber","圣诞日历 饰品 女士 银色"
"deu_Latn","adventskalender schweiz","瑞士圣诞日历"
"deu_Latn","adventskalender schwimmen","圣诞倒数日历 浮水"
"deu_Latn","adventskalender snacks kinder","圣诞倒数日历零食儿童"
"deu_Latn","adventskalender spanisch lernen","学习西班牙语的圣诞日历"
"deu_Latn","adventskalender stitch armband","圣诞倒数日历 Stitch 手环"
"deu_Latn","adventskalender super wings","圣诞倒数日历 超级翅膀"
"deu_Latn","adventskalender suppen","圣诞倒数日历 汤"
"deu_Latn","adventskalender säckchen aus stoff","圣诞倒数日历布袋"
"deu_Latn","adventskalender süsigkeiten","圣诞日历甜食"
"deu_Latn","adventskalender takis","圣诞日历塔基斯"
"deu_Latn","adventskalender tee lose","圣诞倒数日历 茶叶 散装"
"deu_Latn","adventskalender teenager schmuck","圣诞倒数日历 青少年 珠宝"
"deu_Latn","adventskalender tools","圣诞倒数日历工具"
"deu_Latn","adventskalender traktoren","圣诞日历 拖拉机"
"deu_Latn","adventskalender trüffel pralinen","圣诞倒数日历 鹿角菌巧克力"
"deu_Latn","adventskalender twilight","暮光之城圣诞倒数日历"
"deu_Latn","adventskalender weihnachtssocken","圣诞倒数日历 圣诞袜"
"deu_Latn","adventskalender weisst du eigentlich","圣诞倒数日历 你知道其实"
"deu_Latn","adventskalender welpen","圣诞倒数日历 犬幼崽"
"deu_Latn","adventskalender workout","圣诞倒数日历健身"
"deu_Latn","adventskalender zahlen karten","圣诞倒数日历 支付 卡片"
"deu_Latn","adventskalender zahlen kinder","圣诞倒数日历 支付 孩子们"
"deu_Latn","adventskalender zitate","圣诞倒数日历名言"
"deu_Latn","adventskalender zum aufhängen und befüllen","可悬挂并填充的圣诞倒数日历"
"deu_Latn","adventskalender zum basteln erwachsene","手工制作的圣诞倒数日历（成人用）"
"deu_Latn","adventskalender zum befüllen amazon","可填充的圣诞倒数日历 亚马逊"
"deu_Latn","adventskalender zum befüllen stehend","可填充站立式圣诞降临日历"
"deu_Latn","adventskalender zum befüllen stoffbeutel","可填充的圣诞降临日历布袋"
"deu_Latn","adventskalender zum bemalen","可涂色的圣诞日历"
"deu_Latn","adventskalender zum essen","吃的东西的圣诞日历"
"deu_Latn","angelköder adventskalender","天使饵料 圣诞倒数日历"
"deu_Latn","artikel für adventskalender frauen","适用于女性的圣诞倒数日历商品"
"deu_Latn","ast für adventskalender","圣诞日历插页"
"deu_Latn","ausmal adventskalender 2025","2025年圣诞倒数日历涂色"
"deu_Latn","badezusatz adventskalender kinder","儿童沐浴添加剂圣诞日历"
"deu_Latn","beauty adventskalender 2025 teenager","2025年美妆圣诞倒数日历 青少年"
"deu_Latn","befüllbarer adventskalender kinder","可填充的圣诞降临日历 儿童用"
"deu_Latn","befüllung adventskalender mädchen","填充复临日历的女孩"
"deu_Latn","besondere adventskalender männer","特别的圣诞倒数日历 男士"
"deu_Latn","besonderer adventskalender männer","特别的圣诞降临日日历 男士"
"deu_Latn","bibi blocksberg adventskalender 2025","bibi blocksberg 2025年圣诞倒数日历"
"deu_Latn","call of duty adventskalender","使命召唤圣诞日历"
"deu_Latn","carrera rc adventskalender","卡雷拉遥控车圣诞倒数日历"
"deu_Latn","checkerin marina adventskalender 2025","Checkerin Marina 2025年圣诞倒数日历"
"eng_Latn","christmas vacation adventskalender","圣诞假期倒数日历"
"deu_Latn","coole adventskalender 2025 teens","2025年酷炫圣诞倒数日历 青少年款"
"deu_Latn","das duell buch für paare adventskalender","情侣对决书籍圣诞倒数日历"
"deu_Latn","der achtsame adventskalender 2025","2025年细心版圣诞倒数日历"
"deu_Latn","der neue rätsel-adventskalender für senioren","专为老年人设计的全新解谜圣诞倒数日历"
"deu_Latn","diamond adventskalender","钻石圣诞倒数日历"
"deu_Latn","dnd würfel adventskalender","DND骰子圣诞倒数日历"
"deu_Latn","dr. grandel adventskalender 2025","德.格兰德尔2025年圣诞倒数日历"
"deu_Latn","drei adventskalender buch","三个圣诞倒数日历书"
"deu_Latn","duftenden adventskalender","散发着香味的圣诞倒数日历"
"deu_Latn","duplo banderole adventskalender","双层带横幅的圣诞倒数日历"
"deu_Latn","e.l.f. cosmetics adventskalender 2025","e.l.f.化妆品2025年圣诞倒数日历"
"deu_Latn","ehrlich brother adventskalender","ehrlich brother 圣诞倒数日历"
"deu_Latn","einfacher adventskalender","简易圣诞倒数日历"
"deu_Latn","ener bio adventskalender 2025","ener bio 2025年圣诞倒数日历"
"deu_Latn","erlebnis tee adventskalender","体验茶 圣诞倒数日历"
"deu_Latn","escape room adventskalender 2025 kinder","密室逃脱 圣诞倒数日历 2025 儿童"
"deu_Latn","eulen adventskalender 2025","2025年猫头鹰圣诞倒数日历"
"deu_Latn","feen adventskalender 2025","2025年精灵圣诞倒数日历"
"deu_Latn","felix adventskalender","felix 圣诞倒数日历"
"deu_Latn","ferrero collection adventskalender","费列罗收藏版圣诞倒数日历"
"deu_Latn","ferrero kinder mix adventskalender","费列罗巧克力派对历险记（Kinder Mix）圣诞倒数日历"
"deu_Latn","fotografie adventskalender","摄影圣诞日历"
"deu_Latn","fotopuzzle adventskalender","图片拼图圣诞倒数日历"
"deu_Latn","galupy adventskalender 2025","加鲁比2025年圣诞倒数日历"
"deu_Latn","geschenke kinder adventskalender","儿童礼物 圣诞倒数日历"
"deu_Latn","glühwein und gelassenheit bitte adventskalender","热葡萄酒与从容请收圣诞倒数日历"
"deu_Latn","gutscheine adventskalender","优惠券 圣诞日历"
"deu_Latn","gärtner pötschke adventskalender","加特纳·波奇克圣诞倒数日历"
"deu_Latn","haba adventskalender bauernhof","haba 圣诞倒数日历 农场"
"deu_Latn","hannover 96 adventskalender","汉诺威96圣诞倒数日历"
"deu_Latn","happysoy adventskalender","快乐豆圣诞倒数日历"
"deu_Latn","holzleiste adventskalender","木条圣诞倒数日历"
"deu_Latn","hühner adventskalender 2025","2025年鸡年圣诞倒数日历"
"deu_Latn","ideen adventskalender füllung mann","圣诞倒数日历填充创意（或：圣诞倒数日历填充点子）男士"
"deu_Latn","it adventskalender","圣诞倒数日历"
"deu_Latn","jugendliche adventskalender","青少年圣诞倒数日历"
"deu_Latn","kerzentattoos adventskalender","蜡烛纹身 圣诞日历"
"deu_Latn","kitten adventskalender 2025","2025年猫咪圣诞倒数日历"
"deu_Latn","kleine artikel für adventskalender","用于圣诞倒数日历的小物件"
"deu_Latn","kleine bastelsets für adventskalender","适用于圣诞倒数日历的小手工套装"
"deu_Latn","kleine geschenke für adventskalender mann","适用于圣诞倒数日历的男士小礼物"
"deu_Latn","kleinigkeiten für adventskalender kinder 3 jahre","儿童（3岁）圣诞倒数日历的小配件"
"deu_Latn","kleinigkeiten für adventskalender teenie","小细节适用于青少年圣诞倒数日历"
"deu_Latn","knekki adventskalender 2025 haargummi","2025年饼干圣诞倒数日历 发圈"
"deu_Latn","kosmetik adventskalender 2025 essence","2025年化妆品圣诞日历 精华"
"deu_Latn","kreativ adventskalender kinder","创意儿童圣诞倒数日历"
"deu_Latn","ktm adventskalender","ktm 圣诞倒数日历"
"deu_Latn","kuromi adventskalender 2025","库洛米2025年圣诞倒数日历"
"deu_Latn","lahaye adventskalender","拉海耶圣诞倒数日历"
"deu_Latn","lakrids bülow adventskalender","龙涎香比洛瓦圣诞倒数日历"
"deu_Latn","laneige adventskalender","莱妮雅德圣诞倒数日历"
"deu_Latn","lebkuchenhaus adventskalender","乐克库恩豪斯圣诞倒数日历"
"deu_Latn","lego 60475 city adventskalender 2025","乐高60475城市圣诞日历2025"
"deu_Latn","leiter für adventskalender","圣诞倒数日历架"
"deu_Latn","leverkusen adventskalender","勒沃库森圣诞倒数日历"
"deu_Latn","liebes adventskalender 2025 frauen","2025年爱心圣诞倒数日历（女性款）"
"deu_Latn","lillifee adventskalender","lillifee圣诞倒数日历"
"deu_Latn","lol adventskalender mit puppe","lol 圣诞倒数日历带玩偶"
"deu_Latn","lolli adventskalender","糖果圣诞倒数日历"
"deu_Latn","lose adventskalender","散装圣诞日历"
"deu_Latn","magic adventskalender","魔法圣诞倒数日历"
"deu_Latn","mainz 05 adventskalender","曼海姆05圣诞倒数日历"
"deu_Latn","marshmallow adventskalender","棉花糖圣诞降临日历"
"deu_Latn","mclaren f1 adventskalender","迈凯伦F1圣诞倒数日历"
"deu_Latn","milka 3d haus adventskalender 2025","米尔卡3D小屋圣诞倒数日历2025"
"deu_Latn","mini spielzeug adventskalender","迷你玩具圣诞倒数日历"
"deu_Latn","monster jam adventskalender","怪兽狂欢节圣诞倒数日历"
"deu_Latn","nissin ramen adventskalender","日清拉面圣诞倒数日历"
"deu_Latn","parfum adventskalender damen 2025","女士香水圣诞倒数日历 2025"
"deu_Latn","pixi adventskalender gold","pixi 圣诞倒数日历 金色"
"deu_Latn","prinzessin lillifee adventskalender","公主莉莉菲圣诞倒数日历"
"deu_Latn","purelei adventskalender 2025 silber","purelei 2025年圣诞倒数日历 银色"
"deu_Latn","qchefs adventskalender","qchefs 圣诞倒数日历"
"deu_Latn","rc auto adventskalender","rc汽车圣诞倒数日历"
"deu_Latn","redbull adventskalender 2025","红牛2025年圣诞倒数日历"
"deu_Latn","schleich eldrador adventskalender","施莱希艾尔达多尔圣诞倒数日历"
"deu_Latn","schnur adventskalender","圣诞绳日历"
"deu_Latn","science adventskalender","科学圣诞日历"
"deu_Latn","selbstgemachter adventskalender kinder","自制儿童圣诞倒数日历"
"deu_Latn","self made adventskalender","自制圣诞倒数日历"
"deu_Latn","socken adventskalender 2025 frauen","2025年女式袜子圣诞倒数日历"
"deu_Latn","sound-adventskalender","声音圣诞日历"
"deu_Latn","space nk beauty adventskalender","太空nk美妆圣诞日历"
"deu_Latn","spider man adventskalender","蜘蛛侠圣诞倒数日历"
"deu_Latn","spielsachen für adventskalender","圣诞倒数日历里的玩具"
"deu_Latn","spruch adventskalender","圣诞降临日历上的格言"
"deu_Latn","squishy mellow adventskalender","软糯醇厚的圣诞倒数日历"
"deu_Latn","starbucks adventskalender 2025","星巴克2025年圣诞倒数日历"
"deu_Latn","säckchen zum adventskalender","用于圣诞倒数日历的小袋子"
"deu_Latn","tee adventskalender 2025 dallmayr","茶 圣诞倒数日历 2025 dallmayr"
"deu_Latn","tee adventskalender 2025 früchte","茶（Tee）2025年水果圣诞日历"
"deu_Latn","tee adventskalender pukka","茶 圣诞日历 pukka"
"deu_Latn","teenager jungs adventskalender","青少年男孩圣诞倒数日历"
"deu_Latn","tiere adventskalender","动物圣诞倒数日历"
"deu_Latn","tischkalender adventskalender","桌面日历 圣诞倒数日历"
"deu_Latn","tkkg adventskalender cd","TKKG 圣诞倒数日历 CD"
"deu_Latn","toniebox adventskalender 2025","toniebox 2025年圣诞倒数日历"
"deu_Latn","too faced adventskalender","too faced 圣诞倒数日历"
"deu_Latn","uhren adventskalender 2025","手表 圣诞倒数日历 2025"
"deu_Latn","unicorn academy adventskalender 2025","独角兽学院2025年圣诞倒数日历"
"deu_Latn","vespa adventskalender 2025","2025年维斯帕圣诞倒数日历"
"deu_Latn","vichy adventskalender 2025","维奇2025年圣诞倒数日历"
"deu_Latn","vorlese adventskalender kinder","儿童朗读圣诞倒数日历"
"deu_Latn","vtech adventskalender","VTech 圣诞倒数日历"
"deu_Latn","warum ich dich liebe adventskalender","为什么我爱你 圣诞倒数日历"
"deu_Latn","werder adventskalender","云达不莱梅圣诞倒数日历"
"deu_Latn","woll adventskalender","羊毛圣诞倒数日历"
"deu_Latn","world of whisky adventskalender 2025","威士忌世界2025年圣诞倒数日历"
"deu_Latn","zauber der gewürze adventskalender","香料魔法圣诞倒数日历"
"deu_Latn","zug adventskalender 2025","2025年圣诞倒数日历挂钩"
"deu_Latn","exit weihnachtskalender 2025","2025年圣诞日历退出"
"deu_Latn","kosmetik weihnachtskalender","化妆品圣诞日历"
"deu_Latn","ritual weihnachtskalender","ritual weihnachtskalender"
"deu_Latn","spielzeug weihnachtskalender","玩具圣诞日历"
"deu_Latn","weihnachtskalender 2025 bier","2025年圣诞日历 啤酒"
"deu_Latn","weihnachtskalender 2025 teenager","2025年圣诞日历 青少年"
"deu_Latn","weihnachtskalender dinosaurier","圣诞日历恐龙"
"deu_Latn","weihnachtskalender duftkerzen","圣诞日历香薰蜡烛"
"deu_Latn","weihnachtskalender dunkle schokolade","圣诞日历 黑巧克力"
"deu_Latn","weihnachtskalender feuerwehr","圣诞日历 消防队"
"deu_Latn","weihnachtskalender frühstück","圣诞日历 早餐"
"deu_Latn","weihnachtskalender für zwei","双人圣诞日历"
"deu_Latn","weihnachtskalender geschenke","圣诞日历 赠品"
"deu_Latn","weihnachtskalender gummibären","圣诞日历软糖熊"
"deu_Latn","weihnachtskalender kneipp","圣诞日历 kneipp"
"deu_Latn","weihnachtskalender kosmetik 2025","2025年圣诞日历化妆品"
"deu_Latn","weihnachtskalender männer werkzeug","圣诞日历 男士 工具"
"deu_Latn","weihnachtskalender rum","圣诞日历 圆形"
"deu_Latn","weihnachtskalender snacks","圣诞日历零食"
"deu_Latn","'adventskalender exit","圣诞倒数日历 退出"
"deu_Latn","24 adventskalender kerzen","24天圣诞倒数日历蜡烛"
"deu_Latn","adventskalender (aus stoff)","圣诞倒数日历（布制）"
"deu_Latn","adventskalender - täschchen zum selbst befüllen","圣诞倒数日历 - 可自行填充的小袋子"
"deu_Latn","adventskalender 15 jahre","圣诞倒数日历 15周年"
"deu_Latn","adventskalender 2025 aesthetic","2025年圣诞倒数日历 美感"
"deu_Latn","adventskalender 2025 asiatische süßigkeiten","2025年圣诞倒数日历 亚洲糖果"
"deu_Latn","adventskalender 2025 damen parfüm","2025年圣诞倒数日历 女士香水"
"deu_Latn","adventskalender 2025 ehemann","2025年圣诞倒数日历 丈夫"
"deu_Latn","adventskalender 2025 energy","2025年圣诞倒数日历 energy"
"deu_Latn","adventskalender 2025 frauen beauty essence","2025年圣诞倒数日历 女士 美容精华"
"deu_Latn","adventskalender 2025 friends","2025年圣诞倒数日历 朋友们"
"deu_Latn","adventskalender 2025 für fitness","2025年健身主题圣诞倒数日历"
"deu_Latn","adventskalender 2025 hertha bsc","2025年圣诞倒数日历 柏林赫塔足球俱乐部"
"deu_Latn","adventskalender 2025 jungen 5 jahre","2025年圣诞倒数日历 5岁儿童用"
"deu_Latn","adventskalender 2025 jungs 14 jahre","2025年圣诞倒数日历 男孩 14岁"
"deu_Latn","adventskalender 2025 kinder peppa wutz","2025年圣诞倒数日历 儿童版 彼得兔"
"deu_Latn","adventskalender 2025 kollegin","2025年圣诞倒数日历 同事"
"deu_Latn","adventskalender 2025 konder","2025年圣诞倒数日历（adventskalender） 2025 konder"
"deu_Latn","adventskalender 2025 kondome","2025年圣诞倒数日历 避孕套"
"deu_Latn","adventskalender 2025 kreuzworträtsel","2025年圣诞倒数日历 单词填空游戏"
"deu_Latn","adventskalender 2025 käse","2025年圣诞倒数日历 奶酪"
"deu_Latn","adventskalender 2025 mit chips","2025年带薯片的圣诞倒数日历"
"deu_Latn","adventskalender 2025 männer klo","2025年男士小便器圣诞日历"
"deu_Latn","adventskalender 2025 männer technik","2025年圣诞倒数日历 男士 技术"
"deu_Latn","adventskalender 2025 männer wein","2025年圣诞倒数日历 男士 酒"
"deu_Latn","adventskalender 2025 nimm 2","2025年圣诞倒数日历 拿2个"
"deu_Latn","adventskalender 2025 ramen nudeln","2025年圣诞倒数日历 拉面面条"
"deu_Latn","adventskalender 2025 sauna","2025年圣诞倒数日历 桑拿"
"deu_Latn","adventskalender 2025 sexy männer","2025年圣诞倒数日历 淫荡男士"
"deu_Latn","adventskalender 2025 socken männer","2025年圣诞倒数日历 男袜"
"deu_Latn","adventskalender 2025 technik bausatz","2025年圣诞倒数日历 技术套件"
"deu_Latn","adventskalender 2025 unter 30 €","2025年圣诞倒数日历，30欧元以下"
"deu_Latn","adventskalender 2025 von lindt","2025年林德特圣诞日历"
"deu_Latn","adventskalender 2025 zum basteln","2025年自制圣诞倒数日历"
"deu_Latn","adventskalender 20€","20欧元的圣诞倒数日历"
"deu_Latn","adventskalender affirmationen kinder","圣诞倒数日历 确认词 儿童"
"deu_Latn","adventskalender alverde 2025","2025年阿弗尔德（alverde）圣诞倒数日历"
"deu_Latn","adventskalender arcane","圣诞倒数日历 arcane"
"deu_Latn","adventskalender artdeco 2025","2025年艺术装饰风格圣诞倒数日历"
"deu_Latn","adventskalender backen kinder","圣诞日历烘焙儿童"
"deu_Latn","adventskalender badeente","圣诞倒数日历 澡盆鸭"
"deu_Latn","adventskalender bartpflege","圣诞倒数日历 育胡须护理"
"deu_Latn","adventskalender befüllen mädchen","圣诞日历填充 女孩"
"deu_Latn","adventskalender besondere","圣诞倒数日历 特别版"
"deu_Latn","adventskalender blaze","圣诞倒数日历 blaze"
"deu_Latn","adventskalender bodyspray","圣诞倒数日历身体喷雾"
"deu_Latn","adventskalender brause","圣诞倒数日历淋浴喷头"
"deu_Latn","adventskalender buch mädchen 12 jahre","圣诞日历 书籍 女孩 12岁"
"deu_Latn","adventskalender bären","圣诞倒数日历 熊"
"deu_Latn","adventskalender chinesische nudeln","圣诞日历 中国面条"
"deu_Latn","adventskalender coffee","圣诞倒数日历 咖啡"
"deu_Latn","adventskalender damen rituals","女款圣诞倒数日历 Rituals"
"deu_Latn","adventskalender douglas frauen","圣诞日历 douglas 女士"
"deu_Latn","adventskalender duftöle","圣诞倒数日历 香薰油"
"deu_Latn","adventskalender edel","圣诞倒数日历 精致"
"deu_Latn","adventskalender einfach schokolade","圣诞倒数日历简单巧克力"
"deu_Latn","adventskalender eiweiß","圣诞倒数日历蛋白粉"
"deu_Latn","adventskalender emo","圣诞倒数日历 情绪化风格"
"deu_Latn","adventskalender essence 2024","2024年圣诞倒数日历 精华"
"deu_Latn","adventskalender fische","圣诞倒数日历 鱼形"
"deu_Latn","adventskalender fitzek","圣诞倒数日历 fitzek"
"eng_Latn","adventskalender for men","男士圣诞日历"
"deu_Latn","adventskalender frauen 2025 schmuck","2025年女性圣诞倒数日历 珠宝"
"deu_Latn","adventskalender füllen mädchen","圣诞倒数日历填充女孩用品"
"deu_Latn","adventskalender füllung 3 jahre","圣诞倒数日历填充物 3年"
"deu_Latn","adventskalender füllung harry potter","圣诞日历填充物 哈利·波特"
"deu_Latn","adventskalender füllung kinder 8 jahre","圣诞日历填充物 儿童 8岁"
"deu_Latn","adventskalender füllung partner","圣诞日历填充物 伴侣"
"deu_Latn","adventskalender für hexen","女巫的圣诞倒数日历"
"deu_Latn","adventskalender für mädchen ab 12","12岁以上女孩的圣诞倒数日历"
"deu_Latn","adventskalender für raucher","吸烟者专用的圣诞倒数日历"
"deu_Latn","adventskalender für unterwegs","旅行用的圣诞倒数日历"
"deu_Latn","adventskalender geschenke erwachsene","圣诞倒数日历 成人礼物"
"deu_Latn","adventskalender godzilla","圣诞倒数日历 吉祥物（或“哥斯拉”形象）"
"deu_Latn","adventskalender gold","圣诞倒数日历 金色"
"deu_Latn","adventskalender hab dich lieb","圣诞倒数日历 我爱你"
"deu_Latn","adventskalender harry potter schokolade","圣诞倒数日历 哈利波特 巧克力"
"deu_Latn","adventskalender hello kitty beauty","圣诞倒数日历 hello kitty 美容"
"deu_Latn","adventskalender huda beauty","圣诞倒数日历 Huda Beauty"
"deu_Latn","adventskalender hugo boss","hugo boss 圣诞倒数日历"
"deu_Latn","adventskalender häkeltiere","圣诞倒数日历钩针动物"
"deu_Latn","adventskalender italienisch lernen","学习意大利语的圣诞倒数日历"
"deu_Latn","adventskalender junge 6","圣诞倒数日历 年轻款 6"
"deu_Latn","adventskalender jungen werkzeug","圣诞倒数日历 年轻 工具"
"deu_Latn","adventskalender katze 2025","2025年猫咪圣诞倒数日历"
"deu_Latn","adventskalender kinder 2 jahre junge","儿童2岁至幼儿圣诞日历"
"deu_Latn","adventskalender kinder ab 10","圣诞倒数日历 适合10岁以上儿童"
"deu_Latn","adventskalender kinder ab 6 jahre","圣诞倒数日历 适合6岁以上儿童"
"deu_Latn","adventskalender kinder dinosaurier","儿童恐龙圣诞倒数日历"
"deu_Latn","adventskalender kinder katzen","圣诞倒数日历 儿童 猫咪"
"deu_Latn","adventskalender kinder kosmos","儿童天体历 adventskalender kinder kosmos"
"deu_Latn","adventskalender kinder playmobil 2025","2025年playmobil儿童圣诞日历"
"deu_Latn","adventskalender kinder puzzle","圣诞倒数日历 儿童拼图"
"deu_Latn","adventskalender kinder tip toi","儿童圣诞倒数日历 提示 Toi"
"deu_Latn","adventskalender kinder vegan","素食儿童圣诞倒数日历"
"deu_Latn","adventskalender kinder werkzeug","圣诞日历 儿童 工具"
"deu_Latn","adventskalender kindergartenkinder","圣诞日历 幼儿园孩子"
"deu_Latn","adventskalender kleine tüten","圣诞倒数日历小袋子"
"deu_Latn","adventskalender kleinkind ab 1 jahr","圣诞倒数日历 适合1岁以上幼儿"
"deu_Latn","adventskalender kleinkind füllung","圣诞倒数日历 幼儿 填充物"
"deu_Latn","adventskalender klemmbausteine blumen","圣诞日历 插件积木 花"
"deu_Latn","adventskalender koala","圣诞日历考拉"
"deu_Latn","adventskalender kosmos exit","圣诞日历 宇宙 退出"
"deu_Latn","adventskalender lashes","圣诞倒数日历睫毛"
"deu_Latn","adventskalender lindor kugeln 2025","2025年林朵尔圣诞倒数日历球"
"deu_Latn","adventskalender mann befüllen","圣诞倒数日历男士填充"
"deu_Latn","adventskalender mann gewürze","圣诞倒数日历 男士 香料"
"deu_Latn","adventskalender mit mini parfum","带有迷你香水的圣诞倒数日历"
"deu_Latn","adventskalender mit nackten frauen","裸女圣诞日历"
"deu_Latn","adventskalender mit schokolade für kinder","儿童巧克力圣诞倒数日历"
"deu_Latn","adventskalender mit sprüche","带有箴言的圣诞倒数日历"
"deu_Latn","adventskalender mädchen 10 jahre schmuck","圣诞倒数日历 女孩 10岁 饰品"
"deu_Latn","adventskalender mädchen elsa","圣诞倒数日历 女孩艾莎"
"deu_Latn","adventskalender mädchen skincare","圣诞倒数日历 女孩 护肤"
"deu_Latn","adventskalender mädchen spielzeug","圣诞倒数日历 女孩 玩具"
"deu_Latn","adventskalender männer gewürze","圣诞日历 男士 调味料"
"deu_Latn","adventskalender pappbücher","圣诞倒数日历 纸板书"
"deu_Latn","adventskalender parfüm proben","圣诞倒数日历 香水样品"
"deu_Latn","adventskalender pop mart","pop mart 圣诞日历"
"deu_Latn","adventskalender pummeleinhorn","圣诞倒数日历小猪佩奇"
"deu_Latn","adventskalender rapunzel","圣诞倒数日历 瑞琵泽尔"
"deu_Latn","adventskalender relax","圣诞倒数日历 休闲"
"deu_Latn","adventskalender rollenspiel","圣诞倒数日历角色扮演"
"deu_Latn","adventskalender rotwein","圣诞倒数日历 红葡萄酒"
"deu_Latn","adventskalender sack","圣诞倒数日历袋"
"deu_Latn","adventskalender sailor moon","圣诞倒数日历 美少女战士"
"deu_Latn","adventskalender saure gummibärchen","圣诞倒数日历 酸味软糖小熊"
"deu_Latn","adventskalender schaf","圣诞倒数日历 羊"
"deu_Latn","adventskalender schneekugeln","圣诞倒数日历 雪球装饰品"
"deu_Latn","adventskalender selber machen groß","自制大型圣诞日历"
"deu_Latn","adventskalender sport 2025","2025年运动主题圣诞倒数日历"
"deu_Latn","adventskalender stitch schmuck","圣诞倒数日历 Stitch饰品"
"deu_Latn","adventskalender stitch schokolade","圣诞倒数日历 Stitch 巧克力"
"deu_Latn","adventskalender superfood","圣诞日历超级食物"
"deu_Latn","adventskalender säckchen 15x20","圣诞倒数日历小袋子 15x20"
"deu_Latn","adventskalender süßigkeiten hitschies","圣诞倒数日历 糖果 好吃小点心"
"deu_Latn","adventskalender tasche","圣诞日历包"
"deu_Latn","adventskalender tee meßmer","圣诞倒数日历 茶 Meßmer"
"deu_Latn","adventskalender tüten bunt","圣诞日历彩袋"
"deu_Latn","adventskalender tüten zum befüllen schwarz","圣诞倒数日历填充袋 黑色"
"deu_Latn","adventskalender uhr","圣诞倒数日历手表"
"deu_Latn","adventskalender verrückt","圣诞倒数日历疯了"
"deu_Latn","adventskalender vespa","圣诞倒数日历 维斯帕"
"deu_Latn","adventskalender werkzeuge","圣诞日历 工具"
"deu_Latn","adventskalender wissen kinder","圣诞倒数日历 知识 儿童"
"deu_Latn","adventskalender wohlfühlen","圣诞日历 感觉舒适"
"deu_Latn","adventskalender youtube","圣诞倒数日历 youtube"
"deu_Latn","adventskalender zahlen aufkleber kinder","圣诞倒数日历支付贴纸儿童"
"deu_Latn","adventskalender zum befüllen dackel","可填充的圣诞倒数日历 德拉克犬"
"deu_Latn","adventskalender zum befüllen disney","迪士尼填充式圣诞倒数日历"
"deu_Latn","adventskalender zum rätseln","解谜圣诞日历"
"deu_Latn","adventskalender+teenager+jungs","圣诞倒数日历+青少年+男孩"
"deu_Latn","airwaves adventskalender","空气波圣诞日历"
"deu_Latn","amazon adventskalender säckchen","亚马逊圣诞倒数日历小袋子"
"deu_Latn","anhänger adventskalender zahlen","吊饰 圣诞日历 支付"
"deu_Latn","augenpads adventskalender","眼罩 圣诞倒数日历"
"deu_Latn","ayurveda adventskalender","阿育吠陀圣诞日历"
"deu_Latn","bakugan adventskalender","巴克利安圣诞倒数日历"
"deu_Latn","baumwollbeutel adventskalender","棉袋 圣诞倒数日历"
"deu_Latn","befüllen adventskalender kinder","装满儿童圣诞倒数日历"
"deu_Latn","beste adventskalender 2025 erwachsene","最佳2025年成人圣诞倒数日历"
"deu_Latn","bier adventskalender alkoholfrei","无酒精啤酒圣诞倒数日历"
"deu_Latn","black week adventskalender","黑色星期五圣诞日历"
"deu_Latn","bosch adventskalender 2026","博世2026年圣诞倒数日历"
"deu_Latn","bosch werkzeug adventskalender","博世工具圣诞倒数日历"
"deu_Latn","bundeswehr adventskalender 2025","联邦国防军2025年圣诞倒数日历"
"deu_Latn","camper adventskalender","camper 圣诞倒数日历"
"deu_Latn","catrice adventskalender 2024","卡翠丝2024年圣诞倒数日历"
"deu_Latn","chakra adventskalender","查克拉圣诞倒数日历"
"deu_Latn","charm adventskalender 2025","魅力2025年圣诞倒数日历"
"deu_Latn","craze adventskalender 2025","2025年狂热圣诞日历"
"deu_Latn","crottendorfer adventskalender 2025","克罗滕多夫2025年圣诞倒数日历"
"deu_Latn","deo adventskalender","除臭圣诞日历"
"deu_Latn","die drei !!! adventskalender 2025","die drei !!! adventskalender 2025"
"deu_Latn","die drei fragezeichen cd adventskalender","《三个问号》CD圣诞倒数日历"
"deu_Latn","disney cars adventskalender","迪士尼赛车圣诞倒数日历"
"deu_Latn","dove adventskalender 2025","多芬2025年圣诞倒数日历"
"deu_Latn","dr. hauschka adventskalender","德家（Dr. Hauschka）圣诞倒数日历"
"deu_Latn","duplo banderolen adventskalender","双层挂绳式圣诞倒数日历"
"deu_Latn","effol adventskalender","effol 圣诞倒数日历"
"deu_Latn","erotischer adventskalender 2025 für frauen","2025年女性专用情色圣诞倒数日历"
"deu_Latn","erzieher adventskalender 2025","幼教工作者2025年圣诞倒数日历"
"deu_Latn","eva eich adventskalender","eva eich 圣诞倒数日历"
"deu_Latn","exit adventskalender 2026","2026年圣诞倒数日历退出"
"deu_Latn","fisch adventskalender 2025","2025年鱼类圣诞日历"
"deu_Latn","fishermans adventskalender","渔夫圣诞倒数日历"
"deu_Latn","fishermans friend adventskalender","渔夫之友圣诞倒数日历"
"deu_Latn","formel eins adventskalender","正式一号圣诞倒数日历"
"deu_Latn","franzis adventskalender auto","弗兰齐斯圣诞倒数日历 汽车"
"deu_Latn","franzis roboter adventskalender","弗朗齐斯机器人圣诞倒数日历"
"deu_Latn","frauen schmuck adventskalender","女性饰品圣诞倒数日历"
"deu_Latn","funko pop adventskalender stranger things","趣奇普普圣诞倒数日历《怪奇物语》"
"deu_Latn","funko pop harry potter adventskalender","芬恩科（Funko）波普（Pop）系列哈利波特（Harry Potter）圣诞倒数日历"
"deu_Latn","funktioniert pop adventskalender","功能齐全的流行圣诞倒数日历"
"deu_Latn","füllung adventskalender junge","填充 圣诞倒数日历 年轻"
"deu_Latn","füllung adventskalender kollegen","填充 圣诞倒数日历 同事"
"deu_Latn","füllung für adventskalender freundin","圣诞倒数日历填充物（给女友的）"
"deu_Latn","gadgets für adventskalender","用于圣诞倒数日历的小配件"
"deu_Latn","geschenke für adventskalender frau","适用于圣诞倒数日历的女士礼物"
"deu_Latn","gestell für adventskalender","圣诞日历架"
"deu_Latn","glück adventskalender 2025","幸福圣诞倒数日历 2025"
"deu_Latn","harry potter adventskalender 2022 socken","哈利波特2022年圣诞倒数日历袜子"
"deu_Latn","holzleiter tannenbaum adventskalender","木梯 松树 圣诞倒数日历"
"deu_Latn","jjk adventskalender","jjk 圣诞倒数日历"
"deu_Latn","katzen adventskalender leckerlis","猫咪 圣诞倒数日历 小点心"
"deu_Latn","kisten für adventskalender","用于圣诞降临日历的箱子"
"deu_Latn","kit kat adventskalender 2025","奇巧圣诞倒数日历2025"
"deu_Latn","kleine geschenke adventskalender mädchen","小礼物 圣诞倒数日历 女孩"
"deu_Latn","kleine ideen für adventskalender","小创意圣诞倒数日历"
"deu_Latn","kleinigkeiten für den adventskalender erwachsene","成人版圣诞倒数日历小物件"
"deu_Latn","kleinkinder adventskalender füllung","幼儿圣诞倒数日历填充物"
"deu_Latn","korean beauty adventskalender 2025","2025年韩国美妆圣诞倒数日历"
"deu_Latn","koro adventskalender 2025 classic","科罗2025经典款圣诞倒数日历"
"deu_Latn","liebe adventskalender","亲爱的圣诞倒数日历"
"deu_Latn","lindt adventskalender klein","林德特圣诞倒数日历小款"
"deu_Latn","lindt paar adventskalender","林德特情侣圣诞倒数日历"
"deu_Latn","lindt veganer adventskalender","林德特纯素圣诞倒数日历"
"deu_Latn","lumene adventskalender","lumene 圣诞倒数日历"
"deu_Latn","maxi nutrition adventskalender 2025","maxi nutrition 2025年圣诞倒数日历"
"deu_Latn","mein erster adventskalender baby","我的第一个圣诞倒数日历宝宝版"
"deu_Latn","merry fitness adventskalender","merry fitness 圣诞倒数日历"
"deu_Latn","messi adventskalender","梅西圣诞倒数日历"
"deu_Latn","mini adventskalender mit pulmoll","带衬垫的迷你圣诞倒数日历"
"deu_Latn","mini spiele für adventskalender","迷你游戏用于圣诞倒数日历"
"deu_Latn","miraculous adventskalender 2025","2025年奇迹圣诞日历"
"deu_Latn","motogp adventskalender","motogp 圣诞倒数日历"
"deu_Latn","murmelbahn adventskalender","翻转式轨道圣诞倒数日历"
"deu_Latn","männer adventskalender inhalt","男士圣诞倒数日历内容"
"deu_Latn","nivea man adventskalender","妮维雅男士圣诞倒数日历"
"deu_Latn","no drama miss lama adventskalender","无戏剧性拉玛小姐圣诞倒数日历"
"deu_Latn","pandora stitch adventskalender","潘多拉刺绣圣诞倒数日历"
"deu_Latn","papierdrachen adventskalender stoff","纸风筝 圣诞倒数日历 织物"
"deu_Latn","paw patrol adventskalender 2025 schokolade","《帕丁顿熊》2025年圣诞倒数日历 巧克力"
"deu_Latn","penis adventskalender","阴茎圣诞倒数日历"
"deu_Latn","pferde adventskalender für echte pferde 2025","2025年真马专用圣诞倒数日历"
"deu_Latn","play mobil adventskalender","play mobil 圣诞倒数日历"
"deu_Latn","playmobil adventskalender bauernhof","playmobil 圣诞倒数日历 农场"
"deu_Latn","playmobil adventskalender museum","playmobil 圣诞倒数日历博物馆"
"deu_Latn","playmobil feuerwehr adventskalender","playmobil 消防队 圣诞倒数日历"
"deu_Latn","pokemon tcg adventskalender 2025","宝可梦卡牌圣诞日历 2025"
"deu_Latn","puzzle rätsel adventskalender","拼图谜题 圣诞倒数日历"
"deu_Latn","rubbellos adventskalender 2025 lotto","2025年刮刮乐圣诞倒数日历 乐透"
"deu_Latn","salus tee adventskalender","salus 茶 圣诞倒数日历"
"deu_Latn","scharfe soße adventskalender","辛辣酱料圣诞倒数日历"
"deu_Latn","schleich adventskalender bauernhof","施莱希圣诞倒数日历 农场"
"deu_Latn","schmuck adventskalender damen","女士饰品圣诞日历"
"deu_Latn","schmuck adventskalender ohne ohrringe","不含耳环的饰品圣诞日历"
"deu_Latn","schmuck adventskalender teenager","饰品 圣诞倒数日历 青少年"
"deu_Latn","schwangeren adventskalender","孕妇圣诞倒数日历"
"deu_Latn","schwarze tüten adventskalender","黑色纸袋圣诞倒数日历"
"deu_Latn","schwarzer humor adventskalender","黑色幽默圣诞倒数日历"
"deu_Latn","sexspielzeug adventskalender","性玩具圣诞倒数日历"
"deu_Latn","ski adventskalender","滑雪主题圣诞倒数日历"
"deu_Latn","socken adventskalender grinch","袜子 圣诞倒数日历 格林奇"
"deu_Latn","spielwerk adventskalender","节日玩具圣诞倒数日历"
"deu_Latn","spielzeug adventskalender mädchen","玩具 圣诞倒数日历 女孩"
"deu_Latn","stanger things adventskalender","斯特兰格·瑟斯（Stranger Things）圣诞倒数日历"
"deu_Latn","stick adventskalender","棒状圣诞日历"
"deu_Latn","stihl adventskalender 2025","斯蒂尔2025年圣诞倒数日历"
"deu_Latn","stitch adventskalender 2026","《刺猬索尼克》2026年圣诞倒数日历"
"deu_Latn","ständer für adventskalender","圣诞倒数日历架"
"deu_Latn","sugargang adventskalender xxl 2025","sugargang 圣诞倒数日历 XXL 2025"
"deu_Latn","superfood adventskalender 2025","超级食物圣诞倒数日历2025"
"deu_Latn","säckchen zum befüllen adventskalender","可填充小袋子 圣诞倒数日历"
"deu_Latn","takis adventskalender 2025","塔基斯2025年圣诞倒数日历"
"deu_Latn","tüten adventskalender rot","红色纸袋圣诞倒数日历"
"deu_Latn","van life adventskalender 2025","房车生活圣诞倒数日历2025"
"deu_Latn","weihnachten 24 stoffbeutel für adventskalender","圣诞24个布袋用于圣诞日历"
"deu_Latn","weißt du eigentlich wie lieb ich dich hab adventskalender","你知道我有多爱你 圣诞倒数日历"
"deu_Latn","windel adventskalender 2023","2023年尿布圣诞倒数日历"
"deu_Latn","zahlenaufkleber adventskalender","牙贴历 降临日历"
"deu_Latn","zettel für adventskalender","圣诞倒数日历小纸条"
"deu_Latn","ü eier adventskalender 2025","2025年鸡蛋圣诞日历"
"deu_Latn","einhell weihnachtskalender","einhell weihnachtskalender"
"deu_Latn","nivea weihnachtskalender 2025","妮维雅2025年圣诞日历"
"deu_Latn","socken weihnachtskalender 2025","2025年圣诞袜日历"
"deu_Latn","weihnachtskalender 2025 damen","2025年圣诞日历 女士"
"deu_Latn","weihnachtskalender 2025 für frauen beauty","2025年女性美容圣诞日历"
"deu_Latn","weihnachtskalender 2025 kinder 2 jahre","2025年儿童（2岁）圣诞日历"
"deu_Latn","weihnachtskalender 2025 schminke","2025年圣诞日历彩妆"
"deu_Latn","weihnachtskalender eis.de","圣诞日历 eis.de"
"deu_Latn","weihnachtskalender mit foto","带照片的圣诞日历"
"deu_Latn","weihnachtskalender mit sprüchen","带标语的圣诞日历"
"deu_Latn","weihnachtskalender männer 2025","2025年男士圣诞日历"
"deu_Latn","weihnachtskalender oma","圣诞日历 oma"
"deu_Latn","weihnachtskalender red bull 2025","2025年红牛圣诞日历"
"deu_Latn","weihnachtskalender roblox","圣诞日历 roblox"
"deu_Latn","weihnachtskalender schnaps","圣诞日历酒"
"deu_Latn","weihnachtskalender wednesday","圣诞日历 周三"
"deu_Latn","weihnachtskalender weiße schokolade","圣诞日历 白巧克力"
"deu_Latn","Edelsteine","宝石"
"deu_Latn","Edelstein","宝石"
"deu_Latn","Steine","石头"
"deu_Latn","Stein","译文：斯坦"
"deu_Latn","Kristalle","译文：水晶"
"deu_Latn","Kristall","译文：水晶"
"deu_Latn","Jungen","男孩"
"deu_Latn","Junge","译文：年轻人"
"deu_Latn","Jungs","男孩们"
"deu_Latn","Kinder","儿童"
"deu_Latn","Mineralien","矿物"
"deu_Latn","Mädchen","女孩"
"deu_Latn","Geschenke","礼物"
"deu_Latn","Geschenk","礼物"
"deu_Latn","Weihnachten","圣诞节"
"eng_Latn","Kids","儿童（商品搜索关键词）"
"eng_Latn","Boys","男孩们"
