source_language,source_text,translated_text
"deu_Latn","adventskalender 2025","2025年圣诞倒数日历"
"deu_Latn","adventskalender 2025 frauen","2025年女士圣诞倒数日历"
"deu_Latn","adventskalender","圣诞倒数日历"
"deu_Latn","adventskalender zum befüllen","可填充圣诞倒数日历"
"deu_Latn","adventskalender 2025 männer","2025年男士圣诞倒数日历"
"deu_Latn","adventskalender 2025 kinder","2025年儿童圣诞倒数日历"
"deu_Latn","adventskalender männer","男士圣诞倒数日历"
"deu_Latn","adventskalender kinder","儿童圣诞倒数日历"
"deu_Latn","adventskalender füllung","圣诞倒数日历填充物"
"deu_Latn","lego adventskalender 2025","2025年乐高圣诞倒数日历"
"deu_Latn","adventskalender 2025 mädchen","2025年女孩圣诞倒数日历"
"deu_Latn","tee adventskalender 2025","2025年茶叶圣诞倒数日历"
"deu_Latn","rituals adventskalender 2025","2025年Rituals圣诞倒数日历"
"deu_Latn","adventskalender frauen","女士圣诞倒数日历"
"deu_Latn","adventskalender tüten","纸袋圣诞倒数日历"
"deu_Latn","adventskalender mädchen","女孩圣诞倒数日历"
"deu_Latn","playmobil adventskalender","Playmobil圣诞倒数日历"
"deu_Latn","lindt adventskalender 2025","2025年瑞士莲圣诞倒数日历"
"deu_Latn","adventskalender schokolade","巧克力圣诞倒数日历"
"deu_Latn","adventskalender lego","乐高圣诞倒数日历"
"deu_Latn","harry potter adventskalender","《哈利·波特》圣诞倒数日历"
"deu_Latn","adventskalender paare","情侣圣诞倒数日历"
"deu_Latn","bosch adventskalender 2025","2025年博世圣诞倒数日历"
"deu_Latn","pokemon adventskalender 2025","2025年宝可梦圣诞倒数日历"
"deu_Latn","lego adventskalender","乐高圣诞倒数日历"
"deu_Latn","kleinigkeiten für adventskalender","小物圣诞倒数日历"
"deu_Latn","wera adventskalender 2025","2025年Wera圣诞倒数日历"
"deu_Latn","red bull adventskalender 2025","2025年红牛圣诞倒数日历"
"deu_Latn","adventskalender teenager mädchen","青少年女孩圣诞倒数日历"
"deu_Latn","weihnachtskalender 2025","2025年圣诞倒数日历"
"deu_Latn","makita adventskalender 2025","2025年牧田圣诞倒数日历"
"deu_Latn","2025 adventskalender","2025年圣诞倒数日历"
"deu_Latn","adventskalender tee","茶叶圣诞倒数日历"
"deu_Latn","essence adventskalender 2025","2025年essence圣诞倒数日历"
"deu_Latn","exit adventskalender 2025","2025年EXIT圣诞倒数日历"
"deu_Latn","minecraft adventskalender 2025","2025年《我的世界》圣诞倒数日历"
"deu_Latn","pringles adventskalender 2025","2025年Pringles圣诞倒数日历"
"deu_Latn","amorelie adventskalender 2025","2025年Amorelie圣诞倒数日历"
"deu_Latn","adventskalender selber befüllen","可自行填充圣诞倒数日历"
"deu_Latn","adventskalender 2025 schokolade","2025年巧克力圣诞倒数日历"
"deu_Latn","douglas adventskalender 2025","2025年Douglas圣诞倒数日历"
"deu_Latn","adventskalender rätsel","谜题圣诞倒数日历"
"deu_Latn","adventskalender füllung kinder","儿童圣诞倒数日历填充物"
"deu_Latn","männer adventskalender 2025","2025年男士圣诞倒数日历"
"deu_Latn","beauty adventskalender 2025","2025年美妆圣诞倒数日历"
"deu_Latn","adventskalender zum befüllen kinder","可填充儿童圣诞倒数日历"
"deu_Latn","adventskalender chips","薯片圣诞倒数日历"
"deu_Latn","kinder adventskalender 2025","2025年儿童圣诞倒数日历"
"deu_Latn","tee adventskalender","茶叶圣诞倒数日历"
"deu_Latn","bier adventskalender 2025","2025年啤酒圣诞倒数日历"
"deu_Latn","nivea adventskalender 2025","2025年妮维雅圣诞倒数日历"
"deu_Latn","adventskalender playmobil","Playmobil圣诞倒数日历"
"deu_Latn","adventskalender säckchen","小袋圣诞倒数日历"
"deu_Latn","red bull adventskalender","红牛圣诞倒数日历"
"deu_Latn","adventskalender 2025 beauty","2025年美妆圣诞倒数日历"
"deu_Latn","nutella adventskalender 2025","2025年能多益圣诞倒数日历"
"deu_Latn","catrice adventskalender 2025","2025年Catrice圣诞倒数日历"
"deu_Latn","adventskalender für männer","男士圣诞倒数日历"
"deu_Latn","adventskalender lindt","瑞士莲圣诞倒数日历"
"deu_Latn","adventskalender teenager jungs","青少年男孩圣诞倒数日历"
"deu_Latn","chips adventskalender 2025","2025年薯片圣诞倒数日历"
"deu_Latn","schleich adventskalender 2025","2025年Schleich圣诞倒数日历"
"deu_Latn","stitch adventskalender","史迪奇圣诞倒数日历"
"deu_Latn","adventskalender für paare","情侣圣诞倒数日历"
"deu_Latn","schmuck adventskalender 2025","2025年珠宝首饰圣诞倒数日历"
"deu_Latn","koro adventskalender 2025","2025年Koro圣诞倒数日历"
"deu_Latn","adventskalender jungen","男孩圣诞倒数日历"
"deu_Latn","adventskalender frauen 2025","2025年女士圣诞倒数日历"
"deu_Latn","baby born adventskalender 2025","2025年Baby Born圣诞倒数日历"
"deu_Latn","adventskalender tüten zum befüllen","可填充纸袋圣诞倒数日历"
"deu_Latn","pixi adventskalender 2025","2025年pixi圣诞倒数日历"
"deu_Latn","legami adventskalender 2025","2025年Legami圣诞倒数日历"
"deu_Latn","lindt adventskalender","瑞士莲圣诞倒数日历"
"deu_Latn","adventskalender 2025 erwachsene","2025年成人圣诞倒数日历"
"deu_Latn","hot wheels adventskalender 2025","2025年风火轮圣诞倒数日历"
"deu_Latn","Weihnachtskalender","圣诞倒数日历"
"deu_Latn","werkzeug adventskalender 2025","2025年工具圣诞倒数日历"
"deu_Latn","stranger things adventskalender","《怪奇物语》圣诞倒数日历"
"deu_Latn","adventskalender kinderschokolade","儿童巧克力圣诞倒数日历"
"deu_Latn","haribo adventskalender 2025","2025年哈瑞宝圣诞倒数日历"
"deu_Latn","purelei adventskalender 2025","2025年PURELEI圣诞倒数日历"
"deu_Latn","adventskalender süßigkeiten","糖果圣诞倒数日历"
"deu_Latn","adventskalender beauty","美妆圣诞倒数日历"
"deu_Latn","adventskalender harry potter","《哈利·波特》圣诞倒数日历"
"deu_Latn","maybelline adventskalender 2025","2025年美宝莲圣诞倒数日历"
"deu_Latn","adventskalender schmuck","珠宝首饰圣诞倒数日历"
"deu_Latn","niederegger adventskalender 2025","2025年Niederegger圣诞倒数日历"
"deu_Latn","kleinigkeiten für adventskalender kinder","小物儿童圣诞倒数日历"
"deu_Latn","adventskalender mädchen 10 jahre","10岁女孩圣诞倒数日历"
"deu_Latn","'adventskalender 2025","2025年圣诞倒数日历"
"deu_Latn","barbie adventskalender 2025","2025年芭比圣诞倒数日历"
"deu_Latn","adventskalender für frauen","女士圣诞倒数日历"
"deu_Latn","paar adventskalender 2025","2025年情侣圣诞倒数日历"
"deu_Latn","adventskalender baby","婴幼儿圣诞倒数日历"
"deu_Latn","adventskalender 2025 lego","2025年乐高圣诞倒数日历"
"deu_Latn","milka adventskalender 2025","2025年Milka圣诞倒数日历"
"deu_Latn","adventskalender minecraft","《我的世界》圣诞倒数日历"
"deu_Latn","adventskalender jungen 10 jahre","10岁男孩圣诞倒数日历"
"deu_Latn","weihnachtskalender selbst befüllen","可自行填充圣诞倒数日历"
"deu_Latn","puzzle adventskalender","拼图圣诞倒数日历"
"deu_Latn","adventskalender mann","男士圣诞倒数日历"
"deu_Latn","rituals adventskalender","Rituals圣诞倒数日历"
"deu_Latn","lego minecraft adventskalender 2025","2025年乐高《我的世界》圣诞倒数日历"
"deu_Latn","kinderschokolade adventskalender","儿童巧克力圣诞倒数日历"
"deu_Latn","hunde adventskalender 2025","2025年狗狗圣诞倒数日历"
"deu_Latn","after eight adventskalender","After Eight圣诞倒数日历"
"deu_Latn","adventskalender werkzeug","工具圣诞倒数日历"
"deu_Latn","tiptoi adventskalender 2025","2025年tiptoi圣诞倒数日历"
"deu_Latn","adventskalender zum befüllen stoff","可填充布艺圣诞倒数日历"
"deu_Latn","minecraft adventskalender","《我的世界》圣诞倒数日历"
"deu_Latn","lakritz adventskalender","甘草糖圣诞倒数日历"
"deu_Latn","adventskalender 2025 tee","2025年茶叶圣诞倒数日历"
"deu_Latn","fc bayern adventskalender 2025","2025年拜仁慕尼黑圣诞倒数日历"
"deu_Latn","tüten adventskalender","纸袋圣诞倒数日历"
"deu_Latn","socken adventskalender","袜子圣诞倒数日历"
"deu_Latn","füllung adventskalender teenager","青少年圣诞倒数日历填充物"
"deu_Latn","adventskalender erwachsene","成人圣诞倒数日历"
"deu_Latn","parfüm adventskalender","香水圣诞倒数日历"
"deu_Latn","weihnachtskalender 2025 für frauen","2025年女士圣诞倒数日历"
"deu_Latn","kneipp adventskalender 2025","2025年Kneipp圣诞倒数日历"
"deu_Latn","playmobil adventskalender 2025","2025年Playmobil圣诞倒数日历"
"deu_Latn","pokemon adventskalender","宝可梦圣诞倒数日历"
"deu_Latn","adventskalender schleich","Schleich圣诞倒数日历"
"deu_Latn","schleich adventskalender","Schleich圣诞倒数日历"
"deu_Latn","protein adventskalender 2025","2025年蛋白质圣诞倒数日历"
"deu_Latn","adventskalender hund","狗狗圣诞倒数日历"
"deu_Latn","adventskalender buch","书籍圣诞倒数日历"
"deu_Latn","lego star wars adventskalender","乐高《星球大战》圣诞倒数日历"
"deu_Latn","lego blumen adventskalender","乐高花卉圣诞倒数日历"
"deu_Latn","adventskalender mädchen 12 jahre","12岁女孩圣诞倒数日历"
"deu_Latn","adventskalender mädchen 8 jahre","8岁女孩圣诞倒数日历"
"deu_Latn","süßigkeiten adventskalender","糖果圣诞倒数日历"
"deu_Latn","ankerkraut adventskalender 2025","2025年Ankerkraut圣诞倒数日历"
"deu_Latn","adventskalender 2025 süßigkeiten","2025年糖果圣诞倒数日历"
"deu_Latn","star wars adventskalender 2025","2025年《星球大战》圣诞倒数日历"
"deu_Latn","adventskalender füllung männer","男士圣诞倒数日历填充物"
"deu_Latn","adventskalender zum selber befüllen","可自行填充圣诞倒数日历"
"deu_Latn","paw patrol adventskalender 2025","2025年《汪汪队立大功》圣诞倒数日历"
"deu_Latn","adventskalender pokemon","宝可梦圣诞倒数日历"
"deu_Latn","adventskalender 2025 lindt","2025年瑞士莲圣诞倒数日历"
"deu_Latn","squishmallow adventskalender","squishmallow圣诞倒数日历"
"deu_Latn","adventskalender buch kinder","书籍儿童圣诞倒数日历"
"deu_Latn","seeberger adventskalender","Seeberger圣诞倒数日历"
"deu_Latn","adventskalender essence","essence圣诞倒数日历"
"deu_Latn","funko pop adventskalender","Funko Pop圣诞倒数日历"
"deu_Latn","adventskalender gewürze","香料圣诞倒数日历"
"deu_Latn","stitch adventskalender 2025","2025年史迪奇圣诞倒数日历"
"deu_Latn","adventskalender für paare 2025","2025年情侣圣诞倒数日历"
"deu_Latn","adventskalender vegan","纯素圣诞倒数日历"
"deu_Latn","sugargang adventskalender","Sugargang圣诞倒数日历"
"deu_Latn","asam beauty adventskalender 2025","2025年ASAM美妆圣诞倒数日历"
"deu_Latn","pärchen adventskalender","情侣圣诞倒数日历"
"deu_Latn","adventskalender teenager","青少年圣诞倒数日历"
"deu_Latn","just spices adventskalender 2025","2025年Just Spices圣诞倒数日历"
"deu_Latn","adventskalender jungen 12 jahre","12岁男孩圣诞倒数日历"
"deu_Latn","seeberger adventskalender 2025","2025年Seeberger圣诞倒数日历"
"deu_Latn","adventskalender jungs","男孩圣诞倒数日历"
"deu_Latn","gravitrax adventskalender 2025","2025年GraviTrax圣诞倒数日历"
"deu_Latn","kpop demon hunters adventskalender","《KPop恶魔猎人》圣诞倒数日历"
"deu_Latn","hitschies adventskalender","Hitschies圣诞倒数日历"
"deu_Latn","kinder adventskalender","儿童圣诞倒数日历"
"deu_Latn","katzen adventskalender 2025","2025年猫咪圣诞倒数日历"
"deu_Latn","ausgefallene adventskalender für erwachsene","别具一格成人圣诞倒数日历"
"deu_Latn","adventskalender zahlen aufkleber","数字贴纸圣诞倒数日历"
"deu_Latn","angel adventskalender 2025","2025年钓鱼圣诞倒数日历"
"deu_Latn","eis adventskalender 2025 für paare","2025年冰淇淋情侣圣诞倒数日历"
"deu_Latn","adventskalender protein","蛋白质圣诞倒数日历"
"deu_Latn","adventskalender barbie","芭比圣诞倒数日历"
"deu_Latn","adventskalender frau","女士圣诞倒数日历"
"deu_Latn","adventskalender rituals","Rituals圣诞倒数日历"
"deu_Latn","adventskalender fußball","足球圣诞倒数日历"
"deu_Latn","fitness adventskalender 2025","2025年健身圣诞倒数日历"
"deu_Latn","escape adventskalender 2025","2025年密室逃脱圣诞倒数日历"
"deu_Latn","adventskalender kosmetik","化妆品圣诞倒数日历"
"deu_Latn","adventskalender pringles","Pringles圣诞倒数日历"
"deu_Latn","harry potter adventskalender 2025","2025年《哈利·波特》圣诞倒数日历"
"deu_Latn","holy adventskalender","Holy圣诞倒数日历"
"deu_Latn","adventskalender stitch","史迪奇圣诞倒数日历"
"deu_Latn","adventskalender befüllen ideen","圣诞倒数日历填充创意"
"deu_Latn","'adventskalender","圣诞倒数日历"
"deu_Latn","freche freunde adventskalender","Freche Freunde圣诞倒数日历"
"deu_Latn","barbie adventskalender","芭比圣诞倒数日历"
"deu_Latn","balea adventskalender 2025","2025年Balea圣诞倒数日历"
"deu_Latn","adventskalender katzen","猫咪圣诞倒数日历"
"deu_Latn","kosmetik adventskalender 2025","2025年化妆品圣诞倒数日历"
"deu_Latn","adventskalender schminke","彩妆圣诞倒数日历"
"deu_Latn","revell adventskalender","Revell圣诞倒数日历"
"deu_Latn","whisky adventskalender 2025","2025年威士忌圣诞倒数日历"
"deu_Latn","parfum adventskalender","香水圣诞倒数日历"
"deu_Latn","adventskalender achtsamkeit","正念圣诞倒数日历"
"deu_Latn","adventskalender 2025 teenager mädchen","2025年青少年女孩圣诞倒数日历"
"deu_Latn","frauen adventskalender 2025","2025年女士圣诞倒数日历"
"deu_Latn","schmuck adventskalender","珠宝首饰圣诞倒数日历"
"deu_Latn","adventskalender socken","袜子圣诞倒数日历"
"deu_Latn","männer adventskalender","男士圣诞倒数日历"
"deu_Latn","essence adventskalender","essence圣诞倒数日历"
"deu_Latn","gewürz adventskalender 2025","2025年香料圣诞倒数日历"
"deu_Latn","adventskalender füllung frauen","女士圣诞倒数日历填充物"
"deu_Latn","schoko adventskalender 2025","2025年巧克力圣诞倒数日历"
"deu_Latn","adventskalender 2025 paare","2025年情侣圣诞倒数日历"
"deu_Latn","adventskalender 2025 frauen beauty","2025年女士美妆圣诞倒数日历"
"deu_Latn","'adventskalender männer","男士圣诞倒数日历"
"deu_Latn","demon slayer adventskalender","《鬼灭之刃》圣诞倒数日历"
"deu_Latn","adventskalender nüsse","坚果圣诞倒数日历"
"deu_Latn","werkzeug adventskalender","工具圣诞倒数日历"
"deu_Latn","puzzle adventskalender 2025","2025年拼图圣诞倒数日历"
"deu_Latn","pferde adventskalender","马匹圣诞倒数日历"
"deu_Latn","buch adventskalender 2025","2025年书籍圣诞倒数日历"
"deu_Latn","checker tobi adventskalender 2025","2025年Checker Tobi圣诞倒数日历"
"deu_Latn","hazet adventskalender 2025","2025年HAZET圣诞倒数日历"
"deu_Latn","adventskalender 2025 kinderschokolade","2025年儿童巧克力圣诞倒数日历"
"deu_Latn","bvb adventskalender 2025","2025年BVB圣诞倒数日历"
"deu_Latn","adventskalender kinder 2 jahre","2岁儿童圣诞倒数日历"
"deu_Latn","adventskalender jungen 8 jahre","8岁男孩圣诞倒数日历"
"deu_Latn","match attax adventskalender","Match Attax圣诞倒数日历"
"deu_Latn","rätsel adventskalender 2025","2025年谜题圣诞倒数日历"
"deu_Latn","adventskalender kinder schokolade","儿童巧克力圣诞倒数日历"
"deu_Latn","holy energy adventskalender","Holy能量饮料圣诞倒数日历"
"deu_Latn","adventskalender essen","食品圣诞倒数日历"
"deu_Latn","adventskalender buch für erwachsene","书籍成人圣诞倒数日历"
"deu_Latn","füllung adventskalender","圣诞倒数日历填充物"
"deu_Latn","rätsel adventskalender","谜题圣诞倒数日历"
"deu_Latn","bluey adventskalender 2025","2025年Bluey圣诞倒数日历"
"deu_Latn","adventskalender zum befüllen groß","可填充大号圣诞倒数日历"
"deu_Latn","adventskalender zahlen","数字圣诞倒数日历"
"deu_Latn","funny frisch adventskalender","趣味新鲜圣诞倒数日历"
"deu_Latn","veganer adventskalender 2025","2025年纯素圣诞倒数日历"
"deu_Latn","adventskalender freundin","女友圣诞倒数日历"
"deu_Latn","weihnachtskalender 2025 kinder","2025年儿童圣诞倒数日历"
"deu_Latn","adventskalender haribo","哈瑞宝圣诞倒数日历"
"deu_Latn","marzipan adventskalender 2025","2025年杏仁糖圣诞倒数日历"
"deu_Latn","dart adventskalender 2025","2025年飞镖圣诞倒数日历"
"deu_Latn","adventskalender-frauen","女士圣诞倒数日历"
"deu_Latn","adventskalender lakritz","甘草糖圣诞倒数日历"
"deu_Latn","adventskalender parfüm","香水圣诞倒数日历"
"deu_Latn","baby adventskalender","婴幼儿圣诞倒数日历"
"deu_Latn","baby born adventskalender","Baby Born圣诞倒数日历"
"deu_Latn","adventskalender inhalt kinder","儿童圣诞倒数日历内装物"
"deu_Latn","makita adventskalender","牧田圣诞倒数日历"
"deu_Latn","adventskalender marzipan","杏仁糖圣诞倒数日历"
"deu_Latn","adventskalender fitness","健身圣诞倒数日历"
"deu_Latn","sephora adventskalender 2025","2025年丝芙兰圣诞倒数日历"
"deu_Latn","adventskalender damen","女士圣诞倒数日历"
"deu_Latn","mini adventskalender","迷你圣诞倒数日历"
"deu_Latn","schoko adventskalender","巧克力圣诞倒数日历"
"deu_Latn","säckchen adventskalender zum befüllen","可填充圣诞倒数日历小袋"
"deu_Latn","adventskalender lindt 2025","2025年瑞士莲圣诞倒数日历"
"deu_Latn","adventskalender 2025 jungs","2025年男孩圣诞倒数日历"
"deu_Latn","adventskalender 2025 schmuck","2025年珠宝首饰圣诞倒数日历"
"deu_Latn","diamond painting adventskalender","钻石画圣诞倒数日历"
"deu_Latn","weihnachtskalender 2025 für männer","2025年男士圣诞倒数日历"
"deu_Latn","legami adventskalender","Legami圣诞倒数日历"
"deu_Latn","adventskalender paare 2025","2025年情侣圣诞倒数日历"
"deu_Latn","anime adventskalender","动漫圣诞倒数日历"
"deu_Latn","lego city adventskalender 2025","2025年乐高城市圣诞倒数日历"
"deu_Latn","adventskalender kinder 3 jahre","3岁儿童圣诞倒数日历"
"deu_Latn","more adventskalender 2025","2025年more圣诞倒数日历"
"deu_Latn","exit adventskalender","EXIT圣诞倒数日历"
"deu_Latn","make up adventskalender 2025","2025年圣诞倒数日历"
"deu_Latn","papiertüten adventskalender","纸袋圣诞倒数日历"
"deu_Latn","'adventskalender kinder","儿童圣诞倒数日历"
"deu_Latn","adventskalender baby born","Baby Born圣诞倒数日历"
"deu_Latn","adventskalender junge","男孩圣诞倒数日历"
"deu_Latn","pringles adventskalender","Pringles圣诞倒数日历"
"deu_Latn","adventskalender 2025 make up","2025年圣诞倒数日历"
"deu_Latn","adventskalender für hunde","狗狗圣诞倒数日历"
"deu_Latn","adventskalender füllung teenager","青少年圣诞倒数日历填充物"
"deu_Latn","adventskalender playmobil 2025","2025年Playmobil圣诞倒数日历"
"deu_Latn","capybara adventskalender","水豚圣诞倒数日历"
"deu_Latn","kleine geschenke für adventskalender","小号礼物圣诞倒数日历"
"deu_Latn","pandora adventskalender","Pandora圣诞倒数日历"
"deu_Latn","polly pocket adventskalender","Polly Pocket圣诞倒数日历"
"deu_Latn","adventskalender selbst befüllen","可自行填充圣诞倒数日历"
"deu_Latn","douglas adventskalender","Douglas圣诞倒数日历"
"deu_Latn","chips adventskalender","薯片圣诞倒数日历"
"deu_Latn","yankee candle adventskalender","Yankee Candle圣诞倒数日历"
"deu_Latn","adventskalender 2025 chips","2025年薯片圣诞倒数日历"
"deu_Latn","adventskalender für kinder","儿童圣诞倒数日历"
"deu_Latn","adventskalender snacks","零食圣诞倒数日历"
"deu_Latn","achtsamkeit adventskalender 2025","2025年正念圣诞倒数日历"
"deu_Latn","adventskalender basteln","手工圣诞倒数日历"
"deu_Latn","kaffee adventskalender 2025","2025年咖啡圣诞倒数日历"
"deu_Latn","drei fragezeichen adventskalender","三个问号圣诞倒数日历"
"deu_Latn","hello kitty adventskalender","Hello Kitty圣诞倒数日历"
"deu_Latn","bluebrixx adventskalender","bluebrixx圣诞倒数日历"
"deu_Latn","more nutrition adventskalender","More Nutrition圣诞倒数日历"
"deu_Latn","adventskalender puzzle","拼图圣诞倒数日历"
"deu_Latn","adventskalender milka","Milka圣诞倒数日历"
"deu_Latn","adventskalender kerzen","蜡烛圣诞倒数日历"
"deu_Latn","kosmetik adventskalender","化妆品圣诞倒数日历"
"deu_Latn","disney adventskalender","迪士尼圣诞倒数日历"
"deu_Latn","aufkleber adventskalender zahlen","贴纸数字圣诞倒数日历"
"deu_Latn","adventskalender selber basteln","手工圣诞倒数日历"
"deu_Latn","adventskalender paw patrol","《汪汪队立大功》圣诞倒数日历"
"deu_Latn","adventskalender 2025 männer werkzeug","2025年男士工具圣诞倒数日历"
"deu_Latn","adventskalender 2025 harry potter","2025年《哈利·波特》圣诞倒数日历"
"deu_Latn","lego friends adventskalender 2025","2025年乐高Friends圣诞倒数日历"
"deu_Latn","adventskalender 2025 frauen parfüm","2025年女士香水圣诞倒数日历"
"deu_Latn","essie adventskalender 2025","2025年essie圣诞倒数日历"
"deu_Latn","fußball adventskalender","足球圣诞倒数日历"
"deu_Latn","adventskalender gesund","健康圣诞倒数日历"
"deu_Latn","tip toi adventskalender 2025","2025年tiptoi圣诞倒数日历"
"deu_Latn","adventskalender schokolade 2025","2025年巧克力圣诞倒数日历"
"deu_Latn","fussball adventskalender 2025","2025年足球圣诞倒数日历"
"deu_Latn","adventskalender zum befüllen xxl","可填充XXL圣诞倒数日历"
"deu_Latn","erotischer adventskalender","情趣圣诞倒数日历"
"deu_Latn","bosch adventskalender","博世圣诞倒数日历"
"deu_Latn","veganer adventskalender","纯素圣诞倒数日历"
"deu_Latn","adventskalender make up","圣诞倒数日历"
"deu_Latn","adventskalender pralinen","巧克力糖圣诞倒数日历"
"deu_Latn","adventskalender männer 2025","2025年男士圣诞倒数日历"
"deu_Latn","adventskalender kleinkind","幼儿圣诞倒数日历"
"deu_Latn","adventskalender tüten groß","纸袋大号圣诞倒数日历"
"deu_Latn","adventskalender mädchen 6 jahre","6岁女孩圣诞倒数日历"
"deu_Latn","adventskalender 2025 werkzeug","2025年工具圣诞倒数日历"
"deu_Latn","grinch adventskalender 2025","2025年圣诞怪杰圣诞倒数日历"
"deu_Latn","kleinigkeiten für adventskalender erwachsene","小物成人圣诞倒数日历"
"deu_Latn","adventskalender inhalt","圣诞倒数日历内装物"
"deu_Latn","sugar gang adventskalender","sugargang圣诞倒数日历"
"deu_Latn","stoff adventskalender zum befüllen","布艺可填充圣诞倒数日历"
"deu_Latn","adventskalender red bull","红牛圣诞倒数日历"
"deu_Latn","adventskalender für erwachsene","成人圣诞倒数日历"
"deu_Latn","porsche adventskalender 2025","2025年Porsche圣诞倒数日历"
"deu_Latn","adventskalender marmelade","果酱圣诞倒数日历"
"deu_Latn","adventskalender pferde","马匹圣诞倒数日历"
"deu_Latn","wednesday adventskalender","《星期三》圣诞倒数日历"
"deu_Latn","adventskalender jungen 6 jahre","6岁男孩圣诞倒数日历"
"deu_Latn","adventskalender 2025 kinder mädchen","2025年儿童女孩圣诞倒数日历"
"deu_Latn","adventskalender 2025 kinder jungen","2025年儿童男孩圣诞倒数日历"
"deu_Latn","adventskalender parfüm damen","香水女士圣诞倒数日历"
"deu_Latn","lego harry potter adventskalender","乐高《哈利·波特》圣诞倒数日历"
"deu_Latn","loreal adventskalender 2025","2025年欧莱雅圣诞倒数日历"
"deu_Latn","schokoladen adventskalender 2025","2025年巧克力圣诞倒数日历"
"deu_Latn","adventskalender für schwangere","孕妇圣诞倒数日历"
"deu_Latn","beauty adventskalender","美妆圣诞倒数日历"
"deu_Latn","diy adventskalender zum befüllen","DIY可填充圣诞倒数日历"
"deu_Latn","reeses adventskalender","Reese's圣诞倒数日历"
"deu_Latn","slime adventskalender","slime圣诞倒数日历"
"deu_Latn","adventskalender bier","啤酒圣诞倒数日历"
"deu_Latn","wera adventskalender","Wera圣诞倒数日历"
"deu_Latn","adventskalender fussball","足球圣诞倒数日历"
"deu_Latn","tüten adventskalender zum befüllen","可填充纸袋圣诞倒数日历"
"deu_Latn","adventskalender auto","汽车圣诞倒数日历"
"deu_Latn","adventskalender lustig","趣味圣诞倒数日历"
"deu_Latn","one piece adventskalender","《海贼王》圣诞倒数日历"
"deu_Latn","adventskalender 2025 rituals","2025年Rituals圣诞倒数日历"
"deu_Latn","adventskalender 2025 paar","2025年情侣圣诞倒数日历"
"deu_Latn","nuss adventskalender","坚果圣诞倒数日历"
"deu_Latn","tiptoi adventskalender","tiptoi圣诞倒数日历"
"deu_Latn","adventskalender kaffee","咖啡圣诞倒数日历"
"deu_Latn","adventskalender herren","男士圣诞倒数日历"
"deu_Latn","adventskalender gummibärchen","软糖圣诞倒数日历"
"deu_Latn","adventskalender jugendliche jungs","青少年男孩圣诞倒数日历"
"deu_Latn","adventskalender makita","牧田圣诞倒数日历"
"deu_Latn","pukka adventskalender 2025","2025年Pukka圣诞倒数日历"
"deu_Latn","adventskalender mädchen 4 jahre","4岁女孩圣诞倒数日历"
"deu_Latn","adventskalender minecraft 2025","2025年《我的世界》圣诞倒数日历"
"deu_Latn","adventskalender 2025 playmobil","2025年Playmobil圣诞倒数日历"
"deu_Latn","salami adventskalender","萨拉米香肠圣诞倒数日历"
"deu_Latn","adventskalender mädchen 5 jahre","5岁女孩圣诞倒数日历"
"deu_Latn","adventskalender mama","妈妈圣诞倒数日历"
"deu_Latn","adventskalender angeln","钓鱼圣诞倒数日历"
"deu_Latn","inhalt adventskalender kinder","儿童圣诞倒数日历内装物"
"deu_Latn","adventskalender puzzle erwachsene","拼图成人圣诞倒数日历"
"deu_Latn","hunde adventskalender","狗狗圣诞倒数日历"
"deu_Latn","angel adventskalender","钓鱼圣诞倒数日历"
"deu_Latn","paw patrol adventskalender","《汪汪队立大功》圣诞倒数日历"
"deu_Latn","adventskalender anime","动漫圣诞倒数日历"
"deu_Latn","adventskalender 2025 gewürze","2025年香料圣诞倒数日历"
"deu_Latn","adventskalender diy","DIY圣诞倒数日历"
"deu_Latn","manhattan adventskalender 2025","2025年manhattan圣诞倒数日历"
"deu_Latn","fortnite adventskalender","fortnite圣诞倒数日历"
"deu_Latn","adventskalender star wars","《星球大战》圣诞倒数日历"
"deu_Latn","koro adventskalender","Koro圣诞倒数日历"
"deu_Latn","die drei ausrufezeichen adventskalender","三个感叹号圣诞倒数日历"
"deu_Latn","adventskalender 2025 frauen schmuck","2025年女士珠宝首饰圣诞倒数日历"
"deu_Latn","adventskalender beste freundin","精选女友圣诞倒数日历"
"deu_Latn","haribo adventskalender","哈瑞宝圣诞倒数日历"
"deu_Latn","adventskalender sport","运动圣诞倒数日历"
"deu_Latn","nutella adventskalender","能多益圣诞倒数日历"
"deu_Latn","k pop demon hunter adventskalender","《KPop恶魔猎人》圣诞倒数日历"
"deu_Latn","mini geschenke für adventskalender","迷你礼物圣诞倒数日历"
"deu_Latn","adventskalender fc bayern","拜仁慕尼黑圣诞倒数日历"
"deu_Latn","weihnachtskalender männer","男士圣诞倒数日历"
"deu_Latn","adventskalender sprüche","格言圣诞倒数日历"
"deu_Latn","ideen für adventskalender füllung","创意圣诞倒数日历填充物"
"deu_Latn","adventskalender dunkle schokolade","黑巧克力圣诞倒数日历"
"deu_Latn","adventskalender säckchen groß","小袋大号圣诞倒数日历"
"deu_Latn","adventskalender harry potter 2025","2025年《哈利·波特》圣诞倒数日历"
"deu_Latn","adventskalender rätsel erwachsene","谜题成人圣诞倒数日历"
"deu_Latn","adventskalender hunde 2025","2025年狗狗圣诞倒数日历"
"deu_Latn","protein adventskalender","蛋白质圣诞倒数日历"
"deu_Latn","anime adventskalender 2025","2025年动漫圣诞倒数日历"
"deu_Latn","adventskalender hotwheels","hotwheels圣诞倒数日历"
"deu_Latn","adventskalender lego 2025","2025年乐高圣诞倒数日历"
"deu_Latn","adventskalender nutella","能多益圣诞倒数日历"
"deu_Latn","zahlen adventskalender","数字圣诞倒数日历"
"deu_Latn","adventskalender bücher","书籍圣诞倒数日历"
"deu_Latn","adventskalender experimente","实验圣诞倒数日历"
"deu_Latn","adventskalender aufkleber","贴纸圣诞倒数日历"
"deu_Latn","adventskalender after eight","After Eight圣诞倒数日历"
"deu_Latn","adventskalender rituals 2025","2025年Rituals圣诞倒数日历"
"deu_Latn","adventskalender sticker 1-24","贴纸124圣诞倒数日历"
"deu_Latn","adventskalender gaming","gaming圣诞倒数日历"
"deu_Latn","wein adventskalender 2025","2025年葡萄酒圣诞倒数日历"
"deu_Latn","adventskalender kinder zum befüllen","儿童可填充圣诞倒数日历"
"deu_Latn","bier adventskalender","啤酒圣诞倒数日历"
"deu_Latn","after eight adventskalender 2025","2025年After Eight圣诞倒数日历"
"deu_Latn","edelstein adventskalender","宝石圣诞倒数日历"
"deu_Latn","füllung für adventskalender mann","男士圣诞倒数日历填充物"
"deu_Latn","adventskalender dinosaurier","恐龙圣诞倒数日历"
"deu_Latn","babor adventskalender 2025","2025年babor圣诞倒数日历"
"deu_Latn","yogi tee adventskalender 2025","2025年Yogi茶叶圣诞倒数日历"
"deu_Latn","adventskalender 2025 kinder lego","2025年儿童乐高圣诞倒数日历"
"deu_Latn","papierdrachen adventskalender","Papierdrachen圣诞倒数日历"
"deu_Latn","weihnachtskalender kinder","儿童圣诞倒数日历"
"deu_Latn","parfüm adventskalender herren","香水男士圣诞倒数日历"
"deu_Latn","adventskalender befüllen","可填充圣诞倒数日历"
"deu_Latn","ehrlich brothers adventskalender 2025","2025年Ehrlich Brothers圣诞倒数日历"
"deu_Latn","bastel adventskalender","手工圣诞倒数日历"
"deu_Latn","adventskalender 2025 kosmetik","2025年化妆品圣诞倒数日历"
"deu_Latn","kerzen adventskalender","蜡烛圣诞倒数日历"
"deu_Latn","marvel adventskalender","漫威圣诞倒数日历"
"deu_Latn","adventskalender 2025 frauen kosmetik","2025年女士化妆品圣诞倒数日历"
"deu_Latn","gabbys dollhouse adventskalender","Gabby's Dollhouse圣诞倒数日历"
"deu_Latn","adventskalender ideen zum befüllen","创意可填充圣诞倒数日历"
"deu_Latn","adventskalender lego flower","乐高花卉圣诞倒数日历"
"deu_Latn","'adventskalender zum befüllen","可填充圣诞倒数日历"
"deu_Latn","adventskalender badezusatz","沐浴用品圣诞倒数日历"
"deu_Latn","adventskalender holz","木质圣诞倒数日历"
"deu_Latn","adventskalender 2025 minecraft","2025年《我的世界》圣诞倒数日历"
"deu_Latn","brainrot adventskalender","brainrot圣诞倒数日历"
"deu_Latn","adventskalender beutel","袋子圣诞倒数日历"
"deu_Latn","mädchen adventskalender","女孩圣诞倒数日历"
"deu_Latn","adventskalender personalisiert","个性化圣诞倒数日历"
"deu_Latn","stray kids adventskalender","Stray Kids圣诞倒数日历"
"deu_Latn","adventskalender douglas","Douglas圣诞倒数日历"
"deu_Latn","holi adventskalender 2025","2025年holi圣诞倒数日历"
"deu_Latn","sex adventskalender für paar","成人情趣情侣圣诞倒数日历"
"deu_Latn","adventskalender niederegger","Niederegger圣诞倒数日历"
"deu_Latn","ddr adventskalender 2025","2025年DDR圣诞倒数日历"
"deu_Latn","airfryer adventskalender","空气炸锅圣诞倒数日历"
"deu_Latn","esn adventskalender","esn圣诞倒数日历"
"deu_Latn","krimi adventskalender 2025","2025年推理圣诞倒数日历"
"deu_Latn","weleda adventskalender 2025","2025年weleda圣诞倒数日历"
"deu_Latn","adventskalender 2025 kinder 2 jahre","2025年2岁儿童圣诞倒数日历"
"deu_Latn","kaffee adventskalender","咖啡圣诞倒数日历"
"deu_Latn","adventskalender inhalt männer","男士圣诞倒数日历内装物"
"deu_Latn","schokoladen adventskalender","巧克力圣诞倒数日历"
"deu_Latn","kleine geschenke adventskalender kinder","小号礼物儿童圣诞倒数日历"
"deu_Latn","adventskalender für katzen","猫咪圣诞倒数日历"
"deu_Latn","fitness adventskalender","健身圣诞倒数日历"
"deu_Latn","waterdrop adventskalender 2025","2025年waterdrop圣诞倒数日历"
"deu_Latn","rentner adventskalender","退休人士圣诞倒数日历"
"deu_Latn","legami adventskalender stifte limited edition","Legami笔限量版圣诞倒数日历"
"deu_Latn","amazon adventskalender 2025","2025年亚马逊圣诞倒数日历"
"deu_Latn","adventskalender 2025 männer parfüm","2025年男士香水圣诞倒数日历"
"deu_Latn","edle tropfen adventskalender","精选酒品圣诞倒数日历"
"deu_Latn","kleine geschenke adventskalender","小号礼物圣诞倒数日历"
"deu_Latn","adventskalender pokemon 2025","2025年宝可梦圣诞倒数日历"
"deu_Latn","tatort adventskalender 2025","2025年tatort圣诞倒数日历"
"deu_Latn","adventskalender hunde","狗狗圣诞倒数日历"
"deu_Latn","adventskalender makeup","彩妆圣诞倒数日历"
"deu_Latn","kinder schokolade adventskalender","儿童巧克力圣诞倒数日历"
"deu_Latn","adventskalender 2025 essence","2025年essence圣诞倒数日历"
"deu_Latn","adventskalender aufkleber zahlen","贴纸数字圣诞倒数日历"
"deu_Latn","snack adventskalender","零食圣诞倒数日历"
"deu_Latn","netflix adventskalender","Netflix圣诞倒数日历"
"deu_Latn","die drei fragezeichen adventskalender","三个问号圣诞倒数日历"
"deu_Latn","niederegger adventskalender","Niederegger圣诞倒数日历"
"deu_Latn","adventskalender 2025 kinder schokolade","2025年儿童巧克力圣诞倒数日历"
"deu_Latn","gin adventskalender 2025","2025年金酒圣诞倒数日历"
"deu_Latn","kosmos adventskalender 2025","2025年Kosmos圣诞倒数日历"
"deu_Latn","ninjago adventskalender","乐高幻影忍者圣诞倒数日历"
"deu_Latn","tinti adventskalender 2025","2025年tinti圣诞倒数日历"
"deu_Latn","roblox adventskalender","Roblox圣诞倒数日历"
"deu_Latn","rotbäckchen adventskalender","Rotbäckchen圣诞倒数日历"
"deu_Latn","adventskalender 2025 junge","2025年男孩圣诞倒数日历"
"deu_Latn","geschenke für adventskalender","礼物圣诞倒数日历"
"deu_Latn","adventskalender sticker","贴纸圣诞倒数日历"
"deu_Latn","adventskalender alkohol","酒类圣诞倒数日历"
"deu_Latn","adventskalender kreativ","创意圣诞倒数日历"
"deu_Latn","katzen adventskalender","猫咪圣诞倒数日历"
"deu_Latn","lego duplo adventskalender","乐高DUPLO圣诞倒数日历"
"deu_Latn","saatgut adventskalender 2025","2025年种子圣诞倒数日历"
"deu_Latn","adventskalender 2025 zum befüllen","2025年可填充圣诞倒数日历"
"deu_Latn","adventskalender häkeln","钩织圣诞倒数日历"
"deu_Latn","milka adventskalender","Milka圣诞倒数日历"
"deu_Latn","adventskalender geschenke kinder","礼物儿童圣诞倒数日历"
"deu_Latn","playstation adventskalender","PlayStation圣诞倒数日历"
"deu_Latn","whisky adventskalender","威士忌圣诞倒数日历"
"deu_Latn","bueno adventskalender","Bueno圣诞倒数日历"
"deu_Latn","chupa chups adventskalender 2025","2025年Chupa Chups圣诞倒数日历"
"deu_Latn","ferrero adventskalender","Ferrero圣诞倒数日历"
"deu_Latn","schleim adventskalender","史莱姆圣诞倒数日历"
"deu_Latn","einhell adventskalender 2025","2025年einhell圣诞倒数日历"
"deu_Latn","reber adventskalender 2025","2025年reber圣诞倒数日历"
"deu_Latn","adventskalender 2025 frauen sex","2025年女士成人情趣圣诞倒数日历"
"deu_Latn","adventskalender erstleser","初级读者圣诞倒数日历"
"deu_Latn","adventskalender socken damen","袜子女士圣诞倒数日历"
"deu_Latn","adventskalender weiße schokolade","白巧克力圣诞倒数日历"
"deu_Latn","golf adventskalender","高尔夫圣诞倒数日历"
"deu_Latn","adventskalender stranger things","《怪奇物语》圣诞倒数日历"
"deu_Latn","adventskalender jugendliche","青少年圣诞倒数日历"
"deu_Latn","brawl stars adventskalender 2025","2025年Brawl Stars圣诞倒数日历"
"deu_Latn","eis de adventskalender 2025","2025年EIS.de圣诞倒数日历"
"deu_Latn","formel 1 adventskalender","F1圣诞倒数日历"
"deu_Latn","adventskalender mädchen 3 jahre","3岁女孩圣诞倒数日历"
"deu_Latn","hot wheels adventskalender","风火轮圣诞倒数日历"
"deu_Latn","adventskalender schoko","巧克力圣诞倒数日历"
"deu_Latn","süßigkeiten für adventskalender","糖果圣诞倒数日历"
"deu_Latn","adventskalender müsli","麦片圣诞倒数日历"
"deu_Latn","adventskalender marzipan 2025","2025年杏仁糖圣诞倒数日历"
"deu_Latn","adventskalender 2025 frauen rituals","2025年女士Rituals圣诞倒数日历"
"deu_Latn","adventskalender 2025 für paare","2025年情侣圣诞倒数日历"
"deu_Latn","adventskalender 2025 parfüm","2025年香水圣诞倒数日历"
"deu_Latn","adventskalender 2025 teenager jungen","2025年青少年男孩圣诞倒数日历"
"deu_Latn","adventskalender 2025 pokemon","2025年宝可梦圣诞倒数日历"
"deu_Latn","adventskalender 2025 douglas","2025年Douglas圣诞倒数日历"
"deu_Latn","adventskalender 2025 vegan","2025年纯素圣诞倒数日历"
"deu_Latn","adventskalender maybelline","美宝莲圣诞倒数日历"
"deu_Latn","adventskalender edelsteine","宝石圣诞倒数日历"
"deu_Latn","kleinigkeiten zum adventskalender befüllen ideen frauen","小物女士圣诞倒数日历填充创意"
"deu_Latn","adventskalender stoff","布艺圣诞倒数日历"
"deu_Latn","adventskalender 2025 teenager","2025年青少年圣诞倒数日历"
"deu_Latn","adventskalender 2025 kinder 3 jahre","2025年3岁儿童圣诞倒数日历"
"deu_Latn","adventskalender für teenager","青少年圣诞倒数日历"
"deu_Latn","clipper adventskalender 2025","2025年clipper圣诞倒数日历"
"deu_Latn","jutesäckchen adventskalender","黄麻袋圣诞倒数日历"
"deu_Latn","adventskalender exit","EXIT圣诞倒数日历"
"deu_Latn","adventskalender disney","迪士尼圣诞倒数日历"
"deu_Latn","adventskalender frühstück","早餐圣诞倒数日历"
"deu_Latn","whiskey adventskalender 2025","2025年威士忌圣诞倒数日历"
"deu_Latn","gewürz adventskalender","香料圣诞倒数日历"
"deu_Latn","match attax adventskalender 25/26","Match Attax 25/26圣诞倒数日历"
"deu_Latn","gilmore girls adventskalender","《吉尔莫女孩》圣诞倒数日历"
"deu_Latn","häkel adventskalender 2025","2025年钩织圣诞倒数日历"
"deu_Latn","star wars adventskalender","《星球大战》圣诞倒数日历"
"deu_Latn","adventskalender skincare","护肤圣诞倒数日历"
"deu_Latn","kknekki adventskalender","kknekki圣诞倒数日历"
"deu_Latn","adventskalender funko pop","Funko Pop圣诞倒数日历"
"deu_Latn","wichtel adventskalender","圣诞小精灵圣诞倒数日历"
"deu_Latn","adventskalender oma","祖母圣诞倒数日历"
"deu_Latn","f1 adventskalender","F1圣诞倒数日历"
"deu_Latn","bayern münchen adventskalender","拜仁慕尼黑圣诞倒数日历"
"deu_Latn","adventskalender für mädchen","女孩圣诞倒数日历"
"deu_Latn","adventskalender 2025 mädchen 12 jahre","2025年12岁女孩圣诞倒数日历"
"deu_Latn","adventskalender bosch","博世圣诞倒数日历"
"deu_Latn","personalisierter adventskalender","个性化圣诞倒数日历"
"deu_Latn","skincare adventskalender","护肤圣诞倒数日历"
"deu_Latn","adventskalender kinder 1 jahr","1岁儿童圣诞倒数日历"
"deu_Latn","bibi und tina adventskalender","bibitina圣诞倒数日历"
"deu_Latn","adventskalender amerikanische süßigkeiten","美国糖果圣诞倒数日历"
"deu_Latn","adventskalender gabbys dollhouse","Gabby's Dollhouse圣诞倒数日历"
"deu_Latn","adventskalender inhalt frauen","女士圣诞倒数日历内装物"
"deu_Latn","ritter sport adventskalender","Ritter Sport圣诞倒数日历"
"deu_Latn","paarzeit adventskalender 2025","2025年paarzeit圣诞倒数日历"
"deu_Latn","adventskalender säckchen zum befüllen","可填充圣诞倒数日历小袋"
"deu_Latn","adventskalender erwachsene 2025","2025年成人圣诞倒数日历"
"deu_Latn","adventskalender zum aufhängen","悬挂式圣诞倒数日历"
"deu_Latn","adventskalender ab 1 jahr","1岁以上圣诞倒数日历"
"deu_Latn","lego adventskalender 2025 blumen","2025年乐高花卉圣诞倒数日历"
"deu_Latn","adventskalender jagd","狩猎圣诞倒数日历"
"deu_Latn","diy adventskalender","DIY圣诞倒数日历"
"deu_Latn","teenager adventskalender","青少年圣诞倒数日历"
"deu_Latn","adventskalender mädchen 7 jahre","7岁女孩圣诞倒数日历"
"deu_Latn","ramen adventskalender","拉面圣诞倒数日历"
"deu_Latn","adventskalender 2025 schminke","2025年彩妆圣诞倒数日历"
"deu_Latn","einhell adventskalender","einhell圣诞倒数日历"
"deu_Latn","adventskalender capybara","水豚圣诞倒数日历"
"deu_Latn","adventskalender 2025 jungen 12 jahre","2025年12岁男孩圣诞倒数日历"
"deu_Latn","adventskalender jungen 4 jahre","4岁男孩圣诞倒数日历"
"deu_Latn","füllung adventskalender kinder","儿童圣诞倒数日历填充物"
"deu_Latn","adventskalender beauty mädchen","美妆女孩圣诞倒数日历"
"deu_Latn","adventskalender squishmallow","squishmallow圣诞倒数日历"
"deu_Latn","adventskalender die drei ausrufezeichen","三个感叹号圣诞倒数日历"
"deu_Latn","adventskalender nivea","妮维雅圣诞倒数日历"
"deu_Latn","adventskalender 2025 jungen","2025年男孩圣诞倒数日历"
"deu_Latn","adventskalender die drei fragezeichen","三个问号圣诞倒数日历"
"deu_Latn","parfum adventskalender damen","香水女士圣诞倒数日历"
"deu_Latn","adventskalender 2025 fussball","2025年足球圣诞倒数日历"
"deu_Latn","adventskalender socken herren","袜子男士圣诞倒数日历"
"deu_Latn","adventskalender zum befüllen holz","可填充木质圣诞倒数日历"
"deu_Latn","lego star wars adventskalender 2025","2025年乐高《星球大战》圣诞倒数日历"
"deu_Latn","sudoku adventskalender 2025","2025年sudoku圣诞倒数日历"
"deu_Latn","tüten für adventskalender","纸袋圣诞倒数日历"
"deu_Latn","adventskalender büro","办公室圣诞倒数日历"
"deu_Latn","lego friends adventskalender","乐高Friends圣诞倒数日历"
"deu_Latn","survival adventskalender","生存圣诞倒数日历"
"deu_Latn","adventskalender bilder","图片圣诞倒数日历"
"deu_Latn","adventskalender douglas 2025","2025年Douglas圣诞倒数日历"
"deu_Latn","adventskalender legami","Legami圣诞倒数日历"
"deu_Latn","socken adventskalender herren","袜子男士圣诞倒数日历"
"deu_Latn","adventskalender ohne schokolade","不含巧克力圣诞倒数日历"
"deu_Latn","das kleine böse buch adventskalender","小号邪恶书籍圣诞倒数日历"
"deu_Latn","dino adventskalender","恐龙圣诞倒数日历"
"deu_Latn","adventskalender kleinigkeiten kinder","小物儿童圣诞倒数日历"
"deu_Latn","adventskalender krimi","推理圣诞倒数日历"
"deu_Latn","paar adventskalender","情侣圣诞倒数日历"
"deu_Latn","purelei adventskalender","PURELEI圣诞倒数日历"
"deu_Latn","adventskalender nougat","牛轧糖圣诞倒数日历"
"deu_Latn","adventskalender schleim","史莱姆圣诞倒数日历"
"deu_Latn","auto adventskalender","汽车圣诞倒数日历"
"deu_Latn","adventskalender 2025 marzipan","2025年杏仁糖圣诞倒数日历"
"deu_Latn","adventskalender diamond painting","钻石画圣诞倒数日历"
"deu_Latn","fußball adventskalender 2025","2025年足球圣诞倒数日历"
"deu_Latn","adventskalender klemmbausteine","拼插积木圣诞倒数日历"
"deu_Latn","lego ninjago adventskalender","乐高乐高幻影忍者圣诞倒数日历"
"deu_Latn","nuss adventskalender 2025","2025年坚果圣诞倒数日历"
"deu_Latn","adventskalender 2025 jugendliche","2025年青少年圣诞倒数日历"
"deu_Latn","gravitrax adventskalender","GraviTrax圣诞倒数日历"
"deu_Latn","erotik adventskalender","情趣圣诞倒数日历"
"deu_Latn","adventskalender 2025 pringles","2025年Pringles圣诞倒数日历"
"deu_Latn","yoga adventskalender","瑜伽圣诞倒数日历"
"deu_Latn","adventskalender ab 2 jahre","2岁以上圣诞倒数日历"
"deu_Latn","adventskalender für mama","妈妈圣诞倒数日历"
"deu_Latn","adventskalender hot wheels 2025","2025年风火轮圣诞倒数日历"
"deu_Latn","adventskalender 2025 essen","2025年食品圣诞倒数日历"
"deu_Latn","adventskalender in der dose","罐装圣诞倒数日历"
"deu_Latn","adventskalender selber machen","DIY圣诞倒数日历"
"deu_Latn","adventskalender papier","纸质圣诞倒数日历"
"deu_Latn","nostalgischer adventskalender","nostalgischer圣诞倒数日历"
"deu_Latn","schmink adventskalender","彩妆圣诞倒数日历"
"deu_Latn","zweisamkeit adventskalender","zweisamkeit圣诞倒数日历"
"deu_Latn","adventskalender fortnite","fortnite圣诞倒数日历"
"deu_Latn","adventskalender geschenke","礼物圣诞倒数日历"
"deu_Latn","adventskalender wein","葡萄酒圣诞倒数日历"
"deu_Latn","duplo adventskalender","DUPLO圣诞倒数日历"
"deu_Latn","adventskalender 2025 red bull","2025年红牛圣诞倒数日历"
"deu_Latn","adventskalender baby 1 jahr","1岁婴幼儿圣诞倒数日历"
"deu_Latn","adventskalender drei fragezeichen","三个问号圣诞倒数日历"
"deu_Latn","capybara adventskalender 2025","2025年水豚圣诞倒数日历"
"deu_Latn","adventskalender für schulklassen","学校班级圣诞倒数日历"
"deu_Latn","bastel adventskalender 2025","2025年手工圣诞倒数日历"
"deu_Latn","lustige adventskalender","趣味圣诞倒数日历"
"deu_Latn","make up adventskalender","圣诞倒数日历"
"deu_Latn","adventskalender jungs 10 jahre","10岁男孩圣诞倒数日历"
"deu_Latn","adventskalender schokolade kinder","巧克力儿童圣诞倒数日历"
"deu_Latn","erotischer adventskalender 2025","2025年情趣圣诞倒数日历"
"deu_Latn","adventskalender wera","Wera圣诞倒数日历"
"deu_Latn","wissen mit johnny adventskalender","Wissen mit Johnny圣诞倒数日历"
"deu_Latn","adventskalender fussball 2025","2025年足球圣诞倒数日历"
"deu_Latn","adventskalender kinder 4 jahre","4岁儿童圣诞倒数日历"
"deu_Latn","klemmbausteine adventskalender","拼插积木圣诞倒数日历"
"deu_Latn","m asam adventskalender 2025","2025年MASAM圣诞倒数日历"
"deu_Latn","marzipan adventskalender","杏仁糖圣诞倒数日历"
"deu_Latn","socken adventskalender damen","袜子女士圣诞倒数日历"
"deu_Latn","pixi adventskalender","pixi圣诞倒数日历"
"deu_Latn","adventskalender peppa wutz","《小猪佩奇》圣诞倒数日历"
"deu_Latn","adventskalender spielzeug","玩具圣诞倒数日历"
"deu_Latn","adventskalender jungs 12 jahre","12岁男孩圣诞倒数日历"
"deu_Latn","honig adventskalender 2025","2025年蜂蜜圣诞倒数日历"
"deu_Latn","adventskalender backen","烘焙圣诞倒数日历"
"deu_Latn","sticker adventskalender","贴纸圣诞倒数日历"
"deu_Latn","adventskalender katze","猫咪圣诞倒数日历"
"deu_Latn","adventskalender koro","Koro圣诞倒数日历"
"deu_Latn","bonne maman adventskalender 2025","2025年Bonne Maman圣诞倒数日历"
"deu_Latn","selbstgemachter adventskalender","selbstgemachter圣诞倒数日历"
"deu_Latn","adventskalender tee 2025","2025年茶叶圣诞倒数日历"
"deu_Latn","adventskalender bayern münchen","拜仁慕尼黑圣诞倒数日历"
"deu_Latn","adventskalender escape","密室逃脱圣诞倒数日历"
"deu_Latn","adventskalender schmuck frauen","珠宝首饰女士圣诞倒数日历"
"deu_Latn","adventskalender 2025 milka","2025年Milka圣诞倒数日历"
"deu_Latn","adventskalender 2025 fitness","2025年健身圣诞倒数日历"
"deu_Latn","amazon adventskalender","亚马逊圣诞倒数日历"
"deu_Latn","adventskalender klein","小号圣诞倒数日历"
"deu_Latn","nivea adventskalender","妮维雅圣诞倒数日历"
"deu_Latn","peppa wutz adventskalender","《小猪佩奇》圣诞倒数日历"
"deu_Latn","mini parfüm adventskalender","迷你香水圣诞倒数日历"
"deu_Latn","räucherkerzen adventskalender","香薰蜡烛圣诞倒数日历"
"deu_Latn","adventskalender checker tobi","Checker Tobi圣诞倒数日历"
"deu_Latn","adventskalender formel 1","F1圣诞倒数日历"
"deu_Latn","adventskalender feuerwehr","消防队圣诞倒数日历"
"deu_Latn","deine zweisamkeit adventskalender","deinezweisamkeit圣诞倒数日历"
"deu_Latn","adventskalender essence 2025","2025年essence圣诞倒数日历"
"deu_Latn","basketball adventskalender","basketball圣诞倒数日历"
"deu_Latn","play doh adventskalender 2025","2025年Play-Doh圣诞倒数日历"
"deu_Latn","adventskalender 2025 snacks","2025年零食圣诞倒数日历"
"deu_Latn","eis adventskalender 2025","2025年冰淇淋圣诞倒数日历"
"deu_Latn","adventskalender duell","对决圣诞倒数日历"
"deu_Latn","adventskalender bibi und tina","bibitina圣诞倒数日历"
"deu_Latn","artdeco adventskalender 2025","2025年artdeco圣诞倒数日历"
"deu_Latn","bts adventskalender","BTS圣诞倒数日历"
"deu_Latn","coca-cola adventskalender","可口可乐圣诞倒数日历"
"deu_Latn","icrush adventskalender 2025","2025年icrush圣诞倒数日历"
"deu_Latn","adventskalender lego friends","乐高Friends圣诞倒数日历"
"deu_Latn","adventskalender balea","Balea圣诞倒数日历"
"deu_Latn","adventskalender 2025 protein","2025年蛋白质圣诞倒数日历"
"deu_Latn","adventskalender kosmetik 2025","2025年化妆品圣诞倒数日历"
"deu_Latn","elf cosmetics adventskalender","e.l.f.化妆品圣诞倒数日历"
"deu_Latn","gaming adventskalender","gaming圣诞倒数日历"
"deu_Latn","adventskalender 2025 haribo","2025年哈瑞宝圣诞倒数日历"
"deu_Latn","adventskalender 1 jährige","1岁圣诞倒数日历"
"deu_Latn","lego blumen adventskalender 2025","2025年乐高花卉圣诞倒数日历"
"deu_Latn","besondere adventskalender 2025","2025年特别圣诞倒数日历"
"deu_Latn","adventskalender duftkerzen","香薰蜡烛圣诞倒数日历"
"deu_Latn","roblox adventskalender 2025","2025年Roblox圣诞倒数日历"
"deu_Latn","adventskalender einhorn","独角兽圣诞倒数日历"
"deu_Latn","adventskalender 2025 schleich","2025年Schleich圣诞倒数日历"
"deu_Latn","adventskalender roblox","Roblox圣诞倒数日历"
"deu_Latn","knobel adventskalender","益智圣诞倒数日历"
"deu_Latn","escape room adventskalender 2025","2025年密室逃脱圣诞倒数日历"
"deu_Latn","adventskalender exit 2025","2025年EXIT圣诞倒数日历"
"deu_Latn","adventskalender tütchen","小袋圣诞倒数日历"
"deu_Latn","adventskalender whisky","威士忌圣诞倒数日历"
"deu_Latn","frauen adventskalender","女士圣诞倒数日历"
"deu_Latn","spielzeug adventskalender 2025","2025年玩具圣诞倒数日历"
"deu_Latn","adventskalender häuser","房屋圣诞倒数日历"
"deu_Latn","füllung für adventskalender frauen","女士圣诞倒数日历填充物"
"deu_Latn","adventskalender 2025 frauen douglas","2025年女士Douglas圣诞倒数日历"
"deu_Latn","nyx adventskalender","nyx圣诞倒数日历"
"deu_Latn","darts adventskalender 2025","2025年飞镖圣诞倒数日历"
"deu_Latn","maybelline adventskalender","美宝莲圣诞倒数日历"
"deu_Latn","adventskalender familie","家庭圣诞倒数日历"
"deu_Latn","adventskalender männer werkzeug","男士工具圣诞倒数日历"
"deu_Latn","adventskalender eltern","父母圣诞倒数日历"
"deu_Latn","icrimax adventskalender","icrimax圣诞倒数日历"
"deu_Latn","bülow adventskalender","Bülow圣诞倒数日历"
"deu_Latn","disney adventskalender 2025","2025年迪士尼圣诞倒数日历"
"deu_Latn","einhorn adventskalender","独角兽圣诞倒数日历"
"deu_Latn","engelbert strauss adventskalender 2025","2025年Engelbert Strauss圣诞倒数日历"
"deu_Latn","adventskalender papiertüten","纸袋圣诞倒数日历"
"deu_Latn","wellness adventskalender 2025","2025年养生圣诞倒数日历"
"deu_Latn","minecraft lego adventskalender 2025","2025年《我的世界》乐高圣诞倒数日历"
"deu_Latn","oreo adventskalender","Oreo圣诞倒数日历"
"deu_Latn","adventskalender mädchen 9 jahre","9岁女孩圣诞倒数日历"
"deu_Latn","teekanne adventskalender 2025","2025年teekanne圣诞倒数日历"
"deu_Latn","weihnachtskalender für frauen","女士圣诞倒数日历"
"deu_Latn","adventskalender vegan 2025","2025年纯素圣诞倒数日历"
"deu_Latn","adventskalender zum selbst befüllen","可自行填充圣诞倒数日历"
"deu_Latn","weihnachtskalender frauen","女士圣诞倒数日历"
"deu_Latn","schokolade adventskalender 2025","2025年巧克力圣诞倒数日历"
"deu_Latn","adventskalender befüllen inhalt kinder","可填充儿童圣诞倒数日历内装物"
"deu_Latn","lego minecraft adventskalender","乐高《我的世界》圣诞倒数日历"
"deu_Latn","adventskalender 2025 socken","2025年袜子圣诞倒数日历"
"deu_Latn","adventskalender rentner","退休人士圣诞倒数日历"
"deu_Latn","besser im glas adventskalender","besserglas圣诞倒数日历"
"deu_Latn","buch adventskalender","书籍圣诞倒数日历"
"deu_Latn","taylor swift adventskalender","Taylor Swift圣诞倒数日历"
"deu_Latn","adventskalender amazon","亚马逊圣诞倒数日历"
"deu_Latn","brandnooz adventskalender 2025","2025年brandnooz圣诞倒数日历"
"deu_Latn","geschenke adventskalender kinder","礼物儿童圣诞倒数日历"
"deu_Latn","weihnachtskalender schokolade","巧克力圣诞倒数日历"
"deu_Latn","brio adventskalender","brio圣诞倒数日历"
"deu_Latn","checker tobi adventskalender","Checker Tobi圣诞倒数日历"
"deu_Latn","ankerkraut adventskalender","Ankerkraut圣诞倒数日历"
"deu_Latn","adventskalender tiptoi","tiptoi圣诞倒数日历"
"deu_Latn","'adventskalender frauen","女士圣诞倒数日历"
"deu_Latn","adventskalender beauty damen","美妆女士圣诞倒数日历"
"deu_Latn","adventskalender ferrero","Ferrero圣诞倒数日历"
"deu_Latn","adventskalender ideen","创意圣诞倒数日历"
"deu_Latn","adventskalender karten","卡片圣诞倒数日历"
"deu_Latn","mon cheri adventskalender","Mon Chéri圣诞倒数日历"
"deu_Latn","adventskalender 2025 rätsel","2025年谜题圣诞倒数日历"
"deu_Latn","adventskalender schleich 2025","2025年Schleich圣诞倒数日历"
"deu_Latn","adventskalender schwangerschaft","孕期圣诞倒数日历"
"deu_Latn","adventskalender zahlen holz","数字木质圣诞倒数日历"
"deu_Latn","adventskalender pixi bücher 2025","2025年pixi书籍圣诞倒数日历"
"deu_Latn","fortnite adventskalender 2025","2025年fortnite圣诞倒数日历"
"deu_Latn","adventskalender nostalgie","怀旧圣诞倒数日历"
"deu_Latn","milwaukee adventskalender 2025","2025年milwaukee圣诞倒数日历"
"deu_Latn","adventskalender japan","日式圣诞倒数日历"
"deu_Latn","adventskalender kpop demon hunters","《KPop恶魔猎人》圣诞倒数日历"
"deu_Latn","adventskalender karten mit türchen","卡片小门圣诞倒数日历"
"deu_Latn","adventskalender 2025 stitch","2025年史迪奇圣诞倒数日历"
"deu_Latn","adventskalender leer","空白圣诞倒数日历"
"deu_Latn","adventskalender sex","成人情趣圣诞倒数日历"
"deu_Latn","kinder bueno adventskalender","儿童Bueno圣诞倒数日历"
"deu_Latn","adventskalender glutenfrei","无麸质圣诞倒数日历"
"deu_Latn","adventskalender mädchen 11 jahre","11岁女孩圣诞倒数日历"
"deu_Latn","neonail adventskalender 2025","2025年neonail圣诞倒数日历"
"deu_Latn","adventskalender jugendliche mädchen","青少年女孩圣诞倒数日历"
"deu_Latn","engelbert strauss adventskalender","Engelbert Strauss圣诞倒数日历"
"deu_Latn","adventskalender basteln für erwachsene","手工成人圣诞倒数日历"
"deu_Latn","weihnachtskalender für männer","男士圣诞倒数日历"
"deu_Latn","adventskalender grinch","圣诞怪杰圣诞倒数日历"
"deu_Latn","außergewöhnliche adventskalender","独特圣诞倒数日历"
"deu_Latn","adventskalender schmuck mädchen","珠宝首饰女孩圣诞倒数日历"
"deu_Latn","adventskalender wednesday","《星期三》圣诞倒数日历"
"deu_Latn","nyx adventskalender 2025","2025年nyx圣诞倒数日历"
"deu_Latn","adventskalender 2025 nüsse","2025年坚果圣诞倒数日历"
"deu_Latn","adventskalender wurst","香肠圣诞倒数日历"
"deu_Latn","lindor adventskalender 2025","2025年Lindor圣诞倒数日历"
"deu_Latn","adventskalender 2025 kerzen","2025年蜡烛圣诞倒数日历"
"deu_Latn","adventskalender kochen","烹饪圣诞倒数日历"
"deu_Latn","toblerone adventskalender 2025","2025年toblerone圣诞倒数日历"
"deu_Latn","ahead adventskalender 2025","2025年ahead圣诞倒数日历"
"deu_Latn","dino adventskalender 2025","2025年恐龙圣诞倒数日历"
"deu_Latn","schokoladen-adventskalender","巧克力圣诞倒数日历"
"deu_Latn","adventskalender survival","生存圣诞倒数日历"
"deu_Latn","jurassic world adventskalender","侏罗纪世界圣诞倒数日历"
"deu_Latn","adventskalender oma und opa","祖母祖父圣诞倒数日历"
"deu_Latn","adventskalender bio","有机圣诞倒数日历"
"deu_Latn","adventskalender marvel","漫威圣诞倒数日历"
"deu_Latn","coole adventskalender","酷圣诞倒数日历"
"deu_Latn","lol adventskalender 2025","2025年lol圣诞倒数日历"
"deu_Latn","adventskalender bluey","Bluey圣诞倒数日历"
"deu_Latn","die coolsten adventskalender 2025","2025年coolsten圣诞倒数日历"
"deu_Latn","partner adventskalender 2025","2025年伴侣圣诞倒数日历"
"deu_Latn","fussball adventskalender","足球圣诞倒数日历"
"deu_Latn","jean & len adventskalender 2025","2025年Jean & Len圣诞倒数日历"
"deu_Latn","kinder schokolade adventskalender 2025","2025年儿童巧克力圣诞倒数日历"
"deu_Latn","müsli adventskalender","麦片圣诞倒数日历"
"deu_Latn","adventskalender funny frisch","趣味新鲜圣诞倒数日历"
"deu_Latn","adventskalender geschenke frau","礼物女士圣诞倒数日历"
"deu_Latn","parfüm adventskalender frauen","香水女士圣诞倒数日历"
"deu_Latn","süßigkeiten adventskalender 2025","2025年糖果圣诞倒数日历"
"deu_Latn","adventskalender 2025 bier","2025年啤酒圣诞倒数日历"
"deu_Latn","adventskalender lego blumen","乐高花卉圣诞倒数日历"
"deu_Latn","adventskalender rätsel kinder","谜题儿童圣诞倒数日历"
"deu_Latn","adventskalender zeichnen","绘画圣诞倒数日历"
"deu_Latn","adventskalender freche freunde","Freche Freunde圣诞倒数日历"
"deu_Latn","aufkleber adventskalender","贴纸圣诞倒数日历"
"deu_Latn","adventskalender edle tropfen","精选酒品圣诞倒数日历"
"deu_Latn","24 kleinteile für den adventskalender","24kleinteile圣诞倒数日历"
"deu_Latn","adventskalender 2025 männer bier","2025年男士啤酒圣诞倒数日历"
"deu_Latn","nespresso adventskalender","nespresso圣诞倒数日历"
"deu_Latn","adventskalender figuren","玩偶圣诞倒数日历"
"deu_Latn","adventskalender für jungs","男孩圣诞倒数日历"
"deu_Latn","adventskalender hello kitty","Hello Kitty圣诞倒数日历"
"deu_Latn","adventskalender jungen 3 jahre","3岁男孩圣诞倒数日历"
"deu_Latn","kinderschokolade adventskalender 2025","2025年儿童巧克力圣诞倒数日历"
"deu_Latn","adventskalender für eltern","父母圣诞倒数日历"
"deu_Latn","adventskalender geschichten kinder","故事儿童圣诞倒数日历"
"deu_Latn","adventskalender kaugummi","口香糖圣诞倒数日历"
"deu_Latn","kiffer adventskalender","kiffer圣诞倒数日历"
"deu_Latn","adventskalender stitch 2025","2025年史迪奇圣诞倒数日历"
"deu_Latn","adventskalender verpackungen","包装圣诞倒数日历"
"deu_Latn","nougat adventskalender","牛轧糖圣诞倒数日历"
"deu_Latn","adventskalender 2025 pralinen","2025年巧克力糖圣诞倒数日历"
"deu_Latn","adventskalender catrice 2025","2025年Catrice圣诞倒数日历"
"deu_Latn","adventskalender zum befüllen häuser","可填充房屋圣诞倒数日历"
"deu_Latn","sonnentor adventskalender 2025","2025年Sonnentor圣诞倒数日历"
"deu_Latn","adventskalender werkzeug 2025","2025年工具圣诞倒数日历"
"deu_Latn","matcha adventskalender","matcha圣诞倒数日历"
"deu_Latn","adventskalender traktor","拖拉机圣诞倒数日历"
"deu_Latn","fc bayern adventskalender","拜仁慕尼黑圣诞倒数日历"
"deu_Latn","rum adventskalender 2025","2025年朗姆酒圣诞倒数日历"
"deu_Latn","adventskalender tüten kinder","纸袋儿童圣诞倒数日历"
"deu_Latn","erwachsene adventskalender 2025","2025年成人圣诞倒数日历"
"deu_Latn","pralinen adventskalender","巧克力糖圣诞倒数日历"
"deu_Latn","vegan adventskalender","纯素圣诞倒数日历"
"deu_Latn","adventskalender 2 jahre","2岁圣诞倒数日历"
"deu_Latn","adventskalender kerze","蜡烛圣诞倒数日历"
"deu_Latn","adventskalender garten","园艺圣诞倒数日历"
"deu_Latn","adventskalender pferde mädchen","马匹女孩圣诞倒数日历"
"deu_Latn","hitschies adventskalender 2025","2025年Hitschies圣诞倒数日历"
"deu_Latn","adventskalender für babys","婴幼儿圣诞倒数日历"
"deu_Latn","adventskalender proteinriegel","蛋白棒圣诞倒数日历"
"deu_Latn","adventskalender wellness","养生圣诞倒数日历"
"deu_Latn","snoopy adventskalender","史努比圣诞倒数日历"
"deu_Latn","teenager adventskalender füllung","青少年圣诞倒数日历填充物"
"deu_Latn","adventskalender männer füllung","男士圣诞倒数日历填充物"
"deu_Latn","adventskalender parfum","香水圣诞倒数日历"
"deu_Latn","säckchen adventskalender","小袋圣诞倒数日历"
"deu_Latn","inhalt adventskalender","圣诞倒数日历内装物"
"deu_Latn","schmink adventskalender 2025","2025年彩妆圣诞倒数日历"
"deu_Latn","weihnachtskalender mädchen","女孩圣诞倒数日历"
"deu_Latn","adventskalender kollegen","同事圣诞倒数日历"
"deu_Latn","gummibärchen adventskalender","软糖圣诞倒数日历"
"deu_Latn","häkel adventskalender","钩织圣诞倒数日历"
"deu_Latn","kaugummi adventskalender","口香糖圣诞倒数日历"
"deu_Latn","adventskalender zartbitter","黑巧克力圣诞倒数日历"
"deu_Latn","mädchen adventskalender 2025","2025年女孩圣诞倒数日历"
"deu_Latn","adventskalender frauen kosmetik","女士化妆品圣诞倒数日历"
"deu_Latn","adventskalender 2025 für frauen","2025年女士圣诞倒数日历"
"deu_Latn","adventskalender 2025 lakritz","2025年甘草糖圣诞倒数日历"
"deu_Latn","naruto adventskalender","《火影忍者》圣诞倒数日历"
"deu_Latn","adventskalender kneipp","Kneipp圣诞倒数日历"
"deu_Latn","adventskalender lego minecraft","乐高《我的世界》圣诞倒数日历"
"deu_Latn","adventskalender barbie 2025","2025年芭比圣诞倒数日历"
"deu_Latn","adventskalender süßigkeiten aus aller welt","糖果世界各地圣诞倒数日历"
"deu_Latn","duftkerzen adventskalender","香薰蜡烛圣诞倒数日历"
"deu_Latn","fnaf adventskalender","FNAF圣诞倒数日历"
"deu_Latn","ingwer shot adventskalender","ingwershot圣诞倒数日历"
"deu_Latn","viba adventskalender","viba圣诞倒数日历"
"deu_Latn","adventskalender steine","石头圣诞倒数日历"
"deu_Latn","adventskalender demon slayer","《鬼灭之刃》圣诞倒数日历"
"deu_Latn","adventskalender günstig","实惠圣诞倒数日历"
"deu_Latn","adventskalender wichtel","圣诞小精灵圣诞倒数日历"
"deu_Latn","adventskalender escape room","密室逃脱圣诞倒数日历"
"deu_Latn","adventskalender malen","涂色圣诞倒数日历"
"deu_Latn","rituals adventskalender 2025 frauen","2025年Rituals女士圣诞倒数日历"
"deu_Latn","adventskalender 2025 kinder playmobil","2025年儿童Playmobil圣诞倒数日历"
"deu_Latn","adventskalender amorelie 2025","2025年Amorelie圣诞倒数日历"
"deu_Latn","nespresso adventskalender 2025","2025年nespresso圣诞倒数日历"
"deu_Latn","kleinigkeiten für adventskalender frauen","小物女士圣诞倒数日历"
"deu_Latn","sport adventskalender","运动圣诞倒数日历"
"deu_Latn","adventskalender kinder lego","儿童乐高圣诞倒数日历"
"deu_Latn","hidden games adventskalender","Hidden 游戏圣诞倒数日历"
"deu_Latn","snack adventskalender 2025","2025年零食圣诞倒数日历"
"deu_Latn","feuerwehr adventskalender","消防队圣诞倒数日历"
"deu_Latn","leo lausemaus adventskalender","leolausemaus圣诞倒数日历"
"deu_Latn","adventskalender 2025 für männer","2025年男士圣诞倒数日历"
"deu_Latn","geschenke für adventskalender kinder","礼物儿童圣诞倒数日历"
"deu_Latn","peanuts adventskalender","peanuts圣诞倒数日历"
"deu_Latn","adventskalender für zwei","两人圣诞倒数日历"
"deu_Latn","adventskalender modellbau","模型制作圣诞倒数日历"
"deu_Latn","herren adventskalender","男士圣诞倒数日历"
"deu_Latn","manga adventskalender 2025","2025年漫画圣诞倒数日历"
"deu_Latn","squishmallows adventskalender","squishmallows圣诞倒数日历"
"deu_Latn","tonys chocolonely adventskalender","tonyschocolonely圣诞倒数日历"
"deu_Latn","adventskalender 2025 barbie","2025年芭比圣诞倒数日历"
"deu_Latn","adventskalender geschichten","故事圣诞倒数日历"
"deu_Latn","pixie adventskalender 2025","2025年Pixie圣诞倒数日历"
"deu_Latn","adventskalender 2025 maybelline new york","2025年美宝莲纽约圣诞倒数日历"
"deu_Latn","adventskalender krippe","马槽圣诞倒数日历"
"deu_Latn","adventskalender lego star wars","乐高《星球大战》圣诞倒数日历"
"deu_Latn","adventskalender 2025 jungen 10 jahre","2025年10岁男孩圣诞倒数日历"
"deu_Latn","adventskalender dino","恐龙圣诞倒数日历"
"deu_Latn","adventskalender lego city","乐高城市圣诞倒数日历"
"deu_Latn","adventskalender mini","迷你圣诞倒数日历"
"deu_Latn","super mario adventskalender","Super Mario圣诞倒数日历"
"deu_Latn","adventskalender bvb","BVB圣诞倒数日历"
"deu_Latn","adventskalender gravitrax","GraviTrax圣诞倒数日历"
"deu_Latn","adventskalender mädchen 2 jahre","2岁女孩圣诞倒数日历"
"deu_Latn","elf adventskalender","e.l.f.圣诞倒数日历"
"deu_Latn","coppenrath adventskalender","coppenrath圣诞倒数日历"
"deu_Latn","porsche adventskalender","Porsche圣诞倒数日历"
"deu_Latn","zahlen für adventskalender","数字圣诞倒数日历"
"deu_Latn","ü ei adventskalender","Üei圣诞倒数日历"
"deu_Latn","adventskalender 2025 damen","2025年女士圣诞倒数日历"
"deu_Latn","beyblade adventskalender","beyblade圣诞倒数日历"
"deu_Latn","adventskalender playmobil mädchen","Playmobil女孩圣诞倒数日历"
"deu_Latn","amerikanische süßigkeiten adventskalender","美国糖果圣诞倒数日历"
"deu_Latn","adventskalender buch teenager","书籍青少年圣诞倒数日历"
"deu_Latn","catrice adventskalender","Catrice圣诞倒数日历"
"deu_Latn","conni adventskalender 2025","2025年conni圣诞倒数日历"
"deu_Latn","adventskalender 2025 männer auto","2025年男士汽车圣诞倒数日历"
"deu_Latn","adventskalender duplo","DUPLO圣诞倒数日历"
"deu_Latn","adventskalender saatgut","种子圣诞倒数日历"
"deu_Latn","adventskalender slime","slime圣诞倒数日历"
"deu_Latn","adventskalender kristalle","水晶圣诞倒数日历"
"deu_Latn","adventskalender legami 2025","2025年Legami圣诞倒数日历"
"deu_Latn","adventskalender stoff zum befüllen","布艺可填充圣诞倒数日历"
"deu_Latn","adventskalender technik","科技圣诞倒数日历"
"deu_Latn","wichtel adventskalender 2025","2025年圣诞小精灵圣诞倒数日历"
"deu_Latn","xlaeta adventskalender","xlaeta圣诞倒数日历"
"deu_Latn","adventskalender mit sprüchen","寄语圣诞倒数日历"
"deu_Latn","adventskalender revell","Revell圣诞倒数日历"
"deu_Latn","adopt me adventskalender","Adopt Me圣诞倒数日历"
"deu_Latn","adventskalender füllung mädchen","女孩圣诞倒数日历填充物"
"deu_Latn","balea adventskalender","Balea圣诞倒数日历"
"deu_Latn","escape adventskalender","密室逃脱圣诞倒数日历"
"deu_Latn","ideen adventskalender kinder","创意儿童圣诞倒数日历"
"deu_Latn","adventskalender 2025 makita","2025年牧田圣诞倒数日历"
"deu_Latn","adventskalender boxen zum befüllen","盒子可填充圣诞倒数日历"
"deu_Latn","mini adventskalender 2025","2025年迷你圣诞倒数日历"
"deu_Latn","playmobil adventskalender mädchen","Playmobil女孩圣诞倒数日历"
"deu_Latn","adventskalender parfüm herren","香水男士圣诞倒数日历"
"deu_Latn","formel 1 adventskalender 2025","2025年F1圣诞倒数日历"
"deu_Latn","revell adventskalender 2025","2025年Revell圣诞倒数日历"
"deu_Latn","adventskalender 2025 mädchen 10","2025年女孩10圣诞倒数日历"
"deu_Latn","adventskalender stoffbeutel","布袋圣诞倒数日历"
"deu_Latn","parfum adventskalender herren","香水男士圣诞倒数日历"
"deu_Latn","adventskalender papa","爸爸圣诞倒数日历"
"deu_Latn","adventskalender rituals 2025 frauen","2025年Rituals女士圣诞倒数日历"
"deu_Latn","adventskalender stifte","笔圣诞倒数日历"
"deu_Latn","befüllbarer adventskalender","可填充圣诞倒数日历"
"deu_Latn","kerzen adventskalender 2025","2025年蜡烛圣诞倒数日历"
"deu_Latn","zotter adventskalender","zotter圣诞倒数日历"
"deu_Latn","adventskalender autos","汽车圣诞倒数日历"
"deu_Latn","franzis adventskalender","franzis圣诞倒数日历"
"deu_Latn","kpop adventskalender 2025","2025年K-pop圣诞倒数日历"
"deu_Latn","lego ninjago adventskalender 2025","2025年乐高乐高幻影忍者圣诞倒数日历"
"deu_Latn","bluey adventskalender","Bluey圣诞倒数日历"
"deu_Latn","erotische adventskalender 2025","2025年情趣圣诞倒数日历"
"deu_Latn","esn adventskalender 2025","2025年esn圣诞倒数日历"
"deu_Latn","playstation adventskalender 2025","2025年PlayStation圣诞倒数日历"
"deu_Latn","adventskalender basteln kinder","手工儿童圣诞倒数日历"
"deu_Latn","amorelie adventskalender","Amorelie圣诞倒数日历"
"deu_Latn","dm adventskalender 2025","2025年dm圣诞倒数日历"
"deu_Latn","die drei adventskalender","三圣诞倒数日历"
"deu_Latn","trolli adventskalender 2025","2025年trolli圣诞倒数日历"
"deu_Latn","adventskalender erotisch paare","情趣情侣圣诞倒数日历"
"deu_Latn","adventskalender gewürze 2025","2025年香料圣诞倒数日历"
"deu_Latn","adventskalender kleinkind 2 jahre","2岁幼儿圣诞倒数日历"
"deu_Latn","adventskalender senioren","老年人圣诞倒数日历"
"deu_Latn","adventskalender tiere","动物圣诞倒数日历"
"deu_Latn","experimente adventskalender","实验圣诞倒数日历"
"deu_Latn","adventskalender 2025 kinder 4 jahre","2025年4岁儿童圣诞倒数日历"
"deu_Latn","fc bayern münchen adventskalender","拜仁慕尼黑圣诞倒数日历"
"deu_Latn","funny frisch adventskalender 2025","2025年趣味新鲜圣诞倒数日历"
"deu_Latn","adventskalender männer parfüm","男士香水圣诞倒数日历"
"deu_Latn","adventskalender paw patrol 2025","2025年《汪汪队立大功》圣诞倒数日历"
"deu_Latn","adventskalender stricken","编织圣诞倒数日历"
"deu_Latn","füllung für adventskalender","圣诞倒数日历填充物"
"deu_Latn","stray kids adventskalender 2025","2025年Stray Kids圣诞倒数日历"
"deu_Latn","schleim adventskalender 2025","2025年史莱姆圣诞倒数日历"
"deu_Latn","adventskalender füllung kinder 3 jahre","3岁儿童圣诞倒数日历填充物"
"deu_Latn","kleinigkeiten für adventskalender mann","小物男士圣诞倒数日历"
"deu_Latn","adventskalender 2 jahre junge","2岁男孩圣诞倒数日历"
"deu_Latn","adventskalender bueno","Bueno圣诞倒数日历"
"deu_Latn","adventskalender spiderman","《蜘蛛侠》圣诞倒数日历"
"deu_Latn","adventskalender zum befüllen tüten","可填充纸袋圣诞倒数日历"
"deu_Latn","adventskalender milka 2025","2025年Milka圣诞倒数日历"
"deu_Latn","no cosmetics adventskalender","no化妆品圣诞倒数日历"
"deu_Latn","pferde adventskalender 2025","2025年马匹圣诞倒数日历"
"deu_Latn","adventskalender jungen 5 jahre","5岁男孩圣诞倒数日历"
"deu_Latn","merci adventskalender 2025","2025年Merci圣诞倒数日历"
"deu_Latn","adventskalender musik","音乐圣诞倒数日历"
"deu_Latn","hsv adventskalender","HSV圣诞倒数日历"
"deu_Latn","loccitane adventskalender 2025","2025年欧舒丹圣诞倒数日历"
"deu_Latn","yoga adventskalender 2025","2025年瑜伽圣诞倒数日历"
"deu_Latn","adventskalender bastelset","bastelset圣诞倒数日历"
"deu_Latn","bücher adventskalender 2025","2025年书籍圣诞倒数日历"
"deu_Latn","ks tools adventskalender 2025","2025年kstools圣诞倒数日历"
"deu_Latn","adventskalender mädchen 13 jahre","13岁女孩圣诞倒数日历"
"deu_Latn","adventskalender teenager junge","青少年男孩圣诞倒数日历"
"deu_Latn","baby adventskalender 1 jahr","1岁婴幼儿圣诞倒数日历"
"deu_Latn","demon slayer adventskalender 2025","2025年《鬼灭之刃》圣诞倒数日历"
"deu_Latn","holy adventskalender 2025","2025年Holy圣诞倒数日历"
"deu_Latn","wein adventskalender","葡萄酒圣诞倒数日历"
"deu_Latn","adventskalender catrice","Catrice圣诞倒数日历"
"deu_Latn","auto adventskalender 2025","2025年汽车圣诞倒数日历"
"deu_Latn","lego city adventskalender","乐高城市圣诞倒数日历"
"deu_Latn","inhalt adventskalender männer","男士圣诞倒数日历内装物"
"deu_Latn","kochbuch für teenager adventskalender","kochbuch青少年圣诞倒数日历"
"deu_Latn","mentos adventskalender","mentos圣诞倒数日历"
"deu_Latn","adventskalender holy","Holy圣诞倒数日历"
"deu_Latn","adventskalender mit schokolade","巧克力圣诞倒数日历"
"deu_Latn","familien adventskalender","家庭圣诞倒数日历"
"deu_Latn","grinch adventskalender","圣诞怪杰圣诞倒数日历"
"deu_Latn","schokolade adventskalender","巧克力圣诞倒数日历"
"deu_Latn","sol de janeiro adventskalender","Sol de Janeiro圣诞倒数日历"
"deu_Latn","adventskalender 2025 anime","2025年动漫圣诞倒数日历"
"deu_Latn","eis deluxe adventskalender","豪华冰淇淋圣诞倒数日历"
"deu_Latn","lebenskompass adventskalender","lebenskompass圣诞倒数日历"
"deu_Latn","schleich horse club adventskalender","Schleich马匹俱乐部圣诞倒数日历"
"deu_Latn","adventskalender räucherkerzen","香薰蜡烛圣诞倒数日历"
"deu_Latn","adventskalender kiste","箱子圣诞倒数日历"
"deu_Latn","gabby dollhouse adventskalender","《盖比的娃娃屋》圣诞倒数日历"
"deu_Latn","sex adventskalender","成人情趣圣诞倒数日历"
"deu_Latn","holz adventskalender zum befüllen","木质可填充圣诞倒数日历"
"deu_Latn","nostalgie adventskalender","怀旧圣诞倒数日历"
"deu_Latn","wurst adventskalender","香肠圣诞倒数日历"
"deu_Latn","adventskalender 2025 hund","2025年狗狗圣诞倒数日历"
"deu_Latn","adventskalender blumen","花卉圣诞倒数日历"
"deu_Latn","adventskalender fussball karten","足球卡片圣诞倒数日历"
"deu_Latn","adventskalender ideen kinder","创意儿童圣诞倒数日历"
"deu_Latn","adventskalender red bull 2025","2025年红牛圣诞倒数日历"
"deu_Latn","adventskalender seeberger 2025","2025年Seeberger圣诞倒数日历"
"deu_Latn","lego adventskalender blumen","乐高花卉圣诞倒数日历"
"deu_Latn","lego adventskalender erwachsene","乐高成人圣诞倒数日历"
"deu_Latn","teekanne adventskalender","teekanne圣诞倒数日历"
"deu_Latn","adventskalender 2025 hot wheels","2025年风火轮圣诞倒数日历"
"deu_Latn","ninjago adventskalender 2025","2025年乐高幻影忍者圣诞倒数日历"
"deu_Latn","adventskalender angeln 2025","2025年钓鱼圣诞倒数日历"
"deu_Latn","adventskalender geschenke männer","礼物男士圣诞倒数日历"
"deu_Latn","adventskalender knobelspiele","益智游戏圣诞倒数日历"
"deu_Latn","haba adventskalender","haba圣诞倒数日历"
"deu_Latn","just spices adventskalender","Just Spices圣诞倒数日历"
"deu_Latn","klo adventskalender 2025","2025年klo圣诞倒数日历"
"deu_Latn","adventskalender bausatz","拼装套件圣诞倒数日历"
"deu_Latn","adventskalender chips funny frisch","薯片趣味新鲜圣诞倒数日历"
"deu_Latn","adventskalender für kleinkinder","幼儿圣诞倒数日历"
"deu_Latn","adventskalender 2025 selber machen","2025年DIY圣诞倒数日历"
"deu_Latn","adventskalender kinder 2025","2025年儿童圣诞倒数日历"
"deu_Latn","adventskalender ritter sport","Ritter Sport圣诞倒数日历"
"deu_Latn","adventskalender 3 jahre","3岁圣诞倒数日历"
"deu_Latn","elsa adventskalender 2025","2025年艾莎圣诞倒数日历"
"deu_Latn","adventskalender eis","冰淇淋圣诞倒数日历"
"deu_Latn","adventskalender zum befüllen mädchen","可填充女孩圣诞倒数日历"
"deu_Latn","katjes adventskalender 2025","2025年katjes圣诞倒数日历"
"deu_Latn","adventskalender 2025 nutella","2025年能多益圣诞倒数日历"
"deu_Latn","adventskalender zum befüllen klein","可填充小号圣诞倒数日历"
"deu_Latn","adventskalender zum befüllen männer","可填充男士圣诞倒数日历"
"deu_Latn","lakritz adventskalender 2025","2025年甘草糖圣诞倒数日历"
"deu_Latn","adventskalender süssigkeiten","糖果圣诞倒数日历"
"deu_Latn","beauty adventskalender mädchen","美妆女孩圣诞倒数日历"
"deu_Latn","kreativ adventskalender","创意圣诞倒数日历"
"deu_Latn","adventskalender nüsse 2025","2025年坚果圣诞倒数日历"
"deu_Latn","kneipp adventskalender","Kneipp圣诞倒数日历"
"deu_Latn","makeup adventskalender 2025","2025年彩妆圣诞倒数日历"
"deu_Latn","adventskalender füllung erwachsene","成人圣诞倒数日历填充物"
"deu_Latn","adventskalender after eight 2025","2025年After Eight圣诞倒数日历"
"deu_Latn","revolution adventskalender 2025","2025年revolution圣诞倒数日历"
"deu_Latn","neoh adventskalender","neoh圣诞倒数日历"
"deu_Latn","adventskalender paar","情侣圣诞倒数日历"
"deu_Latn","herren adventskalender 2025","2025年男士圣诞倒数日历"
"deu_Latn","adventskalender nummern aufkleber","编号贴纸圣诞倒数日历"
"deu_Latn","happy socks adventskalender","Happy Socks圣诞倒数日历"
"deu_Latn","lena gercke adventskalender","lenagercke圣诞倒数日历"
"deu_Latn","adventskalender 2025 lustig","2025年趣味圣诞倒数日历"
"deu_Latn","energy adventskalender","能量饮料圣诞倒数日历"
"deu_Latn","adventskalender autos für jungs","汽车男孩圣诞倒数日历"
"deu_Latn","adventskalender hot wheels","风火轮圣诞倒数日历"
"deu_Latn","adventskalender sexspielzeug für paare","成人情趣用品情侣圣诞倒数日历"
"deu_Latn","ferrero adventskalender 2025","2025年Ferrero圣诞倒数日历"
"deu_Latn","die drei fragezeichen kids adventskalender","三个问号儿童圣诞倒数日历"
"deu_Latn","warhammer adventskalender","warhammer圣诞倒数日历"
"deu_Latn","adventskalender 2025 puzzle","2025年拼图圣诞倒数日历"
"deu_Latn","adventskalender ankerkraut","Ankerkraut圣诞倒数日历"
"deu_Latn","familien adventskalender 2025","2025年家庭圣诞倒数日历"
"deu_Latn","rituals rituals adventskalender","Rituals圣诞倒数日历"
"deu_Latn","adventskalender pringles 2025","2025年Pringles圣诞倒数日历"
"deu_Latn","mini brands adventskalender 2025","2025年Mini Brands圣诞倒数日历"
"deu_Latn","mon cherie adventskalender","Mon Chéri圣诞倒数日历"
"deu_Latn","adventskalender nagellack","指甲油圣诞倒数日历"
"deu_Latn","stoffsäckchen adventskalender","布袋圣诞倒数日历"
"deu_Latn","adventskalender 2025 baby","2025年婴幼儿圣诞倒数日历"
"deu_Latn","adventskalender bücher kinder","书籍儿童圣诞倒数日历"
"deu_Latn","adventskalender liebe","爱情圣诞倒数日历"
"deu_Latn","tkkg adventskalender","tkkg圣诞倒数日历"
"deu_Latn","adventskalender 2025 buch","2025年书籍圣诞倒数日历"
"deu_Latn","adventskalender knete","橡皮泥圣诞倒数日历"
"deu_Latn","damen adventskalender 2025","2025年女士圣诞倒数日历"
"deu_Latn","adventskalender 2025 exit","2025年EXIT圣诞倒数日历"
"deu_Latn","adventskalender 2025 rituals frauen","2025年Rituals女士圣诞倒数日历"
"deu_Latn","adventskalender 2025 mann","2025年男士圣诞倒数日历"
"deu_Latn","adventskalender postkarten","明信片圣诞倒数日历"
"deu_Latn","harry potter lego adventskalender","《哈利·波特》乐高圣诞倒数日历"
"deu_Latn","pralinen adventskalender 2025","2025年巧克力糖圣诞倒数日历"
"deu_Latn","adventskalender männer ideen","男士创意圣诞倒数日历"
"deu_Latn","nivea men adventskalender 2025","2025年妮维雅男士圣诞倒数日历"
"deu_Latn","adventskalender ab 3 jahre","3岁以上圣诞倒数日历"
"deu_Latn","adventskalender für 1 jährige","1岁圣诞倒数日历"
"deu_Latn","füllung für adventskalender kinder","儿童圣诞倒数日历填充物"
"deu_Latn","motorrad adventskalender","摩托车圣诞倒数日历"
"deu_Latn","adventskalender 2025 after eight","2025年After Eight圣诞倒数日历"
"deu_Latn","adventskalender 2025 alkohol","2025年酒类圣诞倒数日历"
"deu_Latn","adventskalender 4 jahre junge","4岁男孩圣诞倒数日历"
"deu_Latn","adventskalender zartbitter schokolade","黑巧克力巧克力圣诞倒数日历"
"deu_Latn","marmeladen adventskalender 2025","2025年果酱圣诞倒数日历"
"deu_Latn","adventskalender nuss","坚果圣诞倒数日历"
"deu_Latn","glück adventskalender marmelade","Glück果酱圣诞倒数日历"
"deu_Latn","holy energy adventskalender 2025","2025年Holy能量饮料圣诞倒数日历"
"deu_Latn","sachen für adventskalender","小物圣诞倒数日历"
"deu_Latn","adventskalender 2025 gesund","2025年健康圣诞倒数日历"
"deu_Latn","adventskalender für freundin","女友圣诞倒数日历"
"deu_Latn","adventskalender häuschen","小屋圣诞倒数日历"
"deu_Latn","adventskalender kosmos","Kosmos圣诞倒数日历"
"deu_Latn","wieso weshalb warum adventskalender","wiesoweshalbwarum圣诞倒数日历"
"deu_Latn","adventskalender 2025 sex","2025年成人情趣圣诞倒数日历"
"deu_Latn","adventskalender roblox 2025","2025年Roblox圣诞倒数日历"
"deu_Latn","adventskalender 2025 männer schokolade","2025年男士巧克力圣诞倒数日历"
"deu_Latn","adventskalender pixi","pixi圣诞倒数日历"
"deu_Latn","adventskalender 3 jahre junge","3岁男孩圣诞倒数日历"
"deu_Latn","adventskalender puzzle kinder","拼图儿童圣诞倒数日历"
"deu_Latn","baby adventskalender ab 6 monate","6个月以上婴幼儿圣诞倒数日历"
"deu_Latn","krimi adventskalender","推理圣诞倒数日历"
"deu_Latn","adventskalender achtsamkeit 2025","2025年正念圣诞倒数日历"
"deu_Latn","foto adventskalender","照片圣诞倒数日历"
"deu_Latn","füllung für adventskalender männer","男士圣诞倒数日历填充物"
"deu_Latn","glutenfrei adventskalender","无麸质圣诞倒数日历"
"deu_Latn","papier adventskalender zum befüllen","纸质可填充圣诞倒数日历"
"deu_Latn","sex adventskalender 2025","2025年成人情趣圣诞倒数日历"
"deu_Latn","adventskalender ehrlich brothers","Ehrlich Brothers圣诞倒数日历"
"deu_Latn","adventskalender pandora","Pandora圣诞倒数日历"
"deu_Latn","adventskalender 2025 selbst befüllen","2025年可自行填充圣诞倒数日历"
"deu_Latn","blumen adventskalender","花卉圣诞倒数日历"
"deu_Latn","gesunder adventskalender","健康圣诞倒数日历"
"deu_Latn","postkarten adventskalender","明信片圣诞倒数日历"
"deu_Latn","smarties adventskalender","Smarties圣诞倒数日历"
"deu_Latn","juicy bomb adventskalender","juicybomb圣诞倒数日历"
"deu_Latn","lindor adventskalender","Lindor圣诞倒数日历"
"deu_Latn","adventskalender 2025 catrice","2025年Catrice圣诞倒数日历"
"deu_Latn","adventskalender für jugendliche","青少年圣诞倒数日历"
"deu_Latn","adventskalender süßigkeiten 2025","2025年糖果圣诞倒数日历"
"deu_Latn","bvb adventskalender","BVB圣诞倒数日历"
"deu_Latn","charlotte tilbury adventskalender","charlottetilbury圣诞倒数日历"
"deu_Latn","adventskalender 2 jahre mädchen","2岁女孩圣诞倒数日历"
"deu_Latn","adventskalender eiskönigin","冰雪奇缘圣诞倒数日历"
"deu_Latn","adventskalender schwester","schwester圣诞倒数日历"
"deu_Latn","adventskalender super mario","Super Mario圣诞倒数日历"
"deu_Latn","escape room adventskalender","密室逃脱圣诞倒数日历"
"deu_Latn","adventskalender 2025 niederegger","2025年Niederegger圣诞倒数日历"
"deu_Latn","adventskalender 2025 nivea","2025年妮维雅圣诞倒数日历"
"deu_Latn","adventskalender zum befüllen säckchen","可填充圣诞倒数日历小袋"
"deu_Latn","aoste adventskalender","aoste圣诞倒数日历"
"deu_Latn","adventskalender badespaß","沐浴乐趣圣诞倒数日历"
"deu_Latn","adventskalender lebkuchen","姜饼圣诞倒数日历"
"deu_Latn","bitty pop adventskalender","bittypop圣诞倒数日历"
"deu_Latn","nivea adventskalender 2025 frauen","2025年妮维雅女士圣诞倒数日历"
"deu_Latn","xxl adventskalender 2025","2025年XXL圣诞倒数日历"
"deu_Latn","adventskalender 2025 star wars","2025年《星球大战》圣诞倒数日历"
"deu_Latn","funko adventskalender","Funko圣诞倒数日历"
"deu_Latn","adventskalender karte","karte圣诞倒数日历"
"deu_Latn","dnd adventskalender","D&D圣诞倒数日历"
"deu_Latn","drei ausrufezeichen adventskalender","三个感叹号圣诞倒数日历"
"deu_Latn","adventskalender lego duplo","乐高DUPLO圣诞倒数日历"
"deu_Latn","adventskalender schleich pferde","Schleich马匹圣诞倒数日历"
"deu_Latn","amazon-adventskalender","亚马逊圣诞倒数日历"
"deu_Latn","lilo und stitch adventskalender","《星际宝贝》圣诞倒数日历"
"deu_Latn","adventskalender badespaß kinder","沐浴乐趣儿童圣诞倒数日历"
"deu_Latn","adventskalender schreibwaren","文具圣诞倒数日历"
"deu_Latn","adventskalender star wars 2025","2025年《星球大战》圣诞倒数日历"
"deu_Latn","freche freunde adventskalender 2025","2025年Freche Freunde圣诞倒数日历"
"deu_Latn","wasgij adventskalender","wasgij圣诞倒数日历"
"deu_Latn","adventskalender 2025 auto","2025年汽车圣诞倒数日历"
"deu_Latn","adventskalender 2025 disney","2025年迪士尼圣诞倒数日历"
"deu_Latn","adventskalender für teenager mädchen","青少年女孩圣诞倒数日历"
"deu_Latn","adventskalender haribo 2025","2025年哈瑞宝圣诞倒数日历"
"deu_Latn","lindt-adventskalender","瑞士莲圣诞倒数日历"
"deu_Latn","würth adventskalender 2025","2025年Würth圣诞倒数日历"
"deu_Latn","adventskalender schminke kinder","彩妆儿童圣诞倒数日历"
"deu_Latn","adventskalender-säckchen","小袋圣诞倒数日历"
"deu_Latn","kosmos adventskalender","Kosmos圣诞倒数日历"
"deu_Latn","stranger things adventskalender 2025","2025年《怪奇物语》圣诞倒数日历"
"deu_Latn","survival adventskalender 2025","2025年生存圣诞倒数日历"
"deu_Latn","adventskalender 2025 männer kosmetik","2025年男士化妆品圣诞倒数日历"
"deu_Latn","adventskalender 2025 wera","2025年Wera圣诞倒数日历"
"deu_Latn","böker adventskalender 2025","2025年Böker圣诞倒数日历"
"deu_Latn","herr der ringe adventskalender","《指环王》圣诞倒数日历"
"deu_Latn","kiko adventskalender 2025","2025年kiko圣诞倒数日历"
"deu_Latn","coole adventskalender 2025","2025年酷圣诞倒数日历"
"deu_Latn","funko pop adventskalender 2025","2025年Funko Pop圣诞倒数日历"
"deu_Latn","labubu adventskalender","Labubu圣诞倒数日历"
"deu_Latn","adventskalender 2025 marmelade","2025年果酱圣诞倒数日历"
"deu_Latn","adventskalender deko","装饰圣诞倒数日历"
"deu_Latn","fishermans friends adventskalender","Fisherman's Friend圣诞倒数日历"
"deu_Latn","kleinigkeiten für adventskalender männer","小物男士圣诞倒数日历"
"deu_Latn","tütchen adventskalender","小袋圣诞倒数日历"
"deu_Latn","adventskalender 2025 angeln","2025年钓鱼圣诞倒数日历"
"deu_Latn","adventskalender haare","haare圣诞倒数日历"
"deu_Latn","adventskalender match attax","Match Attax圣诞倒数日历"
"deu_Latn","adventskalender schmuck silber","珠宝首饰银色圣诞倒数日历"
"deu_Latn","schokolade für adventskalender","巧克力圣诞倒数日历"
"deu_Latn","kitkat adventskalender 2025","2025年KitKat圣诞倒数日历"
"deu_Latn","ovomaltine adventskalender 2025","2025年ovomaltine圣诞倒数日历"
"deu_Latn","adventskalender befüllen ideen kinder","儿童圣诞倒数日历填充创意"
"deu_Latn","adventskalender 2025 frau","2025年女士圣诞倒数日历"
"deu_Latn","adventskalender 2025 katzen","2025年猫咪圣诞倒数日历"
"deu_Latn","adventskalender für oma","祖母圣诞倒数日历"
"deu_Latn","adventskalender gesunde snacks","健康零食圣诞倒数日历"
"deu_Latn","my müsli adventskalender","麦片圣诞倒数日历"
"deu_Latn","peppa wutz adventskalender 2025","2025年《小猪佩奇》圣诞倒数日历"
"deu_Latn","rabenhorst adventskalender 2025","2025年rabenhorst圣诞倒数日历"
"deu_Latn","adventskalender 2025 amorelie","2025年Amorelie圣诞倒数日历"
"deu_Latn","squishy adventskalender 2025","2025年squishy圣诞倒数日历"
"deu_Latn","adventskalender 1 jahr","1岁圣诞倒数日历"
"deu_Latn","adventskalender 2025 kaffee","2025年咖啡圣诞倒数日历"
"deu_Latn","adventskalender damen 2025","2025年女士圣诞倒数日历"
"deu_Latn","adventskalender nutella 2025","2025年能多益圣诞倒数日历"
"deu_Latn","ravensburger adventskalender 2025","2025年Ravensburger圣诞倒数日历"
"deu_Latn","woozle goozle adventskalender","woozlegoozle圣诞倒数日历"
"deu_Latn","adventskalender nummern","编号圣诞倒数日历"
"deu_Latn","adventskalender parfüm männer","香水男士圣诞倒数日历"
"deu_Latn","adventskalender pferd","马圣诞倒数日历"
"deu_Latn","adventskalender salami","萨拉米香肠圣诞倒数日历"
"deu_Latn","adventskalender zum befüllen papier","可填充纸质圣诞倒数日历"
"deu_Latn","adventskalender inhalt teenager","青少年圣诞倒数日历内装物"
"deu_Latn","adventskalender porsche","Porsche圣诞倒数日历"
"deu_Latn","brio adventskalender 2025","2025年brio圣诞倒数日历"
"deu_Latn","adventskalender haarschmuck","发饰圣诞倒数日历"
"deu_Latn","pettersson und findus adventskalender","petterssonfindus圣诞倒数日历"
"deu_Latn","adventskalender 12 jahre mädchen","12岁女孩圣诞倒数日历"
"deu_Latn","adventskalender 2025 pferde","2025年马匹圣诞倒数日历"
"deu_Latn","adventskalender erotik","情趣圣诞倒数日历"
"deu_Latn","adventskalender snacks aus aller welt","零食世界各地圣诞倒数日历"
"deu_Latn","frühstück adventskalender","早餐圣诞倒数日历"
"deu_Latn","adventskalender 2025 herren","2025年男士圣诞倒数日历"
"deu_Latn","adventskalender bluey 2025","2025年Bluey圣诞倒数日历"
"deu_Latn","adventskalender jungen 7 jahre","7岁男孩圣诞倒数日历"
"deu_Latn","angler adventskalender 2025","2025年钓鱼圣诞倒数日历"
"deu_Latn","hsv adventskalender 2025","2025年HSV圣诞倒数日历"
"deu_Latn","adventskalender 2025 erotisch","2025年情趣圣诞倒数日历"
"deu_Latn","adventskalender bausteine","积木圣诞倒数日历"
"deu_Latn","blue brixx adventskalender","bluebrixx圣诞倒数日历"
"deu_Latn","ferrero rocher adventskalender","FerreroRocher圣诞倒数日历"
"deu_Latn","kosmetik adventskalender für teenager","化妆品青少年圣诞倒数日历"
"deu_Latn","adventskalender mutter","母亲圣诞倒数日历"
"deu_Latn","marvel adventskalender 2025","2025年漫威圣诞倒数日历"
"deu_Latn","bio adventskalender","有机圣诞倒数日历"
"deu_Latn","inhalt adventskalender frau","女士圣诞倒数日历内装物"
"deu_Latn","adventskalender honig","蜂蜜圣诞倒数日历"
"deu_Latn","cupper adventskalender 2025","2025年cupper圣诞倒数日历"
"deu_Latn","kreuzworträtsel adventskalender","填字游戏圣诞倒数日历"
"deu_Latn","matchbox adventskalender","matchbox圣诞倒数日历"
"deu_Latn","nfl adventskalender 2025","2025年NFL圣诞倒数日历"
"deu_Latn","adventskalender buch mädchen","书籍女孩圣诞倒数日历"
"deu_Latn","adventskalender one piece","《海贼王》圣诞倒数日历"
"deu_Latn","adventskalender pärchen","情侣圣诞倒数日历"
"deu_Latn","geschenktüten adventskalender","礼物袋圣诞倒数日历"
"deu_Latn","gewürze adventskalender","香料圣诞倒数日历"
"deu_Latn","nagellack adventskalender","指甲油圣诞倒数日历"
"deu_Latn","peters adventskalender 2025","2025年peters圣诞倒数日历"
"deu_Latn","adventskalender kinder 10 jahre","10岁儿童圣诞倒数日历"
"deu_Latn","adventskalender ninjago","乐高幻影忍者圣诞倒数日历"
"deu_Latn","männer-adventskalender","男士圣诞倒数日历"
"deu_Latn","makita weihnachtskalender 2025","2025年牧田圣诞倒数日历"
"deu_Latn","weihnachtskalender tee","茶叶圣诞倒数日历"
"deu_Latn","adventskalender für frauen 2025","2025年女士圣诞倒数日历"
"deu_Latn","adventskalender hitschies","Hitschies圣诞倒数日历"
"deu_Latn","adventskalender playstation","PlayStation圣诞倒数日历"
"deu_Latn","hello kitty adventskalender 2025","2025年Hello Kitty圣诞倒数日历"
"deu_Latn","spiderman adventskalender","《蜘蛛侠》圣诞倒数日历"
"deu_Latn","winnie pooh adventskalender","winniepooh圣诞倒数日历"
"deu_Latn","weihnachtskalender lego","乐高圣诞倒数日历"
"deu_Latn","m&m adventskalender 2025","2025年M圣诞倒数日历"
"deu_Latn","adventskalender makita 2025","2025年牧田圣诞倒数日历"
"deu_Latn","adventskalender schokolade erwachsene","巧克力成人圣诞倒数日历"
"deu_Latn","kleinigkeiten adventskalender","小物圣诞倒数日历"
"deu_Latn","adventskalender bilder nostalgie","图片怀旧圣诞倒数日历"
"deu_Latn","adventskalender fc bayern münchen","拜仁慕尼黑圣诞倒数日历"
"deu_Latn","adventskalender monster high","怪兽 High圣诞倒数日历"
"deu_Latn","adventskalender motorrad","摩托车圣诞倒数日历"
"deu_Latn","adventskalender+2025","2025年圣诞倒数日历"
"deu_Latn","amazon beauty adventskalender 2025","2025年亚马逊美妆圣诞倒数日历"
"deu_Latn","füllung adventskalender mädchen","女孩圣诞倒数日历填充物"
"deu_Latn","labubu adventskalender 2025","2025年Labubu圣诞倒数日历"
"deu_Latn","meßmer tee adventskalender","Meßmer茶叶圣诞倒数日历"
"deu_Latn","mini parfum adventskalender","迷你香水圣诞倒数日历"
"deu_Latn","paar minuten adventskalender","情侣分钟圣诞倒数日历"
"deu_Latn","adventskalender frauen parfüm","女士香水圣诞倒数日历"
"deu_Latn","adventskalender getränke","饮料圣诞倒数日历"
"deu_Latn","adventskalender schnaps","烈酒圣诞倒数日历"
"deu_Latn","ausgefallene adventskalender","别具一格圣诞倒数日历"
"deu_Latn","jutebeutel adventskalender","黄麻袋圣诞倒数日历"
"deu_Latn","skin care adventskalender","skincare圣诞倒数日历"
"deu_Latn","adventskalender 2025 gummibärchen","2025年软糖圣诞倒数日历"
"deu_Latn","adventskalender edelsteine kinder","宝石儿童圣诞倒数日历"
"deu_Latn","adventskalender zaubertrick","zaubertrick圣诞倒数日历"
"deu_Latn","sport adventskalender 2025","2025年运动圣诞倒数日历"
"deu_Latn","adventskalender brainrot","brainrot圣诞倒数日历"
"deu_Latn","adventskalender ohne süßigkeiten","糖果圣诞倒数日历"
"deu_Latn","adventskalender yoga","瑜伽圣诞倒数日历"
"deu_Latn","dr oetker adventskalender","droetker圣诞倒数日历"
"deu_Latn","kleine geschenke für adventskalender erwachsene","小号礼物成人圣诞倒数日历"
"deu_Latn","müsli adventskalender 2025","2025年麦片圣诞倒数日历"
"deu_Latn","schnaps adventskalender 2025","2025年烈酒圣诞倒数日历"
"deu_Latn","adventskalender weleda","weleda圣诞倒数日历"
"deu_Latn","spongebob adventskalender","spongebob圣诞倒数日历"
"deu_Latn","adventskalender 2025 basteln","2025年手工圣诞倒数日历"
"deu_Latn","adventskalender xxl","XXL圣诞倒数日历"
"deu_Latn","besondere adventskalender","特别圣诞倒数日历"
"deu_Latn","f1 adventskalender 2025","2025年F1圣诞倒数日历"
"deu_Latn","zahlen aufkleber 1 bis 24 adventskalender","数字贴纸124圣诞倒数日历"
"deu_Latn","adventskalender just spices","Just Spices圣诞倒数日历"
"deu_Latn","adventskalender zuckerfrei","无糖圣诞倒数日历"
"deu_Latn","adventskalender 2025 paw patrol","2025年《汪汪队立大功》圣诞倒数日历"
"deu_Latn","adventskalender bosch 2025","2025年博世圣诞倒数日历"
"deu_Latn","ddr adventskalender","DDR圣诞倒数日历"
"deu_Latn","parfum adventskalender 2025","2025年香水圣诞倒数日历"
"deu_Latn","rubbellos adventskalender","rubbellos圣诞倒数日历"
"deu_Latn","adventskalender brawl stars","Brawl Stars圣诞倒数日历"
"deu_Latn","adventskalender drei ausrufezeichen","三个感叹号圣诞倒数日历"
"deu_Latn","adventskalender familien","家庭圣诞倒数日历"
"deu_Latn","adventskalender nähen","缝纫圣诞倒数日历"
"deu_Latn","adventskalender paare erwachsene erotisch","情侣成人情趣圣诞倒数日历"
"deu_Latn","adventskalender verpackung","圣诞倒数日历包装"
"deu_Latn","flex adventskalender 2025","2025年flex圣诞倒数日历"
"deu_Latn","gaming adventskalender 2025","2025年gaming圣诞倒数日历"
"deu_Latn","lebenskompass adventskalender 2025","2025年lebenskompass圣诞倒数日历"
"deu_Latn","adventskalender gin","金酒圣诞倒数日历"
"deu_Latn","adventskalender jungen 14 jahre","14岁男孩圣诞倒数日历"
"deu_Latn","adventskalender kreativ erwachsene","创意成人圣诞倒数日历"
"deu_Latn","adventskalender 2025 männer pflege","2025年男士护理圣诞倒数日历"
"deu_Latn","adventskalender ferrero 2025","2025年Ferrero圣诞倒数日历"
"deu_Latn","adventskalender für männer 2025","2025年男士圣诞倒数日历"
"deu_Latn","christlicher adventskalender","christlicher圣诞倒数日历"
"deu_Latn","o donnell moonshine adventskalender","odonnellmoonshine圣诞倒数日历"
"deu_Latn","adventskalender 10 jahre mädchen","10岁女孩圣诞倒数日历"
"deu_Latn","adventskalender 2025 ferrero","2025年Ferrero圣诞倒数日历"
"deu_Latn","adventskalender 3 fragezeichen","3问号圣诞倒数日历"
"deu_Latn","adventskalender chips 2025","2025年薯片圣诞倒数日历"
"deu_Latn","adventskalender pokemon karten","宝可梦卡片圣诞倒数日历"
"deu_Latn","pokemon karten adventskalender","宝可梦卡片圣诞倒数日历"
"deu_Latn","adventskalender 2024","2024年圣诞倒数日历"
"deu_Latn","adventskalender checker tobi 2025","2025年Checker Tobi圣诞倒数日历"
"deu_Latn","adventskalender frauen rituals","女士Rituals圣诞倒数日历"
"deu_Latn","adventskalender schule der magischen tiere","学校魔法动物圣诞倒数日历"
"deu_Latn","adventskalender tüten klein","纸袋小号圣诞倒数日历"
"deu_Latn","adventskalender vegan schokolade","纯素巧克力圣诞倒数日历"
"deu_Latn","adventskalender armband","手链圣诞倒数日历"
"deu_Latn","masam adventskalender 2025","2025年masam圣诞倒数日历"
"deu_Latn","super mario adventskalender 2025","2025年Super Mario圣诞倒数日历"
"deu_Latn","adventskalender 2025 lego blumen","2025年乐高花卉圣诞倒数日历"
"deu_Latn","adventskalender ingwer shots","ingwershots圣诞倒数日历"
"deu_Latn","traktor adventskalender","拖拉机圣诞倒数日历"
"deu_Latn","adventskalender boxen","盒子圣诞倒数日历"
"deu_Latn","adventskalender ddr","DDR圣诞倒数日历"
"deu_Latn","adventskalender elektronik","电子产品圣诞倒数日历"
"deu_Latn","adventskalender mann 2025","2025年男士圣诞倒数日历"
"deu_Latn","adventskalender zug","火车圣诞倒数日历"
"deu_Latn","frühstück adventskalender 2025","2025年早餐圣诞倒数日历"
"deu_Latn","achtsamkeit adventskalender","正念圣诞倒数日历"
"deu_Latn","adventskalender 3 jahre mädchen","3岁女孩圣诞倒数日历"
"deu_Latn","adventskalender befüllung","圣诞倒数日历填充物"
"deu_Latn","befüllung adventskalender kinder","儿童圣诞倒数日历填充物"
"deu_Latn","adventskalender 2025 mädchen 8 jahre","2025年8岁女孩圣诞倒数日历"
"deu_Latn","adventskalender mädchen beauty","女孩美妆圣诞倒数日历"
"deu_Latn","nougat adventskalender 2025","2025年牛轧糖圣诞倒数日历"
"deu_Latn","adventskalender füllung ideen","创意圣诞倒数日历填充物"
"deu_Latn","adventskalender kinder mädchen","儿童女孩圣诞倒数日历"
"deu_Latn","adventskalender mit foto","照片圣诞倒数日历"
"deu_Latn","adventskalender toblerone","toblerone圣诞倒数日历"
"deu_Latn","windel adventskalender","尿布圣诞倒数日历"
"deu_Latn","'adventskalender für paare","情侣圣诞倒数日历"
"deu_Latn","adventskalender 2025 sport","2025年运动圣诞倒数日历"
"deu_Latn","adventskalender gitarre","gitarre圣诞倒数日历"
"deu_Latn","adventskalender holz zum befüllen","木质可填充圣诞倒数日历"
"deu_Latn","adventskalender kleinigkeiten","小物圣诞倒数日历"
"deu_Latn","adventskalender maus","老鼠圣诞倒数日历"
"deu_Latn","adventskalender spirituell","spirituell圣诞倒数日历"
"deu_Latn","back adventskalender 2025","2025年back圣诞倒数日历"
"deu_Latn","nissin adventskalender","nissin圣诞倒数日历"
"deu_Latn","adventskalender 2025 legami","2025年Legami圣诞倒数日历"
"deu_Latn","die maus adventskalender","老鼠圣诞倒数日历"
"deu_Latn","geschenke für adventskalender frauen","礼物女士圣诞倒数日历"
"deu_Latn","lebkuchen adventskalender","姜饼圣诞倒数日历"
"deu_Latn","squishy adventskalender","squishy圣诞倒数日历"
"deu_Latn","24 tüten für adventskalender","24纸袋圣诞倒数日历"
"deu_Latn","adventskalender 10 jahre junge","10岁男孩圣诞倒数日历"
"deu_Latn","adventskalender chupa chups","Chupa Chups圣诞倒数日历"
"deu_Latn","adventskalender experimente kinder","实验儿童圣诞倒数日历"
"deu_Latn","adventskalender für reiter und pferd","reiterpferd圣诞倒数日历"
"deu_Latn","gesunder adventskalender 2025","2025年健康圣诞倒数日历"
"deu_Latn","mr beast adventskalender","mrbeast圣诞倒数日历"
"deu_Latn","adventskalender ninjago lego","乐高幻影忍者乐高圣诞倒数日历"
"deu_Latn","adventskalender tinti","tinti圣诞倒数日历"
"deu_Latn","adventskalender usa","美国圣诞倒数日历"
"deu_Latn","malen nach zahlen adventskalender","涂色nach数字圣诞倒数日历"
"deu_Latn","rätsel adventskalender erwachsene","谜题成人圣诞倒数日历"
"deu_Latn","sternenschweif adventskalender","sternenschweif圣诞倒数日历"
"deu_Latn","adventskalender jungen 2 jahre","2岁男孩圣诞倒数日历"
"deu_Latn","adventskalender rum","朗姆酒圣诞倒数日历"
"deu_Latn","füllung adventskalender männer","男士圣诞倒数日历填充物"
"deu_Latn","golf adventskalender 2025","2025年高尔夫圣诞倒数日历"
"deu_Latn","adventskalender 2025 frühstück","2025年早餐圣诞倒数日历"
"deu_Latn","adventskalender kpop","K-pop圣诞倒数日历"
"deu_Latn","adventskalender more","more圣诞倒数日历"
"deu_Latn","hitschler adventskalender 2025","2025年hitschler圣诞倒数日历"
"deu_Latn","vegan adventskalender 2025","2025年纯素圣诞倒数日历"
"deu_Latn","wera adventskalender 2024","2024年Wera圣诞倒数日历"
"deu_Latn","kinder adventskalender 2025 schokolade","2025年儿童巧克力圣诞倒数日历"
"deu_Latn","odonnell adventskalender 2025","2025年odonnell圣诞倒数日历"
"deu_Latn","adventskalender 2025 bücher","2025年书籍圣诞倒数日历"
"deu_Latn","adventskalender 2025 männer whiskey","2025年男士威士忌圣诞倒数日历"
"deu_Latn","adventskalender beutel stoff","袋子布艺圣诞倒数日历"
"deu_Latn","adventskalender dm","dm圣诞倒数日历"
"deu_Latn","adventskalender drachen","龙圣诞倒数日历"
"deu_Latn","adventskalender junge 10 jahre","10岁男孩圣诞倒数日历"
"deu_Latn","adventskalender jäger","猎人圣诞倒数日历"
"deu_Latn","adventskalender mädchen 14 jahre","14岁女孩圣诞倒数日历"
"deu_Latn","adventskalender 2025 bosch","2025年博世圣诞倒数日历"
"deu_Latn","kleines spielzeug für adventskalender","kleines玩具圣诞倒数日历"
"deu_Latn","bts adventskalender 2025","2025年BTS圣诞倒数日历"
"deu_Latn","kleinigkeiten adventskalender kinder","小物儿童圣诞倒数日历"
"deu_Latn","playmobil junior adventskalender","Playmobil儿童版圣诞倒数日历"
"deu_Latn","adventskalender 2025 koro","2025年Koro圣诞倒数日历"
"deu_Latn","adventskalender baby 6 monate","6个月婴幼儿圣诞倒数日历"
"deu_Latn","adventskalender dart","飞镖圣诞倒数日历"
"deu_Latn","adventskalender seeberger","Seeberger圣诞倒数日历"
"deu_Latn","jungs adventskalender 2025","2025年男孩圣诞倒数日历"
"deu_Latn","saatgut adventskalender","种子圣诞倒数日历"
"deu_Latn","trend it up adventskalender 2025","2025年trendit圣诞倒数日历"
"deu_Latn","adventskalender 2025 mama","2025年妈妈圣诞倒数日历"
"deu_Latn","adventskalender 2025 schoko","2025年巧克力圣诞倒数日历"
"deu_Latn","adventskalender snoopy","史努比圣诞倒数日历"
"deu_Latn","netflix adventskalender 2025","2025年Netflix圣诞倒数日历"
"deu_Latn","ramen adventskalender 2025","2025年拉面圣诞倒数日历"
"deu_Latn","adventskalender 2025 freundin","2025年女友圣诞倒数日历"
"deu_Latn","adventskalender 2025 kinder zum befüllen","2025年儿童可填充圣诞倒数日历"
"deu_Latn","adventskalender für 2 jährige","2岁圣诞倒数日历"
"deu_Latn","einhorn adventskalender 2025","2025年独角兽圣诞倒数日历"
"deu_Latn","instant nudeln adventskalender","instant面条圣诞倒数日历"
"deu_Latn","adventskalender mit parfümproben","香水小样圣诞倒数日历"
"deu_Latn","adventskalender revel","revel圣诞倒数日历"
"deu_Latn","adventskalender saft","saft圣诞倒数日历"
"deu_Latn","holzzahlen adventskalender","holzzahlen圣诞倒数日历"
"deu_Latn","lakrids by bülow adventskalender","Lakrids by Bülow圣诞倒数日历"
"deu_Latn","lotta leben adventskalender","lottaleben圣诞倒数日历"
"deu_Latn","rubbellos adventskalender lotto","rubbelloslotto圣诞倒数日历"
"deu_Latn","adventskalender 2025 parfüm damen","2025年香水女士圣诞倒数日历"
"deu_Latn","adventskalender 2026","2026年圣诞倒数日历"
"deu_Latn","adventskalender kekse","饼干圣诞倒数日历"
"deu_Latn","craze adventskalender","craze圣诞倒数日历"
"deu_Latn","stoffbeutel adventskalender","布袋圣诞倒数日历"
"deu_Latn","adventskalender 2025 balea","2025年Balea圣诞倒数日历"
"deu_Latn","adventskalender minecraft lego","《我的世界》乐高圣诞倒数日历"
"deu_Latn","adventskalender mit speisen & getränken","食物和饮品圣诞倒数日历"
"deu_Latn","adventskalender schachteln","盒子圣诞倒数日历"
"deu_Latn","adventskalender steine kristalle","石头水晶圣诞倒数日历"
"deu_Latn","aufkleber zahlen adventskalender","贴纸数字圣诞倒数日历"
"deu_Latn","dart adventskalender","飞镖圣诞倒数日历"
"deu_Latn","ehrlich brothers adventskalender","Ehrlich Brothers圣诞倒数日历"
"deu_Latn","loreal paris adventskalender 2025","2025年欧莱雅paris圣诞倒数日历"
"deu_Latn","rentner adventskalender 2025","2025年退休人士圣诞倒数日历"
"deu_Latn","ritual adventskalender 2025","2025年ritual圣诞倒数日历"
"deu_Latn","adventskalender foto","照片圣诞倒数日历"
"deu_Latn","adventskalender kinder füllung","儿童圣诞倒数日历填充物"
"deu_Latn","adventskalender zum befüllen rosa","可填充rosa圣诞倒数日历"
"deu_Latn","weihnachtskalender 2025 schokolade","2025年巧克力圣诞倒数日历"
"deu_Latn","adventskalender diabetiker","diabetiker圣诞倒数日历"
"deu_Latn","adventskalender jungen 9 jahre","9岁男孩圣诞倒数日历"
"deu_Latn","adventskalender sugar gang","sugargang圣诞倒数日历"
"deu_Latn","bmw adventskalender","bmw圣诞倒数日历"
"deu_Latn","primavera adventskalender 2025","2025年primavera圣诞倒数日历"
"deu_Latn","adventskalender camping","camping圣诞倒数日历"
"deu_Latn","eis.de adventskalender 2025","2025年EIS.de圣诞倒数日历"
"deu_Latn","manner adventskalender 2025","2025年manner圣诞倒数日历"
"deu_Latn","reber adventskalender","reber圣诞倒数日历"
"deu_Latn","topp adventskalender","topp圣诞倒数日历"
"deu_Latn","adventskalender opa","祖父圣诞倒数日历"
"deu_Latn","buch adventskalender 2025 kinder","2025年书籍儿童圣诞倒数日历"
"deu_Latn","fahrrad adventskalender","fahrrad圣诞倒数日历"
"deu_Latn","lego technic adventskalender 2025","2025年乐高technic圣诞倒数日历"
"deu_Latn","lego weihnachtskalender","乐高圣诞倒数日历"
"deu_Latn","adventskalender 2025 sprüche","2025年格言圣诞倒数日历"
"deu_Latn","adventskalender feuerwehrmann sam","feuerwehrmannsam圣诞倒数日历"
"deu_Latn","adventskalender häuschen zum befüllen","小屋可填充圣诞倒数日历"
"deu_Latn","adventskalender kerzen 1-24","蜡烛124圣诞倒数日历"
"deu_Latn","amorelie adventskalender 2025 für paare","2025年Amorelie情侣圣诞倒数日历"
"deu_Latn","bastel adventskalender kinder","手工儿童圣诞倒数日历"
"deu_Latn","kleiner adventskalender","小号圣诞倒数日历"
"deu_Latn","adventskalender gesundheit","gesundheit圣诞倒数日历"
"deu_Latn","adventskalender lindor","Lindor圣诞倒数日历"
"deu_Latn","lancome adventskalender 2025","2025年lancome圣诞倒数日历"
"deu_Latn","mein erster adventskalender","erster圣诞倒数日历"
"deu_Latn","yogi tea adventskalender","Yogitea圣诞倒数日历"
"deu_Latn","adventskalender 2025 mädchen beauty","2025年女孩美妆圣诞倒数日历"
"deu_Latn","adventskalender oreo","Oreo圣诞倒数日历"
"deu_Latn","adventskalender puppe","puppe圣诞倒数日历"
"deu_Latn","cocktail adventskalender","cocktail圣诞倒数日历"
"deu_Latn","paluten adventskalender","paluten圣诞倒数日历"
"deu_Latn","adventskalender disney 2025","2025年迪士尼圣诞倒数日历"
"deu_Latn","adventskalender jutesäckchen","黄麻袋圣诞倒数日历"
"deu_Latn","adventskalender manga","漫画圣诞倒数日历"
"deu_Latn","adventskalender-tüten","纸袋圣诞倒数日历"
"deu_Latn","'adventskalender lego","乐高圣诞倒数日历"
"deu_Latn","icrimax adventskalender 2025","2025年icrimax圣诞倒数日历"
"deu_Latn","ideen für adventskalender füllung kinder","创意儿童圣诞倒数日历填充物"
"deu_Latn","adventskalender 2025 tüten","2025年纸袋圣诞倒数日历"
"deu_Latn","adventskalender dose","罐装圣诞倒数日历"
"deu_Latn","adventskalender für senioren","老年人圣诞倒数日历"
"deu_Latn","adventskalender salzig","salzig圣诞倒数日历"
"deu_Latn","kpop adventskalender","K-pop圣诞倒数日历"
"deu_Latn","nintendo adventskalender","Nintendo圣诞倒数日历"
"deu_Latn","adventskalender 2025 rätsel erwachsene","2025年谜题成人圣诞倒数日历"
"deu_Latn","adventskalender kinder 6 jahre","6岁儿童圣诞倒数日历"
"deu_Latn","adventskalender outdoor","outdoor圣诞倒数日历"
"deu_Latn","glutenfreier adventskalender","无麸质圣诞倒数日历"
"deu_Latn","ironmaxx adventskalender 2025","2025年ironmaxx圣诞倒数日历"
"deu_Latn","adventskalender kinder playmobil","儿童Playmobil圣诞倒数日历"
"deu_Latn","adventskalender m&m","M圣诞倒数日历"
"deu_Latn","airfryer adventskalender 2025","2025年空气炸锅圣诞倒数日历"
"deu_Latn","lauensteiner adventskalender","lauensteiner圣诞倒数日历"
"deu_Latn","lets battle adventskalender","letsbattle圣诞倒数日历"
"deu_Latn","lustige adventskalender für erwachsene","趣味成人圣诞倒数日历"
"deu_Latn","adventskalender 2025 beauty essence","2025年美妆essence圣诞倒数日历"
"deu_Latn","adventskalender besonders","特别圣诞倒数日历"
"deu_Latn","adventskalender füllung für kinder","儿童圣诞倒数日历填充物"
"deu_Latn","lego-adventskalender","乐高圣诞倒数日历"
"deu_Latn","adventskalender 2025 skin care","2025年skincare圣诞倒数日历"
"deu_Latn","adventskalender 2025 wein","2025年葡萄酒圣诞倒数日历"
"deu_Latn","adventskalender jungen 13 jahre","13岁男孩圣诞倒数日历"
"deu_Latn","adventskalender nintendo","Nintendo圣诞倒数日历"
"deu_Latn","adventskalender tiptoi 2025","2025年tiptoi圣诞倒数日历"
"deu_Latn","adventskalender fidget toy","解压玩具圣诞倒数日历"
"deu_Latn","kristall adventskalender","水晶圣诞倒数日历"
"deu_Latn","ravensburger adventskalender","Ravensburger圣诞倒数日历"
"deu_Latn","schleich adventskalender horse club","Schleich马匹俱乐部圣诞倒数日历"
"deu_Latn","sherlock holmes adventskalender","sherlockholmes圣诞倒数日历"
"deu_Latn","adventskalender baden","baden圣诞倒数日历"
"deu_Latn","adventskalender christlich","christlich圣诞倒数日历"
"deu_Latn","adventskalender kinder 8 jahre","8岁儿童圣诞倒数日历"
"deu_Latn","adventskalender mon cherie","Mon Chéri圣诞倒数日历"
"deu_Latn","adventskalender nostalgisch","怀旧圣诞倒数日历"
"deu_Latn","dinge für adventskalender","物品圣诞倒数日历"
"deu_Latn","männer adventskalender ideen","男士创意圣诞倒数日历"
"deu_Latn","adventskalender 12 jahre junge","12岁男孩圣诞倒数日历"
"deu_Latn","adventskalender jungen 11 jahre","11岁男孩圣诞倒数日历"
"deu_Latn","geschenke adventskalender","礼物圣诞倒数日历"
"deu_Latn","adventskalender lego ninjago","乐高乐高幻影忍者圣诞倒数日历"
"deu_Latn","befüllung adventskalender","圣诞倒数日历填充物"
"deu_Latn","clipper adventskalender","clipper圣诞倒数日历"
"deu_Latn","edelstein adventskalender 2025","2025年宝石圣诞倒数日历"
"deu_Latn","frozen adventskalender 2025","2025年冰雪奇缘圣诞倒数日历"
"deu_Latn","my müsli adventskalender 2025","2025年麦片圣诞倒数日历"
"deu_Latn","sephora adventskalender","丝芙兰圣诞倒数日历"
"deu_Latn","adventskalender ankerkraut 2025","2025年Ankerkraut圣诞倒数日历"
"deu_Latn","adventskalender gamer","游戏玩家圣诞倒数日历"
"deu_Latn","adventskalender reeses","Reese's圣诞倒数日历"
"deu_Latn","adventskalender schmuck gold","珠宝首饰金色圣诞倒数日历"
"deu_Latn","coca cola adventskalender 2025","2025年可口可乐圣诞倒数日历"
"deu_Latn","adventskalender energy drink","能量饮料drink圣诞倒数日历"
"deu_Latn","adventskalender nivea 2025","2025年妮维雅圣诞倒数日历"
"deu_Latn","adventskalender schule","学校圣诞倒数日历"
"deu_Latn","japan adventskalender 2025","2025年日式圣诞倒数日历"
"deu_Latn","lustiger adventskalender","lustiger圣诞倒数日历"
"deu_Latn","naruto adventskalender 2025","2025年《火影忍者》圣诞倒数日历"
"deu_Latn","tut tut baby flitzer adventskalender","tut婴幼儿flitzer圣诞倒数日历"
"deu_Latn","wurst adventskalender 2025","2025年香肠圣诞倒数日历"
"deu_Latn","adventskalender 2025 mädchen 3 jahre","2025年3岁女孩圣诞倒数日历"
"deu_Latn","adventskalender lego harry potter","乐高《哈利·波特》圣诞倒数日历"
"deu_Latn","adventskalender mozartkugeln","mozartkugeln圣诞倒数日历"
"deu_Latn","adventskalender ohne zucker","无糖圣诞倒数日历"
"deu_Latn","adventskalender sportler","运动员圣诞倒数日历"
"deu_Latn","asia adventskalender","asia圣诞倒数日历"
"deu_Latn","bio adventskalender 2025","2025年有机圣诞倒数日历"
"deu_Latn","makramee adventskalender","makramee圣诞倒数日历"
"deu_Latn","wednesday adventskalender 2025","2025年《星期三》圣诞倒数日历"
"deu_Latn","adventskalender k pop demon hunters","《KPop恶魔猎人》圣诞倒数日历"
"deu_Latn","adventskalender katzenliebhaber","katzenliebhaber圣诞倒数日历"
"deu_Latn","salami adventskalender 2025","2025年萨拉米香肠圣诞倒数日历"
"deu_Latn","kinder weihnachtskalender","儿童圣诞倒数日历"
"deu_Latn","adventskalender partner","伴侣圣诞倒数日历"
"deu_Latn","geschenke adventskalender frau","礼物女士圣诞倒数日历"
"deu_Latn","gourmet adventskalender 2025","2025年美食圣诞倒数日历"
"deu_Latn","hazet adventskalender","HAZET圣诞倒数日历"
"deu_Latn","luxus adventskalender 2025","2025年奢华圣诞倒数日历"
"deu_Latn","prinz adventskalender 2025","2025年王子圣诞倒数日历"
"deu_Latn","schminke adventskalender 2025","2025年彩妆圣诞倒数日历"
"deu_Latn","adventskalender netflix","Netflix圣诞倒数日历"
"deu_Latn","eis adventskalender","冰淇淋圣诞倒数日历"
"deu_Latn","lol adventskalender","lol圣诞倒数日历"
"deu_Latn","nfl adventskalender","NFL圣诞倒数日历"
"deu_Latn","outdoor adventskalender","outdoor圣诞倒数日历"
"deu_Latn","teenager adventskalender 2025","2025年青少年圣诞倒数日历"
"deu_Latn","adventskalender matchbox","matchbox圣诞倒数日历"
"deu_Latn","adventskalender selber befüllen kinder","可自行填充儿童圣诞倒数日历"
"deu_Latn","adventskalender frozen","冰雪奇缘圣诞倒数日历"
"deu_Latn","duplo adventskalender 2025","2025年DUPLO圣诞倒数日历"
"deu_Latn","rc adventskalender","rc圣诞倒数日历"
"deu_Latn","technik adventskalender","科技圣诞倒数日历"
"deu_Latn","wellness adventskalender","养生圣诞倒数日历"
"deu_Latn","adventskalender mädchen schmuck","女孩珠宝首饰圣诞倒数日历"
"deu_Latn","adventskalender pflege","护理圣诞倒数日历"
"deu_Latn","adventskalender retro","复古圣诞倒数日历"
"deu_Latn","adventskalender 2025 hunde","2025年狗狗圣诞倒数日历"
"deu_Latn","kleinigkeiten für den adventskalender","小物圣诞倒数日历"
"deu_Latn","socken adventskalender 2025","2025年袜子圣诞倒数日历"
"deu_Latn","adventskalender 2025 frauen make up","2025年女士圣诞倒数日历"
"deu_Latn","adventskalender 2025 für kinder","2025年儿童圣诞倒数日历"
"deu_Latn","adventskalender kinderschokolade 2025","2025年儿童巧克力圣诞倒数日历"
"deu_Latn","adventskalender merci","Merci圣诞倒数日历"
"deu_Latn","adventskalender smarties","Smarties圣诞倒数日历"
"deu_Latn","dackel adventskalender","dackel圣诞倒数日历"
"deu_Latn","glück marmelade adventskalender","Glück果酱圣诞倒数日历"
"deu_Latn","purelei adventskalender 2024","2024年PURELEI圣诞倒数日历"
"deu_Latn","tee adventskalender 2025 teekanne","2025年茶teekanne圣诞倒数日历"
"deu_Latn","yves rocher adventskalender 2025","2025年yvesRocher圣诞倒数日历"
"deu_Latn","bosch weihnachtskalender 2025","2025年博世圣诞倒数日历"
"deu_Latn","lindt weihnachtskalender","瑞士莲圣诞倒数日历"
"deu_Latn","adventskalender 2025 kneipp","2025年Kneipp圣诞倒数日历"
"deu_Latn","adventskalender basketball","basketball圣诞倒数日历"
"deu_Latn","adventskalender handwerker","工匠圣诞倒数日历"
"deu_Latn","adventskalender jurassic world","侏罗纪世界圣诞倒数日历"
"deu_Latn","adventskalender mit alkohol","酒类圣诞倒数日历"
"deu_Latn","adventskalender männer kosmetik","男士化妆品圣诞倒数日历"
"deu_Latn","alverde adventskalender 2025","2025年alverde圣诞倒数日历"
"deu_Latn","kleine sachen für adventskalender","小号小物圣诞倒数日历"
"deu_Latn","schalke adventskalender 2025","2025年schalke圣诞倒数日历"
"deu_Latn","toffifee adventskalender","toffifee圣诞倒数日历"
"deu_Latn","adventskalender mädchen teenager","女孩青少年圣诞倒数日历"
"deu_Latn","kinder adventskalender füllung","儿童圣诞倒数日历填充物"
"deu_Latn","lego duplo adventskalender 2025","2025年乐高DUPLO圣诞倒数日历"
"deu_Latn","snoopy adventskalender 2025","2025年史努比圣诞倒数日历"
"deu_Latn","24 kleine geschenke für adventskalender","24小号礼物圣诞倒数日历"
"deu_Latn","adventskalender bier 2025","2025年啤酒圣诞倒数日历"
"deu_Latn","adventskalender freund","freund圣诞倒数日历"
"deu_Latn","adventskalender mädchen schminke","女孩彩妆圣诞倒数日历"
"deu_Latn","adventskalender spongebob","spongebob圣诞倒数日历"
"deu_Latn","adventskalender wiederverwendbar","可重复使用圣诞倒数日历"
"deu_Latn","evelyn burdecki adventskalender","evelynburdecki圣诞倒数日历"
"deu_Latn","adventskalender herzhaft","herzhaft圣诞倒数日历"
"deu_Latn","adventskalender klammern 1-24","klammern124圣诞倒数日历"
"deu_Latn","adventskalender knabbereien","零食圣诞倒数日历"
"deu_Latn","adventskalender zum befüllen aufhängen","可填充悬挂式圣诞倒数日历"
"deu_Latn","isana adventskalender 2025","2025年isana圣诞倒数日历"
"deu_Latn","mein allererster adventskalender","allererster圣诞倒数日历"
"deu_Latn","personalisierte adventskalender","个性化圣诞倒数日历"
"deu_Latn","retro adventskalender","复古圣诞倒数日历"
"deu_Latn","wajos adventskalender 2025","2025年wajos圣诞倒数日历"
"deu_Latn","adventskalender 5 jahre junge","5岁男孩圣诞倒数日历"
"deu_Latn","adventskalender aus holz","木质圣诞倒数日历"
"deu_Latn","adventskalender kleine geschenke","小号礼物圣诞倒数日历"
"deu_Latn","beauty adventskalender 2025 frauen","2025年美妆女士圣诞倒数日历"
"deu_Latn","kiste für adventskalender","箱子圣诞倒数日历"
"deu_Latn","lego adventskalender 2025 minecraft","2025年乐高《我的世界》圣诞倒数日历"
"deu_Latn","adventskalender 2025 eis","2025年冰淇淋圣诞倒数日历"
"deu_Latn","adventskalender auto erwachsene","汽车成人圣诞倒数日历"
"deu_Latn","adventskalender eis de","EIS.de圣诞倒数日历"
"deu_Latn","adventskalender fahrrad","fahrrad圣诞倒数日历"
"deu_Latn","adventskalender naruto","《火影忍者》圣诞倒数日历"
"deu_Latn","adventskalender socken kinder","袜子儿童圣诞倒数日历"
"deu_Latn","corny adventskalender 2025","2025年corny圣诞倒数日历"
"deu_Latn","ideen für adventskalender","创意圣诞倒数日历"
"deu_Latn","topmodel adventskalender","topmodel圣诞倒数日历"
"deu_Latn","vision board adventskalender","visionboard圣诞倒数日历"
"deu_Latn","adventskalender 2025 achtsamkeit","2025年正念圣诞倒数日历"
"deu_Latn","adventskalender lego technik","乐高科技圣诞倒数日历"
"deu_Latn","ahoj brause adventskalender","ahojbrause圣诞倒数日历"
"deu_Latn","gin adventskalender","金酒圣诞倒数日历"
"deu_Latn","adventskalender 2025 baby born","2025年Baby Born圣诞倒数日历"
"deu_Latn","adventskalender squishy","squishy圣诞倒数日历"
"deu_Latn","bibi und tina adventskalender 2025","2025年bibitina圣诞倒数日历"
"deu_Latn","gepps adventskalender 2025","2025年gepps圣诞倒数日历"
"deu_Latn","lego adventskalender harry potter","乐高《哈利·波特》圣诞倒数日历"
"deu_Latn","peppa pig adventskalender","小猪佩奇圣诞倒数日历"
"deu_Latn","puppen adventskalender 2025","2025年玩偶圣诞倒数日历"
"deu_Latn","siku adventskalender","siku圣诞倒数日历"
"deu_Latn","adventskalender 2025 funko pop","2025年Funko Pop圣诞倒数日历"
"deu_Latn","adventskalender 2025 whiskey","2025年威士忌圣诞倒数日历"
"deu_Latn","adventskalender bauen","建造圣诞倒数日历"
"deu_Latn","holz adventskalender","木质圣诞倒数日历"
"deu_Latn","musik adventskalender","音乐圣诞倒数日历"
"deu_Latn","one piece adventskalender 2025","2025年《海贼王》圣诞倒数日历"
"deu_Latn","tip toi adventskalender","tiptoi圣诞倒数日历"
"deu_Latn","werder bremen adventskalender","werderbremen圣诞倒数日历"
"deu_Latn","weihnachtskalender für kinder","儿童圣诞倒数日历"
"deu_Latn","adventskalender buch erwachsene","书籍成人圣诞倒数日历"
"deu_Latn","adventskalender zum befüllen wand","可填充墙面圣诞倒数日历"
"deu_Latn","bilder adventskalender","图片圣诞倒数日历"
"deu_Latn","k pop adventskalender","Kpop圣诞倒数日历"
"deu_Latn","slime adventskalender 2025","2025年slime圣诞倒数日历"
"deu_Latn","wicked adventskalender","Wicked圣诞倒数日历"
"deu_Latn","adventskalender kinder 5 jahre","5岁儿童圣诞倒数日历"
"deu_Latn","adventskalender kuscheltiere","kuscheltiere圣诞倒数日历"
"deu_Latn","bodylab adventskalender 2025","2025年bodylab圣诞倒数日历"
"deu_Latn","cocktail adventskalender 2025","2025年cocktail圣诞倒数日历"
"deu_Latn","adventskalender 2025 spielzeug","2025年玩具圣诞倒数日历"
"deu_Latn","adventskalender ausgefallen","别具一格圣诞倒数日历"
"deu_Latn","adventskalender elsa","艾莎圣诞倒数日历"
"deu_Latn","adventskalender füllen","填充圣诞倒数日历"
"deu_Latn","adventskalender für zwei personen","zweipersonen圣诞倒数日历"
"deu_Latn","kinder adventskalender zum befüllen","儿童可填充圣诞倒数日历"
"deu_Latn","sachen suchen adventskalender","小物suchen圣诞倒数日历"
"deu_Latn","adventskalender ideen zum befüllen kinder","创意可填充儿童圣诞倒数日历"
"deu_Latn","adventskalender mann füllung","男士圣诞倒数日历填充物"
"deu_Latn","adventskalender mädchen 15 jahre","15岁女孩圣诞倒数日历"
"deu_Latn","kleine geschenke für adventskalender kinder","小号礼物儿童圣诞倒数日历"
"deu_Latn","lego marvel adventskalender 2025","2025年乐高漫威圣诞倒数日历"
"deu_Latn","rätsel adventskalender kinder","谜题儿童圣诞倒数日历"
"deu_Latn","adventskalender bayern münchen 2025","2025年拜仁慕尼黑圣诞倒数日历"
"deu_Latn","adventskalender kakao","可可圣诞倒数日历"
"deu_Latn","adventskalender lilo und stitch","《星际宝贝》圣诞倒数日历"
"deu_Latn","adventskalender manhattan","manhattan圣诞倒数日历"
"deu_Latn","my little pony adventskalender","小马宝莉圣诞倒数日历"
"deu_Latn","'adventskalender 2025 männer","2025年男士圣诞倒数日历"
"deu_Latn","3 fragezeichen adventskalender 2025","2025年3问号圣诞倒数日历"
"deu_Latn","adventskalender kind","儿童圣诞倒数日历"
"deu_Latn","folia adventskalender","folia圣诞倒数日历"
"deu_Latn","lavera adventskalender 2025","2025年lavera圣诞倒数日历"
"deu_Latn","toblerone adventskalender","toblerone圣诞倒数日历"
"deu_Latn","duftkerzen adventskalender 2025","2025年香薰蜡烛圣诞倒数日历"
"deu_Latn","loreal adventskalender","欧莱雅圣诞倒数日历"
"deu_Latn","more adventskalender","more圣诞倒数日历"
"deu_Latn","männer adventskalender füllung","男士圣诞倒数日历填充物"
"deu_Latn","adventskalender 2025 junge 6 jahre","2025年6岁男孩圣诞倒数日历"
"deu_Latn","adventskalender 2025 mädchen 5 jahre","2025年5岁女孩圣诞倒数日历"
"deu_Latn","adventskalender kunst","kunst圣诞倒数日历"
"deu_Latn","badebomben adventskalender","泡澡球圣诞倒数日历"
"deu_Latn","frozen adventskalender","冰雪奇缘圣诞倒数日历"
"deu_Latn","geschenke adventskalender mann","礼物男士圣诞倒数日历"
"deu_Latn","snocks adventskalender 2025","2025年snocks圣诞倒数日历"
"deu_Latn","strauss adventskalender 2025","2025年strauss圣诞倒数日历"
"deu_Latn","adventskalender polly pocket","Polly Pocket圣诞倒数日历"
"deu_Latn","adventskalender zum befüllen schwarz","可填充黑色圣诞倒数日历"
"deu_Latn","bio tee adventskalender 2025","2025年有机茶叶圣诞倒数日历"
"deu_Latn","holzkiste adventskalender","holzkiste圣诞倒数日历"
"deu_Latn","japan adventskalender","日式圣诞倒数日历"
"deu_Latn","schmuck adventskalender silber","珠宝首饰银色圣诞倒数日历"
"deu_Latn","adventskalender golf","高尔夫圣诞倒数日历"
"deu_Latn","früchtetee adventskalender","果茶叶圣诞倒数日历"
"deu_Latn","papier adventskalender","纸质圣诞倒数日历"
"deu_Latn","schmuck adventskalender mädchen","珠宝首饰女孩圣诞倒数日历"
"deu_Latn","adventskalender 2025 jungen 9 jahre","2025年9岁男孩圣诞倒数日历"
"deu_Latn","adventskalender 2025 männer socken","2025年男士袜子圣诞倒数日历"
"deu_Latn","adventskalender für sportler","运动员圣诞倒数日历"
"deu_Latn","adventskalender schokolade lindt","巧克力瑞士莲圣诞倒数日历"
"deu_Latn","adventskalender zum befüllen boxen","可填充盒子圣诞倒数日历"
"deu_Latn","adventskalender zweisamkeit","zweisamkeit圣诞倒数日历"
"deu_Latn","dresdner essenz adventskalender","dresdneressenz圣诞倒数日历"
"deu_Latn","k pop adventskalender 2025","2025年Kpop圣诞倒数日历"
"deu_Latn","monster high adventskalender","怪兽 High圣诞倒数日历"
"deu_Latn","schleich adventskalender 2025 pferde","2025年Schleich马匹圣诞倒数日历"
"deu_Latn","schule der magischen tiere adventskalender","学校魔法动物圣诞倒数日历"
"deu_Latn","'adventskalender tüten","纸袋圣诞倒数日历"
"deu_Latn","adventskalender ehrlich brothers 2025","2025年Ehrlich Brothers圣诞倒数日历"
"deu_Latn","adventskalender eisenbahn","铁路圣诞倒数日历"
"deu_Latn","adventskalender f1","F1圣诞倒数日历"
"deu_Latn","harry potter adventskalender socken","《哈利·波特》袜子圣诞倒数日历"
"deu_Latn","adventskalender 2025 kinder 10 jahre","2025年10岁儿童圣诞倒数日历"
"deu_Latn","adventskalender 2025 kinder minecraft","2025年儿童《我的世界》圣诞倒数日历"
"deu_Latn","adventskalender bluebrixx","bluebrixx圣诞倒数日历"
"deu_Latn","adventskalender für gamer","游戏玩家圣诞倒数日历"
"deu_Latn","essence adventskalender 2025 neu","2025年essenceneu圣诞倒数日历"
"deu_Latn","sachen für adventskalender kinder","小物儿童圣诞倒数日历"
"deu_Latn","sallys adventskalender 2025","2025年sallys圣诞倒数日历"
"deu_Latn","schmuck adventskalender gold","珠宝首饰金色圣诞倒数日历"
"deu_Latn","vegane adventskalender 2025","2025年纯素圣诞倒数日历"
"deu_Latn","zahlen adventskalender aufkleber","数字贴纸圣诞倒数日历"
"deu_Latn","adventskalender ab 4 jahre","4岁以上圣诞倒数日历"
"deu_Latn","adventskalender diy set","DIY套装圣诞倒数日历"
"deu_Latn","adventskalender grundschule","grundschule圣诞倒数日历"
"deu_Latn","adventskalender weihnachtsbaum","weihnachtsbaum圣诞倒数日历"
"deu_Latn","füllung adventskalender frauen","女士圣诞倒数日历填充物"
"deu_Latn","adventskalender ehemann","ehemann圣诞倒数日历"
"deu_Latn","adventskalender jungs 5 jahre","5岁男孩圣诞倒数日历"
"deu_Latn","playmobil adventskalender polizei","Playmobilpolizei圣诞倒数日历"
"deu_Latn","adventskalender 2025 kreativ","2025年创意圣诞倒数日历"
"deu_Latn","adventskalender asiatisch","asiatisch圣诞倒数日历"
"deu_Latn","adventskalender freundinnen","女性朋友圣诞倒数日历"
"deu_Latn","adventskalender füllung für teenager","青少年圣诞倒数日历填充物"
"deu_Latn","adventskalender haus","haus圣诞倒数日历"
"deu_Latn","bücher adventskalender","书籍圣诞倒数日历"
"deu_Latn","gamer adventskalender","游戏玩家圣诞倒数日历"
"deu_Latn","handwerker adventskalender","工匠圣诞倒数日历"
"deu_Latn","m.asam adventskalender 2025","2025年MASAM圣诞倒数日历"
"deu_Latn","yankee candles adventskalender","Yankee Candle圣诞倒数日历"
"deu_Latn","adventskalender funko","Funko圣诞倒数日历"
"deu_Latn","adventskalender rotbäckchen","Rotbäckchen圣诞倒数日历"
"deu_Latn","exit game adventskalender 2025","2025年EXIT游戏圣诞倒数日历"
"deu_Latn","jungen adventskalender 2025","2025年男孩圣诞倒数日历"
"deu_Latn","sudoku adventskalender","sudoku圣诞倒数日历"
"deu_Latn","weihnachtskalender zum befüllen","可填充圣诞倒数日历"
"deu_Latn","adventskalender 2025 mädchen 10 jahre","2025年10岁女孩圣诞倒数日历"
"deu_Latn","adventskalender 4 jahre mädchen","4岁女孩圣诞倒数日历"
"deu_Latn","adventskalender esn","esn圣诞倒数日历"
"deu_Latn","adventskalender für teenager jungs","青少年男孩圣诞倒数日历"
"deu_Latn","adventskalender nägel","指甲圣诞倒数日历"
"deu_Latn","fresco adventskalender","fresco圣诞倒数日历"
"deu_Latn","lego adventskalender star wars","乐高《星球大战》圣诞倒数日历"
"deu_Latn","mac adventskalender 2025","2025年mac圣诞倒数日历"
"deu_Latn","spielzeug adventskalender","玩具圣诞倒数日历"
"deu_Latn","weleda adventskalender","weleda圣诞倒数日历"
"deu_Latn","adventskalender 2025 fußball","2025年足球圣诞倒数日历"
"deu_Latn","adventskalender 2025 kleinkind","2025年幼儿圣诞倒数日历"
"deu_Latn","adventskalender pralinen ohne alkohol","巧克力糖无酒精圣诞倒数日历"
"deu_Latn","adventskalender zum befüllen große taschen","可填充大号包袋圣诞倒数日历"
"deu_Latn","billie eilish adventskalender","billieeilish圣诞倒数日历"
"deu_Latn","lichtungen adventskalender 2025","2025年lichtungen圣诞倒数日历"
"deu_Latn","lindt hello adventskalender 2025","2025年瑞士莲圣诞倒数日历"
"deu_Latn","rum adventskalender","朗姆酒圣诞倒数日历"
"deu_Latn","adventskalender 2025 escape","2025年密室逃脱圣诞倒数日历"
"deu_Latn","adventskalender 2025 familie","2025年家庭圣诞倒数日历"
"deu_Latn","adventskalender brio","brio圣诞倒数日历"
"deu_Latn","adventskalender für kollegen","同事圣诞倒数日历"
"deu_Latn","adventskalender für paare sex","情侣成人情趣圣诞倒数日历"
"deu_Latn","leerer adventskalender zum befüllen","空白可填充圣诞倒数日历"
"deu_Latn","weihnachtskalender lindt","瑞士莲圣诞倒数日历"
"deu_Latn","adventskalender coppenrath","coppenrath圣诞倒数日历"
"deu_Latn","adventskalender fortnite 2025","2025年fortnite圣诞倒数日历"
"deu_Latn","adventskalender whisky 2025","2025年威士忌圣诞倒数日历"
"deu_Latn","adventskalender zum befüllen hängend","可填充悬挂式圣诞倒数日历"
"deu_Latn","exit adventskalender fortgeschrittene","EXITfortgeschrittene圣诞倒数日历"
"deu_Latn","sonic adventskalender","《刺猬索尼克》圣诞倒数日历"
"deu_Latn","whiskey adventskalender","威士忌圣诞倒数日历"
"deu_Latn","adventskalender 2025 amerikanische süßigkeiten","2025年美国糖果圣诞倒数日历"
"deu_Latn","adventskalender 2025 experimente","2025年实验圣诞倒数日历"
"deu_Latn","adventskalender 2025 männer sport","2025年男士运动圣诞倒数日历"
"deu_Latn","adventskalender 2025 amazon","2025年亚马逊圣诞倒数日历"
"deu_Latn","adventskalender 2025 fortnite","2025年fortnite圣诞倒数日历"
"deu_Latn","adventskalender bauernhof","农场圣诞倒数日历"
"deu_Latn","adventskalender karte mit türchen","karte小门圣诞倒数日历"
"deu_Latn","adventskalender polly pocket 2025","2025年Polly Pocket圣诞倒数日历"
"deu_Latn","adventskalender zum basteln","手工圣诞倒数日历"
"deu_Latn","adventskalender zum befüllen karton","可填充karton圣诞倒数日历"
"deu_Latn","deko adventskalender","装饰圣诞倒数日历"
"deu_Latn","pokemon karten adventskalender 2025","2025年宝可梦卡片圣诞倒数日历"
"deu_Latn","vfb adventskalender","vfb圣诞倒数日历"
"deu_Latn","weihnachtskalender kinderschokolade","儿童巧克力圣诞倒数日历"
"deu_Latn","adventskalender engelbert strauss","Engelbert Strauss圣诞倒数日历"
"deu_Latn","adventskalender witzig","witzig圣诞倒数日历"
"deu_Latn","kakao adventskalender","可可圣诞倒数日历"
"deu_Latn","proteinriegel adventskalender","蛋白棒圣诞倒数日历"
"deu_Latn","spiritueller adventskalender","spiritueller圣诞倒数日历"
"deu_Latn","tatort adventskalender","tatort圣诞倒数日历"
"deu_Latn","adventskalender 6 jahre junge","6岁男孩圣诞倒数日历"
"deu_Latn","adventskalender aufhängen","悬挂式圣诞倒数日历"
"deu_Latn","adventskalender kinder spielzeug","儿童玩具圣诞倒数日历"
"deu_Latn","adventskalender lol","lol圣诞倒数日历"
"deu_Latn","dackel adventskalender 2025","2025年dackel圣诞倒数日历"
"deu_Latn","hund adventskalender","狗狗圣诞倒数日历"
"deu_Latn","adventskalender cocktail","cocktail圣诞倒数日历"
"deu_Latn","adventskalender jungs 9 jahre","9岁男孩圣诞倒数日历"
"deu_Latn","adventskalender sephora","丝芙兰圣诞倒数日历"
"deu_Latn","adventskalender sprüche erwachsene","格言成人圣诞倒数日历"
"deu_Latn","body attack adventskalender 2025","2025年bodyattack圣诞倒数日历"
"deu_Latn","drei fragezeichen kids adventskalender","三个问号儿童圣诞倒数日历"
"deu_Latn","exit adventskalender der zauber von weihnachten","EXITzauber圣诞倒数日历"
"deu_Latn","füllung adventskalender erwachsene","成人圣诞倒数日历填充物"
"deu_Latn","handwerker adventskalender 2025","2025年工匠圣诞倒数日历"
"deu_Latn","heilemann adventskalender","heilemann圣诞倒数日历"
"deu_Latn","roland kaiser adventskalender 2025","2025年rolandkaiser圣诞倒数日历"
"deu_Latn","sex adventskalender 2025 für paare","2025年成人情趣情侣圣诞倒数日历"
"deu_Latn","topps adventskalender 25/26","Topps2526圣诞倒数日历"
"deu_Latn","adventskalender kerzen 2025","2025年蜡烛圣诞倒数日历"
"deu_Latn","adventskalender kreuzworträtsel","填字游戏圣诞倒数日历"
"deu_Latn","adventskalender küche","厨房圣诞倒数日历"
"deu_Latn","adventskalender sudoku","sudoku圣诞倒数日历"
"deu_Latn","effol adventskalender 2025","2025年effol圣诞倒数日历"
"deu_Latn","mclaren adventskalender","mclaren圣诞倒数日历"
"deu_Latn","more nutrition adventskalender 2025","2025年More Nutrition圣诞倒数日历"
"deu_Latn","petronella apfelmus adventskalender","petronellaapfelmus圣诞倒数日历"
"deu_Latn","adventskalender charms","charms圣诞倒数日历"
"deu_Latn","adventskalender für beste freundin","精选女友圣诞倒数日历"
"deu_Latn","adventskalender wolle","羊毛圣诞倒数日历"
"deu_Latn","douglas adventskalender 2025 frauen","2025年Douglas女士圣诞倒数日历"
"deu_Latn","kleinigkeiten für adventskalender mädchen","小物女孩圣诞倒数日历"
"deu_Latn","spielzeug für adventskalender","玩具圣诞倒数日历"
"deu_Latn","adventskalender krimi erwachsene","推理成人圣诞倒数日历"
"deu_Latn","adventskalender laktosefrei","无乳糖圣诞倒数日历"
"deu_Latn","adventskalender to go","togo圣诞倒数日历"
"deu_Latn","friends adventskalender","Friends圣诞倒数日历"
"deu_Latn","porridge adventskalender","porridge圣诞倒数日历"
"deu_Latn","windlicht adventskalender","windlicht圣诞倒数日历"
"deu_Latn","adventskalender 13 jahre mädchen","13岁女孩圣诞倒数日历"
"deu_Latn","adventskalender 2025 frauen schokolade","2025年女士巧克力圣诞倒数日历"
"deu_Latn","adventskalender 2025 nougat","2025年牛轧糖圣诞倒数日历"
"deu_Latn","adventskalender 4 jahre","4岁圣诞倒数日历"
"deu_Latn","adventskalender füllung mann","男士圣诞倒数日历填充物"
"deu_Latn","adventskalender kinder junge","儿童男孩圣诞倒数日历"
"deu_Latn","adventskalender prinzessin","公主圣诞倒数日历"
"deu_Latn","adventskalender purelei 2025","2025年PURELEI圣诞倒数日历"
"deu_Latn","eulen adventskalender","猫头鹰圣诞倒数日历"
"deu_Latn","getränke adventskalender","饮料圣诞倒数日历"
"deu_Latn","mama adventskalender","妈妈圣诞倒数日历"
"deu_Latn","adventskalender 2025 marvel","2025年漫威圣诞倒数日历"
"deu_Latn","adventskalender roboter","roboter圣诞倒数日历"
"deu_Latn","festool adventskalender 2025","2025年festool圣诞倒数日历"
"deu_Latn","kleinkind adventskalender","幼儿圣诞倒数日历"
"deu_Latn","lego technic adventskalender","乐高technic圣诞倒数日历"
"deu_Latn","tinti adventskalender","tinti圣诞倒数日历"
"deu_Latn","adventskalender 2025 chips funny frisch","2025年薯片趣味新鲜圣诞倒数日历"
"deu_Latn","adventskalender häuser zum befüllen","房屋可填充圣诞倒数日历"
"deu_Latn","adventskalender kosmetik mädchen","化妆品女孩圣诞倒数日历"
"deu_Latn","adventskalender ramen","拉面圣诞倒数日历"
"deu_Latn","elf adventskalender 2025","2025年e.l.f.圣诞倒数日历"
"deu_Latn","harry potter adventskalender lego","《哈利·波特》乐高圣诞倒数日历"
"deu_Latn","kalea bier adventskalender 2025","2025年kalea啤酒圣诞倒数日历"
"deu_Latn","messer adventskalender","messer圣诞倒数日历"
"deu_Latn","miniverse adventskalender","miniverse圣诞倒数日历"
"deu_Latn","adventskalender 2025 roblox","2025年Roblox圣诞倒数日历"
"deu_Latn","adventskalender für mütter","母亲圣诞倒数日历"
"deu_Latn","adventskalender männer parfum","男士香水圣诞倒数日历"
"deu_Latn","adventskalender naturkosmetik","天然化妆品圣诞倒数日历"
"deu_Latn","adventskalender pflanzen","植物圣诞倒数日历"
"deu_Latn","adventskalender reduziert","reduziert圣诞倒数日历"
"deu_Latn","adventskalender schminke essence","彩妆essence圣诞倒数日历"
"deu_Latn","herren adventskalender füllung","男士圣诞倒数日历填充物"
"deu_Latn","samen adventskalender 2025","2025年种子圣诞倒数日历"
"deu_Latn","tonies adventskalender 2025","2025年tonies圣诞倒数日历"
"deu_Latn","adventskalender 2025 frauen tee","2025年女士茶叶圣诞倒数日历"
"deu_Latn","adventskalender bagger","bagger圣诞倒数日历"
"deu_Latn","adventskalender jungs 7 jahre","7岁男孩圣诞倒数日历"
"deu_Latn","adventskalender tüten schwarz","纸袋黑色圣诞倒数日历"
"deu_Latn","essie adventskalender","essie圣诞倒数日历"
"deu_Latn","kerzen-adventskalender","蜡烛圣诞倒数日历"
"deu_Latn","adventskalender 2025 gaming","2025年gaming圣诞倒数日历"
"deu_Latn","adventskalender 2025 müsli","2025年麦片圣诞倒数日历"
"deu_Latn","adventskalender für oma und opa","祖母祖父圣诞倒数日历"
"deu_Latn","adventskalender stich","stich圣诞倒数日历"
"deu_Latn","adventskalender säckchen stoff","小袋布艺圣诞倒数日历"
"deu_Latn","adventskalender teelichter","teelichter圣诞倒数日历"
"deu_Latn","cars adventskalender","汽车总动员圣诞倒数日历"
"deu_Latn","die drei !!! adventskalender","三圣诞倒数日历"
"deu_Latn","makita adventskalender 2025 männer","2025年牧田男士圣诞倒数日历"
"deu_Latn","adventskalender befüllbar","可填充圣诞倒数日历"
"deu_Latn","adventskalender gravitrax 2025","2025年GraviTrax圣诞倒数日历"
"deu_Latn","adventskalender lehrer","lehrer圣诞倒数日历"
"deu_Latn","adventskalender postkarte","postkarte圣诞倒数日历"
"deu_Latn","dinosaurier adventskalender 2025","2025年恐龙圣诞倒数日历"
"deu_Latn","spiderman adventskalender 2025","2025年《蜘蛛侠》圣诞倒数日历"
"deu_Latn","tkkg adventskalender 2025","2025年tkkg圣诞倒数日历"
"deu_Latn","adventskalender essie","essie圣诞倒数日历"
"deu_Latn","adventskalender für teams","teams圣诞倒数日历"
"deu_Latn","adventskalender maybelline 2025","2025年美宝莲圣诞倒数日历"
"deu_Latn","adventskalender spiele","游戏圣诞倒数日历"
"deu_Latn","experiment adventskalender","experiment圣诞倒数日历"
"deu_Latn","feuerwehr adventskalender 2025","2025年消防队圣诞倒数日历"
"deu_Latn","füllung adventskalender freundin","女友圣诞倒数日历填充物"
"deu_Latn","galupy adventskalender","galupy圣诞倒数日历"
"deu_Latn","max verstappen adventskalender","maxverstappen圣诞倒数日历"
"deu_Latn","real madrid adventskalender","realmadrid圣诞倒数日历"
"deu_Latn","sugar gang adventskalender xxl","sugargangXXL圣诞倒数日历"
"deu_Latn","zahlen sticker adventskalender","数字贴纸圣诞倒数日历"
"deu_Latn","adventskalender￼","圣诞倒数日历"
"deu_Latn","erwachsenen adventskalender","成人圣诞倒数日历"
"deu_Latn","füllung adventskalender kind 1 jahr","1岁儿童圣诞倒数日历填充物"
"deu_Latn","gabbys dollhouse adventskalender 2025","2025年Gabby's Dollhouse圣诞倒数日历"
"deu_Latn","mini brands adventskalender","Mini Brands圣诞倒数日历"
"deu_Latn","schleich adventskalender pferde","Schleich马匹圣诞倒数日历"
"deu_Latn","adventskalender 2025 kinder süßigkeiten","2025年儿童糖果圣诞倒数日历"
"deu_Latn","adventskalender dackel","dackel圣诞倒数日历"
"deu_Latn","adventskalender flugzeuge","flugzeuge圣诞倒数日历"
"deu_Latn","adventskalender junge 5 jahre","5岁男孩圣诞倒数日历"
"deu_Latn","adventskalender playdoh","Play-Doh圣诞倒数日历"
"deu_Latn","adventskalender zum selbstbefüllen","可自行填充圣诞倒数日历"
"deu_Latn","gym adventskalender","gym圣诞倒数日历"
"deu_Latn","k-pop demon hunter adventskalender","《KPop恶魔猎人》圣诞倒数日历"
"deu_Latn","mario adventskalender","mario圣诞倒数日历"
"deu_Latn","vfb stuttgart adventskalender","VfB斯图加特圣诞倒数日历"
"deu_Latn","'adventskalender 2025 kinder","2025年儿童圣诞倒数日历"
"deu_Latn","adventskalender weisse schokolade","白巧克力圣诞倒数日历"
"deu_Latn","blackpink adventskalender","BLACKPINK圣诞倒数日历"
"deu_Latn","du spinnst wohl adventskalender","duspinnstwohl圣诞倒数日历"
"deu_Latn","kreativer adventskalender","kreativer圣诞倒数日历"
"deu_Latn","lego adventskalender minecraft","乐高《我的世界》圣诞倒数日历"
"deu_Latn","adventskalender 2025 ankerkraut","2025年Ankerkraut圣诞倒数日历"
"deu_Latn","adventskalender 2025 badezusatz","2025年沐浴用品圣诞倒数日历"
"deu_Latn","adventskalender 2025 kinder pokemon","2025年儿童宝可梦圣诞倒数日历"
"deu_Latn","adventskalender 2025 kinder schleich","2025年儿童Schleich圣诞倒数日历"
"deu_Latn","adventskalender 2025 mädchen 4 jahre","2025年4岁女孩圣诞倒数日历"
"deu_Latn","adventskalender enten","鸭子圣诞倒数日历"
"deu_Latn","adventskalender manner","manner圣诞倒数日历"
"deu_Latn","adventskalender ohrringe","耳环圣诞倒数日历"
"deu_Latn","adventskalender purelei","PURELEI圣诞倒数日历"
"deu_Latn","fidget toys adventskalender","解压玩具圣诞倒数日历"
"deu_Latn","filz adventskalender zum befüllen","毛毡可填充圣诞倒数日历"
"deu_Latn","wolfsblut adventskalender 2025","2025年wolfsblut圣诞倒数日历"
"deu_Latn","adventskalender labubus","Labubus圣诞倒数日历"
"deu_Latn","adventskalender likör","利口酒圣诞倒数日历"
"deu_Latn","adventskalender lustig frauen","趣味女士圣诞倒数日历"
"deu_Latn","adventskalender malen nach zahlen","涂色nach数字圣诞倒数日历"
"deu_Latn","adventskalender protein 2025","2025年蛋白质圣诞倒数日历"
"deu_Latn","alkohol adventskalender","酒类圣诞倒数日历"
"deu_Latn","fensterbild adventskalender","fensterbild圣诞倒数日历"
"deu_Latn","gabby adventskalender","gabby圣诞倒数日历"
"deu_Latn","tee adventskalender 2025 messmer","2025年茶messmer圣诞倒数日历"
"deu_Latn","männer weihnachtskalender","男士圣诞倒数日历"
"deu_Latn","adventskalender fensterbild","fensterbild圣诞倒数日历"
"deu_Latn","adventskalender für 2 personen","2personen圣诞倒数日历"
"deu_Latn","armband adventskalender","手链圣诞倒数日历"
"deu_Latn","drachen adventskalender","龙圣诞倒数日历"
"deu_Latn","english tea shop adventskalender","englishtea商店圣诞倒数日历"
"deu_Latn","fidget adventskalender","解压玩具圣诞倒数日历"
"deu_Latn","harry potter socken adventskalender","《哈利·波特》袜子圣诞倒数日历"
"deu_Latn","kosmos exit adventskalender 2025","2025年KosmosEXIT圣诞倒数日历"
"deu_Latn","pechkeks adventskalender","pechkeks圣诞倒数日历"
"deu_Latn","peters adventskalender","peters圣诞倒数日历"
"deu_Latn","adventskalender 2025 duftkerzen","2025年香薰蜡烛圣诞倒数日历"
"deu_Latn","adventskalender 2025 formel 1","2025年F1圣诞倒数日历"
"deu_Latn","adventskalender 2025 revell","2025年Revell圣诞倒数日历"
"deu_Latn","adventskalender parfum frauen","香水女士圣诞倒数日历"
"deu_Latn","die drei adventskalender 2025","2025年三圣诞倒数日历"
"deu_Latn","esn protein adventskalender","esn蛋白质圣诞倒数日历"
"deu_Latn","gitarren adventskalender","吉他圣诞倒数日历"
"deu_Latn","klo adventskalender","klo圣诞倒数日历"
"deu_Latn","messmer adventskalender","messmer圣诞倒数日历"
"deu_Latn","hunde weihnachtskalender","狗狗圣诞倒数日历"
"deu_Latn","adventskalender 2025 befüllen","2025年可填充圣诞倒数日历"
"deu_Latn","adventskalender 2025 bio","2025年有机圣诞倒数日历"
"deu_Latn","adventskalender 2025 männer beauty","2025年男士美妆圣诞倒数日历"
"deu_Latn","adventskalender pflege frauen","护理女士圣诞倒数日历"
"deu_Latn","weihnachtskalender tüten","纸袋圣诞倒数日历"
"deu_Latn","adventskalender einhell","einhell圣诞倒数日历"
"deu_Latn","adventskalender kneipp 2025","2025年Kneipp圣诞倒数日历"
"deu_Latn","adventskalender selber","圣诞倒数日历"
"deu_Latn","beyblade adventskalender 2025","2025年beyblade圣诞倒数日历"
"deu_Latn","chili adventskalender","chili圣诞倒数日历"
"deu_Latn","wichteltür adventskalender","精灵门圣诞倒数日历"
"deu_Latn","'adventskalender mann","男士圣诞倒数日历"
"deu_Latn","adventskalender escape erwachsene","密室逃脱成人圣诞倒数日历"
"deu_Latn","adventskalender für camper","camper圣诞倒数日历"
"deu_Latn","adventskalender xxl zum befüllen","XXL可填充圣诞倒数日历"
"deu_Latn","adventskalender zum befüllen personalisiert","可填充个性化圣诞倒数日历"
"deu_Latn","adventskalender zum selber füllen","填充圣诞倒数日历"
"deu_Latn","douglas adventskalender 2025 männer","2025年Douglas男士圣诞倒数日历"
"deu_Latn","essen adventskalender","食品圣诞倒数日历"
"deu_Latn","junglück adventskalender 2025","2025年Junglück圣诞倒数日历"
"deu_Latn","jurassic world adventskalender 2025","2025年侏罗纪世界圣诞倒数日历"
"deu_Latn","marmelade adventskalender 2025","2025年果酱圣诞倒数日历"
"deu_Latn","metabo adventskalender 2025","2025年metabo圣诞倒数日历"
"deu_Latn","oreo adventskalender 2025","2025年Oreo圣诞倒数日历"
"deu_Latn","paarzeit adventskalender","paarzeit圣诞倒数日历"
"deu_Latn","adventskalender 2025 backen","2025年烘焙圣诞倒数日历"
"deu_Latn","adventskalender amorelie","Amorelie圣诞倒数日历"
"deu_Latn","adventskalender für diabetiker","diabetiker圣诞倒数日历"
"deu_Latn","adventskalender stray kids","Stray Kids圣诞倒数日历"
"deu_Latn","adventskalender studenten","学生圣诞倒数日历"
"deu_Latn","barbie adventskalender 2025 mädchen","2025年芭比女孩圣诞倒数日历"
"deu_Latn","ideen adventskalender mann","创意男士圣诞倒数日历"
"deu_Latn","kleinigkeit für adventskalender","小物圣诞倒数日历"
"deu_Latn","playmobil 123 adventskalender","Playmobil123圣诞倒数日历"
"deu_Latn","simson adventskalender","simson圣诞倒数日历"
"deu_Latn","weihnachtskalender frau","女士圣诞倒数日历"
"deu_Latn","adventskalender 11 jahre mädchen","11岁女孩圣诞倒数日历"
"deu_Latn","adventskalender 2025 jugendliche jungs","2025年青少年男孩圣诞倒数日历"
"deu_Latn","adventskalender box","盒装圣诞倒数日历"
"deu_Latn","adventskalender personalisiert kinder","个性化儿童圣诞倒数日历"
"deu_Latn","jean und len adventskalender 2025","2025年jeanlen圣诞倒数日历"
"deu_Latn","match attax bundesliga 25/26 adventskalender","Match Attax Bundesliga 25/26圣诞倒数日历"
"deu_Latn","schnaps adventskalender","烈酒圣诞倒数日历"
"deu_Latn","schoko adventskalender kinder","巧克力儿童圣诞倒数日历"
"deu_Latn","süssigkeiten adventskalender 2025","2025年糖果圣诞倒数日历"
"deu_Latn","tisch adventskalender","桌面圣诞倒数日历"
"deu_Latn","adventskalender 2025 stranger things","2025年《怪奇物语》圣诞倒数日历"
"deu_Latn","adventskalender kinder inhalt","儿童圣诞倒数日历内装物"
"deu_Latn","adventskalender kollegin","kollegin圣诞倒数日历"
"deu_Latn","adventskalender loreal","欧莱雅圣诞倒数日历"
"deu_Latn","adventskalender ohne schokolade kinder","不含巧克力儿童圣诞倒数日历"
"deu_Latn","honig adventskalender","蜂蜜圣诞倒数日历"
"deu_Latn","korb für adventskalender","korb圣诞倒数日历"
"deu_Latn","yugioh adventskalender","yugioh圣诞倒数日历"
"deu_Latn","zahlen aufkleber adventskalender","数字贴纸圣诞倒数日历"
"deu_Latn","24 kleinigkeiten für adventskalender","24小物圣诞倒数日历"
"deu_Latn","adventskalender 2025 bayern münchen","2025年拜仁慕尼黑圣诞倒数日历"
"deu_Latn","adventskalender 2025 schokolade kinder","2025年巧克力儿童圣诞倒数日历"
"deu_Latn","adventskalender hörspiel","有声故事圣诞倒数日历"
"deu_Latn","adventskalender loreal paris 2025","2025年欧莱雅paris圣诞倒数日历"
"deu_Latn","adventskalender top model","topmodel圣诞倒数日历"
"deu_Latn","asam adventskalender 2025","2025年ASAM圣诞倒数日历"
"deu_Latn","sprüche adventskalender","格言圣诞倒数日历"
"deu_Latn","adventskalender 2025 oma","2025年祖母圣诞倒数日历"
"deu_Latn","adventskalender bvb 2025","2025年BVB圣诞倒数日历"
"deu_Latn","adventskalender für 2","2圣诞倒数日历"
"deu_Latn","adventskalender schulklasse","schulklasse圣诞倒数日历"
"deu_Latn","chupa chups adventskalender","Chupa Chups圣诞倒数日历"
"deu_Latn","kleine adventskalender geschenke","小号礼物圣诞倒数日历"
"deu_Latn","playmobil - adventskalender","Playmobil圣诞倒数日历"
"deu_Latn","adventskalender 2025 häkeln","2025年钩织圣诞倒数日历"
"deu_Latn","adventskalender erzieher","erzieher圣诞倒数日历"
"deu_Latn","adventskalender für musiker","musiker圣诞倒数日历"
"deu_Latn","adventskalender junge 4 jahre","4岁男孩圣诞倒数日历"
"deu_Latn","adventskalender kleinkind 1 jahr","1岁幼儿圣诞倒数日历"
"deu_Latn","adventskalender niederegger marzipan","Niederegger杏仁糖圣诞倒数日历"
"deu_Latn","adventskalender tüten rosa","纸袋rosa圣诞倒数日历"
"deu_Latn","eiskönigin adventskalender","冰雪奇缘圣诞倒数日历"
"deu_Latn","gedore adventskalender 2025","2025年gedore圣诞倒数日历"
"deu_Latn","kellys adventskalender","kellys圣诞倒数日历"
"deu_Latn","nummern adventskalender","编号圣诞倒数日历"
"deu_Latn","partner adventskalender","伴侣圣诞倒数日历"
"deu_Latn","selbstbefüllbarer adventskalender","可自行填充圣诞倒数日历"
"deu_Latn","strick adventskalender 2025","2025年strick圣诞倒数日历"
"deu_Latn","adventskalender für rentner","退休人士圣诞倒数日历"
"deu_Latn","adventskalender kleinigkeit erwachsene","小物成人圣诞倒数日历"
"deu_Latn","adventskalender mit süßigkeiten","糖果圣诞倒数日历"
"deu_Latn","adventskalender süßes","甜食圣诞倒数日历"
"deu_Latn","bayblade adventskalender","bayblade圣诞倒数日历"
"deu_Latn","beutel adventskalender zum befüllen","可填充圣诞倒数日历袋子"
"deu_Latn","body shop adventskalender 2025","2025年The Body Shop圣诞倒数日历"
"deu_Latn","haba adventskalender 2025","2025年haba圣诞倒数日历"
"deu_Latn","knete adventskalender","橡皮泥圣诞倒数日历"
"deu_Latn","nomo adventskalender","nomo圣诞倒数日历"
"deu_Latn","ritter sport adventskalender 2025","2025年Ritter Sport圣诞倒数日历"
"deu_Latn","adventskalender backen 2025","2025年烘焙圣诞倒数日历"
"deu_Latn","adventskalender rezepte","rezepte圣诞倒数日历"
"deu_Latn","knabber adventskalender","knabber圣诞倒数日历"
"deu_Latn","reclam adventskalender","reclam圣诞倒数日历"
"deu_Latn","rituals adventskalender 2024","2024年Rituals圣诞倒数日历"
"deu_Latn","adventskalender arbeitskollegen","同事圣诞倒数日历"
"deu_Latn","adventskalender unter 10 euro","10欧元圣诞倒数日历"
"deu_Latn","anna und elsa adventskalender 2025","2025年annaelsa圣诞倒数日历"
"deu_Latn","niederegger marzipan adventskalender","Niederegger杏仁糖圣诞倒数日历"
"deu_Latn","ricola adventskalender 2025","2025年ricola圣诞倒数日历"
"deu_Latn","stifte adventskalender","笔圣诞倒数日历"
"deu_Latn","adventskalender 2025 kinder 1 jahr","2025年1岁儿童圣诞倒数日历"
"deu_Latn","adventskalender säcke","袋子圣诞倒数日历"
"deu_Latn","adventskalender teenie mädchen","青少年女孩圣诞倒数日历"
"deu_Latn","adventskalender zum befüllen wiederverwendbar","可填充可重复使用圣诞倒数日历"
"deu_Latn","chio adventskalender 2025","2025年chio圣诞倒数日历"
"deu_Latn","conni adventskalender","conni圣诞倒数日历"
"deu_Latn","die 3 fragezeichen adventskalender","3问号圣诞倒数日历"
"deu_Latn","eierlikör adventskalender","蛋奶酒圣诞倒数日历"
"deu_Latn","furby adventskalender","furby圣诞倒数日历"
"deu_Latn","ostmann adventskalender 2025","2025年ostmann圣诞倒数日历"
"deu_Latn","adventskalender 2025 funny frisch","2025年趣味新鲜圣诞倒数日历"
"deu_Latn","adventskalender anna und elsa","annaelsa圣诞倒数日历"
"deu_Latn","adventskalender für jäger","猎人圣诞倒数日历"
"deu_Latn","adventskalender kaffee 2025","2025年咖啡圣诞倒数日历"
"deu_Latn","adventskalender samen","种子圣诞倒数日历"
"deu_Latn","adventskalender trolli","trolli圣诞倒数日历"
"deu_Latn","coca cola adventskalender","可口可乐圣诞倒数日历"
"deu_Latn","gewürze adventskalender 2025","2025年香料圣诞倒数日历"
"deu_Latn","inhalt für adventskalender","圣诞倒数日历内装物"
"deu_Latn","literarischer adventskalender","literarischer圣诞倒数日历"
"deu_Latn","origami adventskalender","origami圣诞倒数日历"
"deu_Latn","reeses adventskalender 2025","2025年Reese's圣诞倒数日历"
"deu_Latn","rubbel adventskalender","rubbel圣诞倒数日历"
"deu_Latn","verpackung adventskalender","圣诞倒数日历包装"
"deu_Latn","adventskalender 2025 bilder","2025年图片圣诞倒数日历"
"deu_Latn","adventskalender 2025 kinder fussball","2025年儿童足球圣诞倒数日历"
"deu_Latn","adventskalender balea 2025","2025年Balea圣诞倒数日历"
"deu_Latn","adventskalender skin care","skincare圣诞倒数日历"
"deu_Latn","schleich harry potter adventskalender","Schleich《哈利·波特》圣诞倒数日历"
"deu_Latn","sexy adventskalender 2025","2025年情趣圣诞倒数日历"
"deu_Latn","süssigkeiten für adventskalender kinder","糖果儿童圣诞倒数日历"
"deu_Latn","adventskalender 2025 frauen socken","2025年女士袜子圣诞倒数日历"
"deu_Latn","adventskalender herren beauty","男士美妆圣诞倒数日历"
"deu_Latn","adventskalender scharfe saucen","辣酱圣诞倒数日历"
"deu_Latn","dior adventskalender 2025","2025年dior圣诞倒数日历"
"deu_Latn","kleine adventskalender","小号圣诞倒数日历"
"deu_Latn","leere adventskalender zum befüllen","空白可填充圣诞倒数日历"
"deu_Latn","minecraft adventskalender 2025 lego","2025年《我的世界》乐高圣诞倒数日历"
"deu_Latn","mini adventskalender schokolade","迷你巧克力圣诞倒数日历"
"deu_Latn","nimm 2 adventskalender","nimm2圣诞倒数日历"
"deu_Latn","pflege adventskalender 2025","2025年护理圣诞倒数日历"
"deu_Latn","puzzle adventskalender kinder","拼图儿童圣诞倒数日历"
"deu_Latn","sticker adventskalender zahlen","贴纸数字圣诞倒数日历"
"deu_Latn","sugargang adventskalender xxl","SugargangXXL圣诞倒数日历"
"deu_Latn","switch adventskalender","switch圣诞倒数日历"
"deu_Latn","säckchen für adventskalender","小袋圣诞倒数日历"
"deu_Latn","tonie adventskalender 2025","2025年tonie圣诞倒数日历"
"deu_Latn","adventskalender 2025 kinder 5 jahre","2025年5岁儿童圣诞倒数日历"
"deu_Latn","adventskalender 2025 krimi","2025年推理圣诞倒数日历"
"deu_Latn","adventskalender 2025 rentner","2025年退休人士圣诞倒数日历"
"deu_Latn","adventskalender baby born 2025","2025年Baby Born圣诞倒数日历"
"deu_Latn","adventskalender demon hunters","圣诞倒数日历"
"deu_Latn","adventskalender türchen","小门圣诞倒数日历"
"deu_Latn","adventskalender usa süßigkeiten","美国糖果圣诞倒数日历"
"deu_Latn","lindt adventskalender 2025 mini","2025年瑞士莲迷你圣诞倒数日历"
"deu_Latn","m&m adventskalender","M圣诞倒数日历"
"deu_Latn","modellbau adventskalender","模型制作圣诞倒数日历"
"deu_Latn","adventskalender 2023","2023年圣诞倒数日历"
"deu_Latn","adventskalender airfryer","空气炸锅圣诞倒数日历"
"deu_Latn","adventskalender lakritz by bülow","甘草糖byBülow圣诞倒数日历"
"deu_Latn","adventskalender sale","促销圣诞倒数日历"
"deu_Latn","adventskalender zahlen anhänger","数字挂饰圣诞倒数日历"
"deu_Latn","lindt adventskalender 2025 pärchen","2025年瑞士莲情侣圣诞倒数日历"
"deu_Latn","little people big dreams adventskalender","Little People Big Dreams圣诞倒数日历"
"deu_Latn","pandora adventskalender 2025 original","2025年Pandoraoriginal圣诞倒数日历"
"deu_Latn","parfum adventskalender männer","香水男士圣诞倒数日历"
"deu_Latn","rocher adventskalender 2025","2025年Rocher圣诞倒数日历"
"deu_Latn","spongebob adventskalender 2025","2025年spongebob圣诞倒数日历"
"deu_Latn","xxl adventskalender","XXL圣诞倒数日历"
"deu_Latn","zeichnen adventskalender","绘画圣诞倒数日历"
"deu_Latn","weihnachtskalender 2025 frauen","2025年女士圣诞倒数日历"
"deu_Latn","adventskalender 2025 klein","2025年小号圣诞倒数日历"
"deu_Latn","adventskalender handball","handball圣诞倒数日历"
"deu_Latn","adventskalender jean &len","Jean & Len圣诞倒数日历"
"deu_Latn","adventskalender junge frauen","男孩女士圣诞倒数日历"
"deu_Latn","adventskalender nivea men","妮维雅男士圣诞倒数日历"
"deu_Latn","adventskalender überraschungsei","健达奇趣蛋圣诞倒数日历"
"deu_Latn","asam beauty adventskalender","ASAM美妆圣诞倒数日历"
"deu_Latn","duft adventskalender","香氛圣诞倒数日历"
"deu_Latn","elsa adventskalender","艾莎圣诞倒数日历"
"deu_Latn","garnier adventskalender","garnier圣诞倒数日历"
"deu_Latn","merci adventskalender","Merci圣诞倒数日历"
"deu_Latn","sheepworld adventskalender","sheepworld圣诞倒数日历"
"deu_Latn","sugar gang adventskalender 2025","2025年sugargang圣诞倒数日历"
"deu_Latn","was ich an dir liebe adventskalender","dir爱情圣诞倒数日历"
"deu_Latn","xxl adventskalender zum befüllen","XXL可填充圣诞倒数日历"
"deu_Latn","weihnachtskalender 2025 mädchen","2025年女孩圣诞倒数日历"
"deu_Latn","adventskalender für erstleser","初级读者圣诞倒数日历"
"deu_Latn","lustiges taschenbuch adventskalender","lustigestaschenbuch圣诞倒数日历"
"deu_Latn","adventskalender asia","asia圣诞倒数日历"
"deu_Latn","adventskalender bmw","bmw圣诞倒数日历"
"deu_Latn","adventskalender nespresso","nespresso圣诞倒数日历"
"deu_Latn","das böse buch adventskalender","邪恶书籍圣诞倒数日历"
"deu_Latn","matcha adventskalender 2025","2025年matcha圣诞倒数日历"
"deu_Latn","adventskalender 2025 ingwer shots","2025年ingwershots圣诞倒数日历"
"deu_Latn","adventskalender 2025 jungs 13 jahre","2025年13岁男孩圣诞倒数日历"
"deu_Latn","adventskalender 8 jahre junge","8岁男孩圣诞倒数日历"
"deu_Latn","adventskalender cool","酷圣诞倒数日历"
"deu_Latn","adventskalender eintracht frankfurt","法兰克福圣诞倒数日历"
"deu_Latn","adventskalender ferngesteuertes auto","ferngesteuertes汽车圣诞倒数日历"
"deu_Latn","adventskalender für junge männer","男孩男士圣诞倒数日历"
"deu_Latn","adventskalender geschichten astrid lindgren","故事astridlindgren圣诞倒数日历"
"deu_Latn","adventskalender jungs 6 jahre","6岁男孩圣诞倒数日历"
"deu_Latn","adventskalender mit tee","茶叶圣诞倒数日历"
"deu_Latn","bayern münchen adventskalender 2025","2025年拜仁慕尼黑圣诞倒数日历"
"deu_Latn","blumen adventskalender 2025","2025年花卉圣诞倒数日历"
"deu_Latn","chill mal digga adventskalender","chillmaldigga圣诞倒数日历"
"deu_Latn","happy socks adventskalender 2025","2025年Happy Socks圣诞倒数日历"
"deu_Latn","klugscheißer adventskalender","Klugscheißer圣诞倒数日历"
"deu_Latn","rotkäppchen adventskalender","小红帽圣诞倒数日历"
"deu_Latn","schreibwaren adventskalender","文具圣诞倒数日历"
"deu_Latn","simpsons adventskalender","simpsons圣诞倒数日历"
"deu_Latn","adventskalender 14 jahre mädchen","14岁女孩圣诞倒数日历"
"deu_Latn","adventskalender baustelle","baustelle圣诞倒数日历"
"deu_Latn","adventskalender fitness protein","健身蛋白质圣诞倒数日历"
"deu_Latn","adventskalender sackerl zum befüllen","可填充圣诞倒数日历小袋"
"deu_Latn","adventskalender saure süßigkeiten","saure糖果圣诞倒数日历"
"deu_Latn","bmw adventskalender 2025","2025年bmw圣诞倒数日历"
"deu_Latn","inkee adventskalender","inkee圣诞倒数日历"
"deu_Latn","jean and len adventskalender","jeanandlen圣诞倒数日历"
"deu_Latn","nüsse adventskalender","坚果圣诞倒数日历"
"deu_Latn","teelicht adventskalender","teelicht圣诞倒数日历"
"deu_Latn","adventskalender 2025 escape room","2025年密室逃脱圣诞倒数日历"
"deu_Latn","adventskalender beutel zum befüllen","可填充圣诞倒数日历袋子"
"deu_Latn","adventskalender nostalgisch glitzer","怀旧闪粉圣诞倒数日历"
"deu_Latn","kosmos exit adventskalender","KosmosEXIT圣诞倒数日历"
"deu_Latn","kuscheltier adventskalender","kuscheltier圣诞倒数日历"
"deu_Latn","lebkuchen adventskalender 2025","2025年姜饼圣诞倒数日历"
"deu_Latn","zartbitter adventskalender","黑巧克力圣诞倒数日历"
"deu_Latn","überraschungsei adventskalender","健达奇趣蛋圣诞倒数日历"
"deu_Latn","weihnachtskalender 2025 männer","2025年男士圣诞倒数日历"
"deu_Latn","adventskalender 2025 bluey","2025年Bluey圣诞倒数日历"
"deu_Latn","adventskalender 2025 japan","2025年日式圣诞倒数日历"
"deu_Latn","adventskalender 2025 seeberger","2025年Seeberger圣诞倒数日历"
"deu_Latn","adventskalender japanisch","japanisch圣诞倒数日历"
"deu_Latn","adventskalender parfum herren","香水男士圣诞倒数日历"
"deu_Latn","adventskalender siku","siku圣诞倒数日历"
"deu_Latn","adventskalender teekanne","teekanne圣诞倒数日历"
"deu_Latn","füllung adventskalender kind 2 jahre","2岁儿童圣诞倒数日历填充物"
"deu_Latn","lübecker marzipan adventskalender","吕贝克杏仁糖圣诞倒数日历"
"deu_Latn","redbull adventskalender","红牛圣诞倒数日历"
"deu_Latn","usa adventskalender","美国圣诞倒数日历"
"deu_Latn","tee weihnachtskalender","茶叶圣诞倒数日历"
"deu_Latn","adventskalender 11 jahre junge","11岁男孩圣诞倒数日历"
"deu_Latn","adventskalender 2025 für jungs","2025年男孩圣诞倒数日历"
"deu_Latn","adventskalender gesichtsmasken","面膜圣诞倒数日历"
"deu_Latn","adventskalender jungen lego","男孩乐高圣诞倒数日历"
"deu_Latn","adventskalender korean beauty","韩式美妆圣诞倒数日历"
"deu_Latn","angler adventskalender","钓鱼圣诞倒数日历"
"deu_Latn","fc barcelona adventskalender","FCbarcelona圣诞倒数日历"
"deu_Latn","feuerwehrmann sam adventskalender","feuerwehrmannsam圣诞倒数日历"
"deu_Latn","maxi nutrition adventskalender","maxinutrition圣诞倒数日历"
"deu_Latn","milwaukee adventskalender","milwaukee圣诞倒数日历"
"deu_Latn","tennis adventskalender","tennis圣诞倒数日历"
"deu_Latn","adventskalender 13 jahre junge","13岁男孩圣诞倒数日历"
"deu_Latn","adventskalender 2025 lego friends","2025年乐高Friends圣诞倒数日历"
"deu_Latn","adventskalender einhorn mädchen","独角兽女孩圣诞倒数日历"
"deu_Latn","adventskalender fishermans friend","Fisherman's Friend圣诞倒数日历"
"deu_Latn","adventskalender hsv","HSV圣诞倒数日历"
"deu_Latn","adventskalender lebensmittel","食品圣诞倒数日历"
"deu_Latn","adventskalender schwangere","孕妇圣诞倒数日历"
"deu_Latn","adventskalender spielzeug mädchen","玩具女孩圣诞倒数日历"
"deu_Latn","adventskalender tüten zum befüllen groß","可填充大号圣诞倒数日历纸袋"
"deu_Latn","fischer adventskalender","fischer圣诞倒数日历"
"deu_Latn","food adventskalender 2025","2025年食品圣诞倒数日历"
"deu_Latn","legami adventskalender 2025 stifte","2025年Legami笔圣诞倒数日历"
"deu_Latn","sound adventskalender","声音圣诞倒数日历"
"deu_Latn","xlaeta adventskalender 2025","2025年xlaeta圣诞倒数日历"
"deu_Latn","yankee candle adventskalender 2025","2025年Yankee Candle圣诞倒数日历"
"deu_Latn","adventskalender 2025 maenner","2025年maenner圣诞倒数日历"
"deu_Latn","adventskalender 8 jahre mädchen","8岁女孩圣诞倒数日历"
"deu_Latn","adventskalender duftkerzen 2025","2025年香薰蜡烛圣诞倒数日历"
"deu_Latn","adventskalender für familien","家庭圣诞倒数日历"
"deu_Latn","adventskalender ideen mann","创意男士圣诞倒数日历"
"deu_Latn","adventskalender playmobil junior","Playmobil儿童版圣诞倒数日历"
"deu_Latn","essence adventskalender 2025 diy","2025年essenceDIY圣诞倒数日历"
"deu_Latn","gabby adventskalender 2025","2025年gabby圣诞倒数日历"
"deu_Latn","zauber adventskalender","魔法圣诞倒数日历"
"deu_Latn","adventskalender 2025 jungs 10 jahre","2025年10岁男孩圣诞倒数日历"
"deu_Latn","adventskalender darts 2025","2025年飞镖圣诞倒数日历"
"deu_Latn","adventskalender eishockey","冰球圣诞倒数日历"
"deu_Latn","adventskalender füllung teenager mädchen","青少年女孩圣诞倒数日历填充物"
"deu_Latn","adventskalender sackerl","小袋圣诞倒数日历"
"deu_Latn","bad adventskalender kinder","bad儿童圣诞倒数日历"
"deu_Latn","beauty adventskalender 2025 mädchen","2025年美妆女孩圣诞倒数日历"
"deu_Latn","potluck adventskalender","potluck圣诞倒数日历"
"deu_Latn","rituals adventskalender männer","Rituals男士圣诞倒数日历"
"deu_Latn","tisch adventskalender 2025","2025年桌面圣诞倒数日历"
"deu_Latn","adventskalender 2025 edelsteine","2025年宝石圣诞倒数日历"
"deu_Latn","adventskalender baum","baum圣诞倒数日历"
"deu_Latn","adventskalender more nutrition","More Nutrition圣诞倒数日历"
"deu_Latn","adventskalender rocher","Rocher圣诞倒数日历"
"deu_Latn","befüllbarer adventskalender aus stoff","可填充布艺圣诞倒数日历"
"deu_Latn","buch adventskalender kinder","书籍儿童圣诞倒数日历"
"deu_Latn","bundesliga adventskalender","bundesliga圣诞倒数日历"
"deu_Latn","horror adventskalender","恐怖圣诞倒数日历"
"deu_Latn","mozartkugeln adventskalender","mozartkugeln圣诞倒数日历"
"deu_Latn","survival kit adventskalender","生存kit圣诞倒数日历"
"deu_Latn","würfel adventskalender","骰子圣诞倒数日历"
"deu_Latn","adventskalender 2025 fc bayern","2025年拜仁慕尼黑圣诞倒数日历"
"deu_Latn","adventskalender 2025 just spices","2025年Just Spices圣诞倒数日历"
"deu_Latn","adventskalender 2025 mädchen 13 jahre","2025年13岁女孩圣诞倒数日历"
"deu_Latn","adventskalender kinder bueno","儿童Bueno圣诞倒数日历"
"deu_Latn","adventskalender lebenskompass","lebenskompass圣诞倒数日历"
"deu_Latn","adventskalender mädchen playmobil","女孩Playmobil圣诞倒数日历"
"deu_Latn","adventskalender selbst machen","selbstDIY圣诞倒数日历"
"deu_Latn","adventskalender snack","零食圣诞倒数日历"
"deu_Latn","adventskalender tatort","tatort圣诞倒数日历"
"deu_Latn","adventskalender zum befüllen frauen","可填充女士圣诞倒数日历"
"deu_Latn","angel berger adventskalender 2025","2025年钓鱼berger圣诞倒数日历"
"deu_Latn","füllung für adventskalender jungen","男孩圣诞倒数日历填充物"
"deu_Latn","kinder bueno adventskalender 2025","2025年儿童Bueno圣诞倒数日历"
"deu_Latn","kinder überraschung adventskalender","健达奇趣蛋圣诞倒数日历"
"deu_Latn","lego - adventskalender","乐高圣诞倒数日历"
"deu_Latn","maus adventskalender","老鼠圣诞倒数日历"
"deu_Latn","nike adventskalender","nike圣诞倒数日历"
"deu_Latn","rinti adventskalender 2025","2025年rinti圣诞倒数日历"
"deu_Latn","smarties adventskalender 2025","2025年Smarties圣诞倒数日历"
"deu_Latn","weihnachtskalender frauen 2025","2025年女士圣诞倒数日历"
"deu_Latn","adventskalender 2025 bueno","2025年Bueno圣诞倒数日历"
"deu_Latn","adventskalender 2025 frauen kerzen","2025年女士蜡烛圣诞倒数日历"
"deu_Latn","adventskalender 2025 kinder stitch","2025年儿童史迪奇圣诞倒数日历"
"deu_Latn","adventskalender 2025 mädchen 6 jahre","2025年6岁女孩圣诞倒数日历"
"deu_Latn","adventskalender 2025 schokolade lindt","2025年巧克力瑞士莲圣诞倒数日历"
"deu_Latn","adventskalender basteln mädchen","手工女孩圣诞倒数日历"
"deu_Latn","adventskalender füllung kind 3 jahre","3岁儿童圣诞倒数日历填充物"
"deu_Latn","adventskalender pferde zubehör","马匹配件圣诞倒数日历"
"deu_Latn","brawl stars adventskalender","Brawl Stars圣诞倒数日历"
"deu_Latn","carrera adventskalender","carrera圣诞倒数日历"
"deu_Latn","duell adventskalender","对决圣诞倒数日历"
"deu_Latn","puzzle adventskalender personalisiert","拼图个性化圣诞倒数日历"
"deu_Latn","socken adventskalender kinder","袜子儿童圣诞倒数日历"
"deu_Latn","squish a long adventskalender","squishalong圣诞倒数日历"
"deu_Latn","waterdrop adventskalender","waterdrop圣诞倒数日历"
"deu_Latn","adventskalender 2025 figuren","2025年玩偶圣诞倒数日历"
"deu_Latn","adventskalender 2025 kinder bücher","2025年儿童书籍圣诞倒数日历"
"deu_Latn","adventskalender junge 6 jahre","6岁男孩圣诞倒数日历"
"deu_Latn","adventskalender marmelade 2025","2025年果酱圣诞倒数日历"
"deu_Latn","adventskalender mit bildern","bildern圣诞倒数日历"
"deu_Latn","adventskalender technik und elektronik","科技电子产品圣诞倒数日历"
"deu_Latn","adventskalender zahlen buttons","数字buttons圣诞倒数日历"
"deu_Latn","die drei  adventskalender","三圣诞倒数日历"
"deu_Latn","dänemark adventskalender","丹麦圣诞倒数日历"
"deu_Latn","handlettering adventskalender","handlettering圣诞倒数日历"
"deu_Latn","mini adventskalender mit schokolinsen","迷你巧克力豆圣诞倒数日历"
"deu_Latn","mini parfum adventskalender 2025","2025年迷你香水圣诞倒数日历"
"deu_Latn","premium adventskalender 2025","2025年高端圣诞倒数日历"
"deu_Latn","pukka tee adventskalender","Pukka茶叶圣诞倒数日历"
"deu_Latn","sachen für adventskalender frauen","小物女士圣诞倒数日历"
"deu_Latn","saft adventskalender","saft圣诞倒数日历"
"deu_Latn","adventskalender 2025 socken für frauen","2025年袜子女士圣诞倒数日历"
"deu_Latn","adventskalender familie 2025","2025年家庭圣诞倒数日历"
"deu_Latn","adventskalender make up 2025","2025年圣诞倒数日历"
"deu_Latn","adventskalender maybelline new york","美宝莲纽约圣诞倒数日历"
"deu_Latn","adventskalender polizei","警察圣诞倒数日历"
"deu_Latn","adventskalender werder bremen","werderbremen圣诞倒数日历"
"deu_Latn","adventskalender zum befüllen stoff xxl","可填充布艺XXL圣诞倒数日历"
"deu_Latn","adventskalender-füllung jungen","男孩圣诞倒数日历填充物"
"deu_Latn","bayern adventskalender","bayern圣诞倒数日历"
"deu_Latn","claas adventskalender","claas圣诞倒数日历"
"deu_Latn","exit adventskalender 2025 der zauber von weihnachten","2025年EXITzauber圣诞倒数日历"
"deu_Latn","fendt adventskalender","fendt圣诞倒数日历"
"deu_Latn","fischer adventskalender 2025","2025年fischer圣诞倒数日历"
"deu_Latn","pyro adventskalender","pyro圣诞倒数日历"
"deu_Latn","sanrio adventskalender","sanrio圣诞倒数日历"
"deu_Latn","'adventskalender tee","茶叶圣诞倒数日历"
"deu_Latn","adventskalender 2025 wellness","2025年养生圣诞倒数日历"
"deu_Latn","adventskalender ab 10 jahre","10岁以上圣诞倒数日历"
"deu_Latn","adventskalender fitness männer","健身男士圣诞倒数日历"
"deu_Latn","adventskalender frühstück 2025","2025年早餐圣诞倒数日历"
"deu_Latn","adventskalender junge 8 jahre","8岁男孩圣诞倒数日历"
"deu_Latn","adventskalender postkarten mit türchen","明信片小门圣诞倒数日历"
"deu_Latn","adventskalender waterdrop","waterdrop圣诞倒数日历"
"deu_Latn","die drei kids adventskalender","三儿童圣诞倒数日历"
"deu_Latn","dragonball adventskalender","《龙珠》圣诞倒数日历"
"deu_Latn","kaugummi adventskalender 2025","2025年口香糖圣诞倒数日历"
"deu_Latn","klammern adventskalender","klammern圣诞倒数日历"
"deu_Latn","lotto adventskalender","lotto圣诞倒数日历"
"deu_Latn","shopping queen adventskalender","shoppingqueen圣诞倒数日历"
"deu_Latn","sonic adventskalender 2025","2025年《刺猬索尼克》圣诞倒数日历"
"deu_Latn","adventskalender 2025 checker tobi","2025年Checker Tobi圣诞倒数日历"
"deu_Latn","adventskalender 2025 tiptoi","2025年tiptoi圣诞倒数日历"
"deu_Latn","adventskalender haus zum befüllen","haus可填充圣诞倒数日历"
"deu_Latn","adventskalender herr der ringe","《指环王》圣诞倒数日历"
"deu_Latn","adventskalender juicy bomb","juicybomb圣诞倒数日历"
"deu_Latn","adventskalender mit nüssen","坚果圣诞倒数日历"
"deu_Latn","adventskalender rentner 2025","2025年退休人士圣诞倒数日历"
"deu_Latn","football adventskalender","足球圣诞倒数日历"
"deu_Latn","koch adventskalender","koch圣诞倒数日历"
"deu_Latn","matchbox adventskalender 2025","2025年matchbox圣诞倒数日历"
"deu_Latn","meßmer adventskalender","Meßmer圣诞倒数日历"
"deu_Latn","rituals adventskalender 2025 männer","2025年Rituals男士圣诞倒数日历"
"deu_Latn","adventskalender 2025 für mädchen","2025年女孩圣诞倒数日历"
"deu_Latn","adventskalender füllung 2 jahre","2岁圣诞倒数日历填充物"
"deu_Latn","adventskalender lancome","lancome圣诞倒数日历"
"deu_Latn","adventskalender lind","lind圣诞倒数日历"
"deu_Latn","adventskalender puppen","玩偶圣诞倒数日历"
"deu_Latn","kleinkram für adventskalender","kleinkram圣诞倒数日历"
"deu_Latn","little people adventskalender","Little People圣诞倒数日历"
"deu_Latn","lookfantastic adventskalender","lookfantastic圣诞倒数日历"
"deu_Latn","playmobil adventskalender novelmore","Playmobilnovelmore圣诞倒数日历"
"deu_Latn","vegane adventskalender","纯素圣诞倒数日历"
"deu_Latn","adventskalender 2025 frauen wellness","2025年女士养生圣诞倒数日历"
"deu_Latn","adventskalender 2025 schnaps","2025年烈酒圣诞倒数日历"
"deu_Latn","adventskalender 2025 technik","2025年科技圣诞倒数日历"
"deu_Latn","adventskalender blumen lego","花卉乐高圣诞倒数日历"
"deu_Latn","adventskalender food","食品圣诞倒数日历"
"deu_Latn","adventskalender fußball karten","足球卡片圣诞倒数日历"
"deu_Latn","adventskalender horror","恐怖圣诞倒数日历"
"deu_Latn","adventskalender junge 3 jahre","3岁男孩圣诞倒数日历"
"deu_Latn","adventskalender mentos","mentos圣诞倒数日历"
"deu_Latn","adventskalender shots","shots圣诞倒数日历"
"deu_Latn","adventskalender tüte","纸袋圣诞倒数日历"
"deu_Latn","inhalt adventskalender teenager","青少年圣诞倒数日历内装物"
"deu_Latn","jack daniels adventskalender","jackdaniels圣诞倒数日历"
"deu_Latn","manga adventskalender","漫画圣诞倒数日历"
"deu_Latn","pferde adventskalender für echte pferde","马匹echte圣诞倒数日历"
"deu_Latn","pixi buch adventskalender 2025","2025年pixi书籍圣诞倒数日历"
"deu_Latn","protein riegel adventskalender","蛋白质巧克力棒圣诞倒数日历"
"deu_Latn","adventskalender 2025 capybara","2025年水豚圣诞倒数日历"
"deu_Latn","adventskalender 2025 gin","2025年金酒圣诞倒数日历"
"deu_Latn","adventskalender 2025 kinder hot wheels","2025年儿童风火轮圣诞倒数日历"
"deu_Latn","adventskalender 2025 kinder selbst befüllen","2025年儿童可自行填充圣诞倒数日历"
"deu_Latn","adventskalender 2025 lebensmittel","2025年食品圣诞倒数日历"
"deu_Latn","adventskalender befüllen kinder","可填充儿童圣诞倒数日历"
"deu_Latn","adventskalender eis 2025","2025年冰淇淋圣诞倒数日历"
"deu_Latn","adventskalender elf","e.l.f.圣诞倒数日历"
"deu_Latn","adventskalender harry potter lego","《哈利·波特》乐高圣诞倒数日历"
"deu_Latn","adventskalender hazet","HAZET圣诞倒数日历"
"deu_Latn","adventskalender kind 2 jahre","2岁儿童圣诞倒数日历"
"deu_Latn","adventskalender klo","klo圣诞倒数日历"
"deu_Latn","adventskalender rc","rc圣诞倒数日历"
"deu_Latn","adventskalender säckchen kinder","小袋儿童圣诞倒数日历"
"deu_Latn","geschenke für adventskalender männer","礼物男士圣诞倒数日历"
"deu_Latn","m und m adventskalender","M圣诞倒数日历"
"deu_Latn","mc darts adventskalender","MC 飞镖圣诞倒数日历"
"deu_Latn","rammstein adventskalender 2025","2025年rammstein圣诞倒数日历"
"deu_Latn","sticker adventskalender kinder","贴纸儿童圣诞倒数日历"
"deu_Latn","vernasch die welt adventskalender","vernasch世界圣诞倒数日历"
"deu_Latn","adventskalender 6 jahre mädchen","6岁女孩圣诞倒数日历"
"deu_Latn","adventskalender für freundinnen","女性朋友圣诞倒数日历"
"deu_Latn","adventskalender für jungen","男孩圣诞倒数日历"
"deu_Latn","adventskalender gourmet","美食圣诞倒数日历"
"deu_Latn","adventskalender jungs 3 jahre","3岁男孩圣诞倒数日历"
"deu_Latn","adventskalender kreativ kinder","创意儿童圣诞倒数日历"
"deu_Latn","adventskalender pixi bücher","pixi书籍圣诞倒数日历"
"deu_Latn","adventskalender wera 2025","2025年Wera圣诞倒数日历"
"deu_Latn","adventskalender zum befüllen kiste","可填充箱子圣诞倒数日历"
"deu_Latn","böker adventskalender","Böker圣诞倒数日历"
"deu_Latn","elektronik adventskalender","电子产品圣诞倒数日历"
"deu_Latn","flugzeug adventskalender","飞机圣诞倒数日历"
"deu_Latn","garnier adventskalender 2025","2025年garnier圣诞倒数日历"
"deu_Latn","große adventskalender tüten","大号纸袋圣诞倒数日历"
"deu_Latn","harry-potter adventskalender","《哈利·波特》圣诞倒数日历"
"deu_Latn","kloster kitchen adventskalender","klosterkitchen圣诞倒数日历"
"deu_Latn","weihnachtskalender zum selbst befüllen","可自行填充圣诞倒数日历"
"deu_Latn","adventskalender 1 jahr junge","1岁男孩圣诞倒数日历"
"deu_Latn","adventskalender 2025 diamond painting","2025年钻石画圣诞倒数日历"
"deu_Latn","adventskalender für studenten","学生圣诞倒数日历"
"deu_Latn","adventskalender nfl","NFL圣诞倒数日历"
"deu_Latn","adventskalender pettersson und findus","petterssonfindus圣诞倒数日历"
"deu_Latn","adventskalender schach","schach圣诞倒数日历"
"deu_Latn","baby annabell adventskalender","婴幼儿annabell圣诞倒数日历"
"deu_Latn","five nights at freddys adventskalender","《玩具熊的五夜后宫》圣诞倒数日历"
"deu_Latn","fussballkarten adventskalender 2025","2025年fussballkarten圣诞倒数日历"
"deu_Latn","füllung für den adventskalender","圣诞倒数日历填充物"
"deu_Latn","gummibärchen adventskalender 2025","2025年软糖圣诞倒数日历"
"deu_Latn","günstige adventskalender","实惠圣诞倒数日历"
"deu_Latn","lego harry potter adventskalender 2025","2025年乐高《哈利·波特》圣诞倒数日历"
"deu_Latn","pflanzen adventskalender","植物圣诞倒数日历"
"deu_Latn","pixi-adventskalender","pixi圣诞倒数日历"
"deu_Latn","tung tung tung tung sahur adventskalender","tungsahur圣诞倒数日历"
"deu_Latn","adventskalender ab 6 jahre","6岁以上圣诞倒数日历"
"deu_Latn","adventskalender asam beauty 2025","2025年ASAM美妆圣诞倒数日历"
"deu_Latn","adventskalender bilder kinder","图片儿童圣诞倒数日历"
"deu_Latn","adventskalender duft","香氛圣诞倒数日历"
"deu_Latn","adventskalender erwachsene erotische","成人情趣圣诞倒数日历"
"deu_Latn","adventskalender frauen 2025 beauty","2025年女士美妆圣诞倒数日历"
"deu_Latn","adventskalender gym","gym圣诞倒数日历"
"deu_Latn","adventskalender kinder 7 jahre","7岁儿童圣诞倒数日历"
"deu_Latn","adventskalender zahlen klammer","数字klammer圣诞倒数日历"
"deu_Latn","buldak adventskalender","buldak圣诞倒数日历"
"deu_Latn","dinge für adventskalender kinder","物品儿童圣诞倒数日历"
"deu_Latn","likör adventskalender","利口酒圣诞倒数日历"
"deu_Latn","monster energy adventskalender","怪兽 Energy圣诞倒数日历"
"deu_Latn","sheglam adventskalender 2025","2025年sheglam圣诞倒数日历"
"deu_Latn","star trek adventskalender","startrek圣诞倒数日历"
"deu_Latn","ysl adventskalender 2025","2025年ysl圣诞倒数日历"
"deu_Latn","weihnachtskalender werkzeug","工具圣诞倒数日历"
"deu_Latn","adventskalender angler","钓鱼圣诞倒数日历"
"deu_Latn","adventskalender edle tropfen in nuss","精选酒品坚果圣诞倒数日历"
"deu_Latn","adventskalender frauen inhalt","女士圣诞倒数日历内装物"
"deu_Latn","adventskalender just spices 2025","2025年Just Spices圣诞倒数日历"
"deu_Latn","adventskalender messer","messer圣诞倒数日历"
"deu_Latn","adventskalender new york","新品york圣诞倒数日历"
"deu_Latn","adventskalender stoffsäckchen","布袋圣诞倒数日历"
"deu_Latn","adventskalender traktor kinder","拖拉机儿童圣诞倒数日历"
"deu_Latn","adventskalender treppe","treppe圣诞倒数日历"
"deu_Latn","beutel adventskalender","袋子圣诞倒数日历"
"deu_Latn","füllung für adventskalender frau","女士圣诞倒数日历填充物"
"deu_Latn","juicy bomb adventskalender 2025","2025年juicybomb圣诞倒数日历"
"deu_Latn","kreativ adventskalender 2025","2025年创意圣诞倒数日历"
"deu_Latn","kräutertee adventskalender","花草茶圣诞倒数日历"
"deu_Latn","neonail adventskalender","neonail圣诞倒数日历"
"deu_Latn","reclam adventskalender 2025","2025年reclam圣诞倒数日历"
"deu_Latn","roboter adventskalender","roboter圣诞倒数日历"
"deu_Latn","sexy adventskalender","情趣圣诞倒数日历"
"deu_Latn","strick adventskalender","strick圣诞倒数日历"
"deu_Latn","was ist was adventskalender","ist圣诞倒数日历"
"deu_Latn","adventskalender 2025 nagellack","2025年指甲油圣诞倒数日历"
"deu_Latn","adventskalender 2025 parfum","2025年香水圣诞倒数日历"
"deu_Latn","adventskalender 2025 proteinriegel","2025年蛋白棒圣诞倒数日历"
"deu_Latn","adventskalender eierlikör","蛋奶酒圣诞倒数日历"
"deu_Latn","adventskalender kinder 5 jahre junge","5岁儿童男孩圣诞倒数日历"
"deu_Latn","adventskalender kleinkinder","幼儿圣诞倒数日历"
"deu_Latn","adventskalender porridge","porridge圣诞倒数日历"
"deu_Latn","adventskalender sachen zum befüllen","小物可填充圣诞倒数日历"
"deu_Latn","adventskalender selbst gestalten","selbstgestalten圣诞倒数日历"
"deu_Latn","adventskalender weihnachtsdeko","weihnachtsdeko圣诞倒数日历"
"deu_Latn","baby-adventskalender","婴幼儿圣诞倒数日历"
"deu_Latn","cola adventskalender 2025","2025年可乐圣诞倒数日历"
"deu_Latn","fußballkarten adventskalender","足球卡牌圣诞倒数日历"
"deu_Latn","geschenke für den adventskalender","礼物圣诞倒数日历"
"deu_Latn","novelmore adventskalender","novelmore圣诞倒数日历"
"deu_Latn","sally adventskalender 2025","2025年sally圣诞倒数日历"
"deu_Latn","squishmallow adventskalender 2025","2025年squishmallow圣诞倒数日历"
"deu_Latn","adventskalender 2025 drei fragezeichen","2025年三个问号圣诞倒数日历"
"deu_Latn","adventskalender 2025 kinder 8 jahre","2025年8岁儿童圣诞倒数日历"
"deu_Latn","adventskalender conni","conni圣诞倒数日历"
"deu_Latn","adventskalender eule","eule圣诞倒数日历"
"deu_Latn","adventskalender für junge frauen","男孩女士圣诞倒数日历"
"deu_Latn","adventskalender kind 1 jahr","1岁儿童圣诞倒数日历"
"deu_Latn","adventskalender kinder selber befüllen","儿童可自行填充圣诞倒数日历"
"deu_Latn","adventskalender my müsli","麦片圣诞倒数日历"
"deu_Latn","adventskalender zuckerfrei 2025","2025年无糖圣诞倒数日历"
"deu_Latn","diy adventskalender füllung","DIY圣诞倒数日历填充物"
"deu_Latn","emotional support adventskalender","emotionalsupport圣诞倒数日历"
"deu_Latn","escape adventskalender erwachsene","密室逃脱成人圣诞倒数日历"
"deu_Latn","fitness adventskalender männer","健身男士圣诞倒数日历"
"deu_Latn","ice adventskalender 2025","2025年ice圣诞倒数日历"
"deu_Latn","ideen adventskalender befüllen","创意可填充圣诞倒数日历"
"deu_Latn","inhalt für adventskalender kinder","儿童圣诞倒数日历内装物"
"deu_Latn","jean pierre sand parfüm adventskalender","jeanpierresand香水圣诞倒数日历"
"deu_Latn","knekki adventskalender 2025","2025年knekki圣诞倒数日历"
"deu_Latn","minecraft lego adventskalender","《我的世界》乐高圣诞倒数日历"
"deu_Latn","mädchen adventskalender 8 jahre","8岁女孩圣诞倒数日历"
"deu_Latn","o'donnell adventskalender","odonnell圣诞倒数日历"
"deu_Latn","adventskalender 2025 lindor","2025年Lindor圣诞倒数日历"
"deu_Latn","adventskalender aufhängung","悬挂装置圣诞倒数日历"
"deu_Latn","adventskalender beyblade","beyblade圣诞倒数日历"
"deu_Latn","adventskalender puzzle 2025","2025年拼图圣诞倒数日历"
"deu_Latn","adventskalender schminke mädchen","彩妆女孩圣诞倒数日历"
"deu_Latn","coole teenager adventskalender","酷青少年圣诞倒数日历"
"deu_Latn","exit adventskalender 2025 erwachsene","2025年EXIT成人圣诞倒数日历"
"deu_Latn","jungen adventskalender","男孩圣诞倒数日历"
"deu_Latn","korean skincare adventskalender","韩式护肤圣诞倒数日历"
"deu_Latn","littlest pet shop adventskalender","Littlest Pet Shop圣诞倒数日历"
"deu_Latn","luxus adventskalender frauen","奢华女士圣诞倒数日历"
"deu_Latn","makeup adventskalender","彩妆圣诞倒数日历"
"deu_Latn","mädchen adventskalender 10 jahre","10岁女孩圣诞倒数日历"
"deu_Latn","nagellack adventskalender 2025","2025年指甲油圣诞倒数日历"
"deu_Latn","wiha adventskalender 2025","2025年wiha圣诞倒数日历"
"deu_Latn","weihnachtskalender mann","男士圣诞倒数日历"
"deu_Latn","adventskalender 9 jahre mädchen","9岁女孩圣诞倒数日历"
"deu_Latn","adventskalender dragonball","《龙珠》圣诞倒数日历"
"deu_Latn","adventskalender football","足球圣诞倒数日历"
"deu_Latn","adventskalender füllung süßigkeiten","糖果圣诞倒数日历填充物"
"deu_Latn","adventskalender für papa","爸爸圣诞倒数日历"
"deu_Latn","adventskalender für werdende eltern","werdende父母圣诞倒数日历"
"deu_Latn","adventskalender lego friends 2025","2025年乐高Friends圣诞倒数日历"
"deu_Latn","adventskalender marvel 2025","2025年漫威圣诞倒数日历"
"deu_Latn","adventskalender papierdrachen","Papierdrachen圣诞倒数日历"
"deu_Latn","adventskalender pringels","pringels圣诞倒数日历"
"deu_Latn","adventskalender weingummi","weingummi圣诞倒数日历"
"deu_Latn","eintracht frankfurt adventskalender","法兰克福圣诞倒数日历"
"deu_Latn","feuerwerk adventskalender","feuerwerk圣诞倒数日历"
"deu_Latn","kiste adventskalender","箱子圣诞倒数日历"
"deu_Latn","kunst adventskalender","kunst圣诞倒数日历"
"deu_Latn","naturkosmetik adventskalender","天然化妆品圣诞倒数日历"
"deu_Latn","parfüm adventskalender 2025","2025年香水圣诞倒数日历"
"deu_Latn","schwartau adventskalender 2025","2025年schwartau圣诞倒数日历"
"deu_Latn","adventskalender 2025 pixi","2025年pixi圣诞倒数日历"
"deu_Latn","adventskalender badezusatz kinder","沐浴用品儿童圣诞倒数日历"
"deu_Latn","adventskalender fischer","fischer圣诞倒数日历"
"deu_Latn","adventskalender groß","大号圣诞倒数日历"
"deu_Latn","adventskalender haarpflege","haarpflege圣诞倒数日历"
"deu_Latn","adventskalender mit bastelsachen","bastelsachen圣诞倒数日历"
"deu_Latn","adventskalender nerd","nerd圣诞倒数日历"
"deu_Latn","adventskalender taschen zum befüllen","包袋可填充圣诞倒数日历"
"deu_Latn","amazon adventskalender kinder","亚马逊儿童圣诞倒数日历"
"deu_Latn","eis deluxe adventskalender 2025","2025年豪华冰淇淋圣诞倒数日历"
"deu_Latn","highland cow adventskalender","highlandcow圣诞倒数日历"
"deu_Latn","horse club adventskalender","马匹俱乐部圣诞倒数日历"
"deu_Latn","miraculous adventskalender","miraculous圣诞倒数日历"
"deu_Latn","protein-adventskalender","蛋白质圣诞倒数日历"
"deu_Latn","sarah harrison adventskalender","sarahharrison圣诞倒数日历"
"deu_Latn","adventskalender 2025 günstig","2025年实惠圣诞倒数日历"
"deu_Latn","adventskalender 2025 schmuck silber","2025年珠宝首饰银色圣诞倒数日历"
"deu_Latn","adventskalender beauty 2025","2025年美妆圣诞倒数日历"
"deu_Latn","adventskalender beutel groß","袋子大号圣诞倒数日历"
"deu_Latn","adventskalender entspannen","entspannen圣诞倒数日历"
"deu_Latn","adventskalender junge 11 jahre","11岁男孩圣诞倒数日历"
"deu_Latn","adventskalender set","套装圣诞倒数日历"
"deu_Latn","adventskalender säckchen klein","小袋小号圣诞倒数日历"
"deu_Latn","dm adventskalender","dm圣诞倒数日历"
"deu_Latn","experimente adventskalender 2025","2025年实验圣诞倒数日历"
"deu_Latn","hot-wheels adventskalender","风火轮圣诞倒数日历"
"deu_Latn","ideen für adventskalender füllung männer","创意男士圣诞倒数日历填充物"
"deu_Latn","kleine dinge für adventskalender","小号物品圣诞倒数日历"
"deu_Latn","lego marvel adventskalender","乐高漫威圣诞倒数日历"
"deu_Latn","maybelline new york adventskalender","美宝莲纽约圣诞倒数日历"
"deu_Latn","minecraft adventskalender lego","《我的世界》乐高圣诞倒数日历"
"deu_Latn","pixi bücher adventskalender","pixi书籍圣诞倒数日历"
"deu_Latn","pixie adventskalender","Pixie圣诞倒数日历"
"deu_Latn","pärchen adventskalender 2025","2025年情侣圣诞倒数日历"
"deu_Latn","schalke adventskalender","schalke圣诞倒数日历"
"deu_Latn","ungewöhnliche adventskalender","独特圣诞倒数日历"
"deu_Latn","weihnachtskalender für paare","情侣圣诞倒数日历"
"deu_Latn","adventskalender 2025 kinder jungs","2025年儿童男孩圣诞倒数日历"
"deu_Latn","adventskalender 2025 parfüm herren","2025年香水男士圣诞倒数日历"
"deu_Latn","adventskalender 2025 ritter sport","2025年Ritter Sport圣诞倒数日历"
"deu_Latn","adventskalender badekugeln","badekugeln圣诞倒数日历"
"deu_Latn","adventskalender fitness 2025","2025年健身圣诞倒数日历"
"deu_Latn","adventskalender hunde getreidefrei","狗狗getreidefrei圣诞倒数日历"
"deu_Latn","adventskalender pop figuren","pop玩偶圣诞倒数日历"
"deu_Latn","adventskalender ps5","PS5圣诞倒数日历"
"deu_Latn","adventskalender rock","摇滚圣诞倒数日历"
"deu_Latn","adventskalender socken männer","袜子男士圣诞倒数日历"
"deu_Latn","adventskalender trinkschokolade","trinkschokolade圣诞倒数日历"
"deu_Latn","fußball karten adventskalender","足球卡片圣诞倒数日历"
"deu_Latn","lego adventskalender 2025 star wars","2025年乐高《星球大战》圣诞倒数日历"
"deu_Latn","silikonform adventskalender","silikonform圣诞倒数日历"
"deu_Latn","skincare adventskalender 2025","2025年护肤圣诞倒数日历"
"deu_Latn","weihnachtskalender jungs","男孩圣诞倒数日历"
"deu_Latn","adventskalender 2025 dinosaurier","2025年恐龙圣诞倒数日历"
"deu_Latn","adventskalender 5 jahre mädchen","5岁女孩圣诞倒数日历"
"deu_Latn","adventskalender 7 jahre junge","7岁男孩圣诞倒数日历"
"deu_Latn","adventskalender für hunde 2025","2025年狗狗圣诞倒数日历"
"deu_Latn","adventskalender für lehrer","lehrer圣诞倒数日历"
"deu_Latn","adventskalender groß zum befüllen","大号可填充圣诞倒数日历"
"deu_Latn","adventskalender honig 2025","2025年蜂蜜圣诞倒数日历"
"deu_Latn","adventskalender lotto","lotto圣诞倒数日历"
"deu_Latn","adventskalender mini parfüm","迷你香水圣诞倒数日历"
"deu_Latn","adventskalender peters","peters圣诞倒数日历"
"deu_Latn","adventskalender reber","reber圣诞倒数日历"
"deu_Latn","adventskalender rubbellose","rubbellose圣诞倒数日历"
"deu_Latn","adventskalender zum befüllen kinder stoff","可填充儿童布艺圣诞倒数日历"
"deu_Latn","erotischer adventskalender 2025 für paare","2025年情趣情侣圣诞倒数日历"
"deu_Latn","füllungen für adventskalender","圣诞倒数日历填充物"
"deu_Latn","gregs tagebuch adventskalender","gregstagebuch圣诞倒数日历"
"deu_Latn","hobby horse adventskalender","hobby马匹圣诞倒数日历"
"deu_Latn","kleinigkeiten für adventskalender teenager","小物青少年圣诞倒数日历"
"deu_Latn","yankee candles adventskalender 2025","2025年Yankee Candle圣诞倒数日历"
"deu_Latn","weihnachtskalender chips","薯片圣诞倒数日历"
"deu_Latn","adventskalender 10 jahre","10岁圣诞倒数日历"
"deu_Latn","adventskalender 2022 die schule der magischen tiere","2022年学校魔法动物圣诞倒数日历"
"deu_Latn","adventskalender 2025 dm","2025年dm圣诞倒数日历"
"deu_Latn","adventskalender 2025 kinder paw patrol","2025年儿童《汪汪队立大功》圣诞倒数日历"
"deu_Latn","adventskalender 2025 kochen","2025年烹饪圣诞倒数日历"
"deu_Latn","adventskalender 2025 männer fitness","2025年男士健身圣诞倒数日历"
"deu_Latn","adventskalender 2025 weiße schokolade","2025年白巧克力圣诞倒数日历"
"deu_Latn","adventskalender 7 jahre mädchen","7岁女孩圣诞倒数日历"
"deu_Latn","adventskalender frauen beauty","女士美妆圣诞倒数日历"
"deu_Latn","adventskalender japanische süßigkeiten","japanische糖果圣诞倒数日历"
"deu_Latn","adventskalender jungs 4 jahre","4岁男孩圣诞倒数日历"
"deu_Latn","adventskalender teenager jungen","青少年男孩圣诞倒数日历"
"deu_Latn","adventskalender wieso weshalb warum 2024","2024年wiesoweshalbwarum圣诞倒数日历"
"deu_Latn","ahead adventskalender","ahead圣诞倒数日历"
"deu_Latn","cat adventskalender","猫咪圣诞倒数日历"
"deu_Latn","crime files adventskalender","推理files圣诞倒数日历"
"deu_Latn","dinosaurier adventskalender","恐龙圣诞倒数日历"
"deu_Latn","eisenbahn adventskalender","铁路圣诞倒数日历"
"deu_Latn","kinder adventskalender 2025 mädchen","2025年儿童女孩圣诞倒数日历"
"deu_Latn","krippe adventskalender","马槽圣诞倒数日历"
"deu_Latn","mini-adventskalender","迷你圣诞倒数日历"
"deu_Latn","tonie adventskalender 2025 flöckchen","2025年Tonie Flöckchen圣诞倒数日历"
"deu_Latn","24 säckchen adventskalender","24小袋圣诞倒数日历"
"deu_Latn","adventskalender 2025 hitschies","2025年Hitschies圣诞倒数日历"
"deu_Latn","adventskalender 3d druck","3Ddruck圣诞倒数日历"
"deu_Latn","adventskalender kaffee ganze bohne","咖啡ganzebohne圣诞倒数日历"
"deu_Latn","adventskalender kinder bücher","儿童书籍圣诞倒数日历"
"deu_Latn","adventskalender topp","topp圣诞倒数日历"
"deu_Latn","adventskalender windlicht","windlicht圣诞倒数日历"
"deu_Latn","dortmund adventskalender","dortmund圣诞倒数日历"
"deu_Latn","kleiner adventskalender frau","小号女士圣诞倒数日历"
"deu_Latn","lakrids by bülow adventskalender 2025","2025年Lakrids by Bülow圣诞倒数日历"
"deu_Latn","mymuesli adventskalender 2025","2025年mymuesli圣诞倒数日历"
"deu_Latn","prym adventskalender 2025","2025年prym圣诞倒数日历"
"deu_Latn","puzzle adventskalender 2025 ravensburger","2025年拼图Ravensburger圣诞倒数日历"
"deu_Latn","traktor adventskalender 2025","2025年拖拉机圣诞倒数日历"
"deu_Latn","zuckerfreier adventskalender","无糖圣诞倒数日历"
"deu_Latn","adventskalender 2025 jugendliche mädchen","2025年青少年女孩圣诞倒数日历"
"deu_Latn","adventskalender 2025 männer bart","2025年男士胡须圣诞倒数日历"
"deu_Latn","adventskalender 2025 männer gewürze","2025年男士香料圣诞倒数日历"
"deu_Latn","adventskalender blumen bausteine","花卉积木圣诞倒数日历"
"deu_Latn","adventskalender drei fragezeichen kids","三个问号儿童圣诞倒数日历"
"deu_Latn","adventskalender franzis","franzis圣诞倒数日历"
"deu_Latn","adventskalender karten sprüche","卡片格言圣诞倒数日历"
"deu_Latn","adventskalender maoam","maoam圣诞倒数日历"
"deu_Latn","adventskalender motorradfahrer","motorradfahrer圣诞倒数日历"
"deu_Latn","adventskalender mutter tochter","母亲女儿圣诞倒数日历"
"deu_Latn","adventskalender mädchen 16 jahre","16岁女孩圣诞倒数日历"
"deu_Latn","adventskalender tüten rot","纸袋红色圣诞倒数日历"
"deu_Latn","adventskalender wandkalender","wandkalender圣诞倒数日历"
"deu_Latn","cadbury adventskalender","cadbury圣诞倒数日历"
"deu_Latn","darts adventskalender","飞镖圣诞倒数日历"
"deu_Latn","der achtsame adventskalender","achtsame圣诞倒数日历"
"deu_Latn","fitness-adventskalender","健身圣诞倒数日历"
"deu_Latn","fnaf adventskalender 2025","2025年FNAF圣诞倒数日历"
"deu_Latn","kit kat adventskalender","KitKat圣诞倒数日历"
"deu_Latn","klebezahlen adventskalender","klebezahlen圣诞倒数日历"
"deu_Latn","nivea adventskalender 2025 herren","2025年妮维雅男士圣诞倒数日历"
"deu_Latn","trolli adventskalender","trolli圣诞倒数日历"
"deu_Latn","weiße schokolade adventskalender","白巧克力圣诞倒数日历"
"deu_Latn","adventskalender 2025 grinch","2025年圣诞怪杰圣诞倒数日历"
"deu_Latn","adventskalender 2025 loreal","2025年欧莱雅圣诞倒数日历"
"deu_Latn","adventskalender 2025 mädchen 9 jahre","2025年9岁女孩圣诞倒数日历"
"deu_Latn","adventskalender anhänger","挂饰圣诞倒数日历"
"deu_Latn","adventskalender aus stoff zum befüllen","布艺可填充圣诞倒数日历"
"deu_Latn","adventskalender coca cola","可口可乐圣诞倒数日历"
"deu_Latn","adventskalender fußballkarten","足球卡牌圣诞倒数日历"
"deu_Latn","adventskalender lindt schokolade","瑞士莲巧克力圣诞倒数日历"
"deu_Latn","adventskalender mini bücher","迷你书籍圣诞倒数日历"
"deu_Latn","adventskalender männer pflege","男士护理圣诞倒数日历"
"deu_Latn","adventskalender mütter","母亲圣诞倒数日历"
"deu_Latn","adventskalender squishies","squishies圣诞倒数日历"
"deu_Latn","adventskalender zum befüllen tür","可填充门式圣诞倒数日历"
"deu_Latn","alkohol adventskalender 2025","2025年酒类圣诞倒数日历"
"deu_Latn","krimi im cottage adventskalender","推理cottage圣诞倒数日历"
"deu_Latn","star wars lego adventskalender","《星球大战》乐高圣诞倒数日历"
"deu_Latn","adventskalender 2025 lego star wars","2025年乐高《星球大战》圣诞倒数日历"
"deu_Latn","adventskalender 2025 pandora","2025年Pandora圣诞倒数日历"
"deu_Latn","adventskalender carrera","carrera圣诞倒数日历"
"deu_Latn","adventskalender fussball kinder","足球儿童圣诞倒数日历"
"deu_Latn","adventskalender füllen 10 jahre","10岁填充圣诞倒数日历"
"deu_Latn","adventskalender glas","玻璃圣诞倒数日历"
"deu_Latn","adventskalender junge männer","男孩男士圣诞倒数日历"
"deu_Latn","adventskalender lehrerin","lehrerin圣诞倒数日历"
"deu_Latn","adventskalender lets battle","letsbattle圣诞倒数日历"
"deu_Latn","adventskalender mit büchern","书籍圣诞倒数日历"
"deu_Latn","adventskalender mit figuren","玩偶圣诞倒数日历"
"deu_Latn","adventskalender ravensburger","Ravensburger圣诞倒数日历"
"deu_Latn","adventskalender tennis","tennis圣诞倒数日历"
"deu_Latn","adventskalender zum befüllen grün","可填充绿色圣诞倒数日历"
"deu_Latn","artikel für adventskalender","物品圣诞倒数日历"
"deu_Latn","nightmare before christmas adventskalender","《圣诞夜惊魂》圣诞倒数日历"
"deu_Latn","sonnentor adventskalender","Sonnentor圣诞倒数日历"
"deu_Latn","tee- adventskalender","茶叶圣诞倒数日历"
"deu_Latn","topmodel adventskalender 2025","2025年topmodel圣诞倒数日历"
"deu_Latn","adventskalender 2025 schleim","2025年史莱姆圣诞倒数日历"
"deu_Latn","adventskalender für angler","钓鱼圣诞倒数日历"
"deu_Latn","adventskalender im glas","玻璃圣诞倒数日历"
"deu_Latn","adventskalender knobeln","knobeln圣诞倒数日历"
"deu_Latn","adventskalender lebensmittel 2025","2025年食品圣诞倒数日历"
"deu_Latn","adventskalender zum befüllen gross","可填充gross圣诞倒数日历"
"deu_Latn","besonderer adventskalender","特别圣诞倒数日历"
"deu_Latn","funko adventskalender 2025","2025年Funko圣诞倒数日历"
"deu_Latn","makita adventskalender 2025 inhalt","2025年牧田圣诞倒数日历内装物"
"deu_Latn","playmobil adventskalender piraten","Playmobilpiraten圣诞倒数日历"
"deu_Latn","zahlen adventskalender holz","数字木质圣诞倒数日历"
"deu_Latn","weihnachtskalender minecraft","《我的世界》圣诞倒数日历"
"deu_Latn","weihnachtskalender teenager mädchen","青少年女孩圣诞倒数日历"
"deu_Latn","adventskalender 2025 bvb","2025年BVB圣诞倒数日历"
"deu_Latn","adventskalender 2025 dunkle schokolade","2025年黑巧克力圣诞倒数日历"
"deu_Latn","adventskalender 2025 junge 5 jahre","2025年5岁男孩圣诞倒数日历"
"deu_Latn","adventskalender escape kinder","密室逃脱儿童圣诞倒数日历"
"deu_Latn","adventskalender für mann","男士圣诞倒数日历"
"deu_Latn","adventskalender jungs 14 jahre","14岁男孩圣诞倒数日历"
"deu_Latn","adventskalender kinder 4-6 jahre","6岁儿童4圣诞倒数日历"
"deu_Latn","adventskalender koreanisch","koreanisch圣诞倒数日历"
"deu_Latn","adventskalender magnete","magnete圣诞倒数日历"
"deu_Latn","adventskalender männer bier","男士啤酒圣诞倒数日历"
"deu_Latn","adventskalender puzzle personalisiert","拼图个性化圣诞倒数日历"
"deu_Latn","adventskalender riegel","巧克力棒圣诞倒数日历"
"deu_Latn","adventskalender zum befüllen jute","可填充黄麻圣诞倒数日历"
"deu_Latn","badesalz adventskalender","badesalz圣诞倒数日历"
"deu_Latn","batman adventskalender 2025","2025年batman圣诞倒数日历"
"deu_Latn","bueno adventskalender 2025","2025年Bueno圣诞倒数日历"
"deu_Latn","die drei fragezeichen adventskalender 2025","2025年三个问号圣诞倒数日历"
"deu_Latn","garten adventskalender 2025","2025年园艺圣诞倒数日历"
"deu_Latn","inhalt für adventskalender frauen","女士圣诞倒数日历内装物"
"deu_Latn","kleine geschenke für männer adventskalender","小号礼物男士圣诞倒数日历"
"deu_Latn","rainbow high adventskalender","rainbowhigh圣诞倒数日历"
"deu_Latn","adventskalender früchtetee","果茶叶圣诞倒数日历"
"deu_Latn","adventskalender fußball 2025","2025年足球圣诞倒数日历"
"deu_Latn","adventskalender glutenfrei schär","无麸质Schär圣诞倒数日历"
"deu_Latn","adventskalender lego marvel","乐高漫威圣诞倒数日历"
"deu_Latn","adventskalender peanuts","peanuts圣诞倒数日历"
"deu_Latn","adventskalender-füllung teenager","青少年圣诞倒数日历填充物"
"deu_Latn","büro adventskalender","办公室圣诞倒数日历"
"deu_Latn","fcb adventskalender","fcb圣诞倒数日历"
"deu_Latn","feigling adventskalender","feigling圣诞倒数日历"
"deu_Latn","foto adventskalender mit 24 fotos","照片24fotos圣诞倒数日历"
"deu_Latn","hecht und barsch adventskalender 2025","2025年hechtbarsch圣诞倒数日历"
"deu_Latn","herzhafter adventskalender","herzhafter圣诞倒数日历"
"deu_Latn","jean len adventskalender 2025","2025年Jean & Len圣诞倒数日历"
"deu_Latn","kosmetik adventskalender mädchen","化妆品女孩圣诞倒数日历"
"deu_Latn","zeck adventskalender 2025","2025年ZECK圣诞倒数日历"
"deu_Latn","weihnachtskalender 2025 für paare","2025年情侣圣诞倒数日历"
"deu_Latn","adventskalender 2025 more","2025年more圣诞倒数日历"
"deu_Latn","adventskalender asam beauty","ASAM美妆圣诞倒数日历"
"deu_Latn","adventskalender katjes","katjes圣诞倒数日历"
"deu_Latn","adventskalender kinder basteln","儿童手工圣诞倒数日历"
"deu_Latn","adventskalender tonys chocolonely","tonyschocolonely圣诞倒数日历"
"deu_Latn","adventskalender wand","墙面圣诞倒数日历"
"deu_Latn","böller adventskalender","鞭炮圣诞倒数日历"
"deu_Latn","demon hunter adventskalender","猎人圣诞倒数日历"
"deu_Latn","fc köln adventskalender","FC科隆圣诞倒数日历"
"deu_Latn","hexen adventskalender","女巫圣诞倒数日历"
"deu_Latn","little dutch adventskalender","小型dutch圣诞倒数日历"
"deu_Latn","lustiger adventskalender 2025","2025年lustiger圣诞倒数日历"
"deu_Latn","mon cherie adventskalender 2025","2025年Mon Chéri圣诞倒数日历"
"deu_Latn","oma adventskalender 2025","2025年祖母圣诞倒数日历"
"deu_Latn","origami adventskalender 2025","2025年origami圣诞倒数日历"
"deu_Latn","pandora adventskalender 2025","2025年Pandora圣诞倒数日历"
"deu_Latn","tea adventskalender","茶叶圣诞倒数日历"
"deu_Latn","w7 adventskalender","W7圣诞倒数日历"
"deu_Latn","weihnachtstüten adventskalender","圣诞礼品袋圣诞倒数日历"
"deu_Latn","3 fragezeichen adventskalender","3问号圣诞倒数日历"
"deu_Latn","adventskalender 2025 chocolate","2025年巧克力圣诞倒数日历"
"deu_Latn","adventskalender 2025 frauen schminke","2025年女士彩妆圣诞倒数日历"
"deu_Latn","adventskalender befüllen männer","可填充男士圣诞倒数日历"
"deu_Latn","adventskalender füllung teenager jungs","青少年男孩圣诞倒数日历填充物"
"deu_Latn","adventskalender k pop","Kpop圣诞倒数日历"
"deu_Latn","adventskalender lego minecraft 2025","2025年乐高《我的世界》圣诞倒数日历"
"deu_Latn","adventskalender mario","mario圣诞倒数日历"
"deu_Latn","adventskalender schulklasse inhalt","schulklasse圣诞倒数日历内装物"
"deu_Latn","adventskalender selber befüllen inhalt","可自行填充圣诞倒数日历内装物"
"deu_Latn","adventskalender zum selber basteln","手工圣诞倒数日历"
"deu_Latn","heinz adventskalender 2025","2025年heinz圣诞倒数日历"
"deu_Latn","pokemon adventskalender 2025 deutsch","2025年宝可梦德语版圣诞倒数日历"
"deu_Latn","polly pocket adventskalender 2025","2025年Polly Pocket圣诞倒数日历"
"deu_Latn","proben für adventskalender","proben圣诞倒数日历"
"deu_Latn","tee adventskalender 2025 für zwei","2025年茶两人圣诞倒数日历"
"deu_Latn","unicorn academy adventskalender","独角兽academy圣诞倒数日历"
"deu_Latn","viba adventskalender 2025","2025年viba圣诞倒数日历"
"deu_Latn","adventskalender 2025 kinder experimente","2025年儿童实验圣诞倒数日历"
"deu_Latn","adventskalender 2025 nostalgisch","2025年怀旧圣诞倒数日历"
"deu_Latn","adventskalender baumschmuck","baumschmuck圣诞倒数日历"
"deu_Latn","adventskalender füllung kinder 4 jahre","4岁儿童圣诞倒数日历填充物"
"deu_Latn","adventskalender glück marmelade","Glück果酱圣诞倒数日历"
"deu_Latn","adventskalender korea","korea圣诞倒数日历"
"deu_Latn","adventskalender paarzeit","paarzeit圣诞倒数日历"
"deu_Latn","adventskalender playmobil 123","Playmobil123圣诞倒数日历"
"deu_Latn","grill adventskalender 2025","2025年grill圣诞倒数日历"
"deu_Latn","mogli adventskalender","mogli圣诞倒数日历"
"deu_Latn","ravensburger puzzle adventskalender","Ravensburger拼图圣诞倒数日历"
"deu_Latn","sexy adventskalender sexy adventskalender boys","情趣男孩圣诞倒数日历"
"deu_Latn","usa adventskalender 2025","2025年美国圣诞倒数日历"
"deu_Latn","weihnachtskalender 2025 kinder junge","2025年儿童男孩圣诞倒数日历"
"deu_Latn","adventskalender 14 jahre junge","14岁男孩圣诞倒数日历"
"deu_Latn","adventskalender 2025 garten","2025年园艺圣诞倒数日历"
"deu_Latn","adventskalender 2025 glutenfrei","2025年无麸质圣诞倒数日历"
"deu_Latn","adventskalender 2025 motorrad","2025年摩托车圣诞倒数日历"
"deu_Latn","adventskalender elektro","elektro圣诞倒数日历"
"deu_Latn","adventskalender für 10 jährige mädchen","10岁女孩圣诞倒数日历"
"deu_Latn","adventskalender hängend","悬挂式圣诞倒数日历"
"deu_Latn","adventskalender jungs 8 jahre","8岁男孩圣诞倒数日历"
"deu_Latn","adventskalender lieblingsmensch","lieblingsmensch圣诞倒数日历"
"deu_Latn","adventskalender nyx","nyx圣诞倒数日历"
"deu_Latn","adventskalender zum befüllen box","可填充盒装圣诞倒数日历"
"deu_Latn","die 3 ausrufezeichen adventskalender","3感叹号圣诞倒数日历"
"deu_Latn","die drei fragezeichen adventskalender cd","三个问号cd圣诞倒数日历"
"deu_Latn","elf cosmetics adventskalender 2025","2025年e.l.f.化妆品圣诞倒数日历"
"deu_Latn","motorrad adventskalender 2025","2025年摩托车圣诞倒数日历"
"deu_Latn","männer geschenke adventskalender","男士礼物圣诞倒数日历"
"deu_Latn","popcorn adventskalender","popcorn圣诞倒数日历"
"deu_Latn","purelei adventskalender 2025 gold","2025年PURELEI金色圣诞倒数日历"
"deu_Latn","tüten adventskalender groß","纸袋大号圣诞倒数日历"
"deu_Latn","adventskalender 2025 honig","2025年蜂蜜圣诞倒数日历"
"deu_Latn","adventskalender 2025 personalisiert","2025年个性化圣诞倒数日历"
"deu_Latn","adventskalender handarbeit","handarbeit圣诞倒数日历"
"deu_Latn","adventskalender ideen männer","创意男士圣诞倒数日历"
"deu_Latn","adventskalender jungen 15 jahre","15岁男孩圣诞倒数日历"
"deu_Latn","adventskalender simpsons","simpsons圣诞倒数日历"
"deu_Latn","adventskalender zum befüllen und aufhängen","可填充悬挂式圣诞倒数日历"
"deu_Latn","chocolate adventskalender 2025","2025年巧克力圣诞倒数日历"
"deu_Latn","dr grandel adventskalender 2025","2025年drgrandel圣诞倒数日历"
"deu_Latn","erotik adventskalender 2025","2025年情趣圣诞倒数日历"
"deu_Latn","jelly beans adventskalender","jellybeans圣诞倒数日历"
"deu_Latn","rossmann adventskalender","rossmann圣诞倒数日历"
"deu_Latn","sachen für adventskalender männer","小物男士圣诞倒数日历"
"deu_Latn","warrior cats adventskalender 2025","2025年《猫武士》圣诞倒数日历"
"deu_Latn","weihnachtskalender hund","狗狗圣诞倒数日历"
"deu_Latn","adventskalender 2025 kinder harry potter","2025年儿童《哈利·波特》圣诞倒数日历"
"deu_Latn","adventskalender 3 fragezeichen kids","3问号儿童圣诞倒数日历"
"deu_Latn","adventskalender 9 jahre junge","9岁男孩圣诞倒数日历"
"deu_Latn","adventskalender füllung kinder 2 jahre","2岁儿童圣诞倒数日历填充物"
"deu_Latn","adventskalender für die ganze familie","ganze家庭圣诞倒数日历"
"deu_Latn","adventskalender für teenies","teenies圣诞倒数日历"
"deu_Latn","adventskalender gummibärchen 2025","2025年软糖圣诞倒数日历"
"deu_Latn","aoste adventskalender 2025","2025年aoste圣诞倒数日历"
"deu_Latn","bagger adventskalender","bagger圣诞倒数日历"
"deu_Latn","damen adventskalender","女士圣诞倒数日历"
"deu_Latn","granini adventskalender","granini圣诞倒数日历"
"deu_Latn","low carb adventskalender","lowcarb圣诞倒数日历"
"deu_Latn","spiele adventskalender","游戏圣诞倒数日历"
"deu_Latn","trinkschokolade adventskalender","trinkschokolade圣诞倒数日历"
"deu_Latn","weihnachtskalender füllung","圣诞倒数日历填充物"
"deu_Latn","weihnachtskalender salami","萨拉米香肠圣诞倒数日历"
"deu_Latn","adventskalender 2025 schmuck gold","2025年珠宝首饰金色圣诞倒数日历"
"deu_Latn","adventskalender 2025 sephora","2025年丝芙兰圣诞倒数日历"
"deu_Latn","adventskalender 2025 squishmallow","2025年squishmallow圣诞倒数日历"
"deu_Latn","adventskalender auto bauen","汽车建造圣诞倒数日历"
"deu_Latn","adventskalender befüllen inhalt männer","可填充男士圣诞倒数日历内装物"
"deu_Latn","adventskalender lego mädchen","乐高女孩圣诞倒数日历"
"deu_Latn","adventskalender nougat 2025","2025年牛轧糖圣诞倒数日历"
"deu_Latn","adventskalender wandteppich","wandteppich圣诞倒数日历"
"deu_Latn","metal adventskalender","金属圣诞倒数日历"
"deu_Latn","modellbau adventskalender 2025","2025年模型制作圣诞倒数日历"
"deu_Latn","adventskalender 2025 salami","2025年萨拉米香肠圣诞倒数日历"
"deu_Latn","adventskalender 5 jahre","5岁圣诞倒数日历"
"deu_Latn","adventskalender bio schokolade","有机巧克力圣诞倒数日历"
"deu_Latn","adventskalender elf cosmetics","e.l.f.化妆品圣诞倒数日历"
"deu_Latn","adventskalender für zocker","zocker圣诞倒数日历"
"deu_Latn","adventskalender kinder schminke","儿童彩妆圣诞倒数日历"
"deu_Latn","adventskalender malbuch","malbuch圣诞倒数日历"
"deu_Latn","adventskalender mit bild","bild圣诞倒数日历"
"deu_Latn","adventskalender mädchen 1 jahr","1岁女孩圣诞倒数日历"
"deu_Latn","adventskalender saucen","酱料圣诞倒数日历"
"deu_Latn","adventskalender taschen","包袋圣诞倒数日历"
"deu_Latn","adventskalender zum befüllen haus","可填充haus圣诞倒数日历"
"deu_Latn","exit adventskalender 2025 kinder","2025年EXIT儿童圣诞倒数日历"
"deu_Latn","geolino adventskalender","geolino圣诞倒数日历"
"deu_Latn","glühwein adventskalender","热红酒圣诞倒数日历"
"deu_Latn","kreative adventskalender","kreative圣诞倒数日历"
"deu_Latn","kuromi adventskalender","kuromi圣诞倒数日历"
"deu_Latn","lena gercke adventskalender 2025","2025年lenagercke圣诞倒数日历"
"deu_Latn","saft adventskalender 2025","2025年saft圣诞倒数日历"
"deu_Latn","skurrile adventskalender","skurrile圣诞倒数日历"
"deu_Latn","spidey adventskalender","spidey圣诞倒数日历"
"deu_Latn","vernasche die welt adventskalender","vernasche世界圣诞倒数日历"
"deu_Latn","'adventskalender für kinder","儿童圣诞倒数日历"
"deu_Latn","'adventskalender schokolade","巧克力圣诞倒数日历"
"deu_Latn","adventskalender 2025 ddr","2025年DDR圣诞倒数日历"
"deu_Latn","adventskalender 2025 handwerker","2025年工匠圣诞倒数日历"
"deu_Latn","adventskalender 2025 kinder 12 jahre","2025年12岁儿童圣诞倒数日历"
"deu_Latn","adventskalender 2025 papier","2025年纸质圣诞倒数日历"
"deu_Latn","adventskalender bayern","bayern圣诞倒数日历"
"deu_Latn","adventskalender frauen schmuck","女士珠宝首饰圣诞倒数日历"
"deu_Latn","adventskalender gabby","gabby圣诞倒数日历"
"deu_Latn","adventskalender handlettering","handlettering圣诞倒数日历"
"deu_Latn","adventskalender herren 2025","2025年男士圣诞倒数日历"
"deu_Latn","adventskalender kinder 9 jahre","9岁儿童圣诞倒数日历"
"deu_Latn","adventskalender klammern","klammern圣诞倒数日历"
"deu_Latn","adventskalender spiel","spiel圣诞倒数日历"
"deu_Latn","adventskalender tütchen zum befüllen","小袋可填充圣诞倒数日历"
"deu_Latn","adventskalender whiskey","威士忌圣诞倒数日历"
"deu_Latn","adventskalender zum ausmalen","涂色圣诞倒数日历"
"deu_Latn","ausgefallene adventskalender 2025","2025年别具一格圣诞倒数日历"
"deu_Latn","corny adventskalender","corny圣诞倒数日历"
"deu_Latn","heinz adventskalender","heinz圣诞倒数日历"
"deu_Latn","lego für adventskalender","乐高圣诞倒数日历"
"deu_Latn","lindt adventskalender 2025 dunkle schokolade","2025年瑞士莲黑巧克力圣诞倒数日历"
"deu_Latn","men adventskalender 2025","2025年男士圣诞倒数日历"
"deu_Latn","mitmach adventskalender kinder","mitmach儿童圣诞倒数日历"
"deu_Latn","rb leipzig adventskalender 2025","2025年rbleipzig圣诞倒数日历"
"deu_Latn","rc adventskalender 2025","2025年rc圣诞倒数日历"
"deu_Latn","schachteln für adventskalender","盒子圣诞倒数日历"
"deu_Latn","adventskalender 2025 edle tropfen in nuss","2025年精选酒品坚果圣诞倒数日历"
"deu_Latn","adventskalender 2025 lego city","2025年乐高城市圣诞倒数日历"
"deu_Latn","adventskalender 2025 paare sex","2025年情侣成人情趣圣诞倒数日历"
"deu_Latn","adventskalender 2025 pärchen","2025年情侣圣诞倒数日历"
"deu_Latn","adventskalender 3 ausrufezeichen","3感叹号圣诞倒数日历"
"deu_Latn","adventskalender chilli","chilli圣诞倒数日历"
"deu_Latn","adventskalender sauna","sauna圣诞倒数日历"
"deu_Latn","adventskalender sexy","情趣圣诞倒数日历"
"deu_Latn","adventskalender tochter","女儿圣诞倒数日历"
"deu_Latn","adventskalender tut tut baby flitzer","tut婴幼儿flitzer圣诞倒数日历"
"deu_Latn","adventskalender tüten stoff","纸袋布艺圣诞倒数日历"
"deu_Latn","adventskalender vision board","visionboard圣诞倒数日历"
"deu_Latn","audi adventskalender","audi圣诞倒数日历"
"deu_Latn","brooklyn soap company adventskalender","brooklynsoapcompany圣诞倒数日历"
"deu_Latn","escape adventskalender 2025 kinder","2025年密室逃脱儿童圣诞倒数日历"
"deu_Latn","handball adventskalender","handball圣诞倒数日历"
"deu_Latn","japanischer adventskalender 2025","2025年japanischer圣诞倒数日历"
"deu_Latn","kleine geschenke für kinder adventskalender","小号礼物儿童圣诞倒数日历"
"deu_Latn","lebensmittel adventskalender","食品圣诞倒数日历"
"deu_Latn","lps adventskalender","LPS圣诞倒数日历"
"deu_Latn","reclams heiterer adventskalender","reclamsheiterer圣诞倒数日历"
"deu_Latn","werkzeug adventskalender 2025 makita","2025年工具牧田圣诞倒数日历"
"deu_Latn","adventskalender 2025 kinder barbie","2025年儿童芭比圣诞倒数日历"
"deu_Latn","adventskalender 2025 whisky","2025年威士忌圣诞倒数日历"
"deu_Latn","adventskalender 2025 wurst","2025年香肠圣诞倒数日历"
"deu_Latn","adventskalender buch frauen","书籍女士圣诞倒数日历"
"deu_Latn","adventskalender duell buch paare","对决书籍情侣圣诞倒数日历"
"deu_Latn","adventskalender fc köln","FC科隆圣诞倒数日历"
"deu_Latn","adventskalender fnaf","FNAF圣诞倒数日历"
"deu_Latn","adventskalender hundespielzeug","hundespielzeug圣诞倒数日历"
"deu_Latn","adventskalender meerjungfrau","meerjungfrau圣诞倒数日历"
"deu_Latn","adventskalender playmobil junge","Playmobil男孩圣诞倒数日历"
"deu_Latn","adventskalender redbull","红牛圣诞倒数日历"
"deu_Latn","adventskalender rubbeln","rubbeln圣诞倒数日历"
"deu_Latn","adventskalender tannenbaum","tannenbaum圣诞倒数日历"
"deu_Latn","adventskalender vfb stuttgart","VfB斯图加特圣诞倒数日历"
"deu_Latn","adventskalender yankee candle 2025","2025年Yankee Candle圣诞倒数日历"
"deu_Latn","adventskalender zum befüllen rot","可填充红色圣诞倒数日历"
"deu_Latn","adventskalender-füllung mädchen","女孩圣诞倒数日历填充物"
"deu_Latn","back adventskalender","back圣诞倒数日历"
"deu_Latn","füllung adventskalender für männer","男士圣诞倒数日历填充物"
"deu_Latn","gothic adventskalender","gothic圣诞倒数日历"
"deu_Latn","heidemann adventskalender 2025","2025年heidemann圣诞倒数日历"
"deu_Latn","ikea adventskalender 2025","2025年ikea圣诞倒数日历"
"deu_Latn","intersnack adventskalender","Intersnack圣诞倒数日历"
"deu_Latn","piercing adventskalender","piercing圣诞倒数日历"
"deu_Latn","snacks adventskalender","零食圣诞倒数日历"
"deu_Latn","advent calendars","圣诞历"
"deu_Latn","adventskalender 2025 einhorn","2025年独角兽圣诞倒数日历"
"deu_Latn","adventskalender axe","axe圣诞倒数日历"
"deu_Latn","adventskalender bierkasten","啤酒箱圣诞倒数日历"
"deu_Latn","adventskalender chili","chili圣诞倒数日历"
"deu_Latn","adventskalender entspannung","entspannung圣诞倒数日历"
"deu_Latn","adventskalender füllung jungen","男孩圣诞倒数日历填充物"
"deu_Latn","adventskalender großeltern","祖父母圣诞倒数日历"
"deu_Latn","adventskalender happy socks","Happy Socks圣诞倒数日历"
"deu_Latn","adventskalender kinder experimente","儿童实验圣诞倒数日历"
"deu_Latn","adventskalender makramee","makramee圣诞倒数日历"
"deu_Latn","adventskalender pralinen 2025","2025年巧克力糖圣诞倒数日历"
"deu_Latn","adventskalender ü ei","Üei圣诞倒数日历"
"deu_Latn","edle tropfen in nuss adventskalender","精选酒品坚果圣诞倒数日历"
"deu_Latn","hunter adventskalender","猎人圣诞倒数日历"
"deu_Latn","kleine geschenke für den adventskalender","小号礼物圣诞倒数日历"
"deu_Latn","lego adventskalender 2025 city","2025年乐高城市圣诞倒数日历"
"deu_Latn","mini verse adventskalender","迷你verse圣诞倒数日历"
"deu_Latn","näh adventskalender 2025","2025年缝纫圣诞倒数日历"
"deu_Latn","peterson und findus adventskalender","petersonfindus圣诞倒数日历"
"deu_Latn","pop adventskalender","pop圣诞倒数日历"
"deu_Latn","schmuck adventskalender 2025 silber","2025年珠宝首饰银色圣诞倒数日历"
"deu_Latn","senioren adventskalender 2025","2025年老年人圣诞倒数日历"
"deu_Latn","wwe adventskalender","wwe圣诞倒数日历"
"deu_Latn","adventskalender 2025 lego minecraft","2025年乐高《我的世界》圣诞倒数日历"
"deu_Latn","adventskalender anime figuren","动漫玩偶圣诞倒数日历"
"deu_Latn","adventskalender befüllung kinder","儿童圣诞倒数日历填充物"
"deu_Latn","adventskalender büro kollegen","办公室同事圣诞倒数日历"
"deu_Latn","adventskalender für mädchen 10 jahre","10岁女孩圣诞倒数日历"
"deu_Latn","adventskalender für mädchen 12 jahre","12岁女孩圣诞倒数日历"
"deu_Latn","adventskalender geschichten erwachsene","故事成人圣诞倒数日历"
"deu_Latn","adventskalender gothic","gothic圣诞倒数日历"
"deu_Latn","adventskalender holzleiste","holzleiste圣诞倒数日历"
"deu_Latn","adventskalender junge 7 jahre","7岁男孩圣诞倒数日历"
"deu_Latn","adventskalender jungs 13 jahre","13岁男孩圣诞倒数日历"
"deu_Latn","adventskalender selbst befüllen kinder","可自行填充儿童圣诞倒数日历"
"deu_Latn","adventskalender sonic","《刺猬索尼克》圣诞倒数日历"
"deu_Latn","after eight adventskalender big ben","After Eightbigben圣诞倒数日历"
"deu_Latn","angel adventskalender 2025 raubfisch","2025年钓鱼掠食鱼圣诞倒数日历"
"deu_Latn","blade adventskalender","blade圣诞倒数日历"
"deu_Latn","charlotte tilbury adventskalender 2025","2025年charlottetilbury圣诞倒数日历"
"deu_Latn","hallingers adventskalender","hallingers圣诞倒数日历"
"deu_Latn","jungs adventskalender","男孩圣诞倒数日历"
"deu_Latn","nissin adventskalender 2025","2025年nissin圣诞倒数日历"
"deu_Latn","ps5 adventskalender","PS5圣诞倒数日历"
"deu_Latn","sallos adventskalender","sallos圣诞倒数日历"
"deu_Latn","wellness adventskalender frauen","养生女士圣诞倒数日历"
"deu_Latn","weihnachtskalender 2025 lindt","2025年瑞士莲圣诞倒数日历"
"deu_Latn","adventskalender 2025 mädchen 7 jahre","2025年7岁女孩圣诞倒数日历"
"deu_Latn","adventskalender 2025 skincare","2025年护肤圣诞倒数日历"
"deu_Latn","adventskalender 2025 teenager mädchen beauty","2025年青少年女孩美妆圣诞倒数日历"
"deu_Latn","adventskalender 2026 frauen","2026年女士圣诞倒数日历"
"deu_Latn","adventskalender befüllen inhalt","可填充圣诞倒数日历内装物"
"deu_Latn","adventskalender gilmore girls","《吉尔莫女孩》圣诞倒数日历"
"deu_Latn","adventskalender kinder befüllen ideen","儿童圣诞倒数日历填充创意"
"deu_Latn","adventskalender nudeln","面条圣诞倒数日历"
"deu_Latn","adventskalender reisen","旅行圣诞倒数日历"
"deu_Latn","adventskalender star trek","startrek圣诞倒数日历"
"deu_Latn","anna und elsa adventskalender","annaelsa圣诞倒数日历"
"deu_Latn","braune tüten adventskalender","braune纸袋圣诞倒数日历"
"deu_Latn","fc köln adventskalender 2025","2025年FC科隆圣诞倒数日历"
"deu_Latn","gilmore girls adventskalender 2025","2025年《吉尔莫女孩》圣诞倒数日历"
"deu_Latn","klemmbaustein adventskalender","klemmbaustein圣诞倒数日历"
"deu_Latn","kosmetik für adventskalender","化妆品圣诞倒数日历"
"deu_Latn","lind adventskalender","lind圣诞倒数日历"
"deu_Latn","lindt adventskalender 2025 lindor","2025年瑞士莲Lindor圣诞倒数日历"
"deu_Latn","london adventskalender","london圣诞倒数日历"
"deu_Latn","postkarte adventskalender","postkarte圣诞倒数日历"
"deu_Latn","adventskalender !!!","圣诞倒数日历"
"deu_Latn","adventskalender 2025 erwachsene sex","2025年成人成人情趣圣诞倒数日历"
"deu_Latn","adventskalender 2025 sexspielzeug","2025年成人情趣用品圣诞倒数日历"
"deu_Latn","adventskalender 2025 slime","2025年slime圣诞倒数日历"
"deu_Latn","adventskalender 2025 wednesday","2025年《星期三》圣诞倒数日历"
"deu_Latn","adventskalender dekoartikel","dekoartikel圣诞倒数日历"
"deu_Latn","adventskalender geschenke teenager","礼物青少年圣诞倒数日历"
"deu_Latn","adventskalender schalke","schalke圣诞倒数日历"
"deu_Latn","adventskalender schleich horse club","Schleich马匹俱乐部圣诞倒数日历"
"deu_Latn","adventskalender survival kit","生存kit圣诞倒数日历"
"deu_Latn","adventskalender trüffel","松露巧克力圣诞倒数日历"
"deu_Latn","adventskalender yankee candle","Yankee Candle圣诞倒数日历"
"deu_Latn","adventskalender zum füllen","填充圣诞倒数日历"
"deu_Latn","bookish adventskalender","bookish圣诞倒数日历"
"deu_Latn","faultier adventskalender","faultier圣诞倒数日历"
"deu_Latn","hund adventskalender 2025","2025年狗狗圣诞倒数日历"
"deu_Latn","häkeln adventskalender","钩织圣诞倒数日历"
"deu_Latn","japanischer adventskalender","japanischer圣诞倒数日历"
"deu_Latn","kleine geschenke adventskalender frauen","小号礼物女士圣诞倒数日历"
"deu_Latn","lego starwars adventskalender","乐高starwars圣诞倒数日历"
"deu_Latn","outdoor adventskalender 2025","2025年outdoor圣诞倒数日历"
"deu_Latn","parfüm adventskalender damen","香水女士圣诞倒数日历"
"deu_Latn","personalisierter adventskalender kinder","个性化儿童圣诞倒数日历"
"deu_Latn","sekt adventskalender 2025","2025年sekt圣诞倒数日历"
"deu_Latn","swarovski adventskalender 2025","2025年swarovski圣诞倒数日历"
"deu_Latn","technik adventskalender 2025","2025年科技圣诞倒数日历"
"deu_Latn","werkzeug-adventskalender","工具圣诞倒数日历"
"deu_Latn","katzen weihnachtskalender","猫咪圣诞倒数日历"
"deu_Latn","adventskalender 2025 katze","2025年猫咪圣诞倒数日历"
"deu_Latn","adventskalender 2025 m&m","2025年M圣诞倒数日历"
"deu_Latn","adventskalender 2025 puzzle erwachsene","2025年拼图成人圣诞倒数日历"
"deu_Latn","adventskalender 2025 saatgut","2025年种子圣诞倒数日历"
"deu_Latn","adventskalender 6 jahre","6岁圣诞倒数日历"
"deu_Latn","adventskalender frauen ausgefallen","女士别具一格圣诞倒数日历"
"deu_Latn","adventskalender haba","haba圣诞倒数日历"
"deu_Latn","adventskalender heiße schokolade","热巧克力圣诞倒数日历"
"deu_Latn","adventskalender taylor swift","Taylor Swift圣诞倒数日历"
"deu_Latn","ampullen adventskalender","ampullen圣诞倒数日历"
"deu_Latn","battle adventskalender","对战圣诞倒数日历"
"deu_Latn","harry potter adventskalender erwachsene","《哈利·波特》成人圣诞倒数日历"
"deu_Latn","marmeladen adventskalender","果酱圣诞倒数日历"
"deu_Latn","my booklove adventskalender","booklove圣诞倒数日历"
"deu_Latn","playmobil- adventskalender","Playmobil圣诞倒数日历"
"deu_Latn","selfmade adventskalender","selfmade圣诞倒数日历"
"deu_Latn","adventskalender 1 jahr mädchen","1岁女孩圣诞倒数日历"
"deu_Latn","adventskalender 2025 ehrlich brothers","2025年Ehrlich Brothers圣诞倒数日历"
"deu_Latn","adventskalender 2025 hello kitty","2025年Hello Kitty圣诞倒数日历"
"deu_Latn","adventskalender 2025 liebe","2025年爱情圣诞倒数日历"
"deu_Latn","adventskalender 2025 makeup","2025年彩妆圣诞倒数日历"
"deu_Latn","adventskalender badezusätze","沐浴用品圣诞倒数日历"
"deu_Latn","adventskalender brio 2025","2025年brio圣诞倒数日历"
"deu_Latn","adventskalender füllung jungs","男孩圣诞倒数日历填充物"
"deu_Latn","adventskalender kaninchen","兔子圣诞倒数日历"
"deu_Latn","adventskalender katzen 2025","2025年猫咪圣诞倒数日历"
"deu_Latn","adventskalender labubu","Labubu圣诞倒数日历"
"deu_Latn","adventskalender lego city 2025","2025年乐高城市圣诞倒数日历"
"deu_Latn","adventskalender lego star wars 2025","2025年乐高《星球大战》圣诞倒数日历"
"deu_Latn","adventskalender modellauto","modellauto圣诞倒数日历"
"deu_Latn","adventskalender mädchen lego","女孩乐高圣诞倒数日历"
"deu_Latn","adventskalender real madrid","realmadrid圣诞倒数日历"
"deu_Latn","adventskalender scharf","scharf圣诞倒数日历"
"deu_Latn","adventskalender unter 5 euro","5欧元圣诞倒数日历"
"deu_Latn","adventskalender zelda","zelda圣诞倒数日历"
"deu_Latn","amerikanischer adventskalender","美国圣诞倒数日历"
"deu_Latn","bibi blocksberg adventskalender","bibiblocksberg圣诞倒数日历"
"deu_Latn","game of thrones adventskalender","游戏ofthrones圣诞倒数日历"
"deu_Latn","heidel adventskalender","heidel圣诞倒数日历"
"deu_Latn","kleiner feigling adventskalender","小号feigling圣诞倒数日历"
"deu_Latn","mymüsli adventskalender","Mymüsli圣诞倒数日历"
"deu_Latn","puppen adventskalender","玩偶圣诞倒数日历"
"deu_Latn","rinti adventskalender","rinti圣诞倒数日历"
"deu_Latn","rätsel adventskalender 2025 erwachsene","2025年谜题成人圣诞倒数日历"
"deu_Latn","adventskalender 2 jährige","2岁圣诞倒数日历"
"deu_Latn","adventskalender 2025 xleata","2025年xleata圣诞倒数日历"
"deu_Latn","adventskalender ab 5 jahre","5岁以上圣诞倒数日历"
"deu_Latn","adventskalender after eight turm","After Eightturm圣诞倒数日历"
"deu_Latn","adventskalender baden kinder","baden儿童圣诞倒数日历"
"deu_Latn","adventskalender charlotte tilbury","charlottetilbury圣诞倒数日历"
"deu_Latn","adventskalender die drei fragezeichen kids","三个问号儿童圣诞倒数日历"
"deu_Latn","adventskalender retro süßigkeiten","复古糖果圣诞倒数日历"
"deu_Latn","adventskalender schmuck kinder","珠宝首饰儿童圣诞倒数日历"
"deu_Latn","adventskalender sekt","sekt圣诞倒数日历"
"deu_Latn","boxershorts adventskalender","boxershorts圣诞倒数日历"
"deu_Latn","bülow lakritz adventskalender","Bülow甘草糖圣诞倒数日历"
"deu_Latn","chips-adventskalender","薯片圣诞倒数日历"
"deu_Latn","flachwitze adventskalender","flachwitze圣诞倒数日历"
"deu_Latn","genshin impact adventskalender","genshinimpact圣诞倒数日历"
"deu_Latn","heavy metal adventskalender 2025","2025年heavy金属圣诞倒数日历"
"deu_Latn","kosmetik adventskalender frauen","化妆品女士圣诞倒数日历"
"deu_Latn","martin rütter adventskalender","martinRütter圣诞倒数日历"
"deu_Latn","süssigkeiten adventskalender","糖果圣诞倒数日历"
"deu_Latn","'adventskalender zum befüllen kinder","可填充儿童圣诞倒数日历"
"deu_Latn","adventskalender 2025 kinder 6 jahre","2025年6岁儿童圣诞倒数日历"
"deu_Latn","adventskalender 2025 weleda","2025年weleda圣诞倒数日历"
"deu_Latn","adventskalender 8 jahre","8岁圣诞倒数日历"
"deu_Latn","adventskalender anti stress","antistress圣诞倒数日历"
"deu_Latn","adventskalender aus aller welt","世界各地圣诞倒数日历"
"deu_Latn","adventskalender bio snacks","有机零食圣诞倒数日历"
"deu_Latn","adventskalender cola","可乐圣诞倒数日历"
"deu_Latn","adventskalender inhalt mädchen","女孩圣诞倒数日历内装物"
"deu_Latn","adventskalender meerschweinchen","meerschweinchen圣诞倒数日历"
"deu_Latn","adventskalender mädchen pferde","女孩马匹圣诞倒数日历"
"deu_Latn","adventskalender spidey","spidey圣诞倒数日历"
"deu_Latn","adventskalender spielzeug junge","玩具男孩圣诞倒数日历"
"deu_Latn","adventskalender zum befüllen pink","可填充粉色圣诞倒数日历"
"deu_Latn","angeln adventskalender 2025","2025年钓鱼圣诞倒数日历"
"deu_Latn","coole adventskalender für jungs","酷男孩圣诞倒数日历"
"deu_Latn","edelsteine adventskalender","宝石圣诞倒数日历"
"deu_Latn","geschenke adventskalender teenager","礼物青少年圣诞倒数日历"
"deu_Latn","hogokids adventskalender","hogokids圣诞倒数日历"
"deu_Latn","kerze adventskalender","蜡烛圣诞倒数日历"
"deu_Latn","lustige adventskalender für männer","趣味男士圣诞倒数日历"
"deu_Latn","papier adventskalender 2025","2025年纸质圣诞倒数日历"
"deu_Latn","raffaello adventskalender","raffaello圣诞倒数日历"
"deu_Latn","rock adventskalender","摇滚圣诞倒数日历"
"deu_Latn","sephora favorites adventskalender 2025","2025年丝芙兰favorites圣诞倒数日历"
"deu_Latn","top model adventskalender 2025","2025年topmodel圣诞倒数日历"
"deu_Latn","stitch weihnachtskalender","史迪奇圣诞倒数日历"
"deu_Latn","adventskalender 2025 playmobil mädchen","2025年Playmobil女孩圣诞倒数日历"
"deu_Latn","adventskalender energy","能量饮料圣诞倒数日历"
"deu_Latn","adventskalender engel","engel圣诞倒数日历"
"deu_Latn","adventskalender glück","Glück圣诞倒数日历"
"deu_Latn","adventskalender sol de janeiro","Sol de Janeiro圣诞倒数日历"
"deu_Latn","adventskalender woozle goozle","woozlegoozle圣诞倒数日历"
"deu_Latn","amazon adventskalender zum befüllen","亚马逊可填充圣诞倒数日历"
"deu_Latn","axe adventskalender","axe圣诞倒数日历"
"deu_Latn","bluebrixx adventskalender 2025","2025年bluebrixx圣诞倒数日历"
"deu_Latn","coole adventskalender für mädchen","酷女孩圣诞倒数日历"
"deu_Latn","essen adventskalender 2025","2025年食品圣诞倒数日历"
"deu_Latn","knobel adventskalender erwachsene","益智成人圣诞倒数日历"
"deu_Latn","luamaya adventskalender 2025","2025年luamaya圣诞倒数日历"
"deu_Latn","make-up adventskalender","圣诞倒数日历"
"deu_Latn","mjamjam adventskalender","mjamjam圣诞倒数日历"
"deu_Latn","motocross adventskalender","motocross圣诞倒数日历"
"deu_Latn","playmobil adventskalender pferde","Playmobil马匹圣诞倒数日历"
"deu_Latn","spicebar adventskalender 2025","2025年spicebar圣诞倒数日历"
"deu_Latn","tony chocolonely adventskalender","tonychocolonely圣诞倒数日历"
"deu_Latn","wicked adventskalender 2025","2025年Wicked圣诞倒数日历"
"deu_Latn","adventskalender 2025 gravitrax","2025年GraviTrax圣诞倒数日历"
"deu_Latn","adventskalender 2025 hazet","2025年HAZET圣诞倒数日历"
"deu_Latn","adventskalender 2025 kinder 9 jahre","2025年9岁儿童圣诞倒数日历"
"deu_Latn","adventskalender 2025 männer makita","2025年男士牧田圣诞倒数日历"
"deu_Latn","adventskalender ahead","ahead圣诞倒数日历"
"deu_Latn","adventskalender batman","batman圣诞倒数日历"
"deu_Latn","adventskalender filz","毛毡圣诞倒数日历"
"deu_Latn","adventskalender italien","意大利圣诞倒数日历"
"deu_Latn","adventskalender mit bildchen","bildchen圣诞倒数日历"
"deu_Latn","adventskalender männer sport","男士运动圣诞倒数日历"
"deu_Latn","adventskalender oma 2025","2025年祖母圣诞倒数日历"
"deu_Latn","adventskalender vegetarisch","素食圣诞倒数日历"
"deu_Latn","adventskalender zum hängen","悬挂式圣诞倒数日历"
"deu_Latn","bausteine adventskalender","积木圣诞倒数日历"
"deu_Latn","bon maman adventskalender","bonmaman圣诞倒数日历"
"deu_Latn","exit adventskalender 2025 fortgeschrittene","2025年EXITfortgeschrittene圣诞倒数日历"
"deu_Latn","gourmet adventskalender","美食圣诞倒数日历"
"deu_Latn","japanisch lernen adventskalender","japanisch学习圣诞倒数日历"
"deu_Latn","kalender adventskalender","圣诞倒数日历"
"deu_Latn","kiko milano adventskalender 2025","2025年kikomilano圣诞倒数日历"
"deu_Latn","kinder adventskalender 2025 jungs","2025年儿童男孩圣诞倒数日历"
"deu_Latn","korean adventskalender","韩式圣诞倒数日历"
"deu_Latn","lego technik adventskalender","乐高科技圣诞倒数日历"
"deu_Latn","purelei adventskalender 2024 gold","2024年PURELEI金色圣诞倒数日历"
"deu_Latn","quetschi adventskalender","quetschi圣诞倒数日历"
"deu_Latn","schminke adventskalender","彩妆圣诞倒数日历"
"deu_Latn","snacks adventskalender 2025","2025年零食圣诞倒数日历"
"deu_Latn","stich adventskalender","stich圣诞倒数日历"
"deu_Latn","yugioh adventskalender 2025","2025年yugioh圣诞倒数日历"
"deu_Latn","weihnachtskalender harry potter","《哈利·波特》圣诞倒数日历"
"deu_Latn","adventskalender 2025 frauen essence","2025年女士essence圣诞倒数日历"
"deu_Latn","adventskalender 2025 lego technic","2025年乐高technic圣诞倒数日历"
"deu_Latn","adventskalender 2025 modellbau","2025年模型制作圣诞倒数日历"
"deu_Latn","adventskalender 2025 nuss","2025年坚果圣诞倒数日历"
"deu_Latn","adventskalender 2025 oma und opa","2025年祖母祖父圣诞倒数日历"
"deu_Latn","adventskalender 2025 pflege","2025年护理圣诞倒数日历"
"deu_Latn","adventskalender 2025 pokemon karten","2025年宝可梦卡片圣诞倒数日历"
"deu_Latn","adventskalender bitterschokolade","bitterschokolade圣诞倒数日历"
"deu_Latn","adventskalender ehefrau","ehefrau圣诞倒数日历"
"deu_Latn","adventskalender kindergarten","幼儿园圣诞倒数日历"
"deu_Latn","adventskalender kit kat","KitKat圣诞倒数日历"
"deu_Latn","adventskalender kosmetik teenager","化妆品青少年圣诞倒数日历"
"deu_Latn","adventskalender lakritze","lakritze圣诞倒数日历"
"deu_Latn","adventskalender marzipan niederegger","杏仁糖Niederegger圣诞倒数日历"
"deu_Latn","adventskalender matcha","matcha圣诞倒数日历"
"deu_Latn","adventskalender mädchen kosmetik","女孩化妆品圣诞倒数日历"
"deu_Latn","adventskalender neonail","neonail圣诞倒数日历"
"deu_Latn","adventskalender porsche 911","Porsche911圣诞倒数日历"
"deu_Latn","adventskalender päckchen","小包圣诞倒数日历"
"deu_Latn","adventskalender selber befüllen groß","可自行填充大号圣诞倒数日历"
"deu_Latn","adventskalender tüten mädchen","纸袋女孩圣诞倒数日历"
"deu_Latn","adventskalender unicorn academy","独角兽academy圣诞倒数日历"
"deu_Latn","adventskalender warhammer","warhammer圣诞倒数日历"
"deu_Latn","adventskalender xbox","xbox圣诞倒数日历"
"deu_Latn","adventskalender zahlen sticker","数字贴纸圣诞倒数日历"
"deu_Latn","duft adventskalender 2025","2025年香氛圣诞倒数日历"
"deu_Latn","für adventskalender füllung kinder","儿童圣诞倒数日历填充物"
"deu_Latn","gamer adventskalender 2025","2025年游戏玩家圣诞倒数日历"
"deu_Latn","ghibli adventskalender","ghibli圣诞倒数日历"
"deu_Latn","ideen für adventskalender kinder","创意儿童圣诞倒数日历"
"deu_Latn","kusmi tea adventskalender 2025","2025年kusmitea圣诞倒数日历"
"deu_Latn","legami adventskalender 2025 original","2025年Legamioriginal圣诞倒数日历"
"deu_Latn","puzzle adventskalender ravensburger","拼图Ravensburger圣诞倒数日历"
"deu_Latn","adventskalender 2025 kpop demon hunters","2025年《KPop恶魔猎人》圣诞倒数日历"
"deu_Latn","adventskalender 2025 mädchen 14 jahre","2025年14岁女孩圣诞倒数日历"
"deu_Latn","adventskalender 2025 mädchen schmuck","2025年女孩珠宝首饰圣诞倒数日历"
"deu_Latn","adventskalender 2025 socken herren","2025年袜子男士圣诞倒数日历"
"deu_Latn","adventskalender 2025 spiele","2025年游戏圣诞倒数日历"
"deu_Latn","adventskalender 2025 wichtel","2025年圣诞小精灵圣诞倒数日历"
"deu_Latn","adventskalender 90er süßigkeiten","90er糖果圣诞倒数日历"
"deu_Latn","adventskalender füllung kleinkind","幼儿圣诞倒数日历填充物"
"deu_Latn","adventskalender mit parfüm","香水圣诞倒数日历"
"deu_Latn","adventskalender mit schmuck","珠宝首饰圣诞倒数日历"
"deu_Latn","adventskalender räuchern","Räuchern圣诞倒数日历"
"deu_Latn","adventskalender tiergeräusche","Tiergeräusche圣诞倒数日历"
"deu_Latn","adventskalender weihnachtsdorf","weihnachtsdorf圣诞倒数日历"
"deu_Latn","adventskalender zum befüllen ideen","圣诞倒数日历填充创意"
"deu_Latn","bad adventskalender 2025","2025年bad圣诞倒数日历"
"deu_Latn","erwachsenen adventskalender 2025","2025年成人圣诞倒数日历"
"deu_Latn","paluten adventskalender 2025","2025年paluten圣诞倒数日历"
"deu_Latn","partylite adventskalender","partylite圣诞倒数日历"
"deu_Latn","pukka adventskalender","Pukka圣诞倒数日历"
"deu_Latn","sexspielzeug adventskalender 2025","2025年成人情趣用品圣诞倒数日历"
"deu_Latn","true crime adventskalender","true推理圣诞倒数日历"
"deu_Latn","rituals weihnachtskalender 2025","2025年Rituals圣诞倒数日历"
"deu_Latn","achtsamkeits adventskalender","achtsamkeits圣诞倒数日历"
"deu_Latn","adventskalender 2025 junge 3 jahre","2025年3岁男孩圣诞倒数日历"
"deu_Latn","adventskalender 2025 kinder basteln","2025年儿童手工圣诞倒数日历"
"deu_Latn","adventskalender cars","汽车总动员圣诞倒数日历"
"deu_Latn","adventskalender für 12 jährige mädchen","12岁女孩圣诞倒数日历"
"deu_Latn","adventskalender geschichte","geschichte圣诞倒数日历"
"deu_Latn","adventskalender kinder 10 jahre junge","10岁儿童男孩圣诞倒数日历"
"deu_Latn","adventskalender london","london圣诞倒数日历"
"deu_Latn","adventskalender men","男士圣诞倒数日历"
"deu_Latn","adventskalender mercedes","mercedes圣诞倒数日历"
"deu_Latn","adventskalender one piece 2025","2025年《海贼王》圣诞倒数日历"
"deu_Latn","adventskalender ramen nudeln","拉面面条圣诞倒数日历"
"deu_Latn","chilli adventskalender 2025","2025年chilli圣诞倒数日历"
"deu_Latn","diamant painting adventskalender","diamant画圣诞倒数日历"
"deu_Latn","eiskönigin adventskalender 2025","2025年冰雪奇缘圣诞倒数日历"
"deu_Latn","essence xmas treasure box diy adventskalender 2025","2025年essencexmastreasure盒装DIY圣诞倒数日历"
"deu_Latn","geschenk adventskalender kinder","礼物儿童圣诞倒数日历"
"deu_Latn","hazbin hotel adventskalender","hazbinhotel圣诞倒数日历"
"deu_Latn","holy adventskalender ohne energy","Holy能量饮料圣诞倒数日历"
"deu_Latn","katze adventskalender","猫咪圣诞倒数日历"
"deu_Latn","kleine spielsachen für adventskalender","小号玩具圣诞倒数日历"
"deu_Latn","kleinigkeiten adventskalender mann","小物男士圣诞倒数日历"
"deu_Latn","pamela reif adventskalender","pamelareif圣诞倒数日历"
"deu_Latn","pechkeks adventskalender 2025","2025年pechkeks圣诞倒数日历"
"deu_Latn","pokemon adventskalender 2025 mit karten","2025年宝可梦卡片圣诞倒数日历"
"deu_Latn","pusheen adventskalender","pusheen圣诞倒数日历"
"deu_Latn","rätsel knacken beim kacken adventskalender","如厕解谜圣诞倒数日历"
"deu_Latn","sauna adventskalender","sauna圣诞倒数日历"
"deu_Latn","spirituosen adventskalender 2025","2025年酒类圣诞倒数日历"
"deu_Latn","vitakraft adventskalender hund","vitakraft狗狗圣诞倒数日历"
"deu_Latn","westin adventskalender 2025","2025年westin圣诞倒数日历"
"deu_Latn","adventskalender 2025 die drei fragezeichen","2025年三个问号圣诞倒数日历"
"deu_Latn","adventskalender 2025 kids","2025年儿童圣诞倒数日历"
"deu_Latn","adventskalender 2025 kinder 11 jahre","2025年11岁儿童圣诞倒数日历"
"deu_Latn","adventskalender bts","BTS圣诞倒数日历"
"deu_Latn","adventskalender experimente ab 5","5岁以上实验圣诞倒数日历"
"deu_Latn","adventskalender für pflegekräfte","Pflegekräfte圣诞倒数日历"
"deu_Latn","adventskalender geschenktüten","礼物袋圣诞倒数日历"
"deu_Latn","adventskalender leer zum befüllen","空白可填充圣诞倒数日历"
"deu_Latn","adventskalender lübecker marzipan","吕贝克杏仁糖圣诞倒数日历"
"deu_Latn","adventskalender mädchen basteln","女孩手工圣诞倒数日历"
"deu_Latn","adventskalender tonie 2025 flöckchen","2025年Tonie Flöckchen圣诞倒数日历"
"deu_Latn","adventskalender trockenfrüchte","干果圣诞倒数日历"
"deu_Latn","adventskalender zum aufstellen","aufstellen圣诞倒数日历"
"deu_Latn","aussergewöhnliche adventskalender","独特圣诞倒数日历"
"deu_Latn","badezusatz adventskalender","沐浴用品圣诞倒数日历"
"deu_Latn","benefit adventskalender","benefit圣诞倒数日历"
"deu_Latn","butlers adventskalender","butlers圣诞倒数日历"
"deu_Latn","corasol adventskalender","corasol圣诞倒数日历"
"deu_Latn","dr hauschka adventskalender","drhauschka圣诞倒数日历"
"deu_Latn","fussball karten adventskalender","足球卡片圣诞倒数日历"
"deu_Latn","intersnack adventskalender 2025","2025年Intersnack圣诞倒数日历"
"deu_Latn","käse adventskalender","Käse圣诞倒数日历"
"deu_Latn","lyx adventskalender 2025","2025年lyx圣诞倒数日历"
"deu_Latn","marmelade adventskalender","果酱圣诞倒数日历"
"deu_Latn","rica adventskalender","rica圣诞倒数日历"
"deu_Latn","accentra adventskalender","accentra圣诞倒数日历"
"deu_Latn","adventskalender 2025 feuerwehr","2025年消防队圣诞倒数日历"
"deu_Latn","adventskalender 2025 malen","2025年涂色圣诞倒数日历"
"deu_Latn","adventskalender 2025 mädchen 11 jahre","2025年11岁女孩圣诞倒数日历"
"deu_Latn","adventskalender 2025 selber befüllen","2025年可自行填充圣诞倒数日历"
"deu_Latn","adventskalender 2025 süßes","2025年甜食圣诞倒数日历"
"deu_Latn","adventskalender chio","chio圣诞倒数日历"
"deu_Latn","adventskalender duschgel","沐浴露圣诞倒数日历"
"deu_Latn","adventskalender experimente ab 10","10岁以上实验圣诞倒数日历"
"deu_Latn","adventskalender feinkost","feinkost圣诞倒数日历"
"deu_Latn","adventskalender füllung kinder 5 jahre","5岁儿童圣诞倒数日历填充物"
"deu_Latn","adventskalender für handwerker","工匠圣诞倒数日历"
"deu_Latn","adventskalender kinder 6 jahre junge","6岁儿童男孩圣诞倒数日历"
"deu_Latn","adventskalender kinder schleich","儿童Schleich圣诞倒数日历"
"deu_Latn","adventskalender kochbuch","kochbuch圣诞倒数日历"
"deu_Latn","adventskalender weltraum","weltraum圣诞倒数日历"
"deu_Latn","adventskalender zum befüllen erwachsene","可填充成人圣诞倒数日历"
"deu_Latn","adventskalender zum befüllen inhalt","可填充圣诞倒数日历内装物"
"deu_Latn","basketball adventskalender 2025","2025年basketball圣诞倒数日历"
"deu_Latn","brubaker adventskalender","brubaker圣诞倒数日历"
"deu_Latn","charm adventskalender","charm圣诞倒数日历"
"deu_Latn","die schule der magischen tiere adventskalender","学校魔法动物圣诞倒数日历"
"deu_Latn","enten adventskalender","鸭子圣诞倒数日历"
"deu_Latn","gesunde adventskalender 2025","2025年健康圣诞倒数日历"
"deu_Latn","henssler adventskalender","henssler圣诞倒数日历"
"deu_Latn","holly adventskalender","holly圣诞倒数日历"
"deu_Latn","m asam adventskalender","MASAM圣诞倒数日历"
"deu_Latn","rubbellos adventskalender 2025","2025年rubbellos圣诞倒数日历"
"deu_Latn","schach adventskalender","schach圣诞倒数日历"
"deu_Latn","weihnachtskalender beauty","美妆圣诞倒数日历"
"deu_Latn","'adventskalender mädchen","女孩圣诞倒数日历"
"deu_Latn","adventskalender 2024 sale","2024年促销圣诞倒数日历"
"deu_Latn","adventskalender 2025 knabberzeug","2025年knabberzeug圣诞倒数日历"
"deu_Latn","adventskalender 2025 kristalle","2025年水晶圣诞倒数日历"
"deu_Latn","adventskalender 2025 rum","2025年朗姆酒圣诞倒数日历"
"deu_Latn","adventskalender freche freunde 2025","2025年Freche Freunde圣诞倒数日历"
"deu_Latn","adventskalender kinder 7 jahre junge","7岁儿童男孩圣诞倒数日历"
"deu_Latn","adventskalender kinder ideen","儿童创意圣诞倒数日历"
"deu_Latn","adventskalender knabberzeug","knabberzeug圣诞倒数日历"
"deu_Latn","adventskalender lego erwachsene","乐高成人圣诞倒数日历"
"deu_Latn","adventskalender räucherstäbchen","香薰棒圣诞倒数日历"
"deu_Latn","adventskalender selbstliebe","selbstliebe圣诞倒数日历"
"deu_Latn","air up adventskalender","air圣诞倒数日历"
"deu_Latn","babor adventskalender","babor圣诞倒数日历"
"deu_Latn","charms adventskalender","charms圣诞倒数日历"
"deu_Latn","fahrrad adventskalender 2025","2025年fahrrad圣诞倒数日历"
"deu_Latn","gothic adventskalender 2025","2025年gothic圣诞倒数日历"
"deu_Latn","grüffelo adventskalender","Grüffelo圣诞倒数日历"
"deu_Latn","hunde adventskalender 2025 spielzeug","2025年狗狗玩具圣诞倒数日历"
"deu_Latn","ideen für adventskalender füllung frauen","创意女士圣诞倒数日历填充物"
"deu_Latn","k pop demon hunters adventskalender","《KPop恶魔猎人》圣诞倒数日历"
"deu_Latn","kaffe adventskalender","kaffe圣诞倒数日历"
"deu_Latn","keks adventskalender","饼干圣诞倒数日历"
"deu_Latn","legami stifte adventskalender 2025","2025年Legami笔圣诞倒数日历"
"deu_Latn","lindt teddy adventskalender","瑞士莲teddy圣诞倒数日历"
"deu_Latn","lustige adventskalender für frauen","趣味女士圣诞倒数日历"
"deu_Latn","nüsse adventskalender 2025","2025年坚果圣诞倒数日历"
"deu_Latn","yogi tea adventskalender 2025","2025年Yogitea圣诞倒数日历"
"deu_Latn","weihnachtskalender schmuck","珠宝首饰圣诞倒数日历"
"deu_Latn","adventskalender 2025 deko","2025年装饰圣诞倒数日历"
"deu_Latn","adventskalender 2025 freche freunde","2025年Freche Freunde圣诞倒数日历"
"deu_Latn","adventskalender 2025 oreo","2025年Oreo圣诞倒数日历"
"deu_Latn","adventskalender 2025 purelei","2025年PURELEI圣诞倒数日历"
"deu_Latn","adventskalender affirmationen","肯定语句圣诞倒数日历"
"deu_Latn","adventskalender bastelmaterial","bastelmaterial圣诞倒数日历"
"deu_Latn","adventskalender corny","corny圣诞倒数日历"
"deu_Latn","adventskalender für pferde","马匹圣诞倒数日历"
"deu_Latn","adventskalender jungen 16 jahre","16岁男孩圣诞倒数日历"
"deu_Latn","adventskalender motocross","motocross圣诞倒数日历"
"deu_Latn","adventskalender männer socken","男士袜子圣诞倒数日历"
"deu_Latn","adventskalender niederegger 2025","2025年Niederegger圣诞倒数日历"
"deu_Latn","adventskalender trecker","trecker圣诞倒数日历"
"deu_Latn","adventskalender zum befüllen schachteln","可填充盒子圣诞倒数日历"
"deu_Latn","beste freundin adventskalender","精选女友圣诞倒数日历"
"deu_Latn","biotherm adventskalender 2025","2025年biotherm圣诞倒数日历"
"deu_Latn","checkerin marina adventskalender","checkerinmarina圣诞倒数日历"
"deu_Latn","elektronik adventskalender 2025","2025年电子产品圣诞倒数日历"
"deu_Latn","football adventskalender 2025","2025年足球圣诞倒数日历"
"deu_Latn","glück adventskalender","Glück圣诞倒数日历"
"deu_Latn","ideen adventskalender füllen kinder","创意填充儿童圣诞倒数日历"
"deu_Latn","maoam adventskalender","maoam圣诞倒数日历"
"deu_Latn","nintendo adventskalender 2025","2025年Nintendo圣诞倒数日历"
"deu_Latn","nintendo switch adventskalender","Nintendoswitch圣诞倒数日历"
"deu_Latn","pferde-adventskalender","马匹圣诞倒数日历"
"deu_Latn","schleich horse club adventskalender 2025","2025年Schleich马匹俱乐部圣诞倒数日历"
"deu_Latn","schoko adventskalender 2025 kinder","2025年巧克力儿童圣诞倒数日历"
"deu_Latn","schweden adventskalender","瑞典圣诞倒数日历"
"deu_Latn","wiederverwendbarer adventskalender","wiederverwendbarer圣诞倒数日历"
"deu_Latn","weihnachtskalender kosmetik","化妆品圣诞倒数日历"
"deu_Latn","adventskalender 2025 netflix","2025年Netflix圣诞倒数日历"
"deu_Latn","adventskalender bild","bild圣诞倒数日历"
"deu_Latn","adventskalender bücher 2025","2025年书籍圣诞倒数日历"
"deu_Latn","adventskalender erotisch","情趣圣诞倒数日历"
"deu_Latn","adventskalender für 3 jährige","3岁圣诞倒数日历"
"deu_Latn","adventskalender gregs tagebuch","gregstagebuch圣诞倒数日历"
"deu_Latn","adventskalender influencer","iNFLuencer圣诞倒数日历"
"deu_Latn","adventskalender knobel","益智圣诞倒数日历"
"deu_Latn","adventskalender käse","Käse圣诞倒数日历"
"deu_Latn","adventskalender leer box","空白盒装圣诞倒数日历"
"deu_Latn","adventskalender müsliriegel","麦片棒圣诞倒数日历"
"deu_Latn","adventskalender schminke teenager","彩妆青少年圣诞倒数日历"
"deu_Latn","adventskalender süß","甜食圣诞倒数日历"
"deu_Latn","adventskalender zaubern","zaubern圣诞倒数日历"
"deu_Latn","adventskalender zum befüllen xl","可填充xl圣诞倒数日历"
"deu_Latn","adventskalender zum vorlesen","朗读圣诞倒数日历"
"deu_Latn","asia adventskalender 2025","2025年asia圣诞倒数日历"
"deu_Latn","date adventskalender für paare","date情侣圣诞倒数日历"
"deu_Latn","dnd adventskalender 2025","2025年D&D圣诞倒数日历"
"deu_Latn","haar adventskalender","haar圣诞倒数日历"
"deu_Latn","italian brainrot adventskalender","italianbrainrot圣诞倒数日历"
"deu_Latn","kinder mix adventskalender","儿童mix圣诞倒数日历"
"deu_Latn","m&ms adventskalender","Mms圣诞倒数日历"
"deu_Latn","nuxe adventskalender 2025","2025年nuxe圣诞倒数日历"
"deu_Latn","roberto geissini adventskalender","robertogeissini圣诞倒数日历"
"deu_Latn","stargate adventskalender","stargate圣诞倒数日历"
"deu_Latn","adventskalender 2025 chupa chups","2025年Chupa Chups圣诞倒数日历"
"deu_Latn","adventskalender 2025 kinder knete","2025年儿童橡皮泥圣诞倒数日历"
"deu_Latn","adventskalender armband mit charms","手链charms圣诞倒数日历"
"deu_Latn","adventskalender booklover","booklover圣诞倒数日历"
"deu_Latn","adventskalender die maus","老鼠圣诞倒数日历"
"deu_Latn","adventskalender disney prinzessin","迪士尼公主圣诞倒数日历"
"deu_Latn","adventskalender hühner","鸡圣诞倒数日历"
"deu_Latn","adventskalender kinder 10 jahre mädchen","10岁儿童女孩圣诞倒数日历"
"deu_Latn","adventskalender kugelbahn","kugelbahn圣诞倒数日历"
"deu_Latn","adventskalender mit salami","萨拉米香肠圣诞倒数日历"
"deu_Latn","adventskalender mädchen 2025","2025年女孩圣诞倒数日历"
"deu_Latn","adventskalender rainbow high","rainbowhigh圣诞倒数日历"
"deu_Latn","adventskalender rituals männer","Rituals男士圣诞倒数日历"
"deu_Latn","adventskalender teens","青少年圣诞倒数日历"
"deu_Latn","adventskalender witze","笑话圣诞倒数日历"
"deu_Latn","adventskalender ätherische öle","精油圣诞倒数日历"
"deu_Latn","basteln adventskalender","手工圣诞倒数日历"
"deu_Latn","bausatz adventskalender","拼装套件圣诞倒数日历"
"deu_Latn","befüllung adventskalender frauen","女士圣诞倒数日历填充物"
"deu_Latn","brainrot adventskalender 2025","2025年brainrot圣诞倒数日历"
"deu_Latn","driftelement adventskalender","driftelement圣诞倒数日历"
"deu_Latn","ebelin adventskalender 2025","2025年ebelin圣诞倒数日历"
"deu_Latn","goldmännchen tee adventskalender","Goldmännchen茶叶圣诞倒数日历"
"deu_Latn","kleine geschenke für adventskalender frauen","小号礼物女士圣诞倒数日历"
"deu_Latn","klopfer adventskalender","klopfer圣诞倒数日历"
"deu_Latn","lego adventskalender mädchen","乐高女孩圣诞倒数日历"
"deu_Latn","mini geschenke für adventskalender kinder","迷你礼物儿童圣诞倒数日历"
"deu_Latn","northern nights adventskalender","northernnights圣诞倒数日历"
"deu_Latn","rotbäckchen adventskalender 2025","2025年Rotbäckchen圣诞倒数日历"
"deu_Latn","schmink adventskalender kinder","彩妆儿童圣诞倒数日历"
"deu_Latn","sendung mit der maus adventskalender","sendung老鼠圣诞倒数日历"
"deu_Latn","sprüche adventskalender 2025","2025年格言圣诞倒数日历"
"deu_Latn","süssigkeiten für adventskalender","糖果圣诞倒数日历"
"deu_Latn","weihnachtskalender rituals","Rituals圣诞倒数日历"
"deu_Latn","adventskalender 2025 beste freundin","2025年精选女友圣诞倒数日历"
"deu_Latn","adventskalender 2025 gabbys dollhouse","2025年Gabby's Dollhouse圣诞倒数日历"
"deu_Latn","adventskalender 2025 kaffeebohnen","2025年咖啡豆圣诞倒数日历"
"deu_Latn","adventskalender 2025 männer alkohol","2025年男士酒类圣诞倒数日历"
"deu_Latn","adventskalender 2025 ninjago","2025年乐高幻影忍者圣诞倒数日历"
"deu_Latn","adventskalender baby 9 monate","9个月婴幼儿圣诞倒数日历"
"deu_Latn","adventskalender kinder rätsel","儿童谜题圣诞倒数日历"
"deu_Latn","adventskalender kleinigkeiten frau","小物女士圣诞倒数日历"
"deu_Latn","adventskalender mädchen 13","女孩13圣诞倒数日历"
"deu_Latn","adventskalender nussmischung","nussmischung圣诞倒数日历"
"deu_Latn","adventskalender switch","switch圣诞倒数日历"
"deu_Latn","adventskalender würfel","骰子圣诞倒数日历"
"deu_Latn","blumen adventskalender lego","花卉乐高圣诞倒数日历"
"deu_Latn","bobo siebenschläfer adventskalender","Bobo Siebenschläfer圣诞倒数日历"
"deu_Latn","dr oetker adventskalender 2025","2025年droetker圣诞倒数日历"
"deu_Latn","kleinigkeiten adventskalender frauen","小物女士圣诞倒数日历"
"deu_Latn","kristall adventskalender 2025","2025年水晶圣诞倒数日历"
"deu_Latn","lichterkette adventskalender","lichterkette圣诞倒数日历"
"deu_Latn","porridge adventskalender 2025","2025年porridge圣诞倒数日历"
"deu_Latn","prank adventskalender","prank圣诞倒数日历"
"deu_Latn","winmau adventskalender","winmau圣诞倒数日历"
"deu_Latn","witzige adventskalender 2025","2025年witzige圣诞倒数日历"
"deu_Latn","adventskalender 16 jahre junge","16岁男孩圣诞倒数日历"
"deu_Latn","adventskalender 2025 demon slayer","2025年《鬼灭之刃》圣诞倒数日历"
"deu_Latn","adventskalender 2025 erwachsene erotisch","2025年成人情趣圣诞倒数日历"
"deu_Latn","adventskalender 2025 junge 7 jahre","2025年7岁男孩圣诞倒数日历"
"deu_Latn","adventskalender ab 3","3岁以上圣诞倒数日历"
"deu_Latn","adventskalender bayblade","bayblade圣诞倒数日历"
"deu_Latn","adventskalender buchliebhaber","buchliebhaber圣诞倒数日历"
"deu_Latn","adventskalender düfte","香氛圣诞倒数日历"
"deu_Latn","adventskalender fantasy","fantasy圣诞倒数日历"
"deu_Latn","adventskalender glückskekse","Glückskekse圣诞倒数日历"
"deu_Latn","adventskalender italienisch","italienisch圣诞倒数日历"
"deu_Latn","adventskalender kräutertee","花草茶圣诞倒数日历"
"deu_Latn","adventskalender lindt 2025 xxl","2025年瑞士莲XXL圣诞倒数日历"
"deu_Latn","adventskalender metal","金属圣诞倒数日历"
"deu_Latn","adventskalender miniverse","miniverse圣诞倒数日历"
"deu_Latn","adventskalender mit marzipan","杏仁糖圣诞倒数日历"
"deu_Latn","adventskalender simson","simson圣诞倒数日历"
"deu_Latn","adventskalender slime fluffy","slimefluffy圣诞倒数日历"
"deu_Latn","adventskalender wein 2025","2025年葡萄酒圣诞倒数日历"
"deu_Latn","beutel für adventskalender","袋子圣诞倒数日历"
"deu_Latn","bosch werkzeug adventskalender 2025","2025年博世工具圣诞倒数日历"
"deu_Latn","dunkle schokolade adventskalender","黑巧克力圣诞倒数日历"
"deu_Latn","erstleser adventskalender","初级读者圣诞倒数日历"
"deu_Latn","figuren adventskalender","玩偶圣诞倒数日历"
"deu_Latn","laktosefreier adventskalender","无乳糖圣诞倒数日历"
"deu_Latn","leselöwen adventskalender für erstleser","Leselöwenerstleser圣诞倒数日历"
"deu_Latn","topp adventskalender 2025","2025年topp圣诞倒数日历"
"deu_Latn","weihnachtskalender stitch","史迪奇圣诞倒数日历"
"deu_Latn","weihnachtskalender säckchen","小袋圣诞倒数日历"
"deu_Latn","adventskalender 2025 dino","2025年恐龙圣诞倒数日历"
"deu_Latn","adventskalender 2025 manhattan","2025年manhattan圣诞倒数日历"
"deu_Latn","adventskalender 2025 schwanger","2025年schwanger圣诞倒数日历"
"deu_Latn","adventskalender dorf","dorf圣诞倒数日历"
"deu_Latn","adventskalender für erzieherinnen","erzieherinnen圣诞倒数日历"
"deu_Latn","adventskalender für schwester","schwester圣诞倒数日历"
"deu_Latn","adventskalender kinder minecraft","儿童《我的世界》圣诞倒数日历"
"deu_Latn","adventskalender mini-bücher","迷你书籍圣诞倒数日历"
"deu_Latn","adventskalender ritter sport 2025","2025年Ritter Sport圣诞倒数日历"
"deu_Latn","adventskalender selfcare","自我护理圣诞倒数日历"
"deu_Latn","adventskalender spirituosen","酒类圣诞倒数日历"
"deu_Latn","adventskalender vögel","鸟类圣诞倒数日历"
"deu_Latn","adventskalender wissen mit johnny","Wissen mit Johnny圣诞倒数日历"
"deu_Latn","ayliva adventskalender","ayliva圣诞倒数日历"
"deu_Latn","bade adventskalender","bade圣诞倒数日历"
"deu_Latn","bio tee adventskalender","有机茶叶圣诞倒数日历"
"deu_Latn","bobo adventskalender 2025","2025年bobo圣诞倒数日历"
"deu_Latn","buch adventskalender erwachsene","书籍成人圣诞倒数日历"
"deu_Latn","camping adventskalender 2025","2025年camping圣诞倒数日历"
"deu_Latn","fidget adventskalender 2025","2025年解压玩具圣诞倒数日历"
"deu_Latn","holzkiste für adventskalender","holzkiste圣诞倒数日历"
"deu_Latn","häkel-adventskalender","钩织圣诞倒数日历"
"deu_Latn","izoel adventskalender","izoel圣诞倒数日历"
"deu_Latn","karten adventskalender 2025","2025年卡片圣诞倒数日历"
"deu_Latn","lego adventskalender 2025 marvel","2025年乐高漫威圣诞倒数日历"
"deu_Latn","look fantastic adventskalender","lookfantastic圣诞倒数日历"
"deu_Latn","mann adventskalender","男士圣诞倒数日历"
"deu_Latn","meerschweinchen adventskalender","meerschweinchen圣诞倒数日历"
"deu_Latn","nerd adventskalender","nerd圣诞倒数日历"
"deu_Latn","papiertüten für adventskalender","纸袋圣诞倒数日历"
"deu_Latn","peanuts adventskalender 2025","2025年peanuts圣诞倒数日历"
"deu_Latn","rituals adventskalender classic","Ritualsclassic圣诞倒数日历"
"deu_Latn","ross antony adventskalender","rossantony圣诞倒数日历"
"deu_Latn","weihnachtskalender 2025 erwachsene","2025年成人圣诞倒数日历"
"deu_Latn","weihnachtskalender marzipan","杏仁糖圣诞倒数日历"
"deu_Latn","adventskalender 2025 büro","2025年办公室圣诞倒数日历"
"deu_Latn","adventskalender 2025 k pop demon hunters","2025年《KPop恶魔猎人》圣诞倒数日历"
"deu_Latn","adventskalender 2025 kosmos","2025年Kosmos圣诞倒数日历"
"deu_Latn","adventskalender 2025 männer angeln","2025年男士钓鱼圣诞倒数日历"
"deu_Latn","adventskalender 2025 toblerone","2025年toblerone圣诞倒数日历"
"deu_Latn","adventskalender ddr 2025","2025年DDR圣诞倒数日历"
"deu_Latn","adventskalender exit kinder","EXIT儿童圣诞倒数日历"
"deu_Latn","adventskalender klassisch","klassisch圣诞倒数日历"
"deu_Latn","adventskalender klebezahlen","klebezahlen圣诞倒数日历"
"deu_Latn","adventskalender monstertruck","怪兽卡车圣诞倒数日历"
"deu_Latn","adventskalender ohne füllung","圣诞倒数日历填充物"
"deu_Latn","adventskalender ronaldo","ronaldo圣诞倒数日历"
"deu_Latn","adventskalender schlümpfe","蓝精灵圣诞倒数日历"
"deu_Latn","adventskalender tür","门式圣诞倒数日历"
"deu_Latn","adventskalender von lindt","瑞士莲圣诞倒数日历"
"deu_Latn","adventskalender werkzeug kinder","工具儿童圣诞倒数日历"
"deu_Latn","adventskalender wissen","知识圣诞倒数日历"
"deu_Latn","adventskalender zum befüllen pappe","可填充pappe圣诞倒数日历"
"deu_Latn","feinkost adventskalender 2025","2025年feinkost圣诞倒数日历"
"deu_Latn","gondel adventskalender","gondel圣诞倒数日历"
"deu_Latn","halloren adventskalender","halloren圣诞倒数日历"
"deu_Latn","heiße schokolade adventskalender","热巧克力圣诞倒数日历"
"deu_Latn","keto adventskalender","keto圣诞倒数日历"
"deu_Latn","lego adventskalender 2025 harry potter","2025年乐高《哈利·波特》圣诞倒数日历"
"deu_Latn","mädchen adventskalender 12 jahre","12岁女孩圣诞倒数日历"
"deu_Latn","new york adventskalender","新品york圣诞倒数日历"
"deu_Latn","pink box adventskalender 2025","2025年粉色盒装圣诞倒数日历"
"deu_Latn","stein adventskalender","石头圣诞倒数日历"
"deu_Latn","weihnachtskalender 2025 tee","2025年茶叶圣诞倒数日历"
"deu_Latn","weihnachtskalender damen","女士圣诞倒数日历"
"deu_Latn","adventskalender 2025 eltern","2025年父母圣诞倒数日历"
"deu_Latn","adventskalender 2025 junge 4 jahre","2025年4岁男孩圣诞倒数日历"
"deu_Latn","adventskalender 2025 make up essence","2025年essence圣诞倒数日历"
"deu_Latn","adventskalender 2025 one piece","2025年《海贼王》圣诞倒数日历"
"deu_Latn","adventskalender 2025 schokolade erwachsene","2025年巧克力成人圣诞倒数日历"
"deu_Latn","adventskalender buch 2025","2025年书籍圣诞倒数日历"
"deu_Latn","adventskalender für buchliebhaber","buchliebhaber圣诞倒数日历"
"deu_Latn","adventskalender für freund","freund圣诞倒数日历"
"deu_Latn","adventskalender für paar","情侣圣诞倒数日历"
"deu_Latn","adventskalender hannover 96","hannover96圣诞倒数日历"
"deu_Latn","adventskalender häkeln 2025","2025年钩织圣诞倒数日历"
"deu_Latn","adventskalender jungs 11 jahre","11岁男孩圣诞倒数日历"
"deu_Latn","adventskalender manhattan 2025","2025年manhattan圣诞倒数日历"
"deu_Latn","adventskalender my little pony","小马宝莉圣诞倒数日历"
"deu_Latn","adventskalender pflege mädchen","护理女孩圣诞倒数日历"
"deu_Latn","adventskalender schnaps 2025","2025年烈酒圣诞倒数日历"
"deu_Latn","adventskalender selber befüllen stoff","可自行填充布艺圣诞倒数日历"
"deu_Latn","adventskalender spiele erwachsene","游戏成人圣诞倒数日历"
"deu_Latn","adventskalender wellness 2025","2025年养生圣诞倒数日历"
"deu_Latn","christliche adventskalender","christliche圣诞倒数日历"
"deu_Latn","durex adventskalender 2025","2025年durex圣诞倒数日历"
"deu_Latn","gesunde adventskalender","健康圣诞倒数日历"
"deu_Latn","kleine tüten adventskalender","小号纸袋圣诞倒数日历"
"deu_Latn","kleines böses buch adventskalender","Kleines Böses Buch圣诞倒数日历"
"deu_Latn","kleinigkeiten für adventskalender junge","小物男孩圣诞倒数日历"
"deu_Latn","moonshine adventskalender","moonshine圣诞倒数日历"
"deu_Latn","nimms funny adventskalender","nimms趣味圣诞倒数日历"
"deu_Latn","schleich - adventskalender","Schleich圣诞倒数日历"
"deu_Latn","zeichnen adventskalender 2025","2025年绘画圣诞倒数日历"
"deu_Latn","adventskalender 16 jahre mädchen","16岁女孩圣诞倒数日历"
"deu_Latn","adventskalender 2025 asambeauty","2025年asambeauty圣诞倒数日历"
"deu_Latn","adventskalender 2025 fc bayern münchen","2025年拜仁慕尼黑圣诞倒数日历"
"deu_Latn","adventskalender 2025 für erwachsene","2025年成人圣诞倒数日历"
"deu_Latn","adventskalender 2025 getränke","2025年饮料圣诞倒数日历"
"deu_Latn","adventskalender 2025 jungen 14 jahre","2025年14岁男孩圣诞倒数日历"
"deu_Latn","adventskalender ab 2","2岁以上圣诞倒数日历"
"deu_Latn","adventskalender artdeco","artdeco圣诞倒数日历"
"deu_Latn","adventskalender audi","audi圣诞倒数日历"
"deu_Latn","adventskalender chips pringles","薯片Pringles圣诞倒数日历"
"deu_Latn","adventskalender elektriker","elektriker圣诞倒数日历"
"deu_Latn","adventskalender für jungs ab 10","10岁以上男孩圣诞倒数日历"
"deu_Latn","adventskalender für katzen 2025","2025年猫咪圣诞倒数日历"
"deu_Latn","adventskalender jugendliche jungen","青少年男孩圣诞倒数日历"
"deu_Latn","adventskalender jurassic park","侏罗纪park圣诞倒数日历"
"deu_Latn","adventskalender kinder schmuck","儿童珠宝首饰圣诞倒数日历"
"deu_Latn","adventskalender kosmetik frauen","化妆品女士圣诞倒数日历"
"deu_Latn","adventskalender motivation","motivation圣诞倒数日历"
"deu_Latn","adventskalender puppenzubehör","娃娃配件圣诞倒数日历"
"deu_Latn","adventskalender reiter","骑手圣诞倒数日历"
"deu_Latn","adventskalender salzige snacks","salzige零食圣诞倒数日历"
"deu_Latn","adventskalender werdender papa","werdender爸爸圣诞倒数日历"
"deu_Latn","adventskalender zum befüllen groß xxl","可填充大号XXL圣诞倒数日历"
"deu_Latn","axe adventskalender 2025","2025年axe圣诞倒数日历"
"deu_Latn","badekugeln adventskalender","badekugeln圣诞倒数日历"
"deu_Latn","camping adventskalender","camping圣诞倒数日历"
"deu_Latn","cola adventskalender","可乐圣诞倒数日历"
"deu_Latn","die besten adventskalender","besten圣诞倒数日历"
"deu_Latn","dresdner essenz adventskalender 2025","2025年dresdneressenz圣诞倒数日历"
"deu_Latn","experimentier adventskalender","experimentier圣诞倒数日历"
"deu_Latn","garten adventskalender","园艺圣诞倒数日历"
"deu_Latn","happy sprinkles adventskalender","happysprinkles圣诞倒数日历"
"deu_Latn","katjes adventskalender","katjes圣诞倒数日历"
"deu_Latn","lego adventskalender ninjago","乐高乐高幻影忍者圣诞倒数日历"
"deu_Latn","mama adventskalender 2025","2025年妈妈圣诞倒数日历"
"deu_Latn","my hero academia adventskalender","heroacademia圣诞倒数日历"
"deu_Latn","riesen adventskalender","riesen圣诞倒数日历"
"deu_Latn","ronaldo adventskalender","ronaldo圣诞倒数日历"
"deu_Latn","schmuck adventskalender 2025 gold","2025年珠宝首饰金色圣诞倒数日历"
"deu_Latn","spielzeug adventskalender für kinder","玩具儿童圣诞倒数日历"
"deu_Latn","verrückte adventskalender","搞怪圣诞倒数日历"
"deu_Latn","wurstbaron adventskalender","wurstbaron圣诞倒数日历"
"deu_Latn","adventskalender 2025 2 jahre","2025年2岁圣诞倒数日历"
"deu_Latn","adventskalender 2025 blumen","2025年花卉圣诞倒数日历"
"deu_Latn","adventskalender 2025 lind","2025年lind圣诞倒数日历"
"deu_Latn","adventskalender 2025 männer nivea","2025年男士妮维雅圣诞倒数日历"
"deu_Latn","adventskalender 2025 peppa wutz","2025年《小猪佩奇》圣诞倒数日历"
"deu_Latn","adventskalender 2025 sugargang","2025年Sugargang圣诞倒数日历"
"deu_Latn","adventskalender asiatische süßigkeiten","亚洲糖果圣诞倒数日历"
"deu_Latn","adventskalender drachenzähmen leicht gemacht","《驯龙高手》圣诞倒数日历"
"deu_Latn","adventskalender faultier","faultier圣诞倒数日历"
"deu_Latn","adventskalender für arbeitskollegen","同事圣诞倒数日历"
"deu_Latn","adventskalender gedichte","gedichte圣诞倒数日历"
"deu_Latn","adventskalender harry potter socken","《哈利·波特》袜子圣诞倒数日历"
"deu_Latn","adventskalender kinder 4 jahre junge","4岁儿童男孩圣诞倒数日历"
"deu_Latn","adventskalender kinder jungen","儿童男孩圣诞倒数日历"
"deu_Latn","adventskalender korean skincare","韩式护肤圣诞倒数日历"
"deu_Latn","adventskalender mon cheri","Mon Chéri圣诞倒数日历"
"deu_Latn","adventskalender superhelden","超级英雄圣诞倒数日历"
"deu_Latn","adventskalender zum befüllen blau","可填充蓝色圣诞倒数日历"
"deu_Latn","adventskalender zum rubbeln","rubbeln圣诞倒数日历"
"deu_Latn","bauernhof adventskalender","农场圣诞倒数日历"
"deu_Latn","exit adventskalender 2025 buch","2025年EXIT书籍圣诞倒数日历"
"deu_Latn","füllung adventskalender jungs","男孩圣诞倒数日历填充物"
"deu_Latn","invisibobble adventskalender","invisibobble圣诞倒数日历"
"deu_Latn","karls erdbeerhof adventskalender","karlserdbeerhof圣诞倒数日历"
"deu_Latn","lindt lindor adventskalender 2025","2025年瑞士莲Lindor圣诞倒数日历"
"deu_Latn","minions adventskalender","minions圣诞倒数日历"
"deu_Latn","plus plus adventskalender 2025","2025年Plus圣诞倒数日历"
"deu_Latn","puzzle you adventskalender","拼图you圣诞倒数日历"
"deu_Latn","schottland adventskalender","schottland圣诞倒数日历"
"deu_Latn","steine adventskalender","石头圣诞倒数日历"
"deu_Latn","adventskalender 2025 10 jahre","2025年10岁圣诞倒数日历"
"deu_Latn","adventskalender 2025 frauen nivea","2025年女士妮维雅圣诞倒数日历"
"deu_Latn","adventskalender 2025 für teenies","2025年teenies圣诞倒数日历"
"deu_Latn","adventskalender 2025 jean und len","2025年jeanlen圣诞倒数日历"
"deu_Latn","adventskalender 2025 kinder baden","2025年儿童baden圣诞倒数日历"
"deu_Latn","adventskalender 2025 men","2025年男士圣诞倒数日历"
"deu_Latn","adventskalender 2025 männer protein","2025年男士蛋白质圣诞倒数日历"
"deu_Latn","adventskalender 2025 xxl","2025年XXL圣诞倒数日历"
"deu_Latn","adventskalender 3 jährige","3岁圣诞倒数日历"
"deu_Latn","adventskalender aussergewöhnlich","独特圣诞倒数日历"
"deu_Latn","adventskalender bart","胡须圣诞倒数日历"
"deu_Latn","adventskalender befüllen ideen männer","男士圣诞倒数日历填充创意"
"deu_Latn","adventskalender computer","computer圣诞倒数日历"
"deu_Latn","adventskalender dresdner essenz","dresdneressenz圣诞倒数日历"
"deu_Latn","adventskalender elsa eiskönigin","艾莎冰雪奇缘圣诞倒数日历"
"deu_Latn","adventskalender füllideen","填充创意圣诞倒数日历填充创意"
"deu_Latn","adventskalender für 12 jährige jungs","12岁男孩圣诞倒数日历"
"deu_Latn","adventskalender für kolleginnen","kolleginnen圣诞倒数日历"
"deu_Latn","adventskalender für mamas","mamas圣诞倒数日历"
"deu_Latn","adventskalender garnier","garnier圣诞倒数日历"
"deu_Latn","adventskalender kinder baden","儿童baden圣诞倒数日历"
"deu_Latn","adventskalender kinder jungs","儿童男孩圣诞倒数日历"
"deu_Latn","adventskalender m asam","MASAM圣诞倒数日历"
"deu_Latn","adventskalender pferde reiter","马匹骑手圣诞倒数日历"
"deu_Latn","adventskalender playmobil polizei","Playmobilpolizei圣诞倒数日历"
"deu_Latn","adventskalender schwarzer tee","schwarzer茶叶圣诞倒数日历"
"deu_Latn","adventskalender schweden","瑞典圣诞倒数日历"
"deu_Latn","adventskalender swarovski","swarovski圣诞倒数日历"
"deu_Latn","adventskalender zubehör","配件圣诞倒数日历"
"deu_Latn","d&d adventskalender","D圣诞倒数日历"
"deu_Latn","fcb adventskalender 2025","2025年fcb圣诞倒数日历"
"deu_Latn","inhalt für adventskalender männer","男士圣诞倒数日历内装物"
"deu_Latn","invisibobble adventskalender 2025","2025年invisibobble圣诞倒数日历"
"deu_Latn","kleine adventskalender 2025","2025年小号圣诞倒数日历"
"deu_Latn","koch adventskalender 2025","2025年koch圣诞倒数日历"
"deu_Latn","lego disney adventskalender 2025","2025年乐高迪士尼圣诞倒数日历"
"deu_Latn","manhattan adventskalender","manhattan圣诞倒数日历"
"deu_Latn","manner adventskalender","manner圣诞倒数日历"
"deu_Latn","monster high adventskalender 2025","2025年怪兽 High圣诞倒数日历"
"deu_Latn","mymuesli adventskalender","mymuesli圣诞倒数日历"
"deu_Latn","overthinker adventskalender","overthinker圣诞倒数日历"
"deu_Latn","playboy adventskalender 2025","2025年playboy圣诞倒数日历"
"deu_Latn","pringels adventskalender","pringels圣诞倒数日历"
"deu_Latn","reese's adventskalender","Reese'sS圣诞倒数日历"
"deu_Latn","rubbel adventskalender 2025","2025年rubbel圣诞倒数日历"
"deu_Latn","räucherstäbchen adventskalender","香薰棒圣诞倒数日历"
"deu_Latn","stranger things funko pop adventskalender 2024","2024年《怪奇物语》Funko Pop圣诞倒数日历"
"deu_Latn","säckchen adventskalender groß","小袋大号圣诞倒数日历"
"deu_Latn","wolle adventskalender 2025","2025年羊毛圣诞倒数日历"
"deu_Latn","adventskalender 2025 elektronik","2025年电子产品圣诞倒数日历"
"deu_Latn","adventskalender 2025 f1","2025年F1圣诞倒数日历"
"deu_Latn","adventskalender 2025 kinder 7 jahre","2025年7岁儿童圣诞倒数日历"
"deu_Latn","adventskalender 2025 kpop","2025年K-pop圣诞倒数日历"
"deu_Latn","adventskalender 2025 playstation","2025年PlayStation圣诞倒数日历"
"deu_Latn","adventskalender 2025 zeichnen","2025年绘画圣诞倒数日历"
"deu_Latn","adventskalender ab 12 jahre junge","12岁以上男孩圣诞倒数日历"
"deu_Latn","adventskalender alkohol 2025","2025年酒类圣诞倒数日历"
"deu_Latn","adventskalender armbänder","手链圣诞倒数日历"
"deu_Latn","adventskalender experimente ab 6","6岁以上实验圣诞倒数日历"
"deu_Latn","adventskalender für geschwister","geschwister圣诞倒数日历"
"deu_Latn","adventskalender kiste personalisiert","箱子个性化圣诞倒数日历"
"deu_Latn","adventskalender koro 2025","2025年Koro圣诞倒数日历"
"deu_Latn","adventskalender minions","minions圣诞倒数日历"
"deu_Latn","adventskalender pflege männer","护理男士圣诞倒数日历"
"deu_Latn","adventskalender revolution","revolution圣诞倒数日历"
"deu_Latn","adventskalender sherlock holmes","sherlockholmes圣诞倒数日历"
"deu_Latn","adventskalender socken zum befüllen","袜子可填充圣诞倒数日历"
"deu_Latn","aperol adventskalender","aperol圣诞倒数日历"
"deu_Latn","bilder adventskalender 2025","2025年图片圣诞倒数日历"
"deu_Latn","carrera adventskalender 2025","2025年carrera圣诞倒数日历"
"deu_Latn","chili adventskalender 2025","2025年chili圣诞倒数日历"
"deu_Latn","dragonball adventskalender 2025","2025年《龙珠》圣诞倒数日历"
"deu_Latn","eishockey adventskalender","冰球圣诞倒数日历"
"deu_Latn","exit game adventskalender","EXIT游戏圣诞倒数日历"
"deu_Latn","hidden games adventskalender 2025","2025年Hidden 游戏圣诞倒数日历"
"deu_Latn","hot sauce adventskalender","sauce圣诞倒数日历"
"deu_Latn","kids adventskalender","儿童圣诞倒数日历"
"deu_Latn","knipex adventskalender 2025","2025年knipex圣诞倒数日历"
"deu_Latn","knobel adventskalender 2025","2025年益智圣诞倒数日历"
"deu_Latn","la mer adventskalender 2025","2025年lamer圣诞倒数日历"
"deu_Latn","legami adventskalender 2025 inhalt","2025年Legami圣诞倒数日历内装物"
"deu_Latn","lego adventskalender 2025 mädchen","2025年乐高女孩圣诞倒数日历"
"deu_Latn","lf adventskalender","lf圣诞倒数日历"
"deu_Latn","mtb adventskalender","mtb圣诞倒数日历"
"deu_Latn","orion adventskalender 2025","2025年orion圣诞倒数日历"
"deu_Latn","play doh adventskalender","Play-Doh圣诞倒数日历"
"deu_Latn","tee adventskalender 2025 glas","2025年茶玻璃圣诞倒数日历"
"deu_Latn","vorlese adventskalender","vorlese圣诞倒数日历"
"deu_Latn","yogi tee adventskalender","Yogi茶叶圣诞倒数日历"
"deu_Latn","adhs adventskalender","adhs圣诞倒数日历"
"deu_Latn","adventskalender 2025 für katzen","2025年猫咪圣诞倒数日历"
"deu_Latn","adventskalender 2025 kinder schminke","2025年儿童彩妆圣诞倒数日历"
"deu_Latn","adventskalender 2025 reber","2025年reber圣诞倒数日历"
"deu_Latn","adventskalender 2025 saft","2025年saft圣诞倒数日历"
"deu_Latn","adventskalender 2025 sportler","2025年运动员圣诞倒数日历"
"deu_Latn","adventskalender 2025 stifte","2025年笔圣诞倒数日历"
"deu_Latn","adventskalender arbeit","arbeit圣诞倒数日历"
"deu_Latn","adventskalender badebomben","泡澡球圣诞倒数日历"
"deu_Latn","adventskalender bbq","bbq圣诞倒数日历"
"deu_Latn","adventskalender bibi blocksberg","bibiblocksberg圣诞倒数日历"
"deu_Latn","adventskalender blackpink","BLACKPINK圣诞倒数日历"
"deu_Latn","adventskalender blumensamen","blumensamen圣诞倒数日历"
"deu_Latn","adventskalender bundesliga","bundesliga圣诞倒数日历"
"deu_Latn","adventskalender dnd","D&D圣诞倒数日历"
"deu_Latn","adventskalender englisch","englisch圣诞倒数日历"
"deu_Latn","adventskalender esoterik","esoterik圣诞倒数日历"
"deu_Latn","adventskalender fc bayern münchen 2025","2025年拜仁慕尼黑圣诞倒数日历"
"deu_Latn","adventskalender füllung für männer","男士圣诞倒数日历填充物"
"deu_Latn","adventskalender geschwister","geschwister圣诞倒数日历"
"deu_Latn","adventskalender hachez","hachez圣诞倒数日历"
"deu_Latn","adventskalender kinder 8 jahre mädchen","8岁儿童女孩圣诞倒数日历"
"deu_Latn","adventskalender mädchen stitch","女孩史迪奇圣诞倒数日历"
"deu_Latn","adventskalender nivea damen","妮维雅女士圣诞倒数日历"
"deu_Latn","adventskalender schildkröte","乌龟圣诞倒数日历"
"deu_Latn","adventskalender zaubertricks","zaubertricks圣诞倒数日历"
"deu_Latn","adventskalender-socken","袜子圣诞倒数日历"
"deu_Latn","bücher adventskalender 2025 kinder","2025年书籍儿童圣诞倒数日历"
"deu_Latn","escape adventskalender kinder","密室逃脱儿童圣诞倒数日历"
"deu_Latn","fast and furious adventskalender","fastandfurious圣诞倒数日历"
"deu_Latn","fußballkarten adventskalender 2025 2026","2025年2026年足球卡牌圣诞倒数日历"
"deu_Latn","geschenke für männer adventskalender","礼物男士圣诞倒数日历"
"deu_Latn","hotwheels adventskalender","hotwheels圣诞倒数日历"
"deu_Latn","kunst adventskalender 2025","2025年kunst圣诞倒数日历"
"deu_Latn","lego adventskalender kinder","乐高儿童圣诞倒数日历"
"deu_Latn","nagel adventskalender","nagel圣诞倒数日历"
"deu_Latn","nägel adventskalender","指甲圣诞倒数日历"
"deu_Latn","polizei adventskalender","警察圣诞倒数日历"
"deu_Latn","ronaldo adventskalender 2025","2025年ronaldo圣诞倒数日历"
"deu_Latn","tonys schokolade adventskalender","tonys巧克力圣诞倒数日历"
"deu_Latn","tüten adventskalender kinder","纸袋儿童圣诞倒数日历"
"deu_Latn","weihnachtskalender fussball","足球圣诞倒数日历"
"deu_Latn","weihnachtskalender milka","Milka圣诞倒数日历"
"deu_Latn","adventskalender 2025 baby 1 jahr","2025年1岁婴幼儿圣诞倒数日历"
"deu_Latn","adventskalender 2025 baden","2025年baden圣诞倒数日历"
"deu_Latn","adventskalender 2025 essie","2025年essie圣诞倒数日历"
"deu_Latn","adventskalender 2025 kinder pferde","2025年儿童马匹圣诞倒数日历"
"deu_Latn","adventskalender 2025 vfb stuttgart","2025年VfB斯图加特圣诞倒数日历"
"deu_Latn","adventskalender alverde","alverde圣诞倒数日历"
"deu_Latn","adventskalender für frau","女士圣诞倒数日历"
"deu_Latn","adventskalender für jungs ab 12","12岁以上男孩圣诞倒数日历"
"deu_Latn","adventskalender hexe","hexe圣诞倒数日历"
"deu_Latn","adventskalender kawaii","可爱圣诞倒数日历"
"deu_Latn","adventskalender militär","军事圣诞倒数日历"
"deu_Latn","adventskalender panzer","panzer圣诞倒数日历"
"deu_Latn","adventskalender pixie","Pixie圣诞倒数日历"
"deu_Latn","adventskalender rossmann","rossmann圣诞倒数日历"
"deu_Latn","adventskalender tkkg","tkkg圣诞倒数日历"
"deu_Latn","adventskalender tonie","tonie圣诞倒数日历"
"deu_Latn","adventskalender vogelfutter","vogelfutter圣诞倒数日历"
"deu_Latn","adventskalender zocker","zocker圣诞倒数日历"
"deu_Latn","adventskalender zum befüllen junge","可填充男孩圣诞倒数日历"
"deu_Latn","ausmal adventskalender","ausmal圣诞倒数日历"
"deu_Latn","avengers adventskalender","《复仇者联盟》圣诞倒数日历"
"deu_Latn","blumen lego adventskalender","花卉乐高圣诞倒数日历"
"deu_Latn","drei adventskalender","三圣诞倒数日历"
"deu_Latn","kleinkind adventskalender füllung","幼儿圣诞倒数日历填充物"
"deu_Latn","leerer adventskalender","空白圣诞倒数日历"
"deu_Latn","m&ms adventskalender 2025","2025年Mms圣诞倒数日历"
"deu_Latn","manga zeichnen adventskalender","漫画绘画圣诞倒数日历"
"deu_Latn","mickey mouse adventskalender","米老鼠圣诞倒数日历"
"deu_Latn","playmobil adventskalender jungen","Playmobil男孩圣诞倒数日历"
"deu_Latn","ritual adventskalender","ritual圣诞倒数日历"
"deu_Latn","weihnachten in aller welt adventskalender","圣诞世界圣诞倒数日历"
"deu_Latn","zelda adventskalender","zelda圣诞倒数日历"
"deu_Latn","weihnachtskalender 2025 rituals","2025年Rituals圣诞倒数日历"
"deu_Latn","weihnachtskalender mädchen 10 jahre","10岁女孩圣诞倒数日历"
"deu_Latn","24 days escape adventskalender","24天密室逃脱圣诞倒数日历"
"deu_Latn","adventskalender 2-jährige","2岁圣诞倒数日历"
"deu_Latn","adventskalender 2025 3 jahre","2025年3岁圣诞倒数日历"
"deu_Latn","adventskalender 2025 beauty mädchen","2025年美妆女孩圣诞倒数日历"
"deu_Latn","adventskalender 2025 bibi und tina","2025年bibitina圣诞倒数日历"
"deu_Latn","adventskalender 2025 brawl stars","2025年Brawl Stars圣诞倒数日历"
"deu_Latn","adventskalender 2025 fussball karten","2025年足球卡片圣诞倒数日历"
"deu_Latn","adventskalender 2025 karten","2025年卡片圣诞倒数日历"
"deu_Latn","adventskalender 2025 kinder spielzeug","2025年儿童玩具圣诞倒数日历"
"deu_Latn","adventskalender 2025 lakritz bülow","2025年甘草糖Bülow圣诞倒数日历"
"deu_Latn","adventskalender 2025 merci","2025年Merci圣诞倒数日历"
"deu_Latn","adventskalender 2025 schminke essence","2025年彩妆essence圣诞倒数日历"
"deu_Latn","adventskalender 2025 survival","2025年生存圣诞倒数日历"
"deu_Latn","adventskalender ideen frau","创意女士圣诞倒数日历"
"deu_Latn","adventskalender jungen fussball","男孩足球圣诞倒数日历"
"deu_Latn","adventskalender rc auto","rc汽车圣诞倒数日历"
"deu_Latn","adventskalender sprüche karten","格言卡片圣诞倒数日历"
"deu_Latn","adventskalender säckchen papier","小袋纸质圣诞倒数日历"
"deu_Latn","adventskalender wednesday 2025","2025年《星期三》圣诞倒数日历"
"deu_Latn","batman adventskalender","batman圣诞倒数日历"
"deu_Latn","drei fragezeichen adventskalender 2025","2025年三个问号圣诞倒数日历"
"deu_Latn","dänischer adventskalender","丹麦圣诞倒数日历"
"deu_Latn","eis adventskalender 2025 für frauen","2025年冰淇淋女士圣诞倒数日历"
"deu_Latn","foodist adventskalender","foodist圣诞倒数日历"
"deu_Latn","füllmaterial adventskalender kinder","儿童圣诞倒数日历填充物"
"deu_Latn","huntrix adventskalender","huntrix圣诞倒数日历"
"deu_Latn","kamishibai adventskalender","kamishibai圣诞倒数日历"
"deu_Latn","kleinkinder adventskalender","幼儿圣诞倒数日历"
"deu_Latn","moderner adventskalender zum befüllen","moderner可填充圣诞倒数日历"
"deu_Latn","norwegen adventskalender","挪威圣诞倒数日历"
"deu_Latn","porsche 911 adventskalender","Porsche911圣诞倒数日历"
"deu_Latn","primavera adventskalender","primavera圣诞倒数日历"
"deu_Latn","roland kaiser adventskalender","rolandkaiser圣诞倒数日历"
"deu_Latn","switch adventskalender 2025","2025年switch圣诞倒数日历"
"deu_Latn","vogel adventskalender","vogel圣诞倒数日历"
"deu_Latn","24 kleine dinge für adventskalender","24小号物品圣诞倒数日历"
"deu_Latn","adventskalender 2025 basteln erwachsene","2025年手工成人圣诞倒数日历"
"deu_Latn","adventskalender 2025 die drei ausrufezeichen","2025年三个感叹号圣诞倒数日历"
"deu_Latn","adventskalender 2025 jungs 8 jahre","2025年8岁男孩圣诞倒数日历"
"deu_Latn","adventskalender 2025 mini","2025年迷你圣诞倒数日历"
"deu_Latn","adventskalender 2025 mädchen teenager","2025年女孩青少年圣诞倒数日历"
"deu_Latn","adventskalender 2025 nyx","2025年nyx圣诞倒数日历"
"deu_Latn","adventskalender 2025 pferd","2025年马圣诞倒数日历"
"deu_Latn","adventskalender aus stoff","布艺圣诞倒数日历"
"deu_Latn","adventskalender beauty männer","美妆男士圣诞倒数日历"
"deu_Latn","adventskalender dortmund","dortmund圣诞倒数日历"
"deu_Latn","adventskalender für partner","伴侣圣诞倒数日历"
"deu_Latn","adventskalender für väter","父亲圣诞倒数日历"
"deu_Latn","adventskalender glühwein","热红酒圣诞倒数日历"
"deu_Latn","adventskalender herren parfüm","男士香水圣诞倒数日历"
"deu_Latn","adventskalender kinder badespaß","儿童沐浴乐趣圣诞倒数日历"
"deu_Latn","adventskalender lustige","趣味圣诞倒数日历"
"deu_Latn","adventskalender mädchen barbie","女孩芭比圣诞倒数日历"
"deu_Latn","adventskalender mädchen schleich","女孩Schleich圣诞倒数日历"
"deu_Latn","adventskalender ninjago 2025","2025年乐高幻影忍者圣诞倒数日历"
"deu_Latn","adventskalender raffaello","raffaello圣诞倒数日历"
"deu_Latn","adventskalender revell technik","Revell科技圣诞倒数日历"
"deu_Latn","adventskalender sendung mit der maus","sendung老鼠圣诞倒数日历"
"deu_Latn","adventskalender vintage","vintage圣诞倒数日历"
"deu_Latn","asiatische süßigkeiten adventskalender","亚洲糖果圣诞倒数日历"
"deu_Latn","asiatischer adventskalender","asiatischer圣诞倒数日历"
"deu_Latn","ausgefallen adventskalender frauen","别具一格女士圣诞倒数日历"
"deu_Latn","demon hunters adventskalender","圣诞倒数日历"
"deu_Latn","diamond painting adventskalender 2025","2025年钻石画圣诞倒数日历"
"deu_Latn","gladbach adventskalender","gladbach圣诞倒数日历"
"deu_Latn","hitschler adventskalender","hitschler圣诞倒数日历"
"deu_Latn","jute säckchen adventskalender","黄麻小袋圣诞倒数日历"
"deu_Latn","kakao adventskalender 2025","2025年可可圣诞倒数日历"
"deu_Latn","märklin adventskalender","Märklin圣诞倒数日历"
"deu_Latn","occitane adventskalender","occitane圣诞倒数日历"
"deu_Latn","papa adventskalender","爸爸圣诞倒数日历"
"deu_Latn","revolution adventskalender","revolution圣诞倒数日历"
"deu_Latn","rosenthal adventskalender","rosenthal圣诞倒数日历"
"deu_Latn","selfcare adventskalender","自我护理圣诞倒数日历"
"deu_Latn","stoff adventskalender","布艺圣诞倒数日历"
"deu_Latn","vitakraft adventskalender katzen","vitakraft猫咪圣诞倒数日历"
"deu_Latn","weihnachtsbaum adventskalender","weihnachtsbaum圣诞倒数日历"
"deu_Latn","xbox adventskalender","xbox圣诞倒数日历"
"deu_Latn","zauber adventskalender kinder","魔法儿童圣诞倒数日历"
"deu_Latn","adventskalender 2025 asia","2025年asia圣诞倒数日历"
"deu_Latn","adventskalender 2025 dart","2025年飞镖圣诞倒数日历"
"deu_Latn","adventskalender 2025 frauen kneipp","2025年女士Kneipp圣诞倒数日历"
"deu_Latn","adventskalender 2025 kinder befüllen","2025年儿童可填充圣诞倒数日历"
"deu_Latn","adventskalender 2025 labubu","2025年Labubu圣诞倒数日历"
"deu_Latn","adventskalender borussia mönchengladbach","门兴格拉德巴赫圣诞倒数日历"
"deu_Latn","adventskalender formel 1 2025","2025年F1圣诞倒数日历"
"deu_Latn","adventskalender füllen kinder 2 jahre","2岁填充儿童圣诞倒数日历"
"deu_Latn","adventskalender gewürze 2025 ankerkraut","2025年香料Ankerkraut圣诞倒数日历"
"deu_Latn","adventskalender holzkiste","holzkiste圣诞倒数日历"
"deu_Latn","adventskalender kinder 8 jahre junge","8岁儿童男孩圣诞倒数日历"
"deu_Latn","adventskalender leo lausemaus","leolausemaus圣诞倒数日历"
"deu_Latn","adventskalender m und m","M圣诞倒数日历"
"deu_Latn","adventskalender reiten","reiten圣诞倒数日历"
"deu_Latn","adventskalender schwarz","黑色圣诞倒数日历"
"deu_Latn","adventskalender zum befüllen socken","可填充袜子圣诞倒数日历"
"deu_Latn","beef jerky adventskalender","肉干圣诞倒数日历"
"deu_Latn","chili sauce adventskalender 2025","2025年chilisauce圣诞倒数日历"
"deu_Latn","geschenkpapier adventskalender","geschenkpapier圣诞倒数日历"
"deu_Latn","holi adventskalender ohne energy","holi能量饮料圣诞倒数日历"
"deu_Latn","kleinigkeiten adventskalender jungs","小物男孩圣诞倒数日历"
"deu_Latn","lakritz bülow adventskalender","甘草糖Bülow圣诞倒数日历"
"deu_Latn","lego adventskalender 2024","2024年乐高圣诞倒数日历"
"deu_Latn","paare adventskalender","情侣圣诞倒数日历"
"deu_Latn","simpsons adventskalender 2025","2025年simpsons圣诞倒数日历"
"deu_Latn","sylvanian families adventskalender","sylvanianfamilies圣诞倒数日历"
"deu_Latn","tonie adventskalender","tonie圣诞倒数日历"
"deu_Latn","pokemon weihnachtskalender 2025","2025年宝可梦圣诞倒数日历"
"deu_Latn","adventskalender 2025 kinder junge","2025年儿童男孩圣诞倒数日历"
"deu_Latn","adventskalender 2025 mon cherie","2025年Mon Chéri圣诞倒数日历"
"deu_Latn","adventskalender 2025 reeses","2025年Reese's圣诞倒数日历"
"deu_Latn","adventskalender astrid lindgren","astridlindgren圣诞倒数日历"
"deu_Latn","adventskalender box zum befüllen","盒装可填充圣诞倒数日历"
"deu_Latn","adventskalender das kleine böse buch","小号邪恶书籍圣诞倒数日历"
"deu_Latn","adventskalender friends","Friends圣诞倒数日历"
"deu_Latn","adventskalender für kinder 2025","2025年儿童圣诞倒数日历"
"deu_Latn","adventskalender heavy metal","heavy金属圣诞倒数日历"
"deu_Latn","adventskalender kinder 4 jahre mädchen","4岁儿童女孩圣诞倒数日历"
"deu_Latn","adventskalender kinder 7-9 jahre","9岁儿童7圣诞倒数日历"
"deu_Latn","adventskalender kinder befüllen","儿童可填充圣诞倒数日历"
"deu_Latn","adventskalender kristalle kinder","水晶儿童圣诞倒数日历"
"deu_Latn","adventskalender lego technic","乐高technic圣诞倒数日历"
"deu_Latn","adventskalender milwaukee","milwaukee圣诞倒数日历"
"deu_Latn","adventskalender mr beast","mrbeast圣诞倒数日历"
"deu_Latn","adventskalender männersache","Männersache圣诞倒数日历"
"deu_Latn","adventskalender schmuck silber 925","珠宝首饰银色925圣诞倒数日历"
"deu_Latn","adventskalender silberschmuck","silberschmuck圣诞倒数日历"
"deu_Latn","adventskalender tee bio","茶有机圣诞倒数日历"
"deu_Latn","bart adventskalender","胡须圣诞倒数日历"
"deu_Latn","huda beauty adventskalender","huda美妆圣诞倒数日历"
"deu_Latn","hühner adventskalender","鸡圣诞倒数日历"
"deu_Latn","insoon adventskalender","insoon圣诞倒数日历"
"deu_Latn","irland adventskalender","irland圣诞倒数日历"
"deu_Latn","jagd adventskalender","狩猎圣诞倒数日历"
"deu_Latn","jäger adventskalender","猎人圣诞倒数日历"
"deu_Latn","milchmäuse adventskalender","Milchmäuse圣诞倒数日历"
"deu_Latn","nici adventskalender","nici圣诞倒数日历"
"deu_Latn","socken-adventskalender","袜子圣诞倒数日历"
"deu_Latn","tetesept adventskalender 2025","2025年tetesept圣诞倒数日历"
"deu_Latn","tiptoi mein großer adventskalender","tiptoi大号圣诞倒数日历"
"deu_Latn","wikinger adventskalender","wikinger圣诞倒数日历"
"deu_Latn","yogurette adventskalender","yogurette圣诞倒数日历"
"deu_Latn","zotter adventskalender 2025","2025年zotter圣诞倒数日历"
"deu_Latn","bosch weihnachtskalender","博世圣诞倒数日历"
"deu_Latn","weihnachtskalender schminke","彩妆圣诞倒数日历"
"deu_Latn","adventskalender 2025 diy","2025年DIY圣诞倒数日历"
"deu_Latn","adventskalender 2025 erotik","2025年情趣圣诞倒数日历"
"deu_Latn","adventskalender 2025 kinder buch","2025年儿童书籍圣诞倒数日历"
"deu_Latn","adventskalender 2025 steine","2025年石头圣诞倒数日历"
"deu_Latn","adventskalender 2025 zum selbst befüllen","2025年可自行填充圣诞倒数日历"
"deu_Latn","adventskalender babys","婴幼儿圣诞倒数日历"
"deu_Latn","adventskalender bis 10 euro","10欧元圣诞倒数日历"
"deu_Latn","adventskalender chef","chef圣诞倒数日历"
"deu_Latn","adventskalender die drei !!!","三圣诞倒数日历"
"deu_Latn","adventskalender edelsteine erwachsene","宝石成人圣诞倒数日历"
"deu_Latn","adventskalender ehepaar","ehepaar圣诞倒数日历"
"deu_Latn","adventskalender fruchtgummi","fruchtgummi圣诞倒数日历"
"deu_Latn","adventskalender füllung kinder 9 jahre","9岁儿童圣诞倒数日历填充物"
"deu_Latn","adventskalender füllungen","圣诞倒数日历填充物"
"deu_Latn","adventskalender für ehemann","ehemann圣诞倒数日历"
"deu_Latn","adventskalender für freunde","freunde圣诞倒数日历"
"deu_Latn","adventskalender für herren","男士圣诞倒数日历"
"deu_Latn","adventskalender für reiter","骑手圣诞倒数日历"
"deu_Latn","adventskalender jungs 15 jahre","15岁男孩圣诞倒数日历"
"deu_Latn","adventskalender mitarbeiter","mitarbeiter圣诞倒数日历"
"deu_Latn","adventskalender männer inhalt","男士圣诞倒数日历内装物"
"deu_Latn","adventskalender plüschtiere","Plüschtiere圣诞倒数日历"
"deu_Latn","adventskalender sheepworld","sheepworld圣诞倒数日历"
"deu_Latn","adventskalender tonie 2025","2025年tonie圣诞倒数日历"
"deu_Latn","angeln adventskalender","钓鱼圣诞倒数日历"
"deu_Latn","disney prinzessinnen adventskalender","迪士尼公主圣诞倒数日历"
"deu_Latn","ferrero kinder adventskalender 2025","2025年Ferrero儿童圣诞倒数日历"
"deu_Latn","fidget toy adventskalender","解压玩具圣诞倒数日历"
"deu_Latn","freundinnen adventskalender","女性朋友圣诞倒数日历"
"deu_Latn","geschenke für adventskalender teenager","礼物青少年圣诞倒数日历"
"deu_Latn","glow recipe adventskalender","glowrecipe圣诞倒数日历"
"deu_Latn","kack dich schlau adventskalender","边如厕边动脑圣诞倒数日历"
"deu_Latn","montessori adventskalender","montessori圣诞倒数日历"
"deu_Latn","ovomaltine adventskalender","ovomaltine圣诞倒数日历"
"deu_Latn","playmobil-adventskalender","Playmobil圣诞倒数日历"
"deu_Latn","postkarten adventskalender 2025","2025年明信片圣诞倒数日历"
"deu_Latn","räucher adventskalender","Räucher圣诞倒数日历"
"deu_Latn","schmuck adventskalender 2025 damen","2025年珠宝首饰女士圣诞倒数日历"
"deu_Latn","tea adventskalender 2025","2025年茶叶圣诞倒数日历"
"deu_Latn","windel adventskalender 2025","2025年尿布圣诞倒数日历"
"deu_Latn","weihnachtskalender vegan","纯素圣诞倒数日历"
"deu_Latn","'adventskalender kinderschokolade","儿童巧克力圣诞倒数日历"
"deu_Latn","adventskalender 2025 für mama","2025年妈妈圣诞倒数日历"
"deu_Latn","adventskalender 2025 porsche","2025年Porsche圣诞倒数日历"
"deu_Latn","adventskalender 2025 ramen","2025年拉面圣诞倒数日历"
"deu_Latn","adventskalender 2025 zartbitter","2025年黑巧克力圣诞倒数日历"
"deu_Latn","adventskalender außergewöhnlich","独特圣诞倒数日历"
"deu_Latn","adventskalender bestseller","bestseller圣诞倒数日历"
"deu_Latn","adventskalender fotografie","fotografie圣诞倒数日历"
"deu_Latn","adventskalender für 11 jährige mädchen","11岁女孩圣诞倒数日历"
"deu_Latn","adventskalender für babys 6 monate","6个月婴幼儿圣诞倒数日历"
"deu_Latn","adventskalender harley davidson","harleydavidson圣诞倒数日历"
"deu_Latn","adventskalender jutesäckchen groß","黄麻袋大号圣诞倒数日历"
"deu_Latn","adventskalender lesen erwachsene","阅读成人圣诞倒数日历"
"deu_Latn","adventskalender m&ms","Mms圣诞倒数日历"
"deu_Latn","adventskalender mädchen 12","女孩12圣诞倒数日历"
"deu_Latn","adventskalender originell","originell圣诞倒数日历"
"deu_Latn","adventskalender ovomaltine","ovomaltine圣诞倒数日历"
"deu_Latn","adventskalender physik","physik圣诞倒数日历"
"deu_Latn","adventskalender tischkalender","tischkalender圣诞倒数日历"
"deu_Latn","adventskalender transformers","transformers圣诞倒数日历"
"deu_Latn","adventskalender yogi tee","Yogi茶叶圣诞倒数日历"
"deu_Latn","adventskalender zum befüllen filz","可填充毛毡圣诞倒数日历"
"deu_Latn","adventskalender zum befüllen verschiedene größen","可填充不同尺寸圣诞倒数日历"
"deu_Latn","adventskalender+männer","男士圣诞倒数日历"
"deu_Latn","die kunst des zeichnens adventskalender","kunstzeichnens圣诞倒数日历"
"deu_Latn","essence diy adventskalender 2025","2025年essenceDIY圣诞倒数日历"
"deu_Latn","funko bitty pop adventskalender","Funkobittypop圣诞倒数日历"
"deu_Latn","geschichten adventskalender","故事圣诞倒数日历"
"deu_Latn","gießform adventskalender","Gießform圣诞倒数日历"
"deu_Latn","hansa rostock adventskalender","hansarostock圣诞倒数日历"
"deu_Latn","inhalt adventskalender junge","男孩圣诞倒数日历内装物"
"deu_Latn","jean&len adventskalender 2025","2025年Jean & Len圣诞倒数日历"
"deu_Latn","lego adventskalender city","乐高城市圣诞倒数日历"
"deu_Latn","lego adventskalender marvel","乐高漫威圣诞倒数日历"
"deu_Latn","match attax champions league 25/26 adventskalender","Match Attaxchampionsleague2526圣诞倒数日历"
"deu_Latn","maybelline adventskalender 2025 31 türchen","2025年美宝莲31小门圣诞倒数日历"
"deu_Latn","mein streichel adventskalender","streichel圣诞倒数日历"
"deu_Latn","mini spiele adventskalender","迷你游戏圣诞倒数日历"
"deu_Latn","monster truck adventskalender","怪兽卡车圣诞倒数日历"
"deu_Latn","sextoy adventskalender","sextoy圣诞倒数日历"
"deu_Latn","shot adventskalender","shot圣诞倒数日历"
"deu_Latn","sticker zahlen adventskalender","贴纸数字圣诞倒数日历"
"deu_Latn","teenager adventskalender mädchen","青少年女孩圣诞倒数日历"
"deu_Latn","the body shop adventskalender 2025","2025年The Body Shop圣诞倒数日历"
"deu_Latn","bier weihnachtskalender","啤酒圣诞倒数日历"
"deu_Latn","weihnachtskalender gewürze","香料圣诞倒数日历"
"deu_Latn","weihnachtskalender playmobil","Playmobil圣诞倒数日历"
"deu_Latn","weihnachtskalender rituals 2025","2025年Rituals圣诞倒数日历"
"deu_Latn","weihnachtskalender sex für paare","成人情趣情侣圣诞倒数日历"
"deu_Latn","adventskalender 15 jahre junge","15岁男孩圣诞倒数日历"
"deu_Latn","adventskalender 2025 kaugummi","2025年口香糖圣诞倒数日历"
"deu_Latn","adventskalender 2025 kinder bluey","2025年儿童Bluey圣诞倒数日历"
"deu_Latn","adventskalender 2025 männer rum","2025年男士朗姆酒圣诞倒数日历"
"deu_Latn","adventskalender 2025 spiderman","2025年《蜘蛛侠》圣诞倒数日历"
"deu_Latn","adventskalender 2025 vegan schokolade","2025年纯素巧克力圣诞倒数日历"
"deu_Latn","adventskalender 50 reduziert","50reduziert圣诞倒数日历"
"deu_Latn","adventskalender belgische pralinen","belgische巧克力糖圣诞倒数日历"
"deu_Latn","adventskalender dinosaurier schleich","恐龙Schleich圣诞倒数日历"
"deu_Latn","adventskalender für verliebte","verliebte圣诞倒数日历"
"deu_Latn","adventskalender junge 9 jahre","9岁男孩圣诞倒数日历"
"deu_Latn","adventskalender kosmetik männer","化妆品男士圣诞倒数日历"
"deu_Latn","adventskalender match attax 2026","2026年Match Attax圣诞倒数日历"
"deu_Latn","adventskalender origami","origami圣诞倒数日历"
"deu_Latn","adventskalender rätsel kinder ab 8","8岁以上谜题儿童圣诞倒数日历"
"deu_Latn","adventskalender von kinder","儿童圣诞倒数日历"
"deu_Latn","baby annabell adventskalender 2025","2025年婴幼儿annabell圣诞倒数日历"
"deu_Latn","bester beauty adventskalender 2025","2025年bester美妆圣诞倒数日历"
"deu_Latn","der kleine siebenschläfer adventskalender","小号Siebenschläfer圣诞倒数日历"
"deu_Latn","drachenzähmen leicht gemacht adventskalender","《驯龙高手》圣诞倒数日历"
"deu_Latn","dungeons and dragons adventskalender","Dungeons & Dragons圣诞倒数日历"
"deu_Latn","fendt adventskalender 2025","2025年fendt圣诞倒数日历"
"deu_Latn","kleinigkeiten für den adventskalender - mädchen","小物女孩圣诞倒数日历"
"deu_Latn","lebensfreude adventskalender 2025","2025年lebensfreude圣诞倒数日历"
"deu_Latn","match attack adventskalender 2025","2025年matchattack圣诞倒数日历"
"deu_Latn","mini buch adventskalender deutsch","迷你书籍德语版圣诞倒数日历"
"deu_Latn","originelle adventskalender","originelle圣诞倒数日历"
"deu_Latn","saucen adventskalender 2025","2025年酱料圣诞倒数日历"
"deu_Latn","starbucks adventskalender","starbucks圣诞倒数日历"
"deu_Latn","steal a brainrot adventskalender","stealabrainrot圣诞倒数日历"
"deu_Latn","traditioneller adventskalender zum befüllen","traditioneller可填充圣诞倒数日历"
"deu_Latn","vfb adventskalender 2025","2025年vfb圣诞倒数日历"
"deu_Latn","wiltopia adventskalender","wiltopia圣诞倒数日历"
"deu_Latn","adidas adventskalender","adidas圣诞倒数日历"
"deu_Latn","adventskalender 2025 12 jahre mädchen","2025年12岁女孩圣诞倒数日历"
"deu_Latn","adventskalender 2025 frauen buch","2025年女士书籍圣诞倒数日历"
"deu_Latn","adventskalender 2025 kinder tiptoi","2025年儿童tiptoi圣诞倒数日历"
"deu_Latn","adventskalender 2025 klemmbausteine","2025年拼插积木圣诞倒数日历"
"deu_Latn","adventskalender 2025 lebkuchen","2025年姜饼圣诞倒数日历"
"deu_Latn","adventskalender 2025 männer bosch","2025年男士博世圣诞倒数日历"
"deu_Latn","adventskalender 2025 papa","2025年爸爸圣诞倒数日历"
"deu_Latn","adventskalender 2025 stricken","2025年编织圣诞倒数日历"
"deu_Latn","adventskalender 2025 teenager junge","2025年青少年男孩圣诞倒数日历"
"deu_Latn","adventskalender angel","钓鱼圣诞倒数日历"
"deu_Latn","adventskalender ballett","ballett圣诞倒数日历"
"deu_Latn","adventskalender bruder","bruder圣诞倒数日历"
"deu_Latn","adventskalender chemie","chemie圣诞倒数日历"
"deu_Latn","adventskalender craze","craze圣诞倒数日历"
"deu_Latn","adventskalender dior","dior圣诞倒数日历"
"deu_Latn","adventskalender füllung 10 jährige","10岁圣诞倒数日历填充物"
"deu_Latn","adventskalender für bücherwürmer","书虫圣诞倒数日历"
"deu_Latn","adventskalender für omas","omas圣诞倒数日历"
"deu_Latn","adventskalender girlande","girlande圣诞倒数日历"
"deu_Latn","adventskalender kaffeekapseln","kaffeekapseln圣诞倒数日历"
"deu_Latn","adventskalender kids","儿童圣诞倒数日历"
"deu_Latn","adventskalender manga anime","漫画动漫圣诞倒数日历"
"deu_Latn","adventskalender puzzel","puzzel圣诞倒数日历"
"deu_Latn","adventskalender sanrio","sanrio圣诞倒数日历"
"deu_Latn","adventskalender set zum befüllen","套装可填充圣诞倒数日历"
"deu_Latn","adventskalender sexy frauen","情趣女士圣诞倒数日历"
"deu_Latn","adventskalender wicked","Wicked圣诞倒数日历"
"deu_Latn","american candy adventskalender","americancandy圣诞倒数日历"
"deu_Latn","cooler adventskalender","cooler圣诞倒数日历"
"deu_Latn","flaconi adventskalender","flaconi圣诞倒数日历"
"deu_Latn","fruchtgummi adventskalender","fruchtgummi圣诞倒数日历"
"deu_Latn","geschenk für adventskalender","礼物圣诞倒数日历"
"deu_Latn","hunde-adventskalender","狗狗圣诞倒数日历"
"deu_Latn","kamasutra adventskalender 2025","2025年kamasutra圣诞倒数日历"
"deu_Latn","kaninchen adventskalender","兔子圣诞倒数日历"
"deu_Latn","karten adventskalender","卡片圣诞倒数日历"
"deu_Latn","kiko adventskalender","kiko圣诞倒数日历"
"deu_Latn","kleiner adventskalender schokolade","小号巧克力圣诞倒数日历"
"deu_Latn","knete adventskalender 2025","2025年橡皮泥圣诞倒数日历"
"deu_Latn","lehrer adventskalender","lehrer圣诞倒数日历"
"deu_Latn","majorette adventskalender 2025","2025年majorette圣诞倒数日历"
"deu_Latn","niederegger nougat adventskalender","Niederegger牛轧糖圣诞倒数日历"
"deu_Latn","ohrringe adventskalender","耳环圣诞倒数日历"
"deu_Latn","parfüm adventskalender männer","香水男士圣诞倒数日历"
"deu_Latn","stabilo adventskalender","stabilo圣诞倒数日历"
"deu_Latn","super streusel adventskalender 2025","2025年superstreusel圣诞倒数日历"
"deu_Latn","warrior cats adventskalender","《猫武士》圣诞倒数日历"
"deu_Latn","was ist was adventskalender 2025","2025年ist圣诞倒数日历"
"deu_Latn","zug adventskalender","火车圣诞倒数日历"
"deu_Latn","weihnachtskalender erwachsene","成人圣诞倒数日历"
"deu_Latn","weihnachtskalender süßigkeiten","糖果圣诞倒数日历"
"deu_Latn","'adventskalender pokemon","宝可梦圣诞倒数日历"
"deu_Latn","adventskalender 2025 für hunde","2025年狗狗圣诞倒数日历"
"deu_Latn","adventskalender 2025 kinder autos","2025年儿童汽车圣诞倒数日历"
"deu_Latn","adventskalender 2025 kinder rätsel","2025年儿童谜题圣诞倒数日历"
"deu_Latn","adventskalender 2025 kinder schoko","2025年儿童巧克力圣诞倒数日历"
"deu_Latn","adventskalender 2025 männer douglas","2025年男士Douglas圣诞倒数日历"
"deu_Latn","adventskalender 2025 männer lego","2025年男士乐高圣诞倒数日历"
"deu_Latn","adventskalender christbaumschmuck","christbaumschmuck圣诞倒数日历"
"deu_Latn","adventskalender darts","飞镖圣诞倒数日历"
"deu_Latn","adventskalender funny","趣味圣诞倒数日历"
"deu_Latn","adventskalender für 2-jährige","2岁圣诞倒数日历"
"deu_Latn","adventskalender für damen","女士圣诞倒数日历"
"deu_Latn","adventskalender für werdende eltern 24 schöne babysachen","准父母24件可爱婴儿用品圣诞倒数日历"
"deu_Latn","adventskalender gewürz","香料圣诞倒数日历"
"deu_Latn","adventskalender hundebesitzer","hundebesitzer圣诞倒数日历"
"deu_Latn","adventskalender kind 3 jahre","3岁儿童圣诞倒数日历"
"deu_Latn","adventskalender landwirt","landwirt圣诞倒数日历"
"deu_Latn","adventskalender lego technic 2025","2025年乐高technic圣诞倒数日历"
"deu_Latn","adventskalender mit chips","薯片圣诞倒数日历"
"deu_Latn","adventskalender mit musik","音乐圣诞倒数日历"
"deu_Latn","adventskalender musiker","musiker圣诞倒数日历"
"deu_Latn","adventskalender pop","pop圣诞倒数日历"
"deu_Latn","adventskalender schokolade milka","巧克力Milka圣诞倒数日历"
"deu_Latn","adventskalender süsses","甜食圣诞倒数日历"
"deu_Latn","adventskalender viba","viba圣诞倒数日历"
"deu_Latn","adventskalender zum befüllen mann","可填充男士圣诞倒数日历"
"deu_Latn","bastel adventskalender erwachsene","手工成人圣诞倒数日历"
"deu_Latn","befüllung adventskalender männer","男士圣诞倒数日历填充物"
"deu_Latn","bobo adventskalender","bobo圣诞倒数日历"
"deu_Latn","bügelbilder adventskalender","熨烫贴圣诞倒数日历"
"deu_Latn","christlicher adventskalender 2025","2025年christlicher圣诞倒数日历"
"deu_Latn","der kleine prinz adventskalender","小号王子圣诞倒数日历"
"deu_Latn","die drei adventskalender buch","三书籍圣诞倒数日历"
"deu_Latn","herr der ringe adventskalender 2025","2025年《指环王》圣诞倒数日历"
"deu_Latn","lego adventskalender 2026","2026年乐高圣诞倒数日历"
"deu_Latn","micromallows adventskalender","micromallows圣诞倒数日历"
"deu_Latn","plektrum adventskalender","plektrum圣诞倒数日历"
"deu_Latn","protein adventskalender esn","蛋白质esn圣诞倒数日历"
"deu_Latn","sackerl für adventskalender","小袋圣诞倒数日历"
"deu_Latn","stollen adventskalender","德式水果面包圣诞倒数日历"
"deu_Latn","süßes für adventskalender","甜食圣诞倒数日历"
"deu_Latn","tee adventskalender teekanne","茶teekanne圣诞倒数日历"
"deu_Latn","teenager mädchen adventskalender","青少年女孩圣诞倒数日历"
"deu_Latn","trecker adventskalender","trecker圣诞倒数日历"
"deu_Latn","veganer adventskalender 2025 schokolade","2025年纯素巧克力圣诞倒数日历"
"deu_Latn","wand adventskalender zum befüllen","墙面可填充圣诞倒数日历"
"deu_Latn","weihnachtskalender für erwachsene","成人圣诞倒数日历"
"deu_Latn","weihnachtskalender pokemon","宝可梦圣诞倒数日历"
"deu_Latn","adventskalender 2025 autos","2025年汽车圣诞倒数日历"
"deu_Latn","adventskalender 2025 food","2025年食品圣诞倒数日历"
"deu_Latn","adventskalender 2025 nivea frauen","2025年妮维雅女士圣诞倒数日历"
"deu_Latn","adventskalender 2025 trolli","2025年trolli圣诞倒数日历"
"deu_Latn","adventskalender dubai schokolade","dubai巧克力圣诞倒数日历"
"deu_Latn","adventskalender gesichtspflege","gesichtspflege圣诞倒数日历"
"deu_Latn","adventskalender krippenfiguren","krippenfiguren圣诞倒数日历"
"deu_Latn","adventskalender natur","natur圣诞倒数日历"
"deu_Latn","adventskalender pärchen 2025","2025年情侣圣诞倒数日历"
"deu_Latn","adventskalender stoffbeutel groß","布袋大号圣诞倒数日历"
"deu_Latn","adventskalender waterdrop 2025","2025年waterdrop圣诞倒数日历"
"deu_Latn","essence adventskalender 2024","2024年essence圣诞倒数日历"
"deu_Latn","freche früchte adventskalender","freche水果圣诞倒数日历"
"deu_Latn","füllideen adventskalender kinder","填充创意儿童圣诞倒数日历填充创意"
"deu_Latn","füllung adventskalender 2 jährige","2岁圣诞倒数日历填充物"
"deu_Latn","hamster adventskalender","hamster圣诞倒数日历"
"deu_Latn","harley davidson adventskalender","harleydavidson圣诞倒数日历"
"deu_Latn","horsebrands adventskalender 2025","2025年horsebrands圣诞倒数日历"
"deu_Latn","island adventskalender","island圣诞倒数日历"
"deu_Latn","jurassic park adventskalender","侏罗纪park圣诞倒数日历"
"deu_Latn","kleiner schoko adventskalender","小号巧克力圣诞倒数日历"
"deu_Latn","laktosefrei adventskalender","无乳糖圣诞倒数日历"
"deu_Latn","pets deli adventskalender 2025","2025年petsdeli圣诞倒数日历"
"deu_Latn","play mobil adventskalender 2025","2025年playmobil圣诞倒数日历"
"deu_Latn","rätsel adventskalender 2025 kinder","2025年谜题儿童圣诞倒数日历"
"deu_Latn","tüten adventskalender zum befüllen kinder","可填充儿童圣诞倒数日历纸袋"
"deu_Latn","utryme adventskalender","utryme圣诞倒数日历"
"deu_Latn","zocker adventskalender","zocker圣诞倒数日历"
"deu_Latn","makita weihnachtskalender","牧田圣诞倒数日历"
"deu_Latn","weihnachtskalender 2025 lego","2025年乐高圣诞倒数日历"
"deu_Latn","weihnachtskalender parfüm","香水圣诞倒数日历"
"deu_Latn","adventskalender 2025 esn","2025年esn圣诞倒数日历"
"deu_Latn","adventskalender 2025 frauen baden","2025年女士baden圣诞倒数日历"
"deu_Latn","adventskalender baby annabell","婴幼儿annabell圣诞倒数日历"
"deu_Latn","adventskalender battle","对战圣诞倒数日历"
"deu_Latn","adventskalender für babys 1 jahr","1岁婴幼儿圣诞倒数日历"
"deu_Latn","adventskalender für mama und papa","妈妈爸爸圣诞倒数日历"
"deu_Latn","adventskalender große tüten","大号纸袋圣诞倒数日历"
"deu_Latn","adventskalender handcreme","handcreme圣诞倒数日历"
"deu_Latn","adventskalender kalligraphie","kalligraphie圣诞倒数日历"
"deu_Latn","adventskalender kinder 7 jahre mädchen","7岁儿童女孩圣诞倒数日历"
"deu_Latn","adventskalender kleinigkeiten teenager","小物青少年圣诞倒数日历"
"deu_Latn","adventskalender kunstbedarf","kunstbedarf圣诞倒数日历"
"deu_Latn","adventskalender pinguin","pinguin圣诞倒数日历"
"deu_Latn","adventskalender snickers","snickers圣诞倒数日历"
"deu_Latn","adventskalender tüten zum befüllen kinder","可填充儿童圣诞倒数日历纸袋"
"deu_Latn","adventskalender von kinderschokolade","儿童巧克力圣诞倒数日历"
"deu_Latn","adventskalender zum befüllen für kinder","可填充儿童圣诞倒数日历"
"deu_Latn","bastelset adventskalender","bastelset圣诞倒数日历"
"deu_Latn","duell adventskalender 2025","2025年对决圣诞倒数日历"
"deu_Latn","dynamo dresden adventskalender","dynamodresden圣诞倒数日历"
"deu_Latn","gutschein adventskalender","gutschein圣诞倒数日历"
"deu_Latn","hachez adventskalender","hachez圣诞倒数日历"
"deu_Latn","harry potter adventskalender schleich","《哈利·波特》Schleich圣诞倒数日历"
"deu_Latn","i crush adventskalender","icrush圣诞倒数日历"
"deu_Latn","kitkat adventskalender","KitKat圣诞倒数日历"
"deu_Latn","koro adventskalender 2025 vegan","2025年Koro纯素圣诞倒数日历"
"deu_Latn","lauenstein adventskalender","lauenstein圣诞倒数日历"
"deu_Latn","lego- adventskalender","乐高圣诞倒数日历"
"deu_Latn","mentos adventskalender 2025","2025年mentos圣诞倒数日历"
"deu_Latn","merry crunch adventskalender","merrycrunch圣诞倒数日历"
"deu_Latn","nudel adventskalender","nudel圣诞倒数日历"
"deu_Latn","paul valentine adventskalender","paulvalentine圣诞倒数日历"
"deu_Latn","tilda apfelkern adventskalender","tildaapfelkern圣诞倒数日历"
"deu_Latn","tkkg junior adventskalender","tkkg儿童版圣诞倒数日历"
"deu_Latn","topps match attax 25/26 adventskalender","ToppsMatch Attax 25/26圣诞倒数日历"
"deu_Latn","'adventskalender harry potter","《哈利·波特》圣诞倒数日历"
"deu_Latn","1 euro geschenke adventskalender","1欧元礼物圣诞倒数日历"
"deu_Latn","3 ausrufezeichen adventskalender","3感叹号圣诞倒数日历"
"deu_Latn","adventskalender 18 jährige","18岁圣诞倒数日历"
"deu_Latn","adventskalender 2025 kleinkinder","2025年幼儿圣诞倒数日历"
"deu_Latn","adventskalender 2025 mit alkohol","2025年酒类圣诞倒数日历"
"deu_Latn","adventskalender 2025 niederegger marzipan","2025年Niederegger杏仁糖圣诞倒数日历"
"deu_Latn","adventskalender 2025 polly pocket","2025年Polly Pocket圣诞倒数日历"
"deu_Latn","adventskalender 2025 räucherkerzen","2025年香薰蜡烛圣诞倒数日历"
"deu_Latn","adventskalender diy kinder","DIY儿童圣诞倒数日历"
"deu_Latn","adventskalender erotisch frau","情趣女士圣诞倒数日历"
"deu_Latn","adventskalender fuchs","fuchs圣诞倒数日历"
"deu_Latn","adventskalender für 10 jährige jungs","10岁男孩圣诞倒数日历"
"deu_Latn","adventskalender hubschrauber","hubschrauber圣诞倒数日历"
"deu_Latn","adventskalender icrimax","icrimax圣诞倒数日历"
"deu_Latn","adventskalender kaffeebohnen","咖啡豆圣诞倒数日历"
"deu_Latn","adventskalender kinder stitch","儿童史迪奇圣诞倒数日历"
"deu_Latn","adventskalender kochbuch für teenager","kochbuch青少年圣诞倒数日历"
"deu_Latn","adventskalender lego harry potter 2025","2025年乐高《哈利·波特》圣诞倒数日历"
"deu_Latn","adventskalender make up essence","essence圣诞倒数日历"
"deu_Latn","adventskalender match attax 2025","2025年Match Attax圣诞倒数日历"
"deu_Latn","adventskalender mit gutscheinen","优惠券圣诞倒数日历"
"deu_Latn","adventskalender pink","粉色圣诞倒数日历"
"deu_Latn","adventskalender reise","旅行圣诞倒数日历"
"deu_Latn","adventskalender sauer","sauer圣诞倒数日历"
"deu_Latn","adventskalender schüler","学生圣诞倒数日历"
"deu_Latn","adventskalender tüten groß 30 cm","纸袋大号30cm圣诞倒数日历"
"deu_Latn","adventskalender wichtel 2025","2025年圣诞小精灵圣诞倒数日历"
"deu_Latn","anhänger adventskalender","挂饰圣诞倒数日历"
"deu_Latn","bayblade adventskalender 2025","2025年bayblade圣诞倒数日历"
"deu_Latn","dark romance adventskalender","darkromance圣诞倒数日历"
"deu_Latn","dr. oetker adventskalender 2025","2025年droetker圣诞倒数日历"
"deu_Latn","escape adventskalender 2025 erwachsene","2025年密室逃脱成人圣诞倒数日历"
"deu_Latn","holly adventskalender 2025","2025年holly圣诞倒数日历"
"deu_Latn","inhalt adventskalender mädchen","女孩圣诞倒数日历内装物"
"deu_Latn","inhalt für adventskalender teenager","青少年圣诞倒数日历内装物"
"deu_Latn","kleine füllung für adventskalender","小号圣诞倒数日历填充物"
"deu_Latn","kleinigkeit adventskalender kinder","小物儿童圣诞倒数日历"
"deu_Latn","knobelspiele adventskalender","益智游戏圣诞倒数日历"
"deu_Latn","magnet adventskalender","magnet圣诞倒数日历"
"deu_Latn","make up adventskalender 2025 elf","2025年e.l.f.圣诞倒数日历"
"deu_Latn","milka oreo adventskalender 2025","2025年MilkaOreo圣诞倒数日历"
"deu_Latn","my muesli adventskalender","muesli圣诞倒数日历"
"deu_Latn","playmobil novelmore adventskalender","Playmobilnovelmore圣诞倒数日历"
"deu_Latn","schwarztee adventskalender","schwarztee圣诞倒数日历"
"deu_Latn","sephoras favorites adventskalender","sephorasfavorites圣诞倒数日历"
"deu_Latn","spidey adventskalender 2025","2025年spidey圣诞倒数日历"
"deu_Latn","stoff adventskalender zum befüllen kinder","布艺可填充儿童圣诞倒数日历"
"deu_Latn","witziger adventskalender","witziger圣诞倒数日历"
"deu_Latn","weihnachtskalender für hunde","狗狗圣诞倒数日历"
"deu_Latn","weihnachtskalender jungen","男孩圣诞倒数日历"
"deu_Latn","weihnachtskalender socken","袜子圣诞倒数日历"
"deu_Latn","weihnachtskalender teenager junge","青少年男孩圣诞倒数日历"
"deu_Latn","adventskalender 12 jahre","12岁圣诞倒数日历"
"deu_Latn","adventskalender 2025 duft","2025年香氛圣诞倒数日历"
"deu_Latn","adventskalender 2025 fahrrad","2025年fahrrad圣诞倒数日历"
"deu_Latn","adventskalender 2025 frauen achtsamkeit","2025年女士正念圣诞倒数日历"
"deu_Latn","adventskalender 2025 holy energy","2025年Holy能量饮料圣诞倒数日历"
"deu_Latn","adventskalender 2025 musik","2025年音乐圣诞倒数日历"
"deu_Latn","adventskalender 2025 mutter","2025年母亲圣诞倒数日历"
"deu_Latn","adventskalender 3d","3D圣诞倒数日历"
"deu_Latn","adventskalender billig","billig圣诞倒数日历"
"deu_Latn","adventskalender chili sauce","chilisauce圣诞倒数日历"
"deu_Latn","adventskalender füllung junge","男孩圣诞倒数日历填充物"
"deu_Latn","adventskalender füllung kinder 10 jahre","10岁儿童圣诞倒数日历填充物"
"deu_Latn","adventskalender für sie","sie圣诞倒数日历"
"deu_Latn","adventskalender game of thrones","游戏ofthrones圣诞倒数日历"
"deu_Latn","adventskalender instant nudeln","instant面条圣诞倒数日历"
"deu_Latn","adventskalender isana","isana圣诞倒数日历"
"deu_Latn","adventskalender jägermeister","Jägermeister圣诞倒数日历"
"deu_Latn","adventskalender kinder 6 jahre mädchen","6岁儿童女孩圣诞倒数日历"
"deu_Latn","adventskalender lebkuchenhaus","leb蛋糕haus圣诞倒数日历"
"deu_Latn","adventskalender magnetbausteine","magnetbausteine圣诞倒数日历"
"deu_Latn","adventskalender rauhnächte","Rauhnächte圣诞倒数日历"
"deu_Latn","adventskalender selbst","selbst圣诞倒数日历"
"deu_Latn","adventskalender spielsachen","玩具圣诞倒数日历"
"deu_Latn","adventskalender teenager mädchen beauty","青少年女孩美妆圣诞倒数日历"
"deu_Latn","adventskalender trinken","饮品圣诞倒数日历"
"deu_Latn","adventskalender vater","vater圣诞倒数日历"
"deu_Latn","bier adventskalender 2025 bayern","2025年啤酒bayern圣诞倒数日历"
"deu_Latn","bierkasten adventskalender","啤酒箱圣诞倒数日历"
"deu_Latn","chemie adventskalender","chemie圣诞倒数日历"
"deu_Latn","coole adventskalender für frauen","酷女士圣诞倒数日历"
"deu_Latn","dart adventskalender 2025 steeldart","2025年飞镖steeldart圣诞倒数日历"
"deu_Latn","dove adventskalender","dove圣诞倒数日历"
"deu_Latn","flaconi adventskalender 2025","2025年flaconi圣诞倒数日历"
"deu_Latn","fußball-adventskalender","足球圣诞倒数日历"
"deu_Latn","hot wheel adventskalender","wheel圣诞倒数日历"
"deu_Latn","ironmaxx adventskalender","ironmaxx圣诞倒数日历"
"deu_Latn","jujutsu kaisen adventskalender","jujutsukaisen圣诞倒数日历"
"deu_Latn","kinder joy adventskalender","儿童joy圣诞倒数日历"
"deu_Latn","koreanischer adventskalender","koreanischer圣诞倒数日历"
"deu_Latn","lachgummi adventskalender","lachgummi圣诞倒数日历"
"deu_Latn","modellauto adventskalender","modellauto圣诞倒数日历"
"deu_Latn","panda adventskalender","panda圣诞倒数日历"
"deu_Latn","pärchen adventskalender schokolade","情侣巧克力圣诞倒数日历"
"deu_Latn","roth adventskalender","roth圣诞倒数日历"
"deu_Latn","sallys welt adventskalender 2025","2025年sallys世界圣诞倒数日历"
"deu_Latn","schmuck adventskalender 2025 mädchen","2025年珠宝首饰女孩圣诞倒数日历"
"deu_Latn","schokoladen adventskalender kinder","巧克力儿童圣诞倒数日历"
"deu_Latn","'adventskalender buch kinder","书籍儿童圣诞倒数日历"
"deu_Latn","24 adventskalender tüten","24纸袋圣诞倒数日历"
"deu_Latn","adventskalender 2025 ab 2 jahre","2025年2岁以上圣诞倒数日历"
"deu_Latn","adventskalender 2025 exit game","2025年EXIT游戏圣诞倒数日历"
"deu_Latn","adventskalender 2025 herzhaft","2025年herzhaft圣诞倒数日历"
"deu_Latn","adventskalender 2025 lego ninjago","2025年乐高乐高幻影忍者圣诞倒数日历"
"deu_Latn","adventskalender 2025 match attax","2025年Match Attax圣诞倒数日历"
"deu_Latn","adventskalender 2025 mädchen schminke","2025年女孩彩妆圣诞倒数日历"
"deu_Latn","adventskalender 2025 männer sex","2025年男士成人情趣圣诞倒数日历"
"deu_Latn","adventskalender 2025 traktor","2025年拖拉机圣诞倒数日历"
"deu_Latn","adventskalender 2025 weisse schokolade","2025年白巧克力圣诞倒数日历"
"deu_Latn","adventskalender ab 2 jahre mädchen","2岁以上女孩圣诞倒数日历"
"deu_Latn","adventskalender bastel","手工圣诞倒数日历"
"deu_Latn","adventskalender buttons zahlen","buttons数字圣诞倒数日历"
"deu_Latn","adventskalender essen und trinken","食品饮品圣诞倒数日历"
"deu_Latn","adventskalender fußball kinder","足球儿童圣诞倒数日历"
"deu_Latn","adventskalender für hundebesitzer","hundebesitzer圣诞倒数日历"
"deu_Latn","adventskalender hazet 2025","2025年HAZET圣诞倒数日历"
"deu_Latn","adventskalender jelly beans","jellybeans圣诞倒数日历"
"deu_Latn","adventskalender kellys","kellys圣诞倒数日历"
"deu_Latn","adventskalender köln","Köln圣诞倒数日历"
"deu_Latn","adventskalender männer fitness","男士健身圣诞倒数日历"
"deu_Latn","adventskalender paare schokolade","情侣巧克力圣诞倒数日历"
"deu_Latn","adventskalender schalke 04","schalke04圣诞倒数日历"
"deu_Latn","adventskalender sexspielzeug für frauen","成人情趣用品女士圣诞倒数日历"
"deu_Latn","adventskalender sonnentor","Sonnentor圣诞倒数日历"
"deu_Latn","adventskalender sticken","刺绣圣诞倒数日历"
"deu_Latn","adventskalender teenie","青少年圣诞倒数日历"
"deu_Latn","adventskalender toffifee","toffifee圣诞倒数日历"
"deu_Latn","adventskalender unter 20 euro","20欧元圣诞倒数日历"
"deu_Latn","adventskalender werkzeug 2025 männer","2025年工具男士圣诞倒数日历"
"deu_Latn","adventskalender windel","尿布圣诞倒数日历"
"deu_Latn","adventskalender zartbitterschokolade","zartbitterschokolade圣诞倒数日历"
"deu_Latn","adventskalender öle","ÖLE圣诞倒数日历"
"deu_Latn","eldrador adventskalender","eldrador圣诞倒数日历"
"deu_Latn","fc bayern münchen adventskalender 2025","2025年拜仁慕尼黑圣诞倒数日历"
"deu_Latn","fenster adventskalender","fenster圣诞倒数日历"
"deu_Latn","foodloose adventskalender","foodloose圣诞倒数日历"
"deu_Latn","harry potter schleich adventskalender","《哈利·波特》Schleich圣诞倒数日历"
"deu_Latn","kernenergie adventskalender","kernenergie圣诞倒数日历"
"deu_Latn","mini buch adventskalender","迷你书籍圣诞倒数日历"
"deu_Latn","mini schoko adventskalender","迷你巧克力圣诞倒数日历"
"deu_Latn","nivea men adventskalender","妮维雅男士圣诞倒数日历"
"deu_Latn","prinzessin adventskalender","公主圣诞倒数日历"
"deu_Latn","sachen für den adventskalender","小物圣诞倒数日历"
"deu_Latn","scharfe soßen adventskalender","辣酱圣诞倒数日历"
"deu_Latn","schleich pferde adventskalender","Schleich马匹圣诞倒数日历"
"deu_Latn","tony adventskalender","tony圣诞倒数日历"
"deu_Latn","trend it up adventskalender","trendit圣诞倒数日历"
"deu_Latn","vogelfutter adventskalender","vogelfutter圣诞倒数日历"
"deu_Latn","ddr weihnachtskalender","DDR圣诞倒数日历"
"deu_Latn","protein weihnachtskalender","蛋白质圣诞倒数日历"
"deu_Latn","adventskalender 2025 duplo","2025年DUPLO圣诞倒数日历"
"deu_Latn","adventskalender 2025 frauen erotisch","2025年女士情趣圣诞倒数日历"
"deu_Latn","adventskalender 2025 frauen weleda","2025年女士weleda圣诞倒数日历"
"deu_Latn","adventskalender 2025 gesundheit","2025年gesundheit圣诞倒数日历"
"deu_Latn","adventskalender 2025 gourmet","2025年美食圣诞倒数日历"
"deu_Latn","adventskalender 2025 rotbäckchen","2025年Rotbäckchen圣诞倒数日历"
"deu_Latn","adventskalender briefe","briefe圣诞倒数日历"
"deu_Latn","adventskalender die schule der magischen tiere","学校魔法动物圣诞倒数日历"
"deu_Latn","adventskalender dänemark","丹麦圣诞倒数日历"
"deu_Latn","adventskalender frauen ideen","女士创意圣诞倒数日历"
"deu_Latn","adventskalender freunde","freunde圣诞倒数日历"
"deu_Latn","adventskalender füllung junge 8 jahre","8岁男孩圣诞倒数日历填充物"
"deu_Latn","adventskalender für großeltern","祖父母圣诞倒数日历"
"deu_Latn","adventskalender für opa","祖父圣诞倒数日历"
"deu_Latn","adventskalender karten zum ausfüllen","卡片可填充圣诞倒数日历"
"deu_Latn","adventskalender kind 4 jahre","4岁儿童圣诞倒数日历"
"deu_Latn","adventskalender lustige sprüche","趣味格言圣诞倒数日历"
"deu_Latn","adventskalender papier nostalgie","纸质怀旧圣诞倒数日历"
"deu_Latn","adventskalender playmobil pferde","Playmobil马匹圣诞倒数日历"
"deu_Latn","adventskalender tischtennis","tischtennis圣诞倒数日历"
"deu_Latn","adventskalender zigaretten","zigaretten圣诞倒数日历"
"deu_Latn","auto adventskalender 2025 erwachsene","2025年汽车成人圣诞倒数日历"
"deu_Latn","ava may adventskalender","avamay圣诞倒数日历"
"deu_Latn","bastel adventskalender 2025 kinder","2025年手工儿童圣诞倒数日历"
"deu_Latn","boxiland adventskalender 2025","2025年boxiland圣诞倒数日历"
"deu_Latn","champagner adventskalender","champagner圣诞倒数日历"
"deu_Latn","chio chips adventskalender","chio薯片圣诞倒数日历"
"deu_Latn","cluedo adventskalender","cluedo圣诞倒数日历"
"deu_Latn","coole adventskalender 2025 männer","2025年酷男士圣诞倒数日历"
"deu_Latn","die drei ausrufezeichen adventskalender 2025","2025年三个感叹号圣诞倒数日历"
"deu_Latn","ecence adventskalender","ecence圣诞倒数日历"
"deu_Latn","erotische adventskalender paare 2025","2025年情趣情侣圣诞倒数日历"
"deu_Latn","exit - adventskalender","EXIT圣诞倒数日历"
"deu_Latn","ideen adventskalender frauen","创意女士圣诞倒数日历"
"deu_Latn","k-pop adventskalender","Kpop圣诞倒数日历"
"deu_Latn","nerf adventskalender","nerf圣诞倒数日历"
"deu_Latn","online adventskalender 2025","2025年online圣诞倒数日历"
"deu_Latn","poppy playtime adventskalender","poppyplaytime圣诞倒数日历"
"deu_Latn","proteinriegel adventskalender 2025","2025年蛋白棒圣诞倒数日历"
"deu_Latn","rossmann adventskalender 2025","2025年rossmann圣诞倒数日历"
"deu_Latn","stabilo adventskalender 2025","2025年stabilo圣诞倒数日历"
"deu_Latn","weihnachtssocken adventskalender","圣诞袜圣诞倒数日历"
"deu_Latn","xxl adventskalender säckchen","XXL小袋圣诞倒数日历"
"deu_Latn","adventskalender 18 monate","18个月圣诞倒数日历"
"deu_Latn","adventskalender 2025 gesunde snacks","2025年健康零食圣诞倒数日历"
"deu_Latn","adventskalender 2025 haare","2025年haare圣诞倒数日历"
"deu_Latn","adventskalender 2025 junge 8 jahre","2025年8岁男孩圣诞倒数日历"
"deu_Latn","adventskalender 2025 korean skincare","2025年韩式护肤圣诞倒数日历"
"deu_Latn","adventskalender 2025 marzipan niederegger","2025年杏仁糖Niederegger圣诞倒数日历"
"deu_Latn","adventskalender ab 5 jahre junge","5岁以上男孩圣诞倒数日历"
"deu_Latn","adventskalender candy","糖果圣诞倒数日历"
"deu_Latn","adventskalender füllen ideen","填充创意圣诞倒数日历"
"deu_Latn","adventskalender für weltenbummler","weltenbummler圣诞倒数日历"
"deu_Latn","adventskalender kiste holz","箱子木质圣诞倒数日历"
"deu_Latn","adventskalender lesen","阅读圣诞倒数日历"
"deu_Latn","adventskalender literatur","文学圣诞倒数日历"
"deu_Latn","adventskalender männer auto","男士汽车圣诞倒数日历"
"deu_Latn","adventskalender männer schokolade","男士巧克力圣诞倒数日历"
"deu_Latn","adventskalender nightmare before christmas","《圣诞夜惊魂》圣诞倒数日历"
"deu_Latn","adventskalender samen gemüse","蔬菜种子圣诞倒数日历"
"deu_Latn","adventskalender schnapspralinen","schnapspralinen圣诞倒数日历"
"deu_Latn","adventskalender sex 2025","2025年成人情趣圣诞倒数日历"
"deu_Latn","adventskalender turnen","体操圣诞倒数日历"
"deu_Latn","adventskalender yves rocher","yvesRocher圣诞倒数日历"
"deu_Latn","adventskalender zauberwürfel","魔方圣诞倒数日历"
"deu_Latn","american football adventskalender","美国足球圣诞倒数日历"
"deu_Latn","asos adventskalender 2025","2025年asos圣诞倒数日历"
"deu_Latn","barbara box adventskalender 2025","2025年barbara盒装圣诞倒数日历"
"deu_Latn","chexperiment adventskalender","chexperiment圣诞倒数日历"
"deu_Latn","craft beer adventskalender","craftbeer圣诞倒数日历"
"deu_Latn","deko adventskalender 2025","2025年装饰圣诞倒数日历"
"deu_Latn","diabetiker adventskalender","diabetiker圣诞倒数日历"
"deu_Latn","essence little xmas wonder adventskalender","essence小型xmaswonder圣诞倒数日历"
"deu_Latn","fischermannsfriend adventskalender","fischermannsfriend圣诞倒数日历"
"deu_Latn","geschenk adventskalender frauen","礼物女士圣诞倒数日历"
"deu_Latn","needoh adventskalender","NeeDoh圣诞倒数日历"
"deu_Latn","paarminuten adventskalender","paar分钟圣诞倒数日历"
"deu_Latn","peppa adventskalender","《小猪佩奇》圣诞倒数日历"
"deu_Latn","protein riegel adventskalender 2025","2025年蛋白质巧克力棒圣诞倒数日历"
"deu_Latn","selbstliebe adventskalender","selbstliebe圣诞倒数日历"
"deu_Latn","sol de janeiro adventskalender 2025","2025年Sol de Janeiro圣诞倒数日历"
"deu_Latn","stationery adventskalender","文具圣诞倒数日历"
"deu_Latn","thermomix adventskalender","thermomix圣诞倒数日历"
"deu_Latn","tiptoi adventskalender mini bücher","tiptoi迷你书籍圣诞倒数日历"
"deu_Latn","toni adventskalender 2025","2025年toni圣诞倒数日历"
"deu_Latn","zahlen zum aufbügeln adventskalender","数字Aufbügeln圣诞倒数日历"
"deu_Latn","amazon weihnachtskalender","亚马逊圣诞倒数日历"
"deu_Latn","weihnachtskalender parfüm frauen","香水女士圣诞倒数日历"
"deu_Latn","'adventskalender werkzeug","工具圣诞倒数日历"
"deu_Latn","3bears adventskalender","3bears圣诞倒数日历"
"deu_Latn","adventskalender 2025 edle tropfen","2025年精选酒品圣诞倒数日历"
"deu_Latn","adventskalender 2025 manga","2025年漫画圣诞倒数日历"
"deu_Latn","adventskalender 2025 männer kaffee","2025年男士咖啡圣诞倒数日历"
"deu_Latn","adventskalender 2025 yankee candle","2025年Yankee Candle圣诞倒数日历"
"deu_Latn","adventskalender douglas 2025 frauen","2025年Douglas女士圣诞倒数日历"
"deu_Latn","adventskalender füllung jugendliche","青少年圣诞倒数日历填充物"
"deu_Latn","adventskalender füllung kollegen","同事圣诞倒数日历填充物"
"deu_Latn","adventskalender für frauen sexy","女士情趣圣诞倒数日历"
"deu_Latn","adventskalender für ihn","ihn圣诞倒数日历"
"deu_Latn","adventskalender grill","grill圣诞倒数日历"
"deu_Latn","adventskalender gutscheine","gutscheine圣诞倒数日历"
"deu_Latn","adventskalender hidden games","Hidden 游戏圣诞倒数日历"
"deu_Latn","adventskalender hitschler","hitschler圣诞倒数日历"
"deu_Latn","adventskalender kräuter","草本圣诞倒数日历"
"deu_Latn","adventskalender kuromi","kuromi圣诞倒数日历"
"deu_Latn","adventskalender ladybug","ladybug圣诞倒数日历"
"deu_Latn","adventskalender man","man圣诞倒数日历"
"deu_Latn","adventskalender mit bier","啤酒圣诞倒数日历"
"deu_Latn","adventskalender mit katzen","猫咪圣诞倒数日历"
"deu_Latn","adventskalender mädchen 14","女孩14圣诞倒数日历"
"deu_Latn","adventskalender märchen","Märchen圣诞倒数日历"
"deu_Latn","adventskalender peppa","《小猪佩奇》圣诞倒数日历"
"deu_Latn","adventskalender pflegeprodukte","pflegeprodukte圣诞倒数日历"
"deu_Latn","adventskalender pralinen mit alkohol","巧克力糖酒类圣诞倒数日历"
"deu_Latn","adventskalender quetschi","quetschi圣诞倒数日历"
"deu_Latn","adventskalender selber befüllen papier","可自行填充纸质圣诞倒数日历"
"deu_Latn","adventskalender stoff wand","布艺墙面圣诞倒数日历"
"deu_Latn","adventskalender topmodel","topmodel圣诞倒数日历"
"deu_Latn","adventskalender trend it up","trendit圣诞倒数日历"
"deu_Latn","adventskalender villeroy und boch","villeroyboch圣诞倒数日历"
"deu_Latn","adventskalender wandern","wandern圣诞倒数日历"
"deu_Latn","adventskalender wurst 2025 männer","2025年香肠男士圣诞倒数日历"
"deu_Latn","adventskalender zahlen aufkleber gold","数字贴纸金色圣诞倒数日历"
"deu_Latn","adventskalender zum befüllen beutel","可填充圣诞倒数日历袋子"
"deu_Latn","aufkleber für adventskalender","贴纸圣诞倒数日历"
"deu_Latn","bio saatgut adventskalender","有机种子圣诞倒数日历"
"deu_Latn","craze blade adventskalender","crazeblade圣诞倒数日历"
"deu_Latn","der kleine maulwurf adventskalender","小号maulwurf圣诞倒数日历"
"deu_Latn","diy adventskalender kinder","DIY儿童圣诞倒数日历"
"deu_Latn","dragon ball adventskalender","《龙珠》圣诞倒数日历"
"deu_Latn","fußball adventskalender kinder","足球儿童圣诞倒数日历"
"deu_Latn","glühwein adventskalender 2025","2025年热红酒圣诞倒数日历"
"deu_Latn","ideen adventskalender","创意圣诞倒数日历"
"deu_Latn","inhalte für adventskalender","inhalte圣诞倒数日历内装物"
"deu_Latn","kleine sachen für adventskalender kinder","小号小物儿童圣诞倒数日历"
"deu_Latn","lol surprise adventskalender","lolsurprise圣诞倒数日历"
"deu_Latn","m. asam adventskalender 2025","2025年MASAM圣诞倒数日历"
"deu_Latn","mädchen adventskalender 4 jahre","4岁女孩圣诞倒数日历"
"deu_Latn","männer adventskalender werkzeug","男士工具圣诞倒数日历"
"deu_Latn","niederegger adventskalender 2025 vegan","2025年Niederegger纯素圣诞倒数日历"
"deu_Latn","nø cosmetics adventskalender","NØ化妆品圣诞倒数日历"
"deu_Latn","peppa adventskalender 2025","2025年《小猪佩奇》圣诞倒数日历"
"deu_Latn","pink box adventskalender","粉色盒装圣诞倒数日历"
"deu_Latn","pixi buch adventskalender","pixi书籍圣诞倒数日历"
"deu_Latn","schwangerschafts adventskalender","孕期圣诞倒数日历"
"deu_Latn","st pauli adventskalender","stpauli圣诞倒数日历"
"deu_Latn","us sweets adventskalender 2025","2025年ussweets圣诞倒数日历"
"deu_Latn","veganer schoko adventskalender","纯素巧克力圣诞倒数日历"
"deu_Latn","witzige adventskalender","witzige圣诞倒数日历"
"deu_Latn","weihnachtskalender 2025 kinder mädchen","2025年儿童女孩圣诞倒数日历"
"deu_Latn","weihnachtskalender für paare 2025","2025年情侣圣诞倒数日历"
"deu_Latn","adventskalender 2025 ausgefallen","2025年别具一格圣诞倒数日历"
"deu_Latn","adventskalender 2025 einhell","2025年einhell圣诞倒数日历"
"deu_Latn","adventskalender 2025 energy drink","2025年能量饮料drink圣诞倒数日历"
"deu_Latn","adventskalender 2025 frauen parfum","2025年女士香水圣诞倒数日历"
"deu_Latn","adventskalender 2025 kinder haribo","2025年儿童哈瑞宝圣诞倒数日历"
"deu_Latn","adventskalender 2025 stich","2025年stich圣诞倒数日历"
"deu_Latn","adventskalender angebote","angebote圣诞倒数日历"
"deu_Latn","adventskalender buben","男孩圣诞倒数日历"
"deu_Latn","adventskalender bücher erwachsene","书籍成人圣诞倒数日历"
"deu_Latn","adventskalender flugzeug","飞机圣诞倒数日历"
"deu_Latn","adventskalender kinder 10-12 jahre","12岁儿童10圣诞倒数日历"
"deu_Latn","adventskalender kinder paw patrol","儿童《汪汪队立大功》圣诞倒数日历"
"deu_Latn","adventskalender mit gewürzen","香料圣诞倒数日历"
"deu_Latn","adventskalender partner mann","伴侣男士圣诞倒数日历"
"deu_Latn","adventskalender saatgut alte sorten","种子altesorten圣诞倒数日历"
"deu_Latn","adventskalender schmuck teenager","珠宝首饰青少年圣诞倒数日历"
"deu_Latn","adventskalender selber füllen","填充圣诞倒数日历"
"deu_Latn","adventskalender süsses aus aller welt","甜食世界各地圣诞倒数日历"
"deu_Latn","adventskalender tüten gross","纸袋gross圣诞倒数日历"
"deu_Latn","adventskalender zauber","魔法圣诞倒数日历"
"deu_Latn","adventskalender zotter","zotter圣诞倒数日历"
"deu_Latn","animal crossing adventskalender","《动物森友会》圣诞倒数日历"
"deu_Latn","asam adventskalender","ASAM圣诞倒数日历"
"deu_Latn","bayern los adventskalender","bayernlos圣诞倒数日历"
"deu_Latn","bbq adventskalender 2025","2025年bbq圣诞倒数日历"
"deu_Latn","bdsm adventskalender","bdsm圣诞倒数日历"
"deu_Latn","energy drink adventskalender","能量饮料drink圣诞倒数日历"
"deu_Latn","hey clay adventskalender","heyclay圣诞倒数日历"
"deu_Latn","häuser adventskalender","房屋圣诞倒数日历"
"deu_Latn","jagd adventskalender 2025","2025年狩猎圣诞倒数日历"
"deu_Latn","kneipe adventskalender","kneipe圣诞倒数日历"
"deu_Latn","lego 21280 minecraft adventskalender 2025","2025年乐高21280《我的世界》圣诞倒数日历"
"deu_Latn","lego adventskalender 2025 erwachsene","2025年乐高成人圣诞倒数日历"
"deu_Latn","luxus adventskalender männer","奢华男士圣诞倒数日历"
"deu_Latn","mineralien adventskalender","矿物圣诞倒数日历"
"deu_Latn","peppa pig adventskalender 2025","2025年小猪佩奇圣诞倒数日历"
"deu_Latn","playmobil adventskalender ritter","PlaymobilRitter圣诞倒数日历"
"deu_Latn","retro adventskalender 2025","2025年复古圣诞倒数日历"
"deu_Latn","takis adventskalender","takis圣诞倒数日历"
"deu_Latn","the body shop adventskalender","The Body Shop圣诞倒数日历"
"deu_Latn","topps adventskalender","Topps圣诞倒数日历"
"deu_Latn","van life adventskalender","vanlife圣诞倒数日历"
"deu_Latn","zauber adventskalender 2025","2025年魔法圣诞倒数日历"
"deu_Latn","lindt weihnachtskalender 2025","2025年瑞士莲圣诞倒数日历"
"deu_Latn","3d adventskalender 2025","2025年3D圣诞倒数日历"
"deu_Latn","adventskalender 2025 bilder nostalgie","2025年图片怀旧圣诞倒数日历"
"deu_Latn","adventskalender 2025 gamer","2025年游戏玩家圣诞倒数日历"
"deu_Latn","adventskalender 2025 kinder dino","2025年儿童恐龙圣诞倒数日历"
"deu_Latn","adventskalender 2025 manner","2025年manner圣诞倒数日历"
"deu_Latn","adventskalender 2025 nähen","2025年缝纫圣诞倒数日历"
"deu_Latn","adventskalender 2025 pralinen ohne alkohol","2025年巧克力糖无酒精圣诞倒数日历"
"deu_Latn","adventskalender 2025 usa","2025年美国圣诞倒数日历"
"deu_Latn","adventskalender 2025 werder bremen","2025年werderbremen圣诞倒数日历"
"deu_Latn","adventskalender 2025 yoga","2025年瑜伽圣诞倒数日历"
"deu_Latn","adventskalender 7 jahre","7岁圣诞倒数日历"
"deu_Latn","adventskalender die drei","三圣诞倒数日历"
"deu_Latn","adventskalender dinos","dinos圣诞倒数日历"
"deu_Latn","adventskalender erzgebirge","erzgebirge圣诞倒数日历"
"deu_Latn","adventskalender fahrzeuge kinder","fahrzeuge儿童圣诞倒数日历"
"deu_Latn","adventskalender funny frisch 2025","2025年趣味新鲜圣诞倒数日历"
"deu_Latn","adventskalender füllung jungen 10","男孩10圣诞倒数日历填充物"
"deu_Latn","adventskalender füllung teenager junge","青少年男孩圣诞倒数日历填充物"
"deu_Latn","adventskalender häuser groß","房屋大号圣诞倒数日历"
"deu_Latn","adventskalender junge 13 jahre","13岁男孩圣诞倒数日历"
"deu_Latn","adventskalender kinder 3 jahre mädchen","3岁儿童女孩圣诞倒数日历"
"deu_Latn","adventskalender kinder 5 jahre mädchen","5岁儿童女孩圣诞倒数日历"
"deu_Latn","adventskalender kinder buch","儿童书籍圣诞倒数日历"
"deu_Latn","adventskalender kinder süssigkeiten","儿童糖果圣诞倒数日历"
"deu_Latn","adventskalender kleinigkeiten mann","小物男士圣诞倒数日历"
"deu_Latn","adventskalender landwirtschaft","landwirtschaft圣诞倒数日历"
"deu_Latn","adventskalender lesen kinder","阅读儿童圣诞倒数日历"
"deu_Latn","adventskalender lkw","lkw圣诞倒数日历"
"deu_Latn","adventskalender loccitane","欧舒丹圣诞倒数日历"
"deu_Latn","adventskalender mit großen fächern","大隔层圣诞倒数日历"
"deu_Latn","adventskalender männer beauty","男士美妆圣诞倒数日历"
"deu_Latn","adventskalender sephora 2025","2025年丝芙兰圣诞倒数日历"
"deu_Latn","adventskalender sportler 2025","2025年运动员圣诞倒数日历"
"deu_Latn","adventskalender säckchen zum befüllen groß","可填充大号圣诞倒数日历小袋"
"deu_Latn","adventskalender thermomix","thermomix圣诞倒数日历"
"deu_Latn","adventskalender vegane schokolade","纯素巧克力圣诞倒数日历"
"deu_Latn","adventskalender würth","Würth圣诞倒数日历"
"deu_Latn","artdeco adventskalender","artdeco圣诞倒数日历"
"deu_Latn","badezusatz adventskalender 2025","2025年沐浴用品圣诞倒数日历"
"deu_Latn","das kleine böse buch adventskalender 2025","2025年小号邪恶书籍圣诞倒数日历"
"deu_Latn","dewalt adventskalender","dewalt圣诞倒数日历"
"deu_Latn","exit adventskalender buch","EXIT书籍圣诞倒数日历"
"deu_Latn","foto adventskalender mit schokolade","照片巧克力圣诞倒数日历"
"deu_Latn","hertha bsc adventskalender","herthabsc圣诞倒数日历"
"deu_Latn","influencer adventskalender 2025","2025年iNFLuencer圣诞倒数日历"
"deu_Latn","playmobil adventskalender 2025 mädchen","2025年Playmobil女孩圣诞倒数日历"
"deu_Latn","puzzle-adventskalender","拼图圣诞倒数日历"
"deu_Latn","raspberry pi adventskalender","raspberrypi圣诞倒数日历"
"deu_Latn","werkzeug adventskalender bosch","工具博世圣诞倒数日历"
"deu_Latn","wissen mit johnny adventskalender 2025","2025年Wissen mit Johnny圣诞倒数日历"
"deu_Latn","zeichen adventskalender","zeichen圣诞倒数日历"
"deu_Latn","tüten weihnachtskalender","纸袋圣诞倒数日历"
"deu_Latn","adventskalender 2025 christlich","2025年christlich圣诞倒数日历"
"deu_Latn","adventskalender 2025 jungen 15 jahre","2025年15岁男孩圣诞倒数日历"
"deu_Latn","adventskalender 2025 lol","2025年lol圣诞倒数日历"
"deu_Latn","adventskalender 2025 schleich pferde","2025年Schleich马匹圣诞倒数日历"
"deu_Latn","adventskalender duplo schokolade","DUPLO巧克力圣诞倒数日历"
"deu_Latn","adventskalender einfach","einfach圣诞倒数日历"
"deu_Latn","adventskalender für 3 jährige mädchen","3岁女孩圣诞倒数日历"
"deu_Latn","adventskalender hund 2025","2025年狗狗圣诞倒数日历"
"deu_Latn","adventskalender huntrix","huntrix圣诞倒数日历"
"deu_Latn","adventskalender kinder 12 jahre","12岁儿童圣诞倒数日历"
"deu_Latn","adventskalender kinder fussball","儿童足球圣诞倒数日历"
"deu_Latn","adventskalender kinder kleinigkeiten","儿童小物圣诞倒数日历"
"deu_Latn","adventskalender lipgloss","lipgloss圣诞倒数日历"
"deu_Latn","adventskalender masken beauty","面膜美妆圣诞倒数日历"
"deu_Latn","adventskalender mit weißer schokolade","Weißer巧克力圣诞倒数日历"
"deu_Latn","adventskalender modelleisenbahn","modelleisenbahn圣诞倒数日历"
"deu_Latn","adventskalender naschen","零食圣诞倒数日历"
"deu_Latn","adventskalender novelmore","novelmore圣诞倒数日历"
"deu_Latn","backen adventskalender","烘焙圣诞倒数日历"
"deu_Latn","bastel adventskalender mädchen","手工女孩圣诞倒数日历"
"deu_Latn","cannabis adventskalender 2025","2025年cannabis圣诞倒数日历"
"deu_Latn","couple adventskalender","couple圣诞倒数日历"
"deu_Latn","drachen adventskalender 2025","2025年龙圣诞倒数日历"
"deu_Latn","edelstein adventskalender kinder 2025","2025年宝石儿童圣诞倒数日历"
"deu_Latn","feigling adventskalender 2025","2025年feigling圣诞倒数日历"
"deu_Latn","fifa adventskalender 2025","2025年fifa圣诞倒数日历"
"deu_Latn","fitness adventskalender 2025 männer","2025年健身男士圣诞倒数日历"
"deu_Latn","glossybox adventskalender","glossybox圣诞倒数日历"
"deu_Latn","hello lindt adventskalender 2025","2025年瑞士莲圣诞倒数日历"
"deu_Latn","kleinigkeit für adventskalender frau","小物女士圣诞倒数日历"
"deu_Latn","ladybug adventskalender 2025","2025年ladybug圣诞倒数日历"
"deu_Latn","musik adventskalender 2025","2025年音乐圣诞倒数日历"
"deu_Latn","mystery adventskalender","mystery圣诞倒数日历"
"deu_Latn","männersache adventskalender","Männersache圣诞倒数日历"
"deu_Latn","näh adventskalender","缝纫圣诞倒数日历"
"deu_Latn","skz adventskalender","skz圣诞倒数日历"
"deu_Latn","stempel adventskalender","stempel圣诞倒数日历"
"deu_Latn","süßigkeiten adventskalender befüllen","糖果可填充圣诞倒数日历"
"deu_Latn","venchi adventskalender 2025","2025年venchi圣诞倒数日历"
"deu_Latn","weihnachtskalender 2025 chips","2025年薯片圣诞倒数日历"
"deu_Latn","weihnachtskalender selbst befüllen kinder","可自行填充儿童圣诞倒数日历"
"deu_Latn","24 karten für adventskalender","24卡片圣诞倒数日历"
"deu_Latn","adventskalender 2025 frauen sprüche","2025年女士格言圣诞倒数日历"
"deu_Latn","adventskalender 2025 jungen 8 jahre","2025年8岁男孩圣诞倒数日历"
"deu_Latn","adventskalender 2025 maybelline","2025年美宝莲圣诞倒数日历"
"deu_Latn","adventskalender 2025 milka schokolade","2025年Milka巧克力圣诞倒数日历"
"deu_Latn","adventskalender 2025 my müsli","2025年麦片圣诞倒数日历"
"deu_Latn","adventskalender 2025 mädchen 2 jahre","2025年2岁女孩圣诞倒数日历"
"deu_Latn","adventskalender 2025 play doh","2025年Play-Doh圣诞倒数日历"
"deu_Latn","adventskalender ab 8 jahre junge","8岁以上男孩圣诞倒数日历"
"deu_Latn","adventskalender amazon beauty","亚马逊美妆圣诞倒数日历"
"deu_Latn","adventskalender anime 2025","2025年动漫圣诞倒数日历"
"deu_Latn","adventskalender badesalz","badesalz圣诞倒数日历"
"deu_Latn","adventskalender berühmte frauen","Berühmte女士圣诞倒数日历"
"deu_Latn","adventskalender billie eilish","billieeilish圣诞倒数日历"
"deu_Latn","adventskalender bobo","bobo圣诞倒数日历"
"deu_Latn","adventskalender bülow","Bülow圣诞倒数日历"
"deu_Latn","adventskalender challenge","challenge圣诞倒数日历"
"deu_Latn","adventskalender eulen","猫头鹰圣诞倒数日历"
"deu_Latn","adventskalender fendt","fendt圣诞倒数日历"
"deu_Latn","adventskalender fischen","fischen圣诞倒数日历"
"deu_Latn","adventskalender füllen teenager","填充青少年圣诞倒数日历"
"deu_Latn","adventskalender für mitarbeiter","mitarbeiter圣诞倒数日历"
"deu_Latn","adventskalender girls","女孩圣诞倒数日历"
"deu_Latn","adventskalender grinch socken","圣诞怪杰袜子圣诞倒数日历"
"deu_Latn","adventskalender ideen zum befüllen männer","创意可填充男士圣诞倒数日历"
"deu_Latn","adventskalender ingwer","ingwer圣诞倒数日历"
"deu_Latn","adventskalender jungen playmobil","男孩Playmobil圣诞倒数日历"
"deu_Latn","adventskalender lebkuchen 2025","2025年姜饼圣诞倒数日历"
"deu_Latn","adventskalender mit namen","namen圣诞倒数日历"
"deu_Latn","adventskalender nagellack 2025","2025年指甲油圣诞倒数日历"
"deu_Latn","adventskalender parfüm frauen","香水女士圣诞倒数日历"
"deu_Latn","adventskalender schottland","schottland圣诞倒数日历"
"deu_Latn","adventskalender senioren 2025","2025年老年人圣诞倒数日历"
"deu_Latn","adventskalender smoothie","smoothie圣诞倒数日历"
"deu_Latn","adventskalender stricken 2025","2025年编织圣诞倒数日历"
"deu_Latn","adventskalender technik erwachsene","科技成人圣诞倒数日历"
"deu_Latn","adventskalender zum befüllen aus stoff","可填充布艺圣诞倒数日历"
"deu_Latn","building blocks adventskalender","buildingblocks圣诞倒数日历"
"deu_Latn","bügelperlen adventskalender","Bügelperlen圣诞倒数日历"
"deu_Latn","büro adventskalender 2025","2025年办公室圣诞倒数日历"
"deu_Latn","cars adventskalender 2025","2025年汽车总动员圣诞倒数日历"
"deu_Latn","champions league adventskalender","championsleague圣诞倒数日历"
"deu_Latn","dallmayr adventskalender 2025","2025年dallmayr圣诞倒数日历"
"deu_Latn","der magische adventskalender","magische圣诞倒数日历"
"deu_Latn","diamond-painting-adventskalender","钻石画圣诞倒数日历"
"deu_Latn","douglas adventskalender 2024","2024年Douglas圣诞倒数日历"
"deu_Latn","friends adventskalender 2025","2025年Friends圣诞倒数日历"
"deu_Latn","gesichtsmasken adventskalender","面膜圣诞倒数日历"
"deu_Latn","grinch adventskalender schokolade","圣诞怪杰巧克力圣诞倒数日历"
"deu_Latn","junglück adventskalender","Junglück圣诞倒数日历"
"deu_Latn","käse adventskalender 2025","2025年Käse圣诞倒数日历"
"deu_Latn","lavera adventskalender","lavera圣诞倒数日历"
"deu_Latn","lego frozen adventskalender","乐高冰雪奇缘圣诞倒数日历"
"deu_Latn","oma adventskalender","祖母圣诞倒数日历"
"deu_Latn","paar adventskalender 2025 sex","2025年情侣成人情趣圣诞倒数日历"
"deu_Latn","pinguin adventskalender 2025","2025年pinguin圣诞倒数日历"
"deu_Latn","pokemon adventskalender 2025 karten","2025年宝可梦卡片圣诞倒数日历"
"deu_Latn","puzzel adventskalender","puzzel圣诞倒数日历"
"deu_Latn","rabenhorst adventskalender","rabenhorst圣诞倒数日历"
"deu_Latn","rauch adventskalender 2025","2025年rauch圣诞倒数日历"
"deu_Latn","schleich pferde adventskalender 2025","2025年Schleich马匹圣诞倒数日历"
"deu_Latn","spiele adventskalender 2025","2025年游戏圣诞倒数日历"
"deu_Latn","tee für adventskalender","茶叶圣诞倒数日历"
"deu_Latn","trixie adventskalender hund","trixie狗狗圣诞倒数日历"
"deu_Latn","weihnachtskalender für mädchen","女孩圣诞倒数日历"
"deu_Latn","24 mini geschenke adventskalender","24迷你礼物圣诞倒数日历"
"deu_Latn","adventskalender 2025 frauen loreal","2025年女士欧莱雅圣诞倒数日历"
"deu_Latn","adventskalender 2025 kakao","2025年可可圣诞倒数日历"
"deu_Latn","adventskalender 2025 senioren","2025年老年人圣诞倒数日历"
"deu_Latn","adventskalender 2025 zuckerfrei","2025年无糖圣诞倒数日历"
"deu_Latn","adventskalender aufsteller","aufsteller圣诞倒数日历"
"deu_Latn","adventskalender douglas männer","Douglas男士圣诞倒数日历"
"deu_Latn","adventskalender für 16 jährige jungs","16岁男孩圣诞倒数日历"
"deu_Latn","adventskalender für 2 jährige mädchen","2岁女孩圣诞倒数日历"
"deu_Latn","adventskalender für künstler","艺术家圣诞倒数日历"
"deu_Latn","adventskalender für werdende väter","werdende父亲圣诞倒数日历"
"deu_Latn","adventskalender inhalt kinder 2 jahre","2岁儿童圣诞倒数日历内装物"
"deu_Latn","adventskalender junge 2 jahre","2岁男孩圣诞倒数日历"
"deu_Latn","adventskalender katzenspielzeug","katzenspielzeug圣诞倒数日历"
"deu_Latn","adventskalender kinder 9 jahre mädchen","9岁儿童女孩圣诞倒数日历"
"deu_Latn","adventskalender mac","mac圣诞倒数日历"
"deu_Latn","adventskalender make-up","圣诞倒数日历"
"deu_Latn","adventskalender mama und baby","妈妈婴幼儿圣诞倒数日历"
"deu_Latn","adventskalender mit autos","汽车圣诞倒数日历"
"deu_Latn","adventskalender mit schminke","彩妆圣诞倒数日历"
"deu_Latn","adventskalender mädchen 10 jahre beauty","10岁女孩美妆圣诞倒数日历"
"deu_Latn","adventskalender mädchen 11","女孩11圣诞倒数日历"
"deu_Latn","adventskalender männer rituals","男士Rituals圣诞倒数日历"
"deu_Latn","adventskalender pandora armband","Pandora手链圣诞倒数日历"
"deu_Latn","adventskalender proteine","proteine圣诞倒数日历"
"deu_Latn","adventskalender sachen suchen","小物suchen圣诞倒数日历"
"deu_Latn","adventskalender schlüsselanhänger","钥匙扣圣诞倒数日历"
"deu_Latn","adventskalender schubladen","抽屉圣诞倒数日历"
"deu_Latn","adventskalender zum basteln für kinder","手工儿童圣诞倒数日历"
"deu_Latn","anti stress adventskalender","antistress圣诞倒数日历"
"deu_Latn","arduino adventskalender","arduino圣诞倒数日历"
"deu_Latn","asbach adventskalender","asbach圣诞倒数日历"
"deu_Latn","candy adventskalender 2025","2025年糖果圣诞倒数日历"
"deu_Latn","fussball adventskalender kinder","足球儿童圣诞倒数日历"
"deu_Latn","hautpflege adventskalender","hautpflege圣诞倒数日历"
"deu_Latn","klammern für adventskalender","klammern圣诞倒数日历"
"deu_Latn","knabber adventskalender 2025","2025年knabber圣诞倒数日历"
"deu_Latn","lego blumenstrauß adventskalender","乐高Blumenstrauß圣诞倒数日历"
"deu_Latn","lindt adventskalender 2025 teddy","2025年瑞士莲teddy圣诞倒数日历"
"deu_Latn","mein erster baby adventskalender","erster婴幼儿圣诞倒数日历"
"deu_Latn","mindful adventskalender","mindful圣诞倒数日历"
"deu_Latn","myprotein adventskalender 2025","2025年myprotein圣诞倒数日历"
"deu_Latn","playmobil piraten adventskalender","Playmobilpiraten圣诞倒数日历"
"deu_Latn","riegel adventskalender","巧克力棒圣诞倒数日历"
"deu_Latn","ruf adventskalender","ruf圣诞倒数日历"
"deu_Latn","schladerer adventskalender","schladerer圣诞倒数日历"
"deu_Latn","sellmer adventskalender","sellmer圣诞倒数日历"
"deu_Latn","senioren adventskalender","老年人圣诞倒数日历"
"deu_Latn","snickers adventskalender","snickers圣诞倒数日历"
"deu_Latn","supernatural adventskalender","supernatural圣诞倒数日历"
"deu_Latn","tarot adventskalender","tarot圣诞倒数日历"
"deu_Latn","twinkling treasures adventskalender 2025","2025年twinklingtreasures圣诞倒数日历"
"deu_Latn","union berlin adventskalender","unionberlin圣诞倒数日历"
"deu_Latn","venchi adventskalender","venchi圣诞倒数日历"
"deu_Latn","world of sweets adventskalender","糖果世界圣诞倒数日历"
"deu_Latn","weihnachtskalender fitness","健身圣诞倒数日历"
"deu_Latn","'adventskalender erwachsene","成人圣诞倒数日历"
"deu_Latn","adventskalender 15 jahre mädchen","15岁女孩圣诞倒数日历"
"deu_Latn","adventskalender 2025 artdeco","2025年artdeco圣诞倒数日历"
"deu_Latn","adventskalender 2025 brainrot","2025年brainrot圣诞倒数日历"
"deu_Latn","adventskalender 2025 frauen duftkerzen","2025年女士香薰蜡烛圣诞倒数日历"
"deu_Latn","adventskalender 2025 kinder füllung","2025年儿童圣诞倒数日历填充物"
"deu_Latn","adventskalender 2025 männer chips","2025年男士薯片圣诞倒数日历"
"deu_Latn","adventskalender 2025 samen","2025年种子圣诞倒数日历"
"deu_Latn","adventskalender 2025 smarties","2025年Smarties圣诞倒数日历"
"deu_Latn","adventskalender ab 10 jahre junge","10岁以上男孩圣诞倒数日历"
"deu_Latn","adventskalender ab 7 jahre","7岁以上圣诞倒数日历"
"deu_Latn","adventskalender black friday","blackfriday圣诞倒数日历"
"deu_Latn","adventskalender frauen parfum","女士香水圣诞倒数日历"
"deu_Latn","adventskalender frauen top 10","女士top10圣诞倒数日历"
"deu_Latn","adventskalender für 2 jährige jungen","2岁男孩圣诞倒数日历"
"deu_Latn","adventskalender für kaninchen","兔子圣诞倒数日历"
"deu_Latn","adventskalender für leseratten","leseratten圣诞倒数日历"
"deu_Latn","adventskalender für ärzte","医生圣诞倒数日历"
"deu_Latn","adventskalender glitzer","闪粉圣诞倒数日历"
"deu_Latn","adventskalender kaffee gemahlen","咖啡研磨圣诞倒数日历"
"deu_Latn","adventskalender kinder 11 jahre","11岁儿童圣诞倒数日历"
"deu_Latn","adventskalender miraculous","miraculous圣诞倒数日历"
"deu_Latn","adventskalender mit duftkerzen","香薰蜡烛圣诞倒数日历"
"deu_Latn","adventskalender mit glitzer","闪粉圣诞倒数日历"
"deu_Latn","adventskalender mit kerzen","蜡烛圣诞倒数日历"
"deu_Latn","adventskalender nici","nici圣诞倒数日历"
"deu_Latn","adventskalender odonnell","odonnell圣诞倒数日历"
"deu_Latn","adventskalender reeses 2025","2025年Reese's圣诞倒数日历"
"deu_Latn","adventskalender selbst basteln","selbst手工圣诞倒数日历"
"deu_Latn","adventskalender sternenschweif","sternenschweif圣诞倒数日历"
"deu_Latn","adventskalender säcke zum befüllen","可填充圣诞倒数日历袋子"
"deu_Latn","adventskalender tinti 2025","2025年tinti圣诞倒数日历"
"deu_Latn","adventskalender tüten braun","纸袋braun圣诞倒数日历"
"deu_Latn","adventskalender zum selber befüllen kinder","可自行填充儿童圣诞倒数日历"
"deu_Latn","adventskalender überraschung","惊喜圣诞倒数日历"
"deu_Latn","balea men adventskalender 2025","2025年Balea男士圣诞倒数日历"
"deu_Latn","beauty adventskalender 2025 essence","2025年美妆essence圣诞倒数日历"
"deu_Latn","disney princess adventskalender","迪士尼princess圣诞倒数日历"
"deu_Latn","food adventskalender","食品圣诞倒数日历"
"deu_Latn","geschenke für frauen adventskalender","礼物女士圣诞倒数日历"
"deu_Latn","just spice adventskalender","justspice圣诞倒数日历"
"deu_Latn","lego adventskalender minecraft 2025","2025年乐高《我的世界》圣诞倒数日历"
"deu_Latn","likör adventskalender 2025","2025年利口酒圣诞倒数日历"
"deu_Latn","mexican tears adventskalender","mexicantears圣诞倒数日历"
"deu_Latn","nba adventskalender","nba圣诞倒数日历"
"deu_Latn","new york adventskalender 2025","2025年新品york圣诞倒数日历"
"deu_Latn","notino adventskalender parfüm","notino香水圣诞倒数日历"
"deu_Latn","pokemon adventskalender 2024","2024年宝可梦圣诞倒数日历"
"deu_Latn","popcorn adventskalender 2025","2025年popcorn圣诞倒数日历"
"deu_Latn","schwangerschaft adventskalender","孕期圣诞倒数日历"
"deu_Latn","sexy adventskalender 2025 frauen","2025年情趣女士圣诞倒数日历"
"deu_Latn","snoopy socken adventskalender","史努比袜子圣诞倒数日历"
"deu_Latn","weihnachtskalender für katzen","猫咪圣诞倒数日历"
"deu_Latn","weihnachtskalender hunde","狗狗圣诞倒数日历"
"deu_Latn","weihnachtskalender junge","男孩圣诞倒数日历"
"deu_Latn","weihnachtskalender kerzen","蜡烛圣诞倒数日历"
"deu_Latn","adventskalender 2025 1 jahr","2025年1岁圣诞倒数日历"
"deu_Latn","adventskalender 2025 cocktail","2025年cocktail圣诞倒数日历"
"deu_Latn","adventskalender 2025 für teenager","2025年青少年圣诞倒数日历"
"deu_Latn","adventskalender 2025 junge frauen","2025年男孩女士圣诞倒数日历"
"deu_Latn","adventskalender 2025 kinder schmuck","2025年儿童珠宝首饰圣诞倒数日历"
"deu_Latn","adventskalender 2025 mädchen pferde","2025年女孩马匹圣诞倒数日历"
"deu_Latn","adventskalender 2025 ohne schokolade","2025年不含巧克力圣诞倒数日历"
"deu_Latn","adventskalender 2025 wolle","2025年羊毛圣诞倒数日历"
"deu_Latn","adventskalender ab 2 jahre junge","2岁以上男孩圣诞倒数日历"
"deu_Latn","adventskalender ausmalen","涂色圣诞倒数日历"
"deu_Latn","adventskalender biotherm herren","biotherm男士圣诞倒数日历"
"deu_Latn","adventskalender füllung bis 2 euro","2欧元圣诞倒数日历填充物"
"deu_Latn","adventskalender für 4 jährige jungs","4岁男孩圣诞倒数日历"
"deu_Latn","adventskalender für erwachsene frauen","成人女士圣诞倒数日历"
"deu_Latn","adventskalender k-pop","Kpop圣诞倒数日历"
"deu_Latn","adventskalender kleber zahlen","kleber数字圣诞倒数日历"
"deu_Latn","adventskalender luxus","奢华圣诞倒数日历"
"deu_Latn","adventskalender malen erwachsene","涂色成人圣诞倒数日历"
"deu_Latn","adventskalender mineralien","矿物圣诞倒数日历"
"deu_Latn","adventskalender mädchen 17 jahre","17岁女孩圣诞倒数日历"
"deu_Latn","adventskalender playboy männer","playboy男士圣诞倒数日历"
"deu_Latn","adventskalender süßigkeiten kinder","糖果儿童圣诞倒数日历"
"deu_Latn","adventskalender teenager mädchen kosmetik","青少年女孩化妆品圣诞倒数日历"
"deu_Latn","adventskalender wissenschaft","wissenschaft圣诞倒数日历"
"deu_Latn","adventskalender zum selber machen","DIY圣诞倒数日历"
"deu_Latn","adventskalender zum zusammenbauen","组装圣诞倒数日历"
"deu_Latn","beauty adventskalender teenager","美妆青少年圣诞倒数日历"
"deu_Latn","clean girl adventskalender","cleangirl圣诞倒数日历"
"deu_Latn","der airfryer adventskalender","空气炸锅圣诞倒数日历"
"deu_Latn","duell adventskalender für paare","对决情侣圣诞倒数日历"
"deu_Latn","fc bayern adventskalender 2025 kinder","2025年拜仁慕尼黑儿童圣诞倒数日历"
"deu_Latn","kaffeebohnen adventskalender 2025","2025年咖啡豆圣诞倒数日历"
"deu_Latn","kleine geschenke adventskalender männer","小号礼物男士圣诞倒数日历"
"deu_Latn","kleinigkeiten für adventskalender frau","小物女士圣诞倒数日历"
"deu_Latn","krimi und tee adventskalender 2025","2025年推理茶叶圣诞倒数日历"
"deu_Latn","krippen adventskalender","krippen圣诞倒数日历"
"deu_Latn","ks tools adventskalender","kstools圣诞倒数日历"
"deu_Latn","luxus parfüm adventskalender","奢华香水圣诞倒数日历"
"deu_Latn","papier adventskalender tüten","纸质纸袋圣诞倒数日历"
"deu_Latn","parfum damen adventskalender","香水女士圣诞倒数日历"
"deu_Latn","pflege adventskalender","护理圣诞倒数日历"
"deu_Latn","playdo adventskalender","playdo圣诞倒数日历"
"deu_Latn","prinz adventskalender","王子圣诞倒数日历"
"deu_Latn","purelei adventskalender 2023","2023年PURELEI圣诞倒数日历"
"deu_Latn","rosental adventskalender 2025","2025年rosental圣诞倒数日历"
"deu_Latn","schokoladen adventskalender 2025 kinder","2025年巧克力儿童圣诞倒数日历"
"deu_Latn","snocks adventskalender","snocks圣诞倒数日历"
"deu_Latn","stitch adventskalender armband","史迪奇手链圣诞倒数日历"
"deu_Latn","tütchen für adventskalender","小袋圣诞倒数日历"
"deu_Latn","verrückte adventskalender männer","搞怪男士圣诞倒数日历"
"deu_Latn","villeroy & boch adventskalender 2025","2025年villeroyboch圣诞倒数日历"
"deu_Latn","ü ei adventskalender 2025","2025年Üei圣诞倒数日历"
"deu_Latn","adventskalender 2024 frauen","2024年女士圣诞倒数日历"
"deu_Latn","adventskalender 2025 badebomben","2025年泡澡球圣诞倒数日历"
"deu_Latn","adventskalender 2025 kekse","2025年饼干圣诞倒数日历"
"deu_Latn","adventskalender 2025 kinder auto","2025年儿童汽车圣诞倒数日历"
"deu_Latn","adventskalender 2025 kinder gabbys dollhouse","2025年儿童Gabby's Dollhouse圣诞倒数日历"
"deu_Latn","adventskalender 2025 nintendo","2025年Nintendo圣诞倒数日历"
"deu_Latn","adventskalender 2025 parfum damen","2025年香水女士圣诞倒数日历"
"deu_Latn","adventskalender 2025 squishy","2025年squishy圣诞倒数日历"
"deu_Latn","adventskalender amerika","amerika圣诞倒数日历"
"deu_Latn","adventskalender aus holz zum befüllen","木质可填充圣诞倒数日历"
"deu_Latn","adventskalender beauty essence","美妆essence圣诞倒数日历"
"deu_Latn","adventskalender bundeswehr","bundeswehr圣诞倒数日历"
"deu_Latn","adventskalender champagner","champagner圣诞倒数日历"
"deu_Latn","adventskalender clean girl","cleangirl圣诞倒数日历"
"deu_Latn","adventskalender eigenes foto","eigenes照片圣诞倒数日历"
"deu_Latn","adventskalender eldrador","eldrador圣诞倒数日历"
"deu_Latn","adventskalender evelyn burdecki","evelynburdecki圣诞倒数日历"
"deu_Latn","adventskalender fensterbild kinder","fensterbild儿童圣诞倒数日历"
"deu_Latn","adventskalender fidget","解压玩具圣诞倒数日历"
"deu_Latn","adventskalender für einjährige","1岁儿童圣诞倒数日历"
"deu_Latn","adventskalender gin 2025","2025年金酒圣诞倒数日历"
"deu_Latn","adventskalender grillen","烧烤圣诞倒数日历"
"deu_Latn","adventskalender ich liebe dich","爱情圣诞倒数日历"
"deu_Latn","adventskalender kinder schokolade 2025","2025年儿童巧克力圣诞倒数日历"
"deu_Latn","adventskalender medizin","medizin圣诞倒数日历"
"deu_Latn","adventskalender minecraft 2025 lego","2025年《我的世界》乐高圣诞倒数日历"
"deu_Latn","adventskalender mit marmelade","果酱圣诞倒数日历"
"deu_Latn","adventskalender positive gedanken","积极想法圣诞倒数日历"
"deu_Latn","adventskalender saatgut 2025","2025年种子圣诞倒数日历"
"deu_Latn","adventskalender salami sticks","萨拉米香肠sticks圣诞倒数日历"
"deu_Latn","adventskalender sugargang","Sugargang圣诞倒数日历"
"deu_Latn","adventskalender true crime","true推理圣诞倒数日历"
"deu_Latn","adventskalender tüten grün","纸袋绿色圣诞倒数日历"
"deu_Latn","adventskalender vitamine","vitamine圣诞倒数日历"
"deu_Latn","amazon beauty adventskalender","亚马逊美妆圣诞倒数日历"
"deu_Latn","demotivierender adventskalender","demotivierender圣诞倒数日历"
"deu_Latn","frau adventskalender 2025","2025年女士圣诞倒数日历"
"deu_Latn","füllung für adventskalender junge","男孩圣诞倒数日历填充物"
"deu_Latn","haarschmuck adventskalender","发饰圣诞倒数日历"
"deu_Latn","ideen für adventskalender frauen","创意女士圣诞倒数日历"
"deu_Latn","kleine spielzeuge für adventskalender","小号spielzeuge圣诞倒数日历"
"deu_Latn","lego star wars adventskalender 2024","2024年乐高《星球大战》圣诞倒数日历"
"deu_Latn","lotto adventskalender 2025","2025年lotto圣诞倒数日历"
"deu_Latn","läderach adventskalender","Läderach圣诞倒数日历"
"deu_Latn","online adventskalender","online圣诞倒数日历"
"deu_Latn","paulaner spezi adventskalender","paulanerspezi圣诞倒数日历"
"deu_Latn","pups und popel adventskalender","pupspopel圣诞倒数日历"
"deu_Latn","rainbow high adventskalender 2025","2025年rainbowhigh圣诞倒数日历"
"deu_Latn","rocher adventskalender","Rocher圣诞倒数日历"
"deu_Latn","saatgut adventskalender gewürze","种子香料圣诞倒数日历"
"deu_Latn","socken adventskalender männer","袜子男士圣诞倒数日历"
"deu_Latn","spielzeug für adventskalender kinder","玩具儿童圣诞倒数日历"
"deu_Latn","sportler adventskalender","运动员圣诞倒数日历"
"deu_Latn","stifte adventskalender 2025","2025年笔圣诞倒数日历"
"deu_Latn","tennis adventskalender 2025","2025年tennis圣诞倒数日历"
"deu_Latn","volleyball adventskalender","volleyball圣诞倒数日历"
"deu_Latn","wajos adventskalender","wajos圣诞倒数日历"
"deu_Latn","zeit statt zeug adventskalender","zeitstattzeug圣诞倒数日历"
"deu_Latn","weihnachtskalender protein","蛋白质圣诞倒数日历"
"deu_Latn","3 bears adventskalender 2025","2025年3bears圣诞倒数日历"
"deu_Latn","achtsamkeits-adventskalender","achtsamkeits圣诞倒数日历"
"deu_Latn","adventskalender 11 jahre","11岁圣诞倒数日历"
"deu_Latn","adventskalender 2025 buch kinder","2025年书籍儿童圣诞倒数日历"
"deu_Latn","adventskalender 2025 fidget toys","2025年解压玩具圣诞倒数日历"
"deu_Latn","adventskalender 2025 foto","2025年照片圣诞倒数日历"
"deu_Latn","adventskalender 2025 frauen schmuck silber","2025年女士珠宝首饰银色圣诞倒数日历"
"deu_Latn","adventskalender 2025 frauen vegan","2025年女士纯素圣诞倒数日历"
"deu_Latn","adventskalender 2025 kinder jungen 10 jahre","2025年10岁儿童男孩圣诞倒数日历"
"deu_Latn","adventskalender 2025 lilo und stitch","2025年《星际宝贝》圣诞倒数日历"
"deu_Latn","adventskalender 2025 männer parfum","2025年男士香水圣诞倒数日历"
"deu_Latn","adventskalender 2025 redbull","2025年红牛圣诞倒数日历"
"deu_Latn","adventskalender 2025 schreibwaren","2025年文具圣诞倒数日历"
"deu_Latn","adventskalender 2025 snoopy","2025年史努比圣诞倒数日历"
"deu_Latn","adventskalender 2025 süßigkeiten aus aller welt","2025年糖果世界各地圣诞倒数日历"
"deu_Latn","adventskalender 2025 waterdrop","2025年waterdrop圣诞倒数日历"
"deu_Latn","adventskalender 9 jahre","9岁圣诞倒数日历"
"deu_Latn","adventskalender ab 4","4岁以上圣诞倒数日历"
"deu_Latn","adventskalender bibel","bibel圣诞倒数日历"
"deu_Latn","adventskalender brandnooz 2025","2025年brandnooz圣诞倒数日历"
"deu_Latn","adventskalender cute","可爱圣诞倒数日历"
"deu_Latn","adventskalender damen kosmetik","女士化妆品圣诞倒数日历"
"deu_Latn","adventskalender für büro","办公室圣诞倒数日历"
"deu_Latn","adventskalender für mutter","母亲圣诞倒数日历"
"deu_Latn","adventskalender fürs büro","办公室圣诞倒数日历"
"deu_Latn","adventskalender gesunde ernährung","健康饮食圣诞倒数日历"
"deu_Latn","adventskalender inhalte","inhalte圣诞倒数日历内装物"
"deu_Latn","adventskalender junge frau","男孩女士圣诞倒数日历"
"deu_Latn","adventskalender jungen minecraft","男孩《我的世界》圣诞倒数日历"
"deu_Latn","adventskalender kitkat","KitKat圣诞倒数日历"
"deu_Latn","adventskalender norwegen","挪威圣诞倒数日历"
"deu_Latn","adventskalender prinz","王子圣诞倒数日历"
"deu_Latn","adventskalender rosa","rosa圣诞倒数日历"
"deu_Latn","adventskalender schokolade 2025 kinder","2025年巧克力儿童圣诞倒数日历"
"deu_Latn","adventskalender tatort 2025","2025年tatort圣诞倒数日历"
"deu_Latn","adventskalender tüten verschiedene größen","纸袋不同尺寸圣诞倒数日历"
"deu_Latn","adventskalender verpackungen groß","包装大号圣诞倒数日历"
"deu_Latn","adventskalender zum befüllen kind","可填充儿童圣诞倒数日历"
"deu_Latn","adventskalender zusammenbauen","组装圣诞倒数日历"
"deu_Latn","amazon adventskalender beauty","亚马逊美妆圣诞倒数日历"
"deu_Latn","art deco adventskalender 2025","2025年artdeco圣诞倒数日历"
"deu_Latn","beste adventskalender 2025","2025年精选圣诞倒数日历"
"deu_Latn","booklover adventskalender","booklover圣诞倒数日历"
"deu_Latn","caia adventskalender","caia圣诞倒数日历"
"deu_Latn","drift element adventskalender","driftelement圣诞倒数日历"
"deu_Latn","edelsteine adventskalender 2025","2025年宝石圣诞倒数日历"
"deu_Latn","fortnite adventskalender 2025 mit v bucks","2025年fortnitevbucks圣诞倒数日历"
"deu_Latn","füllung adventskalender mann","男士圣诞倒数日历填充物"
"deu_Latn","getränke adventskalender 2025","2025年饮料圣诞倒数日历"
"deu_Latn","gummibären adventskalender","小熊软糖圣诞倒数日历"
"deu_Latn","hella gabbert adventskalender","hellagabbert圣诞倒数日历"
"deu_Latn","horror adventskalender 2025","2025年恐怖圣诞倒数日历"
"deu_Latn","ideen adventskalender teenager","创意青少年圣诞倒数日历"
"deu_Latn","janosch adventskalender","janosch圣诞倒数日历"
"deu_Latn","jutesack adventskalender","jutesack圣诞倒数日历"
"deu_Latn","kinder maxi mix adventskalender","儿童maximix圣诞倒数日历"
"deu_Latn","labello adventskalender","labello圣诞倒数日历"
"deu_Latn","lese adventskalender kinder","lese儿童圣诞倒数日历"
"deu_Latn","männer parfüm adventskalender","男士香水圣诞倒数日历"
"deu_Latn","neonails adventskalender","neonails圣诞倒数日历"
"deu_Latn","nummern für adventskalender","编号圣诞倒数日历"
"deu_Latn","papiertüten adventskalender gross","纸袋gross圣诞倒数日历"
"deu_Latn","poly pocket adventskalender 2025","2025年polypocket圣诞倒数日历"
"deu_Latn","rausch adventskalender","rausch圣诞倒数日历"
"deu_Latn","schlümpfe adventskalender","蓝精灵圣诞倒数日历"
"deu_Latn","sefora adventskalender","sefora圣诞倒数日历"
"deu_Latn","streusel adventskalender","streusel圣诞倒数日历"
"deu_Latn","villeroy und boch adventskalender","villeroyboch圣诞倒数日历"
"deu_Latn","weingummi adventskalender","weingummi圣诞倒数日历"
"deu_Latn","zartbitter schokolade adventskalender","黑巧克力巧克力圣诞倒数日历"
"deu_Latn","zauberwürfel adventskalender","魔方圣诞倒数日历"
"deu_Latn","weihnachtskalender nüsse","坚果圣诞倒数日历"
"deu_Latn","'adventskalender schmuck","珠宝首饰圣诞倒数日历"
"deu_Latn","24 jutesäckchen adventskalender","24Jutesäckchen圣诞倒数日历"
"deu_Latn","adventskalender 2025 bausatz","2025年拼装套件圣诞倒数日历"
"deu_Latn","adventskalender 2025 junge 10 jahre","2025年10岁男孩圣诞倒数日历"
"deu_Latn","adventskalender 2025 kinder chips","2025年儿童薯片圣诞倒数日历"
"deu_Latn","adventskalender 2025 kinder jungen 8 jahre","2025年8岁儿童男孩圣诞倒数日历"
"deu_Latn","adventskalender 2025 kinder roblox","2025年儿童Roblox圣诞倒数日历"
"deu_Latn","adventskalender 2025 kollegen","2025年同事圣诞倒数日历"
"deu_Latn","adventskalender 2025 mädchen playmobil","2025年女孩Playmobil圣诞倒数日历"
"deu_Latn","adventskalender 2025 spirituell","2025年spirituell圣诞倒数日历"
"deu_Latn","adventskalender bonne maman 2025","2025年Bonne Maman圣诞倒数日历"
"deu_Latn","adventskalender brettspiele","brettspiele圣诞倒数日历"
"deu_Latn","adventskalender die 3 fragezeichen","3问号圣诞倒数日历"
"deu_Latn","adventskalender dm balea 2025","2025年dmBalea圣诞倒数日历"
"deu_Latn","adventskalender dungeons and dragons","Dungeons & Dragons圣诞倒数日历"
"deu_Latn","adventskalender ferrero kinder","Ferrero儿童圣诞倒数日历"
"deu_Latn","adventskalender fussballkarten","fussballkarten圣诞倒数日历"
"deu_Latn","adventskalender für 13 jährige jungs","13岁男孩圣诞倒数日历"
"deu_Latn","adventskalender für mädchen 8 jahre","8岁女孩圣诞倒数日历"
"deu_Latn","adventskalender galupy","galupy圣诞倒数日历"
"deu_Latn","adventskalender heilemann","heilemann圣诞倒数日历"
"deu_Latn","adventskalender heilsteine","heilsteine圣诞倒数日历"
"deu_Latn","adventskalender jungs lego","男孩乐高圣诞倒数日历"
"deu_Latn","adventskalender legami stifte","Legami笔圣诞倒数日历"
"deu_Latn","adventskalender mathe","mathe圣诞倒数日历"
"deu_Latn","adventskalender primavera","primavera圣诞倒数日历"
"deu_Latn","adventskalender rum 2025","2025年朗姆酒圣诞倒数日历"
"deu_Latn","adventskalender selber gestalten","gestalten圣诞倒数日历"
"deu_Latn","adventskalender tannenbaum holz","tannenbaum木质圣诞倒数日历"
"deu_Latn","adventskalender werdende mama","werdende妈妈圣诞倒数日历"
"deu_Latn","adventskalender werkzeug makita","工具牧田圣诞倒数日历"
"deu_Latn","adventskalender zahlen gold","数字金色圣诞倒数日历"
"deu_Latn","adventskalender zug kinder","火车儿童圣诞倒数日历"
"deu_Latn","anti adventskalender 2025","2025年anti圣诞倒数日历"
"deu_Latn","bülow adventskalender 2025","2025年Bülow圣诞倒数日历"
"deu_Latn","crottendorfer räucherkerzen adventskalender","crottendorfer香薰蜡烛圣诞倒数日历"
"deu_Latn","dinge für den adventskalender","物品圣诞倒数日历"
"deu_Latn","donald duck adventskalender","donaldduck圣诞倒数日历"
"deu_Latn","douglas adventskalender 2025 beauty","2025年Douglas美妆圣诞倒数日历"
"deu_Latn","edle tropfen adventskalender 2025","2025年精选酒品圣诞倒数日历"
"deu_Latn","ferrero rocher adventskalender 2025","2025年FerreroRocher圣诞倒数日历"
"deu_Latn","fisherman's friend adventskalender","Fisherman's Friend圣诞倒数日历"
"deu_Latn","für den adventskalender","圣诞倒数日历"
"deu_Latn","geschwister adventskalender","geschwister圣诞倒数日历"
"deu_Latn","große tüten für adventskalender","大号纸袋圣诞倒数日历"
"deu_Latn","karpfen adventskalender 2025","2025年鲤鱼圣诞倒数日历"
"deu_Latn","knobeln adventskalender","knobeln圣诞倒数日历"
"deu_Latn","kugelbahn adventskalender","kugelbahn圣诞倒数日历"
"deu_Latn","lego city adventskalender 2025 60475","2025年乐高城市60475圣诞倒数日历"
"deu_Latn","lindt vegan adventskalender","瑞士莲纯素圣诞倒数日历"
"deu_Latn","mini bücher adventskalender","迷你书籍圣诞倒数日历"
"deu_Latn","mini füllung adventskalender","迷你圣诞倒数日历填充物"
"deu_Latn","mon cheri adventskalender 2025","2025年Mon Chéri圣诞倒数日历"
"deu_Latn","peters pralinen adventskalender","peters巧克力糖圣诞倒数日历"
"deu_Latn","pokemon adventskalender karten","宝可梦卡片圣诞倒数日历"
"deu_Latn","savage gear adventskalender 2025","2025年savagegear圣诞倒数日历"
"deu_Latn","siku adventskalender 2025","2025年siku圣诞倒数日历"
"deu_Latn","sweets adventskalender 2025","2025年糖果圣诞倒数日历"
"deu_Latn","tchibo adventskalender","tchibo圣诞倒数日历"
"deu_Latn","tee - adventskalender","茶叶圣诞倒数日历"
"deu_Latn","weihnachtsbaum adventskalender zum befüllen","weihnachtsbaum可填充圣诞倒数日历"
"deu_Latn","weihnachtskalender after eight","After Eight圣诞倒数日历"
"deu_Latn","weihnachtskalender essence","essence圣诞倒数日历"
"deu_Latn","adventskalender 2025 frauen lindt","2025年女士瑞士莲圣诞倒数日历"
"deu_Latn","adventskalender 2025 hsv","2025年HSV圣诞倒数日历"
"deu_Latn","adventskalender 2025 junge 12 jahre","2025年12岁男孩圣诞倒数日历"
"deu_Latn","adventskalender 2025 likör","2025年利口酒圣诞倒数日历"
"deu_Latn","adventskalender 2025 männer füllung","2025年男士圣诞倒数日历填充物"
"deu_Latn","adventskalender 2025 pferde mädchen","2025年马匹女孩圣诞倒数日历"
"deu_Latn","adventskalender 2025 revolution","2025年revolution圣诞倒数日历"
"deu_Latn","adventskalender 2025 salzig","2025年salzig圣诞倒数日历"
"deu_Latn","adventskalender fc bayern 2025","2025年拜仁慕尼黑圣诞倒数日历"
"deu_Latn","adventskalender französisch","法语版圣诞倒数日历"
"deu_Latn","adventskalender für 14 jährige mädchen","14岁女孩圣诞倒数日历"
"deu_Latn","adventskalender für 16 jährige mädchen","16岁女孩圣诞倒数日历"
"deu_Latn","adventskalender für kinder ab 2 jahre","2岁以上儿童圣诞倒数日历"
"deu_Latn","adventskalender gadgets","gadgets圣诞倒数日历"
"deu_Latn","adventskalender gefüllt","已填充圣诞倒数日历"
"deu_Latn","adventskalender gummibären","小熊软糖圣诞倒数日历"
"deu_Latn","adventskalender horse club 2025 kinder schleich","2025年马匹俱乐部儿童Schleich圣诞倒数日历"
"deu_Latn","adventskalender kinder ab 1 jahr","1岁以上儿童圣诞倒数日历"
"deu_Latn","adventskalender kinder ab 6","6岁以上儿童圣诞倒数日历"
"deu_Latn","adventskalender kinder pokemon","儿童宝可梦圣诞倒数日历"
"deu_Latn","adventskalender lego ninjago 2025","2025年乐高乐高幻影忍者圣诞倒数日历"
"deu_Latn","adventskalender nüsse seeberger","坚果Seeberger圣诞倒数日历"
"deu_Latn","adventskalender play doh","Play-Doh圣诞倒数日历"
"deu_Latn","adventskalender salami 2025","2025年萨拉米香肠圣诞倒数日历"
"deu_Latn","adventskalender schwanger","schwanger圣诞倒数日历"
"deu_Latn","adventskalender seife","seife圣诞倒数日历"
"deu_Latn","adventskalender sweets","糖果圣诞倒数日历"
"deu_Latn","adventskalender team","team圣诞倒数日历"
"deu_Latn","adventskalender tüten männer","纸袋男士圣诞倒数日历"
"deu_Latn","adventskalender tüten tedi","纸袋tedi圣诞倒数日历"
"deu_Latn","adventskalender weißt du eigentlich wie lieb ich dich hab","《猜猜我有多爱你》圣诞倒数日历"
"deu_Latn","anti stress adventskalender für erzieher","antistresserzieher圣诞倒数日历"
"deu_Latn","aufhängung adventskalender","悬挂装置圣诞倒数日历"
"deu_Latn","auto adventskalender 2025 kinder","2025年汽车儿童圣诞倒数日历"
"deu_Latn","axolotl adventskalender","六角恐龙圣诞倒数日历"
"deu_Latn","borussia mönchengladbach adventskalender","门兴格拉德巴赫圣诞倒数日历"
"deu_Latn","clarins adventskalender 2025","2025年clarins圣诞倒数日历"
"deu_Latn","conni adventskalender hörspiel","Conni有声故事圣诞倒数日历"
"deu_Latn","coole adventskalender für männer","酷男士圣诞倒数日历"
"deu_Latn","coppenrath adventskalender 2025","2025年coppenrath圣诞倒数日历"
"deu_Latn","dimond painting adventskalender","dimond画圣诞倒数日历"
"deu_Latn","duft adventskalender frauen","香氛女士圣诞倒数日历"
"deu_Latn","eierlikör adventskalender 2025","2025年蛋奶酒圣诞倒数日历"
"deu_Latn","exotik adventskalender","exotik圣诞倒数日历"
"deu_Latn","experiment adventskalender 2025","2025年experiment圣诞倒数日历"
"deu_Latn","familie adventskalender","家庭圣诞倒数日历"
"deu_Latn","fitzek adventskalender","fitzek圣诞倒数日历"
"deu_Latn","haribo adventskalender 2025 xxl","2025年哈瑞宝XXL圣诞倒数日历"
"deu_Latn","häkeln adventskalender 2025","2025年钩织圣诞倒数日历"
"deu_Latn","kopfnussknacker adventskalender","kopfnussknacker圣诞倒数日历"
"deu_Latn","led adventskalender","led圣诞倒数日历"
"deu_Latn","m asam adventskalender 2025 inhalt","2025年MASAM圣诞倒数日历内装物"
"deu_Latn","mathe adventskalender","mathe圣诞倒数日历"
"deu_Latn","pferdeglück adventskalender","Pferdeglück圣诞倒数日历"
"deu_Latn","pflanzen adventskalender 2025","2025年植物圣诞倒数日历"
"deu_Latn","self care adventskalender","selfcare圣诞倒数日历"
"deu_Latn","shots adventskalender","shots圣诞倒数日历"
"deu_Latn","wera adventskalender 2025 männer","2025年Wera男士圣诞倒数日历"
"deu_Latn","witze adventskalender kinder","笑话儿童圣诞倒数日历"
"deu_Latn","barbie weihnachtskalender","芭比圣诞倒数日历"
"deu_Latn","weihnachtskalender 2025 kinderschokolade","2025年儿童巧克力圣诞倒数日历"
"deu_Latn","weihnachtskalender paare","情侣圣诞倒数日历"
"deu_Latn","weihnachtskalender selber basteln","手工圣诞倒数日历"
"deu_Latn","'adventskalender säckchen","小袋圣诞倒数日历"
"deu_Latn","adam beauty adventskalender","adam美妆圣诞倒数日历"
"deu_Latn","adventskalender 2025 drachen","2025年龙圣诞倒数日历"
"deu_Latn","adventskalender 2025 jungs 11 jahre","2025年11岁男孩圣诞倒数日历"
"deu_Latn","adventskalender 2025 kinder baby born","2025年儿童Baby Born圣诞倒数日历"
"deu_Latn","adventskalender 2025 kinder inhalt","2025年儿童圣诞倒数日历内装物"
"deu_Latn","adventskalender 2025 nägel","2025年指甲圣诞倒数日历"
"deu_Latn","adventskalender 2025 partner","2025年伴侣圣诞倒数日历"
"deu_Latn","adventskalender 2026 kinder","2026年儿童圣诞倒数日历"
"deu_Latn","adventskalender ab 8 jahre mädchen","8岁以上女孩圣诞倒数日历"
"deu_Latn","adventskalender achtsamkeit männer","正念男士圣诞倒数日历"
"deu_Latn","adventskalender adopt me","Adopt Me圣诞倒数日历"
"deu_Latn","adventskalender bad","bad圣诞倒数日历"
"deu_Latn","adventskalender bio tee","有机茶叶圣诞倒数日历"
"deu_Latn","adventskalender bodyshop","bodyshop圣诞倒数日历"
"deu_Latn","adventskalender erwachsene frau","成人女士圣诞倒数日历"
"deu_Latn","adventskalender experiment","experiment圣诞倒数日历"
"deu_Latn","adventskalender feuerwehr erwachsene","消防队成人圣诞倒数日历"
"deu_Latn","adventskalender feuerwerk","feuerwerk圣诞倒数日历"
"deu_Latn","adventskalender füllung frau","女士圣诞倒数日历填充物"
"deu_Latn","adventskalender für autofans","autofans圣诞倒数日历"
"deu_Latn","adventskalender für familie","家庭圣诞倒数日历"
"deu_Latn","adventskalender für jugendliche mädchen","青少年女孩圣诞倒数日历"
"deu_Latn","adventskalender für katzenliebhaber","katzenliebhaber圣诞倒数日历"
"deu_Latn","adventskalender für ältere frauen","年长女士圣诞倒数日历"
"deu_Latn","adventskalender herr der ringe 2025","2025年《指环王》圣诞倒数日历"
"deu_Latn","adventskalender kaffeepads","kaffeepads圣诞倒数日历"
"deu_Latn","adventskalender kinder 2 jahre mädchen","2岁儿童女孩圣诞倒数日历"
"deu_Latn","adventskalender lachgummi","lachgummi圣诞倒数日历"
"deu_Latn","adventskalender lol surprise","lolsurprise圣诞倒数日历"
"deu_Latn","adventskalender micky maus","micky老鼠圣诞倒数日历"
"deu_Latn","adventskalender mini parfum","迷你香水圣诞倒数日历"
"deu_Latn","adventskalender mit spielzeug","玩具圣诞倒数日历"
"deu_Latn","adventskalender mönner","Mönner圣诞倒数日历"
"deu_Latn","adventskalender parfum damen","香水女士圣诞倒数日历"
"deu_Latn","adventskalender paris","paris圣诞倒数日历"
"deu_Latn","adventskalender plätzchen","曲奇圣诞倒数日历"
"deu_Latn","adventskalender pukka","Pukka圣诞倒数日历"
"deu_Latn","adventskalender stationery","文具圣诞倒数日历"
"deu_Latn","adventskalender ständer","支架圣诞倒数日历"
"deu_Latn","adventskalender tip toi","tiptoi圣诞倒数日历"
"deu_Latn","adventskalender was ist was","ist圣诞倒数日历"
"deu_Latn","adventskalender xlaeta","xlaeta圣诞倒数日历"
"deu_Latn","adventskalender+jungen","男孩圣诞倒数日历"
"deu_Latn","bester adventskalender 2025","2025年bester圣诞倒数日历"
"deu_Latn","beyblade x adventskalender","beybladex圣诞倒数日历"
"deu_Latn","esoterik adventskalender","esoterik圣诞倒数日历"
"deu_Latn","geschichten adventskalender kinder","故事儿童圣诞倒数日历"
"deu_Latn","glutenfreie adventskalender","glutenfreie圣诞倒数日历"
"deu_Latn","glutenfreier adventskalender 2025","2025年无麸质圣诞倒数日历"
"deu_Latn","glückskeks adventskalender","Glückskeks圣诞倒数日历"
"deu_Latn","hertha adventskalender 2025","2025年hertha圣诞倒数日历"
"deu_Latn","hogwarts adventskalender","hogwarts圣诞倒数日历"
"deu_Latn","influencer adventskalender","iNFLuencer圣诞倒数日历"
"deu_Latn","kaffee adventskalender bohnen","咖啡bohnen圣诞倒数日历"
"deu_Latn","kalligraphie adventskalender","kalligraphie圣诞倒数日历"
"deu_Latn","kinder adventskalender schokolade","儿童巧克力圣诞倒数日历"
"deu_Latn","kinderriegel adventskalender 2025","2025年Kinderriegel圣诞倒数日历"
"deu_Latn","kleinigkeit adventskalender","小物圣诞倒数日历"
"deu_Latn","kleinigkeiten für adventskalender jungs","小物男孩圣诞倒数日历"
"deu_Latn","mac adventskalender","mac圣诞倒数日历"
"deu_Latn","militär adventskalender","军事圣诞倒数日历"
"deu_Latn","orion adventskalender","orion圣诞倒数日历"
"deu_Latn","pilates adventskalender","pilates圣诞倒数日历"
"deu_Latn","purelei adventskalender gold","PURELEI金色圣诞倒数日历"
"deu_Latn","revell rc adventskalender","Revellrc圣诞倒数日历"
"deu_Latn","sauna adventskalender 2025","2025年sauna圣诞倒数日历"
"deu_Latn","sex adventskalender 2025 frau","2025年成人情趣女士圣诞倒数日历"
"deu_Latn","trötsch adventskalender","Trötsch圣诞倒数日历"
"deu_Latn","weihnachten adventskalender inhalt","圣诞倒数日历内装物"
"deu_Latn","adventskalender 2025 3 fragezeichen","2025年3问号圣诞倒数日历"
"deu_Latn","adventskalender 2025 basketball","2025年basketball圣诞倒数日历"
"deu_Latn","adventskalender 2025 drei ausrufezeichen","2025年三个感叹号圣诞倒数日历"
"deu_Latn","adventskalender 2025 eiskönigin","2025年冰雪奇缘圣诞倒数日历"
"deu_Latn","adventskalender 2025 frauen catrice","2025年女士Catrice圣诞倒数日历"
"deu_Latn","adventskalender 2025 für rentner","2025年退休人士圣诞倒数日历"
"deu_Latn","adventskalender 2025 glück marmelade","2025年Glück果酱圣诞倒数日历"
"deu_Latn","adventskalender 2025 küche","2025年厨房圣诞倒数日历"
"deu_Latn","adventskalender 2025 männer motorrad","2025年男士摩托车圣诞倒数日历"
"deu_Latn","adventskalender 2025 pralinen mit alkohol","2025年巧克力糖酒类圣诞倒数日历"
"deu_Latn","adventskalender alkoholfrei","酒类frei圣诞倒数日历"
"deu_Latn","adventskalender asam","ASAM圣诞倒数日历"
"deu_Latn","adventskalender autopflege","autopflege圣诞倒数日历"
"deu_Latn","adventskalender battle paare","对战情侣圣诞倒数日历"
"deu_Latn","adventskalender beaty","beaty圣诞倒数日历"
"deu_Latn","adventskalender buch roman","书籍roman圣诞倒数日历"
"deu_Latn","adventskalender cars disney","汽车总动员迪士尼圣诞倒数日历"
"deu_Latn","adventskalender comic","comic圣诞倒数日历"
"deu_Latn","adventskalender feen","feen圣诞倒数日历"
"deu_Latn","adventskalender ferrari","ferrari圣诞倒数日历"
"deu_Latn","adventskalender furby","furby圣诞倒数日历"
"deu_Latn","adventskalender für 1 jährige jungs","1岁男孩圣诞倒数日历"
"deu_Latn","adventskalender für baby","婴幼儿圣诞倒数日历"
"deu_Latn","adventskalender für die beste freundin","精选女友圣诞倒数日历"
"deu_Latn","adventskalender künstler","艺术家圣诞倒数日历"
"deu_Latn","adventskalender mama 2025","2025年妈妈圣诞倒数日历"
"deu_Latn","adventskalender milka schokolade","Milka巧克力圣诞倒数日历"
"deu_Latn","adventskalender monster energy","怪兽 Energy圣诞倒数日历"
"deu_Latn","adventskalender paluten","paluten圣诞倒数日历"
"deu_Latn","adventskalender peppa pig","小猪佩奇圣诞倒数日历"
"deu_Latn","adventskalender ritual","ritual圣诞倒数日历"
"deu_Latn","adventskalender shopping queen","shoppingqueen圣诞倒数日历"
"deu_Latn","adventskalender ter","ter圣诞倒数日历"
"deu_Latn","adventskalender zum bauen","建造圣诞倒数日历"
"deu_Latn","anime adventskalender 2025 demon slayer","2025年动漫《鬼灭之刃》圣诞倒数日历"
"deu_Latn","barbie - adventskalender","芭比圣诞倒数日历"
"deu_Latn","barbie fantasy adventskalender","芭比fantasy圣诞倒数日历"
"deu_Latn","bilou adventskalender","bilou圣诞倒数日历"
"deu_Latn","buah fruits adventskalender","buahfruits圣诞倒数日历"
"deu_Latn","drei !!! adventskalender","三圣诞倒数日历"
"deu_Latn","funny adventskalender","趣味圣诞倒数日历"
"deu_Latn","gepps adventskalender","gepps圣诞倒数日历"
"deu_Latn","glitzer adventskalender","闪粉圣诞倒数日历"
"deu_Latn","grill adventskalender","grill圣诞倒数日历"
"deu_Latn","großer adventskalender","大号圣诞倒数日历"
"deu_Latn","hasen adventskalender","hasen圣诞倒数日历"
"deu_Latn","jolifin adventskalender 2025","2025年jolifin圣诞倒数日历"
"deu_Latn","kinder ferrero adventskalender","儿童Ferrero圣诞倒数日历"
"deu_Latn","kleinigkeiten adventskalender männer","小物男士圣诞倒数日历"
"deu_Latn","kleinigkeiten für den adventskalender kinder","小物儿童圣诞倒数日历"
"deu_Latn","lebkuchen schmidt adventskalender","姜饼schmidt圣诞倒数日历"
"deu_Latn","lindt schokolade adventskalender","瑞士莲巧克力圣诞倒数日历"
"deu_Latn","make up adventskalender 2025 essence","2025年essence圣诞倒数日历"
"deu_Latn","neuhaus adventskalender","neuhaus圣诞倒数日历"
"deu_Latn","rauhnächte adventskalender","Rauhnächte圣诞倒数日历"
"deu_Latn","siebenschläfer adventskalender","Siebenschläfer圣诞倒数日历"
"deu_Latn","socken adventskalender harry potter","袜子《哈利·波特》圣诞倒数日历"
"deu_Latn","squishmallows adventskalender 2025","2025年squishmallows圣诞倒数日历"
"deu_Latn","vision board adventskalender 2025","2025年visionboard圣诞倒数日历"
"deu_Latn","wasgij adventskalender 2025","2025年wasgij圣诞倒数日历"
"deu_Latn","wimmel adventskalender","wimmel圣诞倒数日历"
"deu_Latn","wwe adventskalender 2025","2025年wwe圣诞倒数日历"
"deu_Latn","würth adventskalender","Würth圣诞倒数日历"
"deu_Latn","angel weihnachtskalender 2025","2025年钓鱼圣诞倒数日历"
"deu_Latn","3d adventskalender","3D圣诞倒数日历"
"deu_Latn","adventskalender 2 jähriger junge","2Jähriger男孩圣诞倒数日历"
"deu_Latn","adventskalender 2025 autos männer","2025年汽车男士圣诞倒数日历"
"deu_Latn","adventskalender 2025 cosmetics","2025年化妆品圣诞倒数日历"
"deu_Latn","adventskalender 2025 frauen lustig","2025年女士趣味圣诞倒数日历"
"deu_Latn","adventskalender 2025 für zwei","2025年两人圣诞倒数日历"
"deu_Latn","adventskalender 2025 kinder 3 jahre mädchen","2025年3岁儿童女孩圣诞倒数日历"
"deu_Latn","adventskalender 2025 knete","2025年橡皮泥圣诞倒数日历"
"deu_Latn","adventskalender 2025 leer","2025年空白圣诞倒数日历"
"deu_Latn","adventskalender 2025 loreal paris","2025年欧莱雅paris圣诞倒数日历"
"deu_Latn","adventskalender 2025 mädchen lego","2025年女孩乐高圣诞倒数日历"
"deu_Latn","adventskalender 2025 männer befüllen","2025年男士可填充圣诞倒数日历"
"deu_Latn","adventskalender 2025 männer duft","2025年男士香氛圣诞倒数日历"
"deu_Latn","adventskalender 2025 shots","2025年shots圣诞倒数日历"
"deu_Latn","adventskalender 2025 teenie mädchen","2025年青少年女孩圣诞倒数日历"
"deu_Latn","adventskalender 2025 tiere","2025年动物圣诞倒数日历"
"deu_Latn","adventskalender befüllen kinder inhalt","可填充儿童圣诞倒数日历内装物"
"deu_Latn","adventskalender creme","面霜圣诞倒数日历"
"deu_Latn","adventskalender damen beauty","女士美妆圣诞倒数日历"
"deu_Latn","adventskalender detektiv","detektiv圣诞倒数日历"
"deu_Latn","adventskalender drohne","drohne圣诞倒数日历"
"deu_Latn","adventskalender five nights at freddy's","《玩具熊的五夜后宫》圣诞倒数日历"
"deu_Latn","adventskalender füllung schokolade","巧克力圣诞倒数日历填充物"
"deu_Latn","adventskalender karton","karton圣诞倒数日历"
"deu_Latn","adventskalender katzenfiguren","猫咪玩偶圣诞倒数日历"
"deu_Latn","adventskalender kinder hot wheels","儿童风火轮圣诞倒数日历"
"deu_Latn","adventskalender korb","korb圣诞倒数日历"
"deu_Latn","adventskalender lustig männer","趣味男士圣诞倒数日历"
"deu_Latn","adventskalender minibrands","minibrands圣诞倒数日历"
"deu_Latn","adventskalender mit echtschmuck","echtschmuck圣诞倒数日历"
"deu_Latn","adventskalender mit pralinen","巧克力糖圣诞倒数日历"
"deu_Latn","adventskalender oldtimer","oldtimer圣诞倒数日历"
"deu_Latn","adventskalender playmobil novelmore","Playmobilnovelmore圣诞倒数日历"
"deu_Latn","adventskalender pokemon karten 2025","2025年宝可梦卡片圣诞倒数日历"
"deu_Latn","adventskalender quiz","quiz圣诞倒数日历"
"deu_Latn","adventskalender reber 2025","2025年reber圣诞倒数日历"
"deu_Latn","adventskalender sammelfiguren","sammelfiguren圣诞倒数日历"
"deu_Latn","adventskalender schmuck 2025","2025年珠宝首饰圣诞倒数日历"
"deu_Latn","adventskalender teenies","teenies圣诞倒数日历"
"deu_Latn","adventskalender tetesept","tetesept圣诞倒数日历"
"deu_Latn","adventskalender youtuber","youtuber圣诞倒数日历"
"deu_Latn","adventskalender zum befüllen gold","可填充金色圣诞倒数日历"
"deu_Latn","adventskalender zum beschriften","beschriften圣诞倒数日历"
"deu_Latn","baby adventskalender hipp","婴幼儿hipp圣诞倒数日历"
"deu_Latn","baumarkt adventskalender 2025","2025年baumarkt圣诞倒数日历"
"deu_Latn","besonderer adventskalender 2025","2025年特别圣诞倒数日历"
"deu_Latn","bier-adventskalender","啤酒圣诞倒数日历"
"deu_Latn","chilli adventskalender","chilli圣诞倒数日历"
"deu_Latn","dolce gusto adventskalender","dolcegusto圣诞倒数日历"
"deu_Latn","emotional support adventskalender 2025","2025年emotionalsupport圣诞倒数日历"
"deu_Latn","ets tee adventskalender 2025","2025年ets茶叶圣诞倒数日历"
"deu_Latn","faller adventskalender 2025","2025年faller圣诞倒数日历"
"deu_Latn","frag doch mal die maus adventskalender","fragdochmal老鼠圣诞倒数日历"
"deu_Latn","funny-frisch adventskalender","趣味新鲜圣诞倒数日历"
"deu_Latn","handlettering adventskalender 2025","2025年handlettering圣诞倒数日历"
"deu_Latn","joline elisa adventskalender","jolineelisa圣诞倒数日历"
"deu_Latn","just spice adventskalender 2025","2025年justspice圣诞倒数日历"
"deu_Latn","maus adventskalender 2025","2025年老鼠圣诞倒数日历"
"deu_Latn","michael jackson adventskalender","michaeljackson圣诞倒数日历"
"deu_Latn","mini perfume adventskalender","迷你香水圣诞倒数日历"
"deu_Latn","nintendo switch adventskalender 2025","2025年Nintendoswitch圣诞倒数日历"
"deu_Latn","pc adventskalender","pc圣诞倒数日历"
"deu_Latn","quiz adventskalender","quiz圣诞倒数日历"
"deu_Latn","raubfisch adventskalender","掠食鱼圣诞倒数日历"
"deu_Latn","reise adventskalender","旅行圣诞倒数日历"
"deu_Latn","sexy adventskalender 2025 männer","2025年情趣男士圣诞倒数日历"
"deu_Latn","sexy xmas adventskalender","情趣xmas圣诞倒数日历"
"deu_Latn","shiseido adventskalender 2025","2025年shiseido圣诞倒数日历"
"deu_Latn","skin care adventskalender 2025","2025年skincare圣诞倒数日历"
"deu_Latn","star wars lego adventskalender 2025","2025年《星球大战》乐高圣诞倒数日历"
"deu_Latn","strohsterne adventskalender 2025","2025年strohsterne圣诞倒数日历"
"deu_Latn","tee adventskalender früchtetee","茶果茶叶圣诞倒数日历"
"deu_Latn","tut tut adventskalender 2025","2025年tut圣诞倒数日历"
"deu_Latn","weihnachtsdeko adventskalender","weihnachtsdeko圣诞倒数日历"
"deu_Latn","milka weihnachtskalender","Milka圣诞倒数日历"
"deu_Latn","weihnachtskalender paw patrol","《汪汪队立大功》圣诞倒数日历"
"deu_Latn","adopt me adventskalender 2025","2025年Adopt Me圣诞倒数日历"
"deu_Latn","adventskalender 17 jahre junge","17岁男孩圣诞倒数日历"
"deu_Latn","adventskalender 2025 ab 1 jahr","2025年1岁以上圣诞倒数日历"
"deu_Latn","adventskalender 2025 essence juicy bomb","2025年essencejuicybomb圣诞倒数日历"
"deu_Latn","adventskalender 2025 funko","2025年Funko圣诞倒数日历"
"deu_Latn","adventskalender 2025 kinder dinosaurier","2025年儿童恐龙圣诞倒数日历"
"deu_Latn","adventskalender 2025 lego duplo","2025年乐高DUPLO圣诞倒数日历"
"deu_Latn","adventskalender 2025 rocher","2025年Rocher圣诞倒数日历"
"deu_Latn","adventskalender 4 jährige","4岁圣诞倒数日历"
"deu_Latn","adventskalender arzt","arzt圣诞倒数日历"
"deu_Latn","adventskalender autozubehör","汽车配件圣诞倒数日历"
"deu_Latn","adventskalender befüllung teenager","青少年圣诞倒数日历填充物"
"deu_Latn","adventskalender bobo siebenschläfer","Bobo Siebenschläfer圣诞倒数日历"
"deu_Latn","adventskalender boxershorts","boxershorts圣诞倒数日历"
"deu_Latn","adventskalender claas","claas圣诞倒数日历"
"deu_Latn","adventskalender clipper","clipper圣诞倒数日历"
"deu_Latn","adventskalender escape room erwachsene","密室逃脱成人圣诞倒数日历"
"deu_Latn","adventskalender füllung mama","妈妈圣诞倒数日历填充物"
"deu_Latn","adventskalender für 18 jährige jungs","18岁男孩圣诞倒数日历"
"deu_Latn","adventskalender für den mann","男士圣诞倒数日历"
"deu_Latn","adventskalender für läufer","Läufer圣诞倒数日历"
"deu_Latn","adventskalender für nerds","nerds圣诞倒数日历"
"deu_Latn","adventskalender für radfahrer","radfahrer圣诞倒数日历"
"deu_Latn","adventskalender garten 2025","2025年园艺圣诞倒数日历"
"deu_Latn","adventskalender gelnägel","凝胶美甲圣诞倒数日历"
"deu_Latn","adventskalender gewürze 2025 just spices","2025年香料Just Spices圣诞倒数日历"
"deu_Latn","adventskalender grüner tee","绿茶圣诞倒数日历"
"deu_Latn","adventskalender helikopter","helikopter圣诞倒数日历"
"deu_Latn","adventskalender inhalt kinder 3 jahre","3岁儿童圣诞倒数日历内装物"
"deu_Latn","adventskalender jungs 16 jahre","16岁男孩圣诞倒数日历"
"deu_Latn","adventskalender kinder harry potter","儿童《哈利·波特》圣诞倒数日历"
"deu_Latn","adventskalender kleber","kleber圣诞倒数日历"
"deu_Latn","adventskalender knekki","knekki圣诞倒数日历"
"deu_Latn","adventskalender kosmos 2025","2025年Kosmos圣诞倒数日历"
"deu_Latn","adventskalender mal anders","malanders圣诞倒数日历"
"deu_Latn","adventskalender maus experimente","老鼠实验圣诞倒数日历"
"deu_Latn","adventskalender mädchen einhorn","女孩独角兽圣诞倒数日历"
"deu_Latn","adventskalender nike","nike圣诞倒数日历"
"deu_Latn","adventskalender pralinen alkohol","巧克力糖酒类圣诞倒数日历"
"deu_Latn","adventskalender revell 2025","2025年Revell圣诞倒数日历"
"deu_Latn","adventskalender schokolade klein","巧克力小号圣诞倒数日历"
"deu_Latn","adventskalender spa","spa圣诞倒数日历"
"deu_Latn","adventskalender stickerbuch","stickerbuch圣诞倒数日历"
"deu_Latn","adventskalender twix","twix圣诞倒数日历"
"deu_Latn","adventskalender zum befüllen beige","可填充beige圣诞倒数日历"
"deu_Latn","adventskalender zum befüllen häuschen","可填充小屋圣诞倒数日历"
"deu_Latn","adventskalender zum befüllen papiertüten","可填充纸袋圣诞倒数日历"
"deu_Latn","adventskalender zum befüllen zum aufhängen","可填充悬挂式圣诞倒数日历"
"deu_Latn","audi adventskalender 2025","2025年audi圣诞倒数日历"
"deu_Latn","baileys adventskalender","baileys圣诞倒数日历"
"deu_Latn","blade adventskalender 2025","2025年blade圣诞倒数日历"
"deu_Latn","bosch professional adventskalender","博世professional圣诞倒数日历"
"deu_Latn","crottendorfer adventskalender","crottendorfer圣诞倒数日历"
"deu_Latn","die 3 fragezeichen kids adventskalender","3问号儿童圣诞倒数日历"
"deu_Latn","feinkost adventskalender","feinkost圣诞倒数日历"
"deu_Latn","filly adventskalender","filly圣诞倒数日历"
"deu_Latn","flamingo adventskalender","flamingo圣诞倒数日历"
"deu_Latn","folien adventskalender","folien圣诞倒数日历"
"deu_Latn","frankfurt eintracht adventskalender","frankfurteintracht圣诞倒数日历"
"deu_Latn","füllung adventskalender ab 1 jahr","1岁以上圣诞倒数日历填充物"
"deu_Latn","gesundheits adventskalender","gesundheits圣诞倒数日历"
"deu_Latn","gilmore girls premium adventskalender","《吉尔莫女孩》高端圣诞倒数日历"
"deu_Latn","gitarre adventskalender","gitarre圣诞倒数日历"
"deu_Latn","gräfs adventskalender","Gräfs圣诞倒数日历"
"deu_Latn","gym adventskalender 2025","2025年gym圣诞倒数日历"
"deu_Latn","ideen für adventskalender füllung teenager","创意青少年圣诞倒数日历填充物"
"deu_Latn","italienischer adventskalender","italienischer圣诞倒数日历"
"deu_Latn","jägermeister adventskalender","Jägermeister圣诞倒数日历"
"deu_Latn","lilo und stitch adventskalender 2025","2025年《星际宝贝》圣诞倒数日历"
"deu_Latn","lindt mini adventskalender","瑞士莲迷你圣诞倒数日历"
"deu_Latn","lindt mini adventskalender 2025","2025年瑞士莲迷你圣诞倒数日历"
"deu_Latn","lkw adventskalender","lkw圣诞倒数日历"
"deu_Latn","mandala adventskalender","mandala圣诞倒数日历"
"deu_Latn","mein großer sachen suchen adventskalender","大号小物suchen圣诞倒数日历"
"deu_Latn","mercedes adventskalender","mercedes圣诞倒数日历"
"deu_Latn","molton brown adventskalender 2025","2025年moltonbrown圣诞倒数日历"
"deu_Latn","nostalgischer adventskalender 2025","2025年nostalgischer圣诞倒数日历"
"deu_Latn","p stash adventskalender","pstash圣诞倒数日历"
"deu_Latn","paw petrol adventskalender","pawpetrol圣诞倒数日历"
"deu_Latn","pixi adventskalender 2025 baby","2025年pixi婴幼儿圣诞倒数日历"
"deu_Latn","play doh knete adventskalender","Play-Doh橡皮泥圣诞倒数日历"
"deu_Latn","rätsel adventskalender senioren","谜题老年人圣诞倒数日历"
"deu_Latn","team adventskalender","team圣诞倒数日历"
"deu_Latn","tee-adventskalender","茶叶圣诞倒数日历"
"deu_Latn","unterhosen adventskalender","内裤圣诞倒数日历"
"deu_Latn","weihnachtskalender füllung kinder","儿童圣诞倒数日历填充物"
"deu_Latn","1 fc köln adventskalender","1FC科隆圣诞倒数日历"
"deu_Latn","adventskalender 2025 chili","2025年chili圣诞倒数日历"
"deu_Latn","adventskalender 2025 eis de","2025年EIS.de圣诞倒数日历"
"deu_Latn","adventskalender 2025 katzenliebhaber","2025年katzenliebhaber圣诞倒数日历"
"deu_Latn","adventskalender 2025 kunst","2025年kunst圣诞倒数日历"
"deu_Latn","adventskalender 2025 mädchen barbie","2025年女孩芭比圣诞倒数日历"
"deu_Latn","adventskalender 2025 ohne zucker","2025年无糖圣诞倒数日历"
"deu_Latn","adventskalender 2025 super mario","2025年Super Mario圣诞倒数日历"
"deu_Latn","adventskalender ab 6","6岁以上圣诞倒数日历"
"deu_Latn","adventskalender angebot","angebot圣诞倒数日历"
"deu_Latn","adventskalender bitter schokolade","bitter巧克力圣诞倒数日历"
"deu_Latn","adventskalender buch kinder ab 10","10岁以上书籍儿童圣诞倒数日历"
"deu_Latn","adventskalender crime","推理圣诞倒数日历"
"deu_Latn","adventskalender dynamo dresden","dynamodresden圣诞倒数日历"
"deu_Latn","adventskalender edelstein","宝石圣诞倒数日历"
"deu_Latn","adventskalender frauen schokolade","女士巧克力圣诞倒数日历"
"deu_Latn","adventskalender füllen kinder","填充儿童圣诞倒数日历"
"deu_Latn","adventskalender für 18 jährige","18岁圣诞倒数日历"
"deu_Latn","adventskalender für kinder ab 3","3岁以上儿童圣诞倒数日历"
"deu_Latn","adventskalender für männer parfüm","男士香水圣诞倒数日历"
"deu_Latn","adventskalender getränkedosen","饮料罐圣诞倒数日历"
"deu_Latn","adventskalender hasen","hasen圣诞倒数日历"
"deu_Latn","adventskalender kinder barbie","儿童芭比圣诞倒数日历"
"deu_Latn","adventskalender kinder ohne süßigkeiten","儿童糖果圣诞倒数日历"
"deu_Latn","adventskalender kita","kita圣诞倒数日历"
"deu_Latn","adventskalender kuh","kuh圣诞倒数日历"
"deu_Latn","adventskalender kärtchen","小卡片圣诞倒数日历"
"deu_Latn","adventskalender lego jungs","乐高男孩圣诞倒数日历"
"deu_Latn","adventskalender lindor 2025","2025年Lindor圣诞倒数日历"
"deu_Latn","adventskalender lindt hello","瑞士莲圣诞倒数日历"
"deu_Latn","adventskalender m&m 2025","2025年M圣诞倒数日历"
"deu_Latn","adventskalender montessori","montessori圣诞倒数日历"
"deu_Latn","adventskalender mädchen 10","女孩10圣诞倒数日历"
"deu_Latn","adventskalender mädchen haarschmuck","女孩发饰圣诞倒数日历"
"deu_Latn","adventskalender männer nivea","男士妮维雅圣诞倒数日历"
"deu_Latn","adventskalender parfum miniaturen","香水miniaturen圣诞倒数日历"
"deu_Latn","adventskalender reclam","reclam圣诞倒数日历"
"deu_Latn","adventskalender sachen","小物圣诞倒数日历"
"deu_Latn","adventskalender schokolade vegan","巧克力纯素圣诞倒数日历"
"deu_Latn","adventskalender sex für paare","成人情趣情侣圣诞倒数日历"
"deu_Latn","adventskalender spanisch","spanisch圣诞倒数日历"
"deu_Latn","adventskalender treppengeländer","楼梯扶手圣诞倒数日历"
"deu_Latn","adventskalender tüten xxl","纸袋XXL圣诞倒数日历"
"deu_Latn","adventskalender welt","世界圣诞倒数日历"
"deu_Latn","adventskalender xxl 2025","2025年XXL圣诞倒数日历"
"deu_Latn","adventskalender zubehör kinder","配件儿童圣诞倒数日历"
"deu_Latn","amorelie adventskalender 2024","2024年Amorelie圣诞倒数日历"
"deu_Latn","ausgefallener adventskalender","别具一格圣诞倒数日历"
"deu_Latn","boxiland adventskalender","boxiland圣诞倒数日历"
"deu_Latn","buttons adventskalender","buttons圣诞倒数日历"
"deu_Latn","clinique adventskalender 2025","2025年clinique圣诞倒数日历"
"deu_Latn","die maus adventskalender 2025","2025年老鼠圣诞倒数日历"
"deu_Latn","folia adventskalender set","folia套装圣诞倒数日历"
"deu_Latn","freundin adventskalender","女友圣诞倒数日历"
"deu_Latn","füllung für adventskalender teenager","青少年圣诞倒数日历填充物"
"deu_Latn","geile weine adventskalender","geileweine圣诞倒数日历"
"deu_Latn","jute beutel adventskalender","黄麻袋子圣诞倒数日历"
"deu_Latn","knox adventskalender 2025","2025年knox圣诞倒数日历"
"deu_Latn","l'occitane adventskalender 2025","2025年欧舒丹圣诞倒数日历"
"deu_Latn","lancome adventskalender","lancome圣诞倒数日历"
"deu_Latn","literarischer adventskalender 2025","2025年literarischer圣诞倒数日历"
"deu_Latn","mal adventskalender","mal圣诞倒数日历"
"deu_Latn","messmer tee adventskalender","messmer茶叶圣诞倒数日历"
"deu_Latn","metal gods adventskalender","金属gods圣诞倒数日历"
"deu_Latn","mini adventskalender zum befüllen","迷你可填充圣诞倒数日历"
"deu_Latn","mini produkte für adventskalender","迷你produkte圣诞倒数日历"
"deu_Latn","nail adventskalender","nail圣诞倒数日历"
"deu_Latn","national geographic adventskalender","nationalgeographic圣诞倒数日历"
"deu_Latn","panzer adventskalender","panzer圣诞倒数日历"
"deu_Latn","riesenrad adventskalender","riesenrad圣诞倒数日历"
"deu_Latn","samen adventskalender","种子圣诞倒数日历"
"deu_Latn","schmuck adventskalender kinder","珠宝首饰儿童圣诞倒数日历"
"deu_Latn","spa adventskalender","spa圣诞倒数日历"
"deu_Latn","spezi adventskalender","spezi圣诞倒数日历"
"deu_Latn","squish-a-longs adventskalender 2025","2025年squishalongs圣诞倒数日历"
"deu_Latn","taylor swift adventskalender 2025","2025年Taylor Swift圣诞倒数日历"
"deu_Latn","tetesept adventskalender","tetesept圣诞倒数日历"
"deu_Latn","vampire diaries adventskalender","vampirediaries圣诞倒数日历"
"deu_Latn","veganer adventskalender schokolade","纯素巧克力圣诞倒数日历"
"deu_Latn","weihnachts adventskalender","weihnachts圣诞倒数日历"
"deu_Latn","weihnachtskalender angeln","钓鱼圣诞倒数日历"
"deu_Latn","weihnachtskalender douglas","Douglas圣诞倒数日历"
"deu_Latn","adventskalender 2025 armband","2025年手链圣诞倒数日历"
"deu_Latn","adventskalender 2025 bauen","2025年建造圣诞倒数日历"
"deu_Latn","adventskalender 2025 besonders","2025年特别圣诞倒数日历"
"deu_Latn","adventskalender 2025 coca cola","2025年可口可乐圣诞倒数日历"
"deu_Latn","adventskalender 2025 frauen pflege","2025年女士护理圣诞倒数日历"
"deu_Latn","adventskalender 2025 golf","2025年高尔夫圣诞倒数日历"
"deu_Latn","adventskalender 2025 jurassic world","2025年侏罗纪世界圣诞倒数日历"
"deu_Latn","adventskalender 2025 kinder 6 jahre junge","2025年6岁儿童男孩圣诞倒数日历"
"deu_Latn","adventskalender 2025 kinder bueno","2025年儿童Bueno圣诞倒数日历"
"deu_Latn","adventskalender 2025 lego harry potter","2025年乐高《哈利·波特》圣诞倒数日历"
"deu_Latn","adventskalender 2025 mit schokolade","2025年巧克力圣诞倒数日历"
"deu_Latn","adventskalender 2025 unter 20 euro","2025年20欧元圣诞倒数日历"
"deu_Latn","adventskalender ampullen","ampullen圣诞倒数日历"
"deu_Latn","adventskalender baumaschinen","baumaschinen圣诞倒数日历"
"deu_Latn","adventskalender exit erwachsene","EXIT成人圣诞倒数日历"
"deu_Latn","adventskalender fossilien","化石圣诞倒数日历"
"deu_Latn","adventskalender für 14 jährige jungs","14岁男孩圣诞倒数日历"
"deu_Latn","adventskalender gabby's dollhouse","《盖比的娃娃屋》圣诞倒数日历"
"deu_Latn","adventskalender gießform","Gießform圣诞倒数日历"
"deu_Latn","adventskalender inhalt 2 jährige","2岁圣诞倒数日历内装物"
"deu_Latn","adventskalender kamin","kamin圣诞倒数日历"
"deu_Latn","adventskalender krimi und tee","推理茶叶圣诞倒数日历"
"deu_Latn","adventskalender malbuch erwachsene","malbuch成人圣诞倒数日历"
"deu_Latn","adventskalender männer süßigkeiten","男士糖果圣诞倒数日历"
"deu_Latn","adventskalender nackte männer","nackte男士圣诞倒数日历"
"deu_Latn","adventskalender naschzeug","naschzeug圣诞倒数日历"
"deu_Latn","adventskalender nissin","nissin圣诞倒数日历"
"deu_Latn","adventskalender nussknacker","nussknacker圣诞倒数日历"
"deu_Latn","adventskalender schleich eldrador","Schleicheldrador圣诞倒数日历"
"deu_Latn","adventskalender schokolade einfach","巧克力einfach圣诞倒数日历"
"deu_Latn","adventskalender schokolade günstig","巧克力实惠圣诞倒数日历"
"deu_Latn","adventskalender snocks","snocks圣诞倒数日历"
"deu_Latn","angel adventskalender 2025 forelle","2025年钓鱼鳟鱼圣诞倒数日历"
"deu_Latn","asterix adventskalender","asterix圣诞倒数日历"
"deu_Latn","barcelona adventskalender","barcelona圣诞倒数日历"
"deu_Latn","basteln adventskalender 2025","2025年手工圣诞倒数日历"
"deu_Latn","duftöl adventskalender","香氛油圣诞倒数日历"
"deu_Latn","fc bayern adventskalender 2025 premium","2025年拜仁慕尼黑高端圣诞倒数日历"
"deu_Latn","füllung adventskalender baby","婴幼儿圣诞倒数日历填充物"
"deu_Latn","gesunder adventskalender kinder","健康儿童圣诞倒数日历"
"deu_Latn","grinch adventskalender socken","圣诞怪杰袜子圣诞倒数日历"
"deu_Latn","high protein adventskalender 2025","2025年high蛋白质圣诞倒数日历"
"deu_Latn","k beauty adventskalender","K美妆圣诞倒数日历"
"deu_Latn","kinder schoko adventskalender 2025","2025年儿童巧克力圣诞倒数日历"
"deu_Latn","kochbuch adventskalender","kochbuch圣诞倒数日历"
"deu_Latn","kuscheltier adventskalender 2025","2025年kuscheltier圣诞倒数日历"
"deu_Latn","leselöwen adventskalender","Leselöwen圣诞倒数日历"
"deu_Latn","masken adventskalender 2025","2025年面膜圣诞倒数日历"
"deu_Latn","messer adventskalender 2025","2025年messer圣诞倒数日历"
"deu_Latn","mini adventskalender to go","迷你togo圣诞倒数日历"
"deu_Latn","olchi adventskalender","olchi圣诞倒数日历"
"deu_Latn","rammstein adventskalender","rammstein圣诞倒数日历"
"deu_Latn","real madrid adventskalender 2025","2025年realmadrid圣诞倒数日历"
"deu_Latn","ronnefeldt tee adventskalender 2025","2025年ronnefeldt茶叶圣诞倒数日历"
"deu_Latn","schmink adventskalender essence","schminkessence圣诞倒数日历"
"deu_Latn","schoko adventskalender 2025 günstig","2025年巧克力实惠圣诞倒数日历"
"deu_Latn","schoko adventskalender 2025 lindt","2025年巧克力瑞士莲圣诞倒数日历"
"deu_Latn","shot adventskalender 2025","2025年shot圣诞倒数日历"
"deu_Latn","soletti adventskalender","soletti圣诞倒数日历"
"deu_Latn","squishmallows squish-a-longs adventskalender 2025","2025年squishmallowssquishalongs圣诞倒数日历"
"deu_Latn","stay spiced adventskalender","stayspiced圣诞倒数日历"
"deu_Latn","tiergeräusche adventskalender","Tiergeräusche圣诞倒数日历"
"deu_Latn","trüffel adventskalender","松露巧克力圣诞倒数日历"
"deu_Latn","vintage adventskalender","vintage圣诞倒数日历"
"deu_Latn","wand adventskalender","墙面圣诞倒数日历"
"deu_Latn","world of warcraft adventskalender","《魔兽世界》圣诞倒数日历"
"deu_Latn","yves rocher adventskalender","yvesRocher圣诞倒数日历"
"deu_Latn","lego weihnachtskalender 2025","2025年乐高圣诞倒数日历"
"deu_Latn","weihnachtskalender 2025 kinder schokolade","2025年儿童巧克力圣诞倒数日历"
"deu_Latn","advent calendar kinder","圣诞倒数日历儿童款"
"deu_Latn","'adventskalender kerzen","蜡烛圣诞倒数日历"
"deu_Latn","3 fragezeichen kids adventskalender","3问号儿童圣诞倒数日历"
"deu_Latn","adventskalender 20 euro","20欧元圣诞倒数日历"
"deu_Latn","adventskalender 2025 airfryer","2025年空气炸锅圣诞倒数日历"
"deu_Latn","adventskalender 2025 angler","2025年钓鱼圣诞倒数日历"
"deu_Latn","adventskalender 2025 frauen maybelline","2025年女士美宝莲圣诞倒数日历"
"deu_Latn","adventskalender 2025 groß","2025年大号圣诞倒数日历"
"deu_Latn","adventskalender 2025 katjes","2025年katjes圣诞倒数日历"
"deu_Latn","adventskalender 2025 knobelspiele","2025年益智游戏圣诞倒数日历"
"deu_Latn","adventskalender 2025 mädchen 15 jahre","2025年15岁女孩圣诞倒数日历"
"deu_Latn","adventskalender 2025 nespresso","2025年nespresso圣诞倒数日历"
"deu_Latn","adventskalender 2025 süßigkeiten xxl","2025年糖果XXL圣诞倒数日历"
"deu_Latn","adventskalender 2026 männer","2026年男士圣诞倒数日历"
"deu_Latn","adventskalender ab 8 jahre","8岁以上圣诞倒数日历"
"deu_Latn","adventskalender beauty kinder","美妆儿童圣诞倒数日历"
"deu_Latn","adventskalender befüllen ideen frauen","女士圣诞倒数日历填充创意"
"deu_Latn","adventskalender blumenstrauß","Blumenstrauß圣诞倒数日历"
"deu_Latn","adventskalender english","english圣诞倒数日历"
"deu_Latn","adventskalender frankreich","frankreich圣诞倒数日历"
"deu_Latn","adventskalender frauen socken","女士袜子圣诞倒数日历"
"deu_Latn","adventskalender für 11 jährige jungs","11岁男孩圣诞倒数日历"
"deu_Latn","adventskalender für kinder 1 jahr","1岁儿童圣诞倒数日历"
"deu_Latn","adventskalender hamburg","hamburg圣诞倒数日历"
"deu_Latn","adventskalender hsv 2025","2025年HSV圣诞倒数日历"
"deu_Latn","adventskalender junger mann","junger男士圣诞倒数日历"
"deu_Latn","adventskalender kinder 9 jahre junge","9岁儿童男孩圣诞倒数日历"
"deu_Latn","adventskalender kinder schoko","儿童巧克力圣诞倒数日历"
"deu_Latn","adventskalender ks tools","kstools圣诞倒数日历"
"deu_Latn","adventskalender licht","licht圣诞倒数日历"
"deu_Latn","adventskalender malen kinder","涂色儿童圣诞倒数日历"
"deu_Latn","adventskalender mama und tochter","妈妈女儿圣诞倒数日历"
"deu_Latn","adventskalender manga zeichnen","漫画绘画圣诞倒数日历"
"deu_Latn","adventskalender mit der maus","老鼠圣诞倒数日历"
"deu_Latn","adventskalender mit essen","食品圣诞倒数日历"
"deu_Latn","adventskalender murmelbahn","murmelbahn圣诞倒数日历"
"deu_Latn","adventskalender parfüm douglas","香水Douglas圣诞倒数日历"
"deu_Latn","adventskalender pasre","pasre圣诞倒数日历"
"deu_Latn","adventskalender pflegekraft","pflegekraft圣诞倒数日历"
"deu_Latn","adventskalender raspberry pi","raspberrypi圣诞倒数日历"
"deu_Latn","adventskalender selber basteln kinder","手工儿童圣诞倒数日历"
"deu_Latn","adventskalender selber befüllen männer","可自行填充男士圣诞倒数日历"
"deu_Latn","adventskalender technik kinder","科技儿童圣诞倒数日历"
"deu_Latn","adventskalender teenager 2025","2025年青少年圣诞倒数日历"
"deu_Latn","adventskalender vfb","vfb圣诞倒数日历"
"deu_Latn","adventskalender weihnachtskrippe","weihnachtskrippe圣诞倒数日历"
"deu_Latn","adventskalender weihnachtsschmuck","weihnachtsschmuck圣诞倒数日历"
"deu_Latn","adventskalender werdende eltern","werdende父母圣诞倒数日历"
"deu_Latn","adventskalender zum vorlesen für kinder","朗读儿童圣诞倒数日历"
"deu_Latn","bbq adventskalender","bbq圣诞倒数日历"
"deu_Latn","cult beauty adventskalender 2025","2025年cult美妆圣诞倒数日历"
"deu_Latn","dessous adventskalender","dessous圣诞倒数日历"
"deu_Latn","drei fragezeichen adventskalender buch","三个问号书籍圣诞倒数日历"
"deu_Latn","duschgel adventskalender","沐浴露圣诞倒数日历"
"deu_Latn","exit adventskalender kinder","EXIT儿童圣诞倒数日历"
"deu_Latn","hafervoll adventskalender","hafervoll圣诞倒数日历"
"deu_Latn","harry potter adventskalender buch","《哈利·波特》书籍圣诞倒数日历"
"deu_Latn","harry potter adventskalender für erwachsene","《哈利·波特》成人圣诞倒数日历"
"deu_Latn","jurassic world rebirth adventskalender","侏罗纪世界：重生圣诞倒数日历"
"deu_Latn","jäger adventskalender 2025","2025年猎人圣诞倒数日历"
"deu_Latn","k-pop adventskalender 2025","2025年Kpop圣诞倒数日历"
"deu_Latn","kraftpapier tüten adventskalender","kraftpapier纸袋圣诞倒数日历"
"deu_Latn","lego flower adventskalender","乐高花卉圣诞倒数日历"
"deu_Latn","lindt adventskalender vegan","瑞士莲纯素圣诞倒数日历"
"deu_Latn","mine craft adventskalender 2025","2025年minecraft圣诞倒数日历"
"deu_Latn","otter adventskalender","otter圣诞倒数日历"
"deu_Latn","paar adventskalender 2025 erotisch","2025年情侣情趣圣诞倒数日历"
"deu_Latn","sachen zum befüllen eines adventskalender","小物可填充圣诞倒数日历"
"deu_Latn","stricken adventskalender 2025","2025年编织圣诞倒数日历"
"deu_Latn","tony adventskalender 2025","2025年tony圣诞倒数日历"
"deu_Latn","ültje adventskalender","Ültje圣诞倒数日历"
"deu_Latn","weihnachtskalender haribo","哈瑞宝圣诞倒数日历"
"deu_Latn","24 geschenke adventskalender","24礼物圣诞倒数日历"
"deu_Latn","adventskalender 2025 beauty douglas","2025年美妆Douglas圣诞倒数日历"
"deu_Latn","adventskalender 2025 elsa","2025年艾莎圣诞倒数日历"
"deu_Latn","adventskalender 2025 kinder 2 jahre mädchen","2025年2岁儿童女孩圣诞倒数日历"
"deu_Latn","adventskalender 2025 kinder ab 10","2025年10岁以上儿童圣诞倒数日历"
"deu_Latn","adventskalender 2025 matchbox","2025年matchbox圣诞倒数日历"
"deu_Latn","adventskalender 2025 männer fußball","2025年男士足球圣诞倒数日历"
"deu_Latn","adventskalender 2025 neonail","2025年neonail圣诞倒数日历"
"deu_Latn","adventskalender 2025 sudoku","2025年sudoku圣诞倒数日历"
"deu_Latn","adventskalender ab 5","5岁以上圣诞倒数日历"
"deu_Latn","adventskalender ab 6 jahre junge","6岁以上男孩圣诞倒数日历"
"deu_Latn","adventskalender astronomie","astronomie圣诞倒数日历"
"deu_Latn","adventskalender bagger kinder","bagger儿童圣诞倒数日历"
"deu_Latn","adventskalender england","england圣诞倒数日历"
"deu_Latn","adventskalender essence juicy bomb","essencejuicybomb圣诞倒数日历"
"deu_Latn","adventskalender fischer 2025","2025年fischer圣诞倒数日历"
"deu_Latn","adventskalender football nfl","足球NFL圣诞倒数日历"
"deu_Latn","adventskalender füllung 10 jahre","10岁圣诞倒数日历填充物"
"deu_Latn","adventskalender füllung junge 10","男孩10圣诞倒数日历填充物"
"deu_Latn","adventskalender füllung mädchen 9","女孩9圣诞倒数日历填充物"
"deu_Latn","adventskalender für schulklasse","schulklasse圣诞倒数日历"
"deu_Latn","adventskalender für werdende mütter","werdende母亲圣诞倒数日历"
"deu_Latn","adventskalender haribo xxl","哈瑞宝XXL圣诞倒数日历"
"deu_Latn","adventskalender harry potter erwachsene","《哈利·波特》成人圣诞倒数日历"
"deu_Latn","adventskalender holzeisenbahn","holzeisenbahn圣诞倒数日历"
"deu_Latn","adventskalender jungs 2 jahre","2岁男孩圣诞倒数日历"
"deu_Latn","adventskalender kiko","kiko圣诞倒数日历"
"deu_Latn","adventskalender kinder ab 8","8岁以上儿童圣诞倒数日历"
"deu_Latn","adventskalender kinder ideen zum befüllen","儿童创意可填充圣诞倒数日历"
"deu_Latn","adventskalender kinder personalisiert","儿童个性化圣诞倒数日历"
"deu_Latn","adventskalender klein schokolade","小号巧克力圣诞倒数日历"
"deu_Latn","adventskalender krippe kinder","马槽儿童圣诞倒数日历"
"deu_Latn","adventskalender loreal paris","欧莱雅paris圣诞倒数日历"
"deu_Latn","adventskalender mario kart","mariokart圣诞倒数日历"
"deu_Latn","adventskalender mini spiele","迷你游戏圣诞倒数日历"
"deu_Latn","adventskalender nostalgie schokolade","怀旧巧克力圣诞倒数日历"
"deu_Latn","adventskalender playmobil ritter","PlaymobilRitter圣诞倒数日历"
"deu_Latn","adventskalender rohling","rohling圣诞倒数日历"
"deu_Latn","adventskalender roman","roman圣诞倒数日历"
"deu_Latn","adventskalender wiederbefüllbar","可重复填充圣诞倒数日历"
"deu_Latn","adventskalender zum befüllen grau","可填充grau圣诞倒数日历"
"deu_Latn","adventskalender-säckchen groß","小袋大号圣诞倒数日历"
"deu_Latn","amazon adventskalender frauen","亚马逊女士圣诞倒数日历"
"deu_Latn","anti stress adventskalender für frauen","antistress女士圣诞倒数日历"
"deu_Latn","aquarell adventskalender","aquarell圣诞倒数日历"
"deu_Latn","asambeauty adventskalender","asambeauty圣诞倒数日历"
"deu_Latn","assam adventskalender","assam圣诞倒数日历"
"deu_Latn","bluye adventskalender","bluye圣诞倒数日历"
"deu_Latn","dice adventskalender","dice圣诞倒数日历"
"deu_Latn","enchantimals adventskalender","enchantimals圣诞倒数日历"
"deu_Latn","erster adventskalender","erster圣诞倒数日历"
"deu_Latn","essence adventskalender 2025 juicy bomb","2025年essencejuicybomb圣诞倒数日历"
"deu_Latn","exit das spiel adventskalender","EXITspiel圣诞倒数日历"
"deu_Latn","frühstücks adventskalender","早餐圣诞倒数日历"
"deu_Latn","füllmaterial adventskalender erwachsene","填充物成人圣诞倒数日历"
"deu_Latn","füllung adventskalender teenager junge","青少年男孩圣诞倒数日历填充物"
"deu_Latn","gabby's dollhouse adventskalender","《盖比的娃娃屋》圣诞倒数日历"
"deu_Latn","harry potter lego adventskalender 2025","2025年《哈利·波特》乐高圣诞倒数日历"
"deu_Latn","jen und lean adventskalender","jenlean圣诞倒数日历"
"deu_Latn","kleine geschenke für adventskalender männer","小号礼物男士圣诞倒数日历"
"deu_Latn","kleinigkeit für adventskalender kinder","小物儿童圣诞倒数日历"
"deu_Latn","legami stifte adventskalender","Legami笔圣诞倒数日历"
"deu_Latn","little people big dreams adventskalender deutsch","Little People Big Dreams德语版圣诞倒数日历"
"deu_Latn","ltb adventskalender 2025","2025年ltb圣诞倒数日历"
"deu_Latn","mc laren adventskalender","mclaren圣诞倒数日历"
"deu_Latn","miniatur adventskalender","miniatur圣诞倒数日历"
"deu_Latn","monster energy adventskalender 2025","2025年怪兽 Energy圣诞倒数日历"
"deu_Latn","moomin adventskalender","moomin圣诞倒数日历"
"deu_Latn","muskelmacher adventskalender 2025","2025年muskelmacher圣诞倒数日历"
"deu_Latn","niederegger vegan adventskalender","Niederegger纯素圣诞倒数日历"
"deu_Latn","playmobil adventskalender weihnachtsmarkt","Playmobilweihnachtsmarkt圣诞倒数日历"
"deu_Latn","protein adventskalender 2025 esn","2025年蛋白质esn圣诞倒数日历"
"deu_Latn","rubiks cube adventskalender","rubikscube圣诞倒数日历"
"deu_Latn","smoothie adventskalender","smoothie圣诞倒数日历"
"deu_Latn","star trek adventskalender 2025","2025年startrek圣诞倒数日历"
"deu_Latn","tee adventskalender bio","茶有机圣诞倒数日历"
"deu_Latn","tee adventskalender sonnentor","茶Sonnentor圣诞倒数日历"
"deu_Latn","top adventskalender 2025","2025年top圣诞倒数日历"
"deu_Latn","weihnachtssticker adventskalender","weihnachtssticker圣诞倒数日历"
"deu_Latn","woozle goozle adventskalender 2025","2025年woozlegoozle圣诞倒数日历"
"deu_Latn","erotik weihnachtskalender","情趣圣诞倒数日历"
"deu_Latn","fitness weihnachtskalender","健身圣诞倒数日历"
"deu_Latn","weihnachtskalender jungs 12 jahre","12岁男孩圣诞倒数日历"
"deu_Latn","weihnachtskalender lindt 2025","2025年瑞士莲圣诞倒数日历"
"deu_Latn","'adventskalender vegan","纯素圣诞倒数日历"
"deu_Latn","adventskalender 2025 gym","2025年gym圣诞倒数日历"
"deu_Latn","adventskalender 2025 kinder schleim","2025年儿童史莱姆圣诞倒数日历"
"deu_Latn","adventskalender 2025 kitkat","2025年KitKat圣诞倒数日历"
"deu_Latn","adventskalender 2025 make up elf","2025年e.l.f.圣诞倒数日历"
"deu_Latn","adventskalender 2025 more nutrition","2025年More Nutrition圣诞倒数日历"
"deu_Latn","adventskalender 2025 mütter","2025年母亲圣诞倒数日历"
"deu_Latn","adventskalender 2025 naruto","2025年《火影忍者》圣诞倒数日历"
"deu_Latn","adventskalender 2025 nostalgie","2025年怀旧圣诞倒数日历"
"deu_Latn","adventskalender 2025 teekanne","2025年teekanne圣诞倒数日历"
"deu_Latn","adventskalender 2025 usa süßigkeiten","2025年美国糖果圣诞倒数日历"
"deu_Latn","adventskalender aoste","aoste圣诞倒数日历"
"deu_Latn","adventskalender avengers","《复仇者联盟》圣诞倒数日历"
"deu_Latn","adventskalender badebomben kinder","泡澡球儿童圣诞倒数日历"
"deu_Latn","adventskalender cannabis","cannabis圣诞倒数日历"
"deu_Latn","adventskalender checkerin marina","checkerinmarina圣诞倒数日历"
"deu_Latn","adventskalender cosmetics","化妆品圣诞倒数日历"
"deu_Latn","adventskalender düfte damen","香氛女士圣诞倒数日历"
"deu_Latn","adventskalender fahrzeuge","fahrzeuge圣诞倒数日历"
"deu_Latn","adventskalender foto mit schokolade","照片巧克力圣诞倒数日历"
"deu_Latn","adventskalender fussball wm 2026","2026年足球wm圣诞倒数日历"
"deu_Latn","adventskalender geschenk","礼物圣诞倒数日历"
"deu_Latn","adventskalender gladbach","gladbach圣诞倒数日历"
"deu_Latn","adventskalender goldschmuck","goldschmuck圣诞倒数日历"
"deu_Latn","adventskalender hexen","女巫圣诞倒数日历"
"deu_Latn","adventskalender ideen teenager","创意青少年圣诞倒数日历"
"deu_Latn","adventskalender krankenschwester","krankenschwester圣诞倒数日历"
"deu_Latn","adventskalender lakritz 2025","2025年甘草糖圣诞倒数日历"
"deu_Latn","adventskalender low carb","lowcarb圣诞倒数日历"
"deu_Latn","adventskalender mini brands","Mini Brands圣诞倒数日历"
"deu_Latn","adventskalender mit dunkler schokolade","黑巧克力圣诞倒数日历"
"deu_Latn","adventskalender nachhaltig","nachhaltig圣诞倒数日历"
"deu_Latn","adventskalender nummern holz","编号木质圣诞倒数日历"
"deu_Latn","adventskalender popcorn","popcorn圣诞倒数日历"
"deu_Latn","adventskalender psychologie","psychologie圣诞倒数日历"
"deu_Latn","adventskalender rettungsdienst","rettungsdienst圣诞倒数日历"
"deu_Latn","adventskalender schachteln zum befüllen kinder","盒子可填充儿童圣诞倒数日历"
"deu_Latn","adventskalender schulsachen","schulsachen圣诞倒数日历"
"deu_Latn","adventskalender squid game","squid游戏圣诞倒数日历"
"deu_Latn","adventskalender teenager mädchen schmuck","青少年女孩珠宝首饰圣诞倒数日历"
"deu_Latn","adventskalender volleyball","volleyball圣诞倒数日历"
"deu_Latn","adventskalender wikinger","wikinger圣诞倒数日历"
"deu_Latn","adventskalender zum befüllen dino","可填充恐龙圣诞倒数日历"
"deu_Latn","bartpflege adventskalender","胡须护理圣诞倒数日历"
"deu_Latn","bild adventskalender","bild圣诞倒数日历"
"deu_Latn","bundesliga adventskalender 2025","2025年bundesliga圣诞倒数日历"
"deu_Latn","cupper tee adventskalender","cupper茶叶圣诞倒数日历"
"deu_Latn","cupper tee adventskalender 2025","2025年cupper茶叶圣诞倒数日历"
"deu_Latn","dr hauschka adventskalender 2025","2025年drhauschka圣诞倒数日历"
"deu_Latn","drei  adventskalender","三圣诞倒数日历"
"deu_Latn","dubai schokolade adventskalender","dubai巧克力圣诞倒数日历"
"deu_Latn","eva eich escape room adventskalender","evaeich密室逃脱圣诞倒数日历"
"deu_Latn","ferrari adventskalender","ferrari圣诞倒数日历"
"deu_Latn","gabby dollhouse adventskalender 2025","2025年《盖比的娃娃屋》圣诞倒数日历"
"deu_Latn","haba mein erster adventskalender","habaerster圣诞倒数日历"
"deu_Latn","heimwerker adventskalender","heimwerker圣诞倒数日历"
"deu_Latn","hexen adventskalender 2025","2025年女巫圣诞倒数日历"
"deu_Latn","high protein adventskalender","high蛋白质圣诞倒数日历"
"deu_Latn","hussel adventskalender","hussel圣诞倒数日历"
"deu_Latn","ich hasse menschen adventskalender","hassemenschen圣诞倒数日历"
"deu_Latn","inhalt für adventskalender mann","男士圣诞倒数日历内装物"
"deu_Latn","jurassic park adventskalender 2025","2025年侏罗纪park圣诞倒数日历"
"deu_Latn","kknekki adventskalender 2025","2025年kknekki圣诞倒数日历"
"deu_Latn","lipgloss adventskalender","lipgloss圣诞倒数日历"
"deu_Latn","mcdart adventskalender","mcdart圣诞倒数日历"
"deu_Latn","musikalischer adventskalender","musikalischer圣诞倒数日历"
"deu_Latn","märchen adventskalender","Märchen圣诞倒数日历"
"deu_Latn","paare adventskalender 2025","2025年情侣圣诞倒数日历"
"deu_Latn","pafory parfüm adventskalender","pafory香水圣诞倒数日历"
"deu_Latn","playmobil adventskalender feuerwehr","Playmobil消防队圣诞倒数日历"
"deu_Latn","rahmen adventskalender","rahmen圣诞倒数日历"
"deu_Latn","rb leipzig adventskalender","rbleipzig圣诞倒数日历"
"deu_Latn","spiritueller adventskalender 2025","2025年spiritueller圣诞倒数日历"
"deu_Latn","säckchen adventskalender zum befüllen kinder","可填充儿童圣诞倒数日历小袋"
"deu_Latn","säcke adventskalender","袋子圣诞倒数日历"
"deu_Latn","tee adventskalender für zwei","茶两人圣诞倒数日历"
"deu_Latn","teenie adventskalender","青少年圣诞倒数日历"
"deu_Latn","werkzeug adventskalender 2025 wera","2025年工具Wera圣诞倒数日历"
"deu_Latn","minecraft weihnachtskalender","《我的世界》圣诞倒数日历"
"deu_Latn","minecraft weihnachtskalender 2025","2025年《我的世界》圣诞倒数日历"
"deu_Latn","weihnachtskalender 2025 kosmetik","2025年化妆品圣诞倒数日历"
"deu_Latn","weihnachtskalender jugendliche","青少年圣诞倒数日历"
"deu_Latn","24 kleine geschenke für adventskalender frauen","24小号礼物女士圣诞倒数日历"
"deu_Latn","adventskalender 2025 frauen zum befüllen","2025年女士可填充圣诞倒数日历"
"deu_Latn","adventskalender 2025 kinder lego ninjago","2025年儿童乐高乐高幻影忍者圣诞倒数日历"
"deu_Latn","adventskalender 2025 kinder pixi","2025年儿童pixi圣诞倒数日历"
"deu_Latn","adventskalender 2025 männer wera","2025年男士Wera圣诞倒数日历"
"deu_Latn","adventskalender 2025 retro","2025年复古圣诞倒数日历"
"deu_Latn","adventskalender 2025 witzig","2025年witzig圣诞倒数日历"
"deu_Latn","adventskalender bitty pop","bittypop圣诞倒数日历"
"deu_Latn","adventskalender buch erstleser","书籍初级读者圣诞倒数日历"
"deu_Latn","adventskalender clipper 2025","2025年clipper圣诞倒数日历"
"deu_Latn","adventskalender damen parfüm","女士香水圣诞倒数日历"
"deu_Latn","adventskalender damen sale","女士促销圣诞倒数日历"
"deu_Latn","adventskalender duell familie","对决家庭圣诞倒数日历"
"deu_Latn","adventskalender für ehefrau","ehefrau圣诞倒数日历"
"deu_Latn","adventskalender für kreative","kreative圣诞倒数日历"
"deu_Latn","adventskalender für männer werkzeug","男士工具圣诞倒数日历"
"deu_Latn","adventskalender für pärchen","情侣圣诞倒数日历"
"deu_Latn","adventskalender kacken","kacken圣诞倒数日历"
"deu_Latn","adventskalender kinder kreativ","儿童创意圣诞倒数日历"
"deu_Latn","adventskalender liebe 2025","2025年爱情圣诞倒数日历"
"deu_Latn","adventskalender masken","面膜圣诞倒数日历"
"deu_Latn","adventskalender mini schokolade","迷你巧克力圣诞倒数日历"
"deu_Latn","adventskalender nackte frauen","nackte女士圣诞倒数日历"
"deu_Latn","adventskalender otter","otter圣诞倒数日历"
"deu_Latn","adventskalender parfüm 2025","2025年香水圣诞倒数日历"
"deu_Latn","adventskalender puzzle 1000 teile","拼图1000teile圣诞倒数日历"
"deu_Latn","adventskalender sticker kinder","贴纸儿童圣诞倒数日历"
"deu_Latn","adventskalender säckchen xxl","小袋XXL圣诞倒数日历"
"deu_Latn","adventskalender tür aufhängen","门式悬挂式圣诞倒数日历"
"deu_Latn","adventskalender vogel","vogel圣诞倒数日历"
"deu_Latn","adventskalender vw","vw圣诞倒数日历"
"deu_Latn","adventskalender+teenager+mädchen","青少年女孩圣诞倒数日历"
"deu_Latn","aesthetic adventskalender","aesthetic圣诞倒数日历"
"deu_Latn","baby adventskalender 2025","2025年婴幼儿圣诞倒数日历"
"deu_Latn","bayern adventskalender 2025","2025年bayern圣诞倒数日历"
"deu_Latn","billie eilish adventskalender 2025","2025年billieeilish圣诞倒数日历"
"deu_Latn","bodyshop adventskalender","bodyshop圣诞倒数日历"
"deu_Latn","brandnooz adventskalender","brandnooz圣诞倒数日历"
"deu_Latn","böse buch adventskalender","邪恶书籍圣诞倒数日历"
"deu_Latn","chio chips adventskalender 2025","2025年chio薯片圣诞倒数日历"
"deu_Latn","detektiv adventskalender","detektiv圣诞倒数日历"
"deu_Latn","eishockey adventskalender 2025","2025年冰球圣诞倒数日历"
"deu_Latn","feuerzeug adventskalender","feuerzeug圣诞倒数日历"
"deu_Latn","füllung adventskalender süßigkeiten","糖果圣诞倒数日历填充物"
"deu_Latn","großer adventskalender zum befüllen","大号可填充圣诞倒数日历"
"deu_Latn","guitar adventskalender","guitar圣诞倒数日历"
"deu_Latn","guitar picks adventskalender","guitarpicks圣诞倒数日历"
"deu_Latn","hape adventskalender","hape圣诞倒数日历"
"deu_Latn","hot wheels - adventskalender 2025","2025年风火轮圣诞倒数日历"
"deu_Latn","hunde adventskalender spielzeug","狗狗玩具圣诞倒数日历"
"deu_Latn","hygge adventskalender","hygge圣诞倒数日历"
"deu_Latn","kleine böse buch adventskalender","小号邪恶书籍圣诞倒数日历"
"deu_Latn","kleine geschenke für frauen adventskalender","小号礼物女士圣诞倒数日历"
"deu_Latn","kleinigkeiten adventskalender teenager","小物青少年圣诞倒数日历"
"deu_Latn","korean adventskalender 2025","2025年韩式圣诞倒数日历"
"deu_Latn","kuh adventskalender 2025","2025年kuh圣诞倒数日历"
"deu_Latn","match attack adventskalender","matchattack圣诞倒数日历"
"deu_Latn","meßmer adventskalender 2025","2025年Meßmer圣诞倒数日历"
"deu_Latn","mädchen adventskalender teenager","女孩青少年圣诞倒数日历"
"deu_Latn","purelei adventskalender 2025 rosegold","2025年PURELEIrosegold圣诞倒数日历"
"deu_Latn","schleich dino adventskalender","Schleich恐龙圣诞倒数日历"
"deu_Latn","sex toy adventskalender","成人情趣玩具圣诞倒数日历"
"deu_Latn","spongebob schwammkopf adventskalender","spongebobschwammkopf圣诞倒数日历"
"deu_Latn","squishies adventskalender","squishies圣诞倒数日历"
"deu_Latn","tee adventskalender 2026","2026年茶叶圣诞倒数日历"
"deu_Latn","titanic adventskalender","titanic圣诞倒数日历"
"deu_Latn","verival adventskalender","verival圣诞倒数日历"
"deu_Latn","wera adventskalender 2026","2026年Wera圣诞倒数日历"
"deu_Latn","wrestling adventskalender","wrestling圣诞倒数日历"
"deu_Latn","legami weihnachtskalender","Legami圣诞倒数日历"
"deu_Latn","weihnachtskalender mädchen 12 jahre","12岁女孩圣诞倒数日历"
"deu_Latn","weihnachtskalender nougat","牛轧糖圣诞倒数日历"
"deu_Latn","achtsamer adventskalender","achtsamer圣诞倒数日历"
"deu_Latn","adventskalender 2025 bts","2025年BTS圣诞倒数日历"
"deu_Latn","adventskalender 2025 clipper","2025年clipper圣诞倒数日历"
"deu_Latn","adventskalender 2025 für sportler","2025年运动员圣诞倒数日历"
"deu_Latn","adventskalender 2025 jungs ab 7","2025年7岁以上男孩圣诞倒数日历"
"deu_Latn","adventskalender 2025 kinder ab 3","2025年3岁以上儿童圣诞倒数日历"
"deu_Latn","adventskalender 2025 m und m","2025年M圣诞倒数日历"
"deu_Latn","adventskalender 2025 männer gin","2025年男士金酒圣诞倒数日历"
"deu_Latn","adventskalender 2025 porridge","2025年porridge圣诞倒数日历"
"deu_Latn","adventskalender 2025 sexy","2025年情趣圣诞倒数日历"
"deu_Latn","adventskalender 2025 snack","2025年零食圣诞倒数日历"
"deu_Latn","adventskalender ab 12","12岁以上圣诞倒数日历"
"deu_Latn","adventskalender babor 2025","2025年babor圣诞倒数日历"
"deu_Latn","adventskalender coppenrath 2025","2025年coppenrath圣诞倒数日历"
"deu_Latn","adventskalender espresso","espresso圣诞倒数日历"
"deu_Latn","adventskalender frauen douglas","女士Douglas圣诞倒数日历"
"deu_Latn","adventskalender für 13 jährige mädchen","13岁女孩圣诞倒数日历"
"deu_Latn","adventskalender für 9 jährige mädchen","9岁女孩圣诞倒数日历"
"deu_Latn","adventskalender für den partner","伴侣圣诞倒数日历"
"deu_Latn","adventskalender hertha bsc","herthabsc圣诞倒数日历"
"deu_Latn","adventskalender jungen 10 jahre lego","10岁男孩乐高圣诞倒数日历"
"deu_Latn","adventskalender kinder ab 2 jahre","2岁以上儿童圣诞倒数日历"
"deu_Latn","adventskalender kuschelsocken","kuschelsocken圣诞倒数日历"
"deu_Latn","adventskalender lego kinder","乐高儿童圣诞倒数日历"
"deu_Latn","adventskalender lippenstift","lippenstift圣诞倒数日历"
"deu_Latn","adventskalender literarisch","literarisch圣诞倒数日历"
"deu_Latn","adventskalender lotta leben","lottaleben圣诞倒数日历"
"deu_Latn","adventskalender mit 31 türchen","31小门圣诞倒数日历"
"deu_Latn","adventskalender mit lakritz","甘草糖圣诞倒数日历"
"deu_Latn","adventskalender mit socken","袜子圣诞倒数日历"
"deu_Latn","adventskalender mädchen 12 jahre beauty","12岁女孩美妆圣诞倒数日历"
"deu_Latn","adventskalender parfum männer","香水男士圣诞倒数日历"
"deu_Latn","adventskalender sexspielzeug","成人情趣用品圣诞倒数日历"
"deu_Latn","adventskalender strümpfe","袜子圣诞倒数日历"
"deu_Latn","adventskalender tisch","桌面圣诞倒数日历"
"deu_Latn","adventskalender vogelstimmen","vogelstimmen圣诞倒数日历"
"deu_Latn","adventskalender yugioh","yugioh圣诞倒数日历"
"deu_Latn","adventskalender zurück in die zukunft","《回到未来》圣诞倒数日历"
"deu_Latn","angel adventskalender 2025 karpfen","2025年钓鱼鲤鱼圣诞倒数日历"
"deu_Latn","chexperiment adventskalender forsche und entdecke mit checker tobi","chexperimentforscheentdeckeChecker Tobi圣诞倒数日历"
"deu_Latn","cute adventskalender","可爱圣诞倒数日历"
"deu_Latn","daniela katzenberger adventskalender","danielakatzenberger圣诞倒数日历"
"deu_Latn","douglas men adventskalender 2025","2025年Douglas男士圣诞倒数日历"
"deu_Latn","elektro adventskalender 2025","2025年elektro圣诞倒数日历"
"deu_Latn","elf adventskalender 2025 make up","2025年e.l.f.圣诞倒数日历"
"deu_Latn","fantasy adventskalender","fantasy圣诞倒数日历"
"deu_Latn","fifa adventskalender","fifa圣诞倒数日历"
"deu_Latn","füllung für adventskalender herren","男士圣诞倒数日历填充物"
"deu_Latn","geschenke für den adventskalender kinder","礼物儿童圣诞倒数日历"
"deu_Latn","handcreme adventskalender","handcreme圣诞倒数日历"
"deu_Latn","harry potter - adventskalender","《哈利·波特》圣诞倒数日历"
"deu_Latn","heavy metal adventskalender","heavy金属圣诞倒数日历"
"deu_Latn","ib laursen adventskalender","iblaursen圣诞倒数日历"
"deu_Latn","kawaii adventskalender","可爱圣诞倒数日历"
"deu_Latn","kinder schoko adventskalender","儿童巧克力圣诞倒数日历"
"deu_Latn","kleinigkeiten für adventskalender jungen","小物男孩圣诞倒数日历"
"deu_Latn","klemmbausteine adventskalender 2025","2025年拼插积木圣诞倒数日历"
"deu_Latn","korres adventskalender 2025","2025年korres圣诞倒数日历"
"deu_Latn","kristalle adventskalender","水晶圣诞倒数日历"
"deu_Latn","künstler adventskalender","艺术家圣诞倒数日历"
"deu_Latn","lego adventskalender friends","乐高Friends圣诞倒数日历"
"deu_Latn","lego avengers adventskalender 2025","2025年乐高《复仇者联盟》圣诞倒数日历"
"deu_Latn","magic the gathering adventskalender","魔法thegathering圣诞倒数日历"
"deu_Latn","mattel adventskalender","mattel圣诞倒数日历"
"deu_Latn","mädchen adventskalender 3 jahre","3岁女孩圣诞倒数日历"
"deu_Latn","ninja adventskalender","ninja圣诞倒数日历"
"deu_Latn","nostalgie-adventskalender","怀旧圣诞倒数日历"
"deu_Latn","nostalgischer adventskalender mit glitzer","nostalgischer闪粉圣诞倒数日历"
"deu_Latn","nussfreier adventskalender","nussfreier圣诞倒数日历"
"deu_Latn","playmobil adventskalender junior","Playmobil儿童版圣诞倒数日历"
"deu_Latn","playmobil adventskalender krippe","Playmobil马槽圣诞倒数日历"
"deu_Latn","pummeleinhorn adventskalender","pummeleinhorn圣诞倒数日历"
"deu_Latn","reduzierte adventskalender","reduzierte圣诞倒数日历"
"deu_Latn","rituals deluxe adventskalender 2025","2025年Rituals豪华圣诞倒数日历"
"deu_Latn","sheglam adventskalender","sheglam圣诞倒数日历"
"deu_Latn","spekulatius adventskalender","spekulatius圣诞倒数日历"
"deu_Latn","sugargang adventskalender mini","Sugargang迷你圣诞倒数日历"
"deu_Latn","tee adventskalender 2025 bio","2025年茶有机圣诞倒数日历"
"deu_Latn","tier adventskalender 2025","2025年动物圣诞倒数日历"
"deu_Latn","tischtennis adventskalender","tischtennis圣诞倒数日历"
"deu_Latn","topps adventskalender 2025","2025年Topps圣诞倒数日历"
"deu_Latn","transformers adventskalender","transformers圣诞倒数日历"
"deu_Latn","victoria secret adventskalender","victoriasecret圣诞倒数日历"
"deu_Latn","wera adventskalender 2023","2023年Wera圣诞倒数日历"
"deu_Latn","harry potter weihnachtskalender","《哈利·波特》圣诞倒数日历"
"deu_Latn","weihnachtskalender douglas 2025","2025年Douglas圣诞倒数日历"
"deu_Latn","weihnachtskalender inhalt kinder","儿童圣诞倒数日历内装物"
"deu_Latn","weihnachtskalender makita","牧田圣诞倒数日历"
"deu_Latn","weihnachtskalender pringles","Pringles圣诞倒数日历"
"deu_Latn","weihnachtskalender zum selber befüllen","可自行填充圣诞倒数日历"
"deu_Latn","'adventskalender kosmetik","化妆品圣诞倒数日历"
"deu_Latn","adventskalender 10€","10圣诞倒数日历"
"deu_Latn","adventskalender 2025 geschichten","2025年故事圣诞倒数日历"
"deu_Latn","adventskalender 2025 herr der ringe","2025年《指环王》圣诞倒数日历"
"deu_Latn","adventskalender 2025 holz","2025年木质圣诞倒数日历"
"deu_Latn","adventskalender 2025 mozartkugeln","2025年mozartkugeln圣诞倒数日历"
"deu_Latn","adventskalender 2025 mädchen kosmetik","2025年女孩化妆品圣诞倒数日历"
"deu_Latn","adventskalender 3d puzzle","3D拼图圣诞倒数日历"
"deu_Latn","adventskalender ab 3 jahre mädchen","3岁以上女孩圣诞倒数日历"
"deu_Latn","adventskalender alpaka","alpaka圣诞倒数日历"
"deu_Latn","adventskalender bausatz erwachsene","拼装套件成人圣诞倒数日历"
"deu_Latn","adventskalender bücher teenager","书籍青少年圣诞倒数日历"
"deu_Latn","adventskalender bügelperlen","Bügelperlen圣诞倒数日历"
"deu_Latn","adventskalender chio chips","chio薯片圣诞倒数日历"
"deu_Latn","adventskalender egal wie alt ich bin","egalwiealtbin圣诞倒数日历"
"deu_Latn","adventskalender elefant","elefant圣诞倒数日历"
"deu_Latn","adventskalender erzieherin","erzieherin圣诞倒数日历"
"deu_Latn","adventskalender familienzeit","家庭时光圣诞倒数日历"
"deu_Latn","adventskalender folia","folia圣诞倒数日历"
"deu_Latn","adventskalender frauen amazon","女士亚马逊圣诞倒数日历"
"deu_Latn","adventskalender frauen tee","女士茶叶圣诞倒数日历"
"deu_Latn","adventskalender füllung 2 jährige","2岁圣诞倒数日历填充物"
"deu_Latn","adventskalender für 3 jährige jungen","3岁男孩圣诞倒数日历"
"deu_Latn","adventskalender für sie und ihn","sieihn圣诞倒数日历"
"deu_Latn","adventskalender gebäck","Gebäck圣诞倒数日历"
"deu_Latn","adventskalender haargummis","haargummis圣诞倒数日历"
"deu_Latn","adventskalender hamster","hamster圣诞倒数日历"
"deu_Latn","adventskalender holy energy","Holy能量饮料圣诞倒数日历"
"deu_Latn","adventskalender inhalt mann","男士圣诞倒数日历内装物"
"deu_Latn","adventskalender kochen teenager","烹饪青少年圣诞倒数日历"
"deu_Latn","adventskalender little people","Little People圣诞倒数日历"
"deu_Latn","adventskalender miniatur","miniatur圣诞倒数日历"
"deu_Latn","adventskalender naturkosmetik 2025","2025年天然化妆品圣诞倒数日历"
"deu_Latn","adventskalender radfahrer","radfahrer圣诞倒数日历"
"deu_Latn","adventskalender rb leipzig","rbleipzig圣诞倒数日历"
"deu_Latn","adventskalender schleim 2025","2025年史莱姆圣诞倒数日历"
"deu_Latn","adventskalender slim","slim圣诞倒数日历"
"deu_Latn","adventskalender teenie junge","青少年男孩圣诞倒数日历"
"deu_Latn","adventskalender tüten weiß","纸袋白色圣诞倒数日历"
"deu_Latn","adventskalender unterhosen männer","内裤男士圣诞倒数日历"
"deu_Latn","adventskalender von essence","essence圣诞倒数日历"
"deu_Latn","adventskalender vorlesen","朗读圣诞倒数日历"
"deu_Latn","adventskalender weihnachtskugeln","weihnachtskugeln圣诞倒数日历"
"deu_Latn","adventskalender zug zum befüllen","火车可填充圣诞倒数日历"
"deu_Latn","adventskalender zum befüllen einhorn","可填充独角兽圣诞倒数日历"
"deu_Latn","adventskalender zum befüllen jutesäckchen","可填充黄麻袋圣诞倒数日历小袋"
"deu_Latn","adventskalender zum befüllen schubladen","可填充抽屉圣诞倒数日历"
"deu_Latn","adventskalender zum befüllen stoff groß","可填充布艺大号圣诞倒数日历"
"deu_Latn","blumensamen adventskalender","blumensamen圣诞倒数日历"
"deu_Latn","christlicher adventskalender kinder","christlicher儿童圣诞倒数日历"
"deu_Latn","demotivierender adventskalender 2026","2026年demotivierender圣诞倒数日历"
"deu_Latn","dortmund adventskalender 2025","2025年dortmund圣诞倒数日历"
"deu_Latn","drei adventskalender 2025","2025年三圣诞倒数日历"
"deu_Latn","finger skateboard adventskalender","fingerskateboard圣诞倒数日历"
"deu_Latn","ford mustang adventskalender","fordmustang圣诞倒数日历"
"deu_Latn","foto adventskalender zum befüllen","照片可填充圣诞倒数日历"
"deu_Latn","funny adventskalender 2025","2025年趣味圣诞倒数日历"
"deu_Latn","füllung adventskalender 4 jahre","4岁圣诞倒数日历填充物"
"deu_Latn","geschenktüten adventskalender groß","礼物袋大号圣诞倒数日历"
"deu_Latn","griswold adventskalender","griswold圣诞倒数日历"
"deu_Latn","jutebeutel adventskalender groß","黄麻袋大号圣诞倒数日历"
"deu_Latn","kaffee adventskalender gemahlen","咖啡研磨圣诞倒数日历"
"deu_Latn","kleine adventskalender geschenke kinder","小号礼物儿童圣诞倒数日历"
"deu_Latn","köln adventskalender","Köln圣诞倒数日历"
"deu_Latn","lego botanicals adventskalender","乐高botanicals圣诞倒数日历"
"deu_Latn","lego jurassic world adventskalender","乐高侏罗纪世界圣诞倒数日历"
"deu_Latn","leserabe adventskalender","leserabe圣诞倒数日历"
"deu_Latn","lindt adventskalender 2025 vegan","2025年瑞士莲纯素圣诞倒数日历"
"deu_Latn","lindt adventskalender xxl","瑞士莲XXL圣诞倒数日历"
"deu_Latn","little dutch adventskalender 2025","2025年小型dutch圣诞倒数日历"
"deu_Latn","made by papa adventskalender","madeby爸爸圣诞倒数日历"
"deu_Latn","meerjungfrau adventskalender","meerjungfrau圣诞倒数日历"
"deu_Latn","mitmach adventskalender für teenager","mitmach青少年圣诞倒数日历"
"deu_Latn","my protein adventskalender","蛋白质圣诞倒数日历"
"deu_Latn","neoh adventskalender 2025","2025年neoh圣诞倒数日历"
"deu_Latn","nerv mich nicht adventskalender","nervmichnicht圣诞倒数日历"
"deu_Latn","papiertüten adventskalender kinder","纸袋儿童圣诞倒数日历"
"deu_Latn","parfüm herren adventskalender","香水男士圣诞倒数日历"
"deu_Latn","revell control adventskalender","Revellcontrol圣诞倒数日历"
"deu_Latn","rituals adventskalender 2025 inhalt","2025年Rituals圣诞倒数日历内装物"
"deu_Latn","rub on sticker adventskalender","rubon贴纸圣诞倒数日历"
"deu_Latn","rätsel adventskalender für senioren","谜题老年人圣诞倒数日历"
"deu_Latn","socken adventskalender herren 43-46","袜子男士4346圣诞倒数日历"
"deu_Latn","sonnentor tee adventskalender 2025","2025年Sonnentor茶叶圣诞倒数日历"
"deu_Latn","stein adventskalender 2025","2025年石头圣诞倒数日历"
"deu_Latn","super streusel adventskalender","superstreusel圣诞倒数日历"
"deu_Latn","tee adventskalender 2025 lose","2025年茶lose圣诞倒数日历"
"deu_Latn","topps match attax 25/26 champions league adventskalender","ToppsMatch Attax 25/26championsleague圣诞倒数日历"
"deu_Latn","tuchmasken adventskalender","面膜圣诞倒数日历"
"deu_Latn","yum yum adventskalender","yum圣诞倒数日历"
"deu_Latn","weihnachtskalender 2025 für frauen douglas","2025年女士Douglas圣诞倒数日历"
"deu_Latn","weihnachtskalender kinder schokolade","儿童巧克力圣诞倒数日历"
"deu_Latn","adventskalender 1. fc köln","1FC科隆圣诞倒数日历"
"deu_Latn","adventskalender 18+","18圣诞倒数日历"
"deu_Latn","adventskalender 2025 babor","2025年babor圣诞倒数日历"
"deu_Latn","adventskalender 2025 fitness riegel","2025年健身巧克力棒圣诞倒数日历"
"deu_Latn","adventskalender 2025 frauen basteln","2025年女士手工圣诞倒数日历"
"deu_Latn","adventskalender 2025 für senioren","2025年老年人圣诞倒数日历"
"deu_Latn","adventskalender 2025 für zocker","2025年zocker圣诞倒数日历"
"deu_Latn","adventskalender 2025 italien","2025年意大利圣诞倒数日历"
"deu_Latn","adventskalender 2025 männer selber befüllen","2025年男士可自行填充圣诞倒数日历"
"deu_Latn","adventskalender 2025 naschen","2025年零食圣诞倒数日历"
"deu_Latn","adventskalender 2025 nivea men","2025年妮维雅男士圣诞倒数日历"
"deu_Latn","adventskalender 2025 pflanzen","2025年植物圣诞倒数日历"
"deu_Latn","adventskalender 2025 schokolade milka","2025年巧克力Milka圣诞倒数日历"
"deu_Latn","adventskalender 2025 stray kids","2025年Stray Kids圣诞倒数日历"
"deu_Latn","adventskalender 2025 süssigkeiten","2025年糖果圣诞倒数日历"
"deu_Latn","adventskalender babyborn","babyborn圣诞倒数日历"
"deu_Latn","adventskalender bis 20 euro","20欧元圣诞倒数日历"
"deu_Latn","adventskalender der kleine prinz","小号王子圣诞倒数日历"
"deu_Latn","adventskalender duftöl","香氛油圣诞倒数日历"
"deu_Latn","adventskalender füllung mädchen 10 jahre","10岁女孩圣诞倒数日历填充物"
"deu_Latn","adventskalender für jugendliche jungen","青少年男孩圣诞倒数日历"
"deu_Latn","adventskalender genuss","genuss圣诞倒数日历"
"deu_Latn","adventskalender halloren","halloren圣诞倒数日历"
"deu_Latn","adventskalender hautpflege","hautpflege圣诞倒数日历"
"deu_Latn","adventskalender jack daniels","jackdaniels圣诞倒数日历"
"deu_Latn","adventskalender karten kinder","卡片儿童圣诞倒数日历"
"deu_Latn","adventskalender kind 6 jahre","6岁儿童圣诞倒数日历"
"deu_Latn","adventskalender kinder 3 jahre junge","3岁儿童男孩圣诞倒数日历"
"deu_Latn","adventskalender kinderschminke","Kinderschminke圣诞倒数日历"
"deu_Latn","adventskalender mit geschichten","故事圣诞倒数日历"
"deu_Latn","adventskalender mit zartbitterschokolade","zartbitterschokolade圣诞倒数日历"
"deu_Latn","adventskalender partnerin","partnerin圣诞倒数日历"
"deu_Latn","adventskalender schleim fluffy","史莱姆fluffy圣诞倒数日历"
"deu_Latn","adventskalender sound","声音圣诞倒数日历"
"deu_Latn","adventskalender stabilo","stabilo圣诞倒数日历"
"deu_Latn","adventskalender stollen","德式水果面包圣诞倒数日历"
"deu_Latn","adventskalender vw bulli","vwbulli圣诞倒数日历"
"deu_Latn","adventskalender weihnachten in aller welt","圣诞世界圣诞倒数日历"
"deu_Latn","adventskalender zum befüllen teenager","可填充青少年圣诞倒数日历"
"deu_Latn","adventskalender zum lesen kinder","阅读儿童圣诞倒数日历"
"deu_Latn","adventskalender ￼","圣诞倒数日历"
"deu_Latn","ah riise adventskalender","ahriise圣诞倒数日历"
"deu_Latn","buenos adventskalender","buenos圣诞倒数日历"
"deu_Latn","energy adventskalender 2025","2025年能量饮料圣诞倒数日历"
"deu_Latn","fallout adventskalender","fallout圣诞倒数日历"
"deu_Latn","franzis 67225 - men's gadgets - der adventskalender für ihn, 24 kleine überraschungen für echte kerl","franzis67225男士Sgadgetsihn24小号Überraschungenechtekerl圣诞倒数日历"
"deu_Latn","grinch socken adventskalender","圣诞怪杰袜子圣诞倒数日历"
"deu_Latn","haribo-adventskalender","哈瑞宝圣诞倒数日历"
"deu_Latn","heimatgut adventskalender","heimatgut圣诞倒数日历"
"deu_Latn","junge adventskalender 2025","2025年男孩圣诞倒数日历"
"deu_Latn","keks adventskalender 2025","2025年饼干圣诞倒数日历"
"deu_Latn","kräuter adventskalender","草本圣诞倒数日历"
"deu_Latn","kuschelsocken adventskalender","kuschelsocken圣诞倒数日历"
"deu_Latn","lush adventskalender 2025","2025年lush圣诞倒数日历"
"deu_Latn","mars adventskalender","mars圣诞倒数日历"
"deu_Latn","naughty nuts adventskalender","naughtynuts圣诞倒数日历"
"deu_Latn","nee doh adventskalender","NeeDoh圣诞倒数日历"
"deu_Latn","niederegger adventskalender nougat","Niederegger牛轧糖圣诞倒数日历"
"deu_Latn","noch adventskalender h0","nochH0圣诞倒数日历"
"deu_Latn","oups adventskalender 2025","2025年oups圣诞倒数日历"
"deu_Latn","parkside adventskalender 2025","2025年parkside圣诞倒数日历"
"deu_Latn","pop adventskalender 2025","2025年pop圣诞倒数日历"
"deu_Latn","satisfyer adventskalender","satisfyer圣诞倒数日历"
"deu_Latn","schleich adventskalender harry potter","Schleich《哈利·波特》圣诞倒数日历"
"deu_Latn","schoko-adventskalender","巧克力圣诞倒数日历"
"deu_Latn","schreibwaren adventskalender 2025","2025年文具圣诞倒数日历"
"deu_Latn","sea glass adventskalender","海洋玻璃圣诞倒数日历"
"deu_Latn","sekt adventskalender","sekt圣诞倒数日历"
"deu_Latn","sound adventskalender kinder","声音儿童圣诞倒数日历"
"deu_Latn","stuhl yoga adventskalender","stuhl瑜伽圣诞倒数日历"
"deu_Latn","süßigkeiten aus aller welt adventskalender","糖果世界各地圣诞倒数日历"
"deu_Latn","tatort escape adventskalender 2025","2025年tatort密室逃脱圣诞倒数日历"
"deu_Latn","teelichter adventskalender","teelichter圣诞倒数日历"
"deu_Latn","tisch adventskalender schokolade","桌面巧克力圣诞倒数日历"
"deu_Latn","trockenfrüchte adventskalender","干果圣诞倒数日历"
"deu_Latn","unnützes wissen adventskalender","冷知识圣诞倒数日历"
"deu_Latn","youtuber adventskalender","youtuber圣诞倒数日历"
"deu_Latn","pokemon weihnachtskalender","宝可梦圣诞倒数日历"
"deu_Latn","weihnachtskalender holz","木质圣诞倒数日历"
"deu_Latn","'adventskalender socken","袜子圣诞倒数日历"
"deu_Latn","'adventskalender teenager","青少年圣诞倒数日历"
"deu_Latn","adventskalender 2025 camping","2025年camping圣诞倒数日历"
"deu_Latn","adventskalender 2025 eintracht frankfurt","2025年法兰克福圣诞倒数日历"
"deu_Latn","adventskalender 2025 flugzeug","2025年飞机圣诞倒数日历"
"deu_Latn","adventskalender 2025 frauen füllung","2025年女士圣诞倒数日历填充物"
"deu_Latn","adventskalender 2025 füllung","2025年圣诞倒数日历填充物"
"deu_Latn","adventskalender 2025 jungs 4 jahre","2025年4岁男孩圣诞倒数日历"
"deu_Latn","adventskalender 2025 kind","2025年儿童圣诞倒数日历"
"deu_Latn","adventskalender 2025 kinder einhorn","2025年儿童独角兽圣诞倒数日历"
"deu_Latn","adventskalender 2025 kinder lego friends","2025年儿童乐高Friends圣诞倒数日历"
"deu_Latn","adventskalender 2025 knobeln","2025年knobeln圣诞倒数日历"
"deu_Latn","adventskalender 2025 maoam","2025年maoam圣诞倒数日历"
"deu_Latn","adventskalender 2025 mit nüssen","2025年坚果圣诞倒数日历"
"deu_Latn","adventskalender 2025 mädchen schleich","2025年女孩Schleich圣诞倒数日历"
"deu_Latn","adventskalender 2025 männer survival","2025年男士生存圣诞倒数日历"
"deu_Latn","adventskalender 2025 rätsel kinder","2025年谜题儿童圣诞倒数日历"
"deu_Latn","adventskalender 2025 ü ei","2025年Üei圣诞倒数日历"
"deu_Latn","adventskalender artikel","物品圣诞倒数日历"
"deu_Latn","adventskalender asia nudeln","asia面条圣诞倒数日历"
"deu_Latn","adventskalender asien","asien圣诞倒数日历"
"deu_Latn","adventskalender auto kinder","汽车儿童圣诞倒数日历"
"deu_Latn","adventskalender barcelona","barcelona圣诞倒数日历"
"deu_Latn","adventskalender bio kosmetik","有机化妆品圣诞倒数日历"
"deu_Latn","adventskalender buch kinder ab 3","3岁以上书籍儿童圣诞倒数日历"
"deu_Latn","adventskalender donald duck","donaldduck圣诞倒数日历"
"deu_Latn","adventskalender dorf zum befüllen","dorf可填充圣诞倒数日历"
"deu_Latn","adventskalender fc barcelona","FCbarcelona圣诞倒数日历"
"deu_Latn","adventskalender filz zum befüllen","毛毡可填充圣诞倒数日历"
"deu_Latn","adventskalender füllung 1 jahr","1岁圣诞倒数日历填充物"
"deu_Latn","adventskalender für 15 jährige mädchen","15岁女孩圣诞倒数日历"
"deu_Latn","adventskalender für 20 jährige","20岁圣诞倒数日历"
"deu_Latn","adventskalender für gitarristen","gitarristen圣诞倒数日历"
"deu_Latn","adventskalender hochwertig","hochwertig圣诞倒数日历"
"deu_Latn","adventskalender holzleiste mit stern","holzleistestern圣诞倒数日历"
"deu_Latn","adventskalender john deere","johndeere圣诞倒数日历"
"deu_Latn","adventskalender kinder 12 jahre junge","12岁儿童男孩圣诞倒数日历"
"deu_Latn","adventskalender kleine bücher","小号书籍圣诞倒数日历"
"deu_Latn","adventskalender la roche posay","larocheposay圣诞倒数日历"
"deu_Latn","adventskalender löten","焊接圣诞倒数日历"
"deu_Latn","adventskalender madchen","madchen圣诞倒数日历"
"deu_Latn","adventskalender magie","magie圣诞倒数日历"
"deu_Latn","adventskalender make up sephora","丝芙兰圣诞倒数日历"
"deu_Latn","adventskalender mathematik","mathematik圣诞倒数日历"
"deu_Latn","adventskalender mickey mouse","米老鼠圣诞倒数日历"
"deu_Latn","adventskalender mit parfum","香水圣诞倒数日历"
"deu_Latn","adventskalender nerds","nerds圣诞倒数日历"
"deu_Latn","adventskalender nintendo switch","Nintendoswitch圣诞倒数日历"
"deu_Latn","adventskalender ohne essen","食品圣诞倒数日历"
"deu_Latn","adventskalender panda","panda圣诞倒数日历"
"deu_Latn","adventskalender papiertüten zum befüllen","可填充纸袋圣诞倒数日历"
"deu_Latn","adventskalender pinguine","pinguine圣诞倒数日历"
"deu_Latn","adventskalender praline","praline圣诞倒数日历"
"deu_Latn","adventskalender puzzle ravensburger","拼图Ravensburger圣诞倒数日历"
"deu_Latn","adventskalender schmuck ohne ohrringe","珠宝首饰耳环圣诞倒数日历"
"deu_Latn","adventskalender skincare dm","护肤dm圣诞倒数日历"
"deu_Latn","adventskalender squish a long","squishalong圣诞倒数日历"
"deu_Latn","adventskalender säckchen grün","小袋绿色圣诞倒数日历"
"deu_Latn","adventskalender säfte","果汁圣诞倒数日历"
"deu_Latn","adventskalender tiere kinder","动物儿童圣诞倒数日历"
"deu_Latn","adventskalender tüten blau","纸袋蓝色圣诞倒数日历"
"deu_Latn","adventskalender von rituals","Rituals圣诞倒数日历"
"deu_Latn","adventskalender zum befüllen große tüten","可填充大号圣诞倒数日历纸袋"
"deu_Latn","amazon adventskalender für frauen","亚马逊女士圣诞倒数日历"
"deu_Latn","american sweets adventskalender","americansweets圣诞倒数日历"
"deu_Latn","armband adventskalender 2025","2025年手链圣诞倒数日历"
"deu_Latn","bier adventskalender 2025 international","2025年啤酒国际圣诞倒数日历"
"deu_Latn","bio gewürz adventskalender","有机香料圣诞倒数日历"
"deu_Latn","camper adventskalender 2025","2025年camper圣诞倒数日历"
"deu_Latn","dc adventskalender","dc圣诞倒数日历"
"deu_Latn","früchtetee adventskalender 2025","2025年果茶叶圣诞倒数日历"
"deu_Latn","furzipups adventskalender","furzipups圣诞倒数日历"
"deu_Latn","füllmaterial adventskalender","圣诞倒数日历填充物"
"deu_Latn","gnome adventskalender","侏儒圣诞倒数日历"
"deu_Latn","halloween adventskalender","halloween圣诞倒数日历"
"deu_Latn","hamburg adventskalender","hamburg圣诞倒数日历"
"deu_Latn","hollow knight adventskalender","hollowknight圣诞倒数日历"
"deu_Latn","ideen für adventskalender mann","创意男士圣诞倒数日历"
"deu_Latn","inhalt adventskalender mann","男士圣诞倒数日历内装物"
"deu_Latn","jungs adventskalender füllung","男孩圣诞倒数日历填充物"
"deu_Latn","kack adventskalender","kack圣诞倒数日历"
"deu_Latn","katzenzungen adventskalender","katzenzungen圣诞倒数日历"
"deu_Latn","kinder schokoladen adventskalender","儿童巧克力圣诞倒数日历"
"deu_Latn","kleinkinder adventskalender 2025","2025年幼儿圣诞倒数日历"
"deu_Latn","korea adventskalender","korea圣诞倒数日历"
"deu_Latn","kräutertee adventskalender 2025","2025年花草茶圣诞倒数日历"
"deu_Latn","lego flowers adventskalender","乐高花卉圣诞倒数日历"
"deu_Latn","malbuch adventskalender","malbuch圣诞倒数日历"
"deu_Latn","mitmach adventskalender","mitmach圣诞倒数日历"
"deu_Latn","mr brownie adventskalender","mrbrownie圣诞倒数日历"
"deu_Latn","msv duisburg adventskalender","msvduisburg圣诞倒数日历"
"deu_Latn","niederegger adventskalender vegan","Niederegger纯素圣诞倒数日历"
"deu_Latn","olchis adventskalender","olchis圣诞倒数日历"
"deu_Latn","pokemon sammelkarten adventskalender 2025","2025年宝可梦sammelkarten圣诞倒数日历"
"deu_Latn","räucherkerzen adventskalender 2025","2025年香薰蜡烛圣诞倒数日历"
"deu_Latn","sachen für den adventskalender kinder","小物儿童圣诞倒数日历"
"deu_Latn","star-wars adventskalender","《星球大战》圣诞倒数日历"
"deu_Latn","superhelden adventskalender","超级英雄圣诞倒数日历"
"deu_Latn","teen adventskalender 2025","2025年青少年圣诞倒数日历"
"deu_Latn","weinkalender adventskalender","weinkalender圣诞倒数日历"
"deu_Latn","wäscheklammern adventskalender","衣夹圣诞倒数日历"
"deu_Latn","zelda adventskalender 2025","2025年zelda圣诞倒数日历"
"deu_Latn","schoko weihnachtskalender","巧克力圣诞倒数日历"
"deu_Latn","weihnachtskalender 2025 für frauen rituals","2025年女士Rituals圣诞倒数日历"
"deu_Latn","weihnachtskalender 2025 nutella","2025年能多益圣诞倒数日历"
"deu_Latn","weihnachtskalender bier","啤酒圣诞倒数日历"
"deu_Latn","weihnachtskalender für jungs","男孩圣诞倒数日历"
"deu_Latn","weihnachtskalender kaffee","咖啡圣诞倒数日历"
"deu_Latn","weihnachtskalender make up","圣诞倒数日历"
"deu_Latn","weihnachtskalender puzzle","拼图圣诞倒数日历"
"deu_Latn","weihnachtskalender selber befüllen","可自行填充圣诞倒数日历"
"deu_Latn","weihnachtskalender selbst befüllen ideen","圣诞倒数日历填充创意"
"deu_Latn","'adventskalender damen","女士圣诞倒数日历"
"deu_Latn","3d drucker adventskalender","3Ddrucker圣诞倒数日历"
"deu_Latn","adventskalender 2025 ab 10 jahre","2025年10岁以上圣诞倒数日历"
"deu_Latn","adventskalender 2025 entspannung","2025年entspannung圣诞倒数日历"
"deu_Latn","adventskalender 2025 für eltern","2025年父母圣诞倒数日历"
"deu_Latn","adventskalender 2025 kinder lego duplo","2025年儿童乐高DUPLO圣诞倒数日历"
"deu_Latn","adventskalender 2025 matcha","2025年matcha圣诞倒数日历"
"deu_Latn","adventskalender 2025 mini parfüm","2025年迷你香水圣诞倒数日历"
"deu_Latn","adventskalender 2025 mädchen 16 jahre","2025年16岁女孩圣诞倒数日历"
"deu_Latn","adventskalender 2025 männer grillen","2025年男士烧烤圣诞倒数日历"
"deu_Latn","adventskalender 2025 männer marzipan","2025年男士杏仁糖圣诞倒数日历"
"deu_Latn","adventskalender 2025 peters","2025年peters圣诞倒数日历"
"deu_Latn","adventskalender 2025 schwester","2025年schwester圣诞倒数日历"
"deu_Latn","adventskalender 2025 sweets","2025年糖果圣诞倒数日历"
"deu_Latn","adventskalender 2025 süsses","2025年甜食圣诞倒数日历"
"deu_Latn","adventskalender abnehmen","abnehmen圣诞倒数日历"
"deu_Latn","adventskalender aquarell","aquarell圣诞倒数日历"
"deu_Latn","adventskalender aquarium","aquarium圣诞倒数日历"
"deu_Latn","adventskalender axolotl","六角恐龙圣诞倒数日历"
"deu_Latn","adventskalender bartpflege männer","胡须护理男士圣诞倒数日历"
"deu_Latn","adventskalender camper","camper圣诞倒数日历"
"deu_Latn","adventskalender drei","三圣诞倒数日历"
"deu_Latn","adventskalender experimente ab 8","8岁以上实验圣诞倒数日历"
"deu_Latn","adventskalender feigling","feigling圣诞倒数日历"
"deu_Latn","adventskalender ferrero rocher","FerreroRocher圣诞倒数日历"
"deu_Latn","adventskalender frauen wellness","女士养生圣诞倒数日历"
"deu_Latn","adventskalender füllung für frauen","女士圣诞倒数日历填充物"
"deu_Latn","adventskalender für motorradfahrer","motorradfahrer圣诞倒数日历"
"deu_Latn","adventskalender gärtner","园丁圣诞倒数日历"
"deu_Latn","adventskalender honig und marmelade","蜂蜜果酱圣诞倒数日历"
"deu_Latn","adventskalender irland","irland圣诞倒数日历"
"deu_Latn","adventskalender kuchen","蛋糕圣诞倒数日历"
"deu_Latn","adventskalender lama","lama圣诞倒数日历"
"deu_Latn","adventskalender lego auto","乐高汽车圣诞倒数日历"
"deu_Latn","adventskalender lindt klein","瑞士莲小号圣诞倒数日历"
"deu_Latn","adventskalender männer makita","男士牧田圣诞倒数日历"
"deu_Latn","adventskalender münchen","慕尼黑圣诞倒数日历"
"deu_Latn","adventskalender nimm2","Nimm2圣诞倒数日历"
"deu_Latn","adventskalender petronella apfelmus","petronellaapfelmus圣诞倒数日历"
"deu_Latn","adventskalender playmobil piraten","Playmobilpiraten圣诞倒数日历"
"deu_Latn","adventskalender rabenhorst 2025","2025年rabenhorst圣诞倒数日历"
"deu_Latn","adventskalender romantisch","浪漫圣诞倒数日历"
"deu_Latn","adventskalender sandmännchen","Sandmännchen圣诞倒数日历"
"deu_Latn","adventskalender sonic 2025","2025年《刺猬索尼克》圣诞倒数日历"
"deu_Latn","adventskalender soßen","酱料圣诞倒数日历"
"deu_Latn","adventskalender steine kinder","石头儿童圣诞倒数日历"
"deu_Latn","adventskalender säckchen mit zahlen","小袋数字圣诞倒数日历"
"deu_Latn","adventskalender wieso weshalb warum","wiesoweshalbwarum圣诞倒数日历"
"deu_Latn","adventskalender zeichnen lernen","绘画学习圣诞倒数日历"
"deu_Latn","adventskalender zum befüllen harry potter","可填充《哈利·波特》圣诞倒数日历"
"deu_Latn","adventskalender zum lesen","阅读圣诞倒数日历"
"deu_Latn","amazon adventskalender männer","亚马逊男士圣诞倒数日历"
"deu_Latn","badeenten adventskalender 2025","2025年badeenten圣诞倒数日历"
"deu_Latn","bücher adventskalender kinder","书籍儿童圣诞倒数日历"
"deu_Latn","edelstein adventskalender kinder","宝石儿童圣诞倒数日历"
"deu_Latn","espresso adventskalender","espresso圣诞倒数日历"
"deu_Latn","espresso adventskalender 2025","2025年espresso圣诞倒数日历"
"deu_Latn","exit das spiel adventskalender 2025","2025年EXITspiel圣诞倒数日历"
"deu_Latn","feen adventskalender","feen圣诞倒数日历"
"deu_Latn","funko pop adventskalender star wars","Funko Pop《星球大战》圣诞倒数日历"
"deu_Latn","gepa adventskalender","gepa圣诞倒数日历"
"deu_Latn","glückskekse adventskalender","Glückskekse圣诞倒数日历"
"deu_Latn","judith williams adventskalender 2025","2025年judithwilliams圣诞倒数日历"
"deu_Latn","kleinigkeit für adventskalender kind","小物儿童圣诞倒数日历"
"deu_Latn","koro classic adventskalender 2025","2025年Koroclassic圣诞倒数日历"
"deu_Latn","kreative adventskalender 2025","2025年kreative圣诞倒数日历"
"deu_Latn","lego adventskalender jungen","乐高男孩圣诞倒数日历"
"deu_Latn","leo lausemaus adventskalender 2025","2025年leolausemaus圣诞倒数日历"
"deu_Latn","lindt hello adventskalender","瑞士莲圣诞倒数日历"
"deu_Latn","lyx adventskalender","lyx圣诞倒数日历"
"deu_Latn","mann adventskalender 2025","2025年男士圣诞倒数日历"
"deu_Latn","mercedes adventskalender 2025","2025年mercedes圣诞倒数日历"
"deu_Latn","mops adventskalender","mops圣诞倒数日历"
"deu_Latn","mädchen adventskalender füllung","女孩圣诞倒数日历填充物"
"deu_Latn","nimms funny adventskalender 2025","2025年nimms趣味圣诞倒数日历"
"deu_Latn","parfümproben adventskalender","香水小样圣诞倒数日历"
"deu_Latn","rituals adventskalender frauen","Rituals女士圣诞倒数日历"
"deu_Latn","rosental adventskalender","rosental圣诞倒数日历"
"deu_Latn","schwedischer adventskalender","schwedischer圣诞倒数日历"
"deu_Latn","schöne adventskalender","Schöne圣诞倒数日历"
"deu_Latn","silberschmuck adventskalender","silberschmuck圣诞倒数日历"
"deu_Latn","süßigkeiten für den adventskalender","糖果圣诞倒数日历"
"deu_Latn","tatort escape adventskalender","tatort密室逃脱圣诞倒数日历"
"deu_Latn","whey adventskalender","whey圣诞倒数日历"
"deu_Latn","yepoda adventskalender 2025","2025年yepoda圣诞倒数日历"
"deu_Latn","zubehör adventskalender kinder","配件儿童圣诞倒数日历"
"deu_Latn","weihnachtskalender herren","男士圣诞倒数日历"
"deu_Latn","weihnachtskalender junge 10 jahre","10岁男孩圣诞倒数日历"
"deu_Latn","'adventskalender buch","书籍圣诞倒数日历"
"deu_Latn","90er adventskalender","90er圣诞倒数日历"
"deu_Latn","adventskalender 2025 beauty sephora","2025年美妆丝芙兰圣诞倒数日历"
"deu_Latn","adventskalender 2025 douglas frauen","2025年Douglas女士圣诞倒数日历"
"deu_Latn","adventskalender 2025 elf","2025年e.l.f.圣诞倒数日历"
"deu_Latn","adventskalender 2025 football","2025年足球圣诞倒数日历"
"deu_Latn","adventskalender 2025 jäger","2025年猎人圣诞倒数日历"
"deu_Latn","adventskalender 2025 kinder legami","2025年儿童Legami圣诞倒数日历"
"deu_Latn","adventskalender 2025 krimi erwachsene","2025年推理成人圣诞倒数日历"
"deu_Latn","adventskalender 2025 mentos","2025年mentos圣诞倒数日历"
"deu_Latn","adventskalender 2025 männer zum befüllen","2025年男士可填充圣诞倒数日历"
"deu_Latn","adventskalender 2025 puppen","2025年玩偶圣诞倒数日历"
"deu_Latn","adventskalender befüllen frauen","可填充女士圣诞倒数日历"
"deu_Latn","adventskalender buch 10 jahre","10岁书籍圣诞倒数日历"
"deu_Latn","adventskalender böller","鞭炮圣诞倒数日历"
"deu_Latn","adventskalender die drei ausrufezeichen 2025","2025年三个感叹号圣诞倒数日历"
"deu_Latn","adventskalender dresden","dresden圣诞倒数日历"
"deu_Latn","adventskalender duplo lego","DUPLO乐高圣诞倒数日历"
"deu_Latn","adventskalender duschgel männer","沐浴露男士圣诞倒数日历"
"deu_Latn","adventskalender für die frau","女士圣诞倒数日历"
"deu_Latn","adventskalender für gärtner","园丁圣诞倒数日历"
"deu_Latn","adventskalender für lehrerinnen","lehrerinnen圣诞倒数日历"
"deu_Latn","adventskalender für tochter","女儿圣诞倒数日历"
"deu_Latn","adventskalender für zweijährige","Zweijährige圣诞倒数日历"
"deu_Latn","adventskalender geschenke mädchen","礼物女孩圣诞倒数日历"
"deu_Latn","adventskalender geschenkpapier","geschenkpapier圣诞倒数日历"
"deu_Latn","adventskalender hobby horse","hobby马匹圣诞倒数日历"
"deu_Latn","adventskalender ideen frauen","创意女士圣诞倒数日历"
"deu_Latn","adventskalender junge erwachsene","男孩成人圣诞倒数日历"
"deu_Latn","adventskalender jungs 2025","2025年男孩圣诞倒数日历"
"deu_Latn","adventskalender kleines böses buch","Kleines Böses Buch圣诞倒数日历"
"deu_Latn","adventskalender lindt lindor","瑞士莲Lindor圣诞倒数日历"
"deu_Latn","adventskalender massage","massage圣诞倒数日历"
"deu_Latn","adventskalender mädchen 18 jahre","18岁女孩圣诞倒数日历"
"deu_Latn","adventskalender männer luxus","男士奢华圣诞倒数日历"
"deu_Latn","adventskalender nachhaltigkeit","nachhaltigkeit圣诞倒数日历"
"deu_Latn","adventskalender pc","pc圣诞倒数日历"
"deu_Latn","adventskalender playstation 2025","2025年PlayStation圣诞倒数日历"
"deu_Latn","adventskalender rennauto","rennauto圣诞倒数日历"
"deu_Latn","adventskalender sackerl groß","小袋大号圣诞倒数日历"
"deu_Latn","adventskalender schulkind","schulkind圣诞倒数日历"
"deu_Latn","adventskalender stifte mädchen","笔女孩圣诞倒数日历"
"deu_Latn","adventskalender teen","青少年圣诞倒数日历"
"deu_Latn","adventskalender vaiana","vaiana圣诞倒数日历"
"deu_Latn","adventskalender warrior cats","《猫武士》圣诞倒数日历"
"deu_Latn","adventskalender zum befüllen hund","可填充狗狗圣诞倒数日历"
"deu_Latn","adventskalender zum befüllen tannenbaum","可填充tannenbaum圣诞倒数日历"
"deu_Latn","adventskalender zum befüllen wandteppich","可填充wandteppich圣诞倒数日历"
"deu_Latn","adventskalender zum befüllen zug","可填充火车圣诞倒数日历"
"deu_Latn","adventskalender zum selber befüllen groß","可自行填充大号圣诞倒数日历"
"deu_Latn","alcina adventskalender 2025","2025年alcina圣诞倒数日历"
"deu_Latn","amorelie adventskalender 2025 luxury","2025年Amorelieluxury圣诞倒数日历"
"deu_Latn","anti adventskalender","anti圣诞倒数日历"
"deu_Latn","benefit adventskalender 2025","2025年benefit圣诞倒数日历"
"deu_Latn","bibel adventskalender","bibel圣诞倒数日历"
"deu_Latn","blackpink adventskalender 2025","2025年BLACKPINK圣诞倒数日历"
"deu_Latn","böker plus adventskalender 2025","2025年BökerPlus圣诞倒数日历"
"deu_Latn","cupper adventskalender","cupper圣诞倒数日历"
"deu_Latn","dmax adventskalender","dmax圣诞倒数日历"
"deu_Latn","drei fragezeichen adventskalender cd","三个问号cd圣诞倒数日历"
"deu_Latn","duft adventskalender männer","香氛男士圣诞倒数日历"
"deu_Latn","duschbombe adventskalender","duschbombe圣诞倒数日历"
"deu_Latn","funko pop adventskalender marvel","Funko Pop漫威圣诞倒数日历"
"deu_Latn","gitarren adventskalender 2025","2025年吉他圣诞倒数日历"
"deu_Latn","haar adventskalender 2025","2025年haar圣诞倒数日历"
"deu_Latn","hatchimals adventskalender","hatchimals圣诞倒数日历"
"deu_Latn","herren parfüm adventskalender","男士香水圣诞倒数日历"
"deu_Latn","herren socken adventskalender","男士袜子圣诞倒数日历"
"deu_Latn","hogwarts adventskalender 2025","2025年hogwarts圣诞倒数日历"
"deu_Latn","john deere adventskalender","johndeere圣诞倒数日历"
"deu_Latn","kaffeekapseln adventskalender","kaffeekapseln圣诞倒数日历"
"deu_Latn","kamasutra adventskalender","kamasutra圣诞倒数日历"
"deu_Latn","katzen adventskalender spielzeug","猫咪玩具圣诞倒数日历"
"deu_Latn","kleinigkeiten für adventskalender teenies","小物teenies圣诞倒数日历"
"deu_Latn","kreativer adventskalender 2025","2025年kreativer圣诞倒数日历"
"deu_Latn","lego adventskalender 2025 friends","2025年乐高Friends圣诞倒数日历"
"deu_Latn","lego starwars adventskalender 2025","2025年乐高starwars圣诞倒数日历"
"deu_Latn","make-up adventskalender 2025","2025年圣诞倒数日历"
"deu_Latn","mein vorlese adventskalender","vorlese圣诞倒数日历"
"deu_Latn","metal gods adventskalender 2025","2025年金属gods圣诞倒数日历"
"deu_Latn","nussknacker adventskalender","nussknacker圣诞倒数日历"
"deu_Latn","ossi adventskalender 2025","2025年ossi圣诞倒数日历"
"deu_Latn","physik adventskalender","physik圣诞倒数日历"
"deu_Latn","porsche adventskalender 911","Porsche911圣诞倒数日历"
"deu_Latn","premium adventskalender","高端圣诞倒数日历"
"deu_Latn","pringles chips adventskalender 2025","2025年Pringles薯片圣诞倒数日历"
"deu_Latn","reese's adventskalender 2025","2025年Reese'sS圣诞倒数日历"
"deu_Latn","reiter adventskalender","骑手圣诞倒数日历"
"deu_Latn","räucher adventskalender 2025","2025年Räucher圣诞倒数日历"
"deu_Latn","schwanger adventskalender","schwanger圣诞倒数日历"
"deu_Latn","spanisch lernen adventskalender","spanisch学习圣诞倒数日历"
"deu_Latn","stahlwille adventskalender 2025","2025年stahlwille圣诞倒数日历"
"deu_Latn","tee adventskalender 2025 sonnentor","2025年茶Sonnentor圣诞倒数日历"
"deu_Latn","tonies adventskalender","tonies圣诞倒数日历"
"deu_Latn","top model adventskalender","topmodel圣诞倒数日历"
"deu_Latn","überraschungseier adventskalender","健达奇趣蛋圣诞倒数日历"
"deu_Latn","paw patrol weihnachtskalender","《汪汪队立大功》圣诞倒数日历"
"deu_Latn","schleich weihnachtskalender","Schleich圣诞倒数日历"
"deu_Latn","weihnachtskalender baby","婴幼儿圣诞倒数日历"
"deu_Latn","weihnachtskalender katze","猫咪圣诞倒数日历"
"deu_Latn","weihnachtskalender selbst befüllen groß","可自行填充大号圣诞倒数日历"
"deu_Latn","!!! adventskalender","圣诞倒数日历"
"deu_Latn","24 kleinigkeiten für adventskalender frau","24小物女士圣诞倒数日历"
"deu_Latn","adventskalender 2025 bayern","2025年bayern圣诞倒数日历"
"deu_Latn","adventskalender 2025 eisenbahn","2025年铁路圣诞倒数日历"
"deu_Latn","adventskalender 2025 für die ganze familie","2025年ganze家庭圣诞倒数日历"
"deu_Latn","adventskalender 2025 girls","2025年女孩圣诞倒数日历"
"deu_Latn","adventskalender 2025 haarschmuck","2025年发饰圣诞倒数日历"
"deu_Latn","adventskalender 2025 messer","2025年messer圣诞倒数日历"
"deu_Latn","adventskalender 2025 mädchen stitch","2025年女孩史迪奇圣诞倒数日历"
"deu_Latn","adventskalender 2025 tea","2025年茶叶圣诞倒数日历"
"deu_Latn","adventskalender 2025 unter 10 euro","2025年10欧元圣诞倒数日历"
"deu_Latn","adventskalender 2025 yves rocher","2025年yvesRocher圣诞倒数日历"
"deu_Latn","adventskalender 24 positive gedanken","24积极想法圣诞倒数日历"
"deu_Latn","adventskalender angler 2025","2025年钓鱼圣诞倒数日历"
"deu_Latn","adventskalender bart männer","胡须男士圣诞倒数日历"
"deu_Latn","adventskalender beleuchtet","带灯圣诞倒数日历"
"deu_Latn","adventskalender blade","blade圣诞倒数日历"
"deu_Latn","adventskalender buch 2. klasse","书籍2klasse圣诞倒数日历"
"deu_Latn","adventskalender damen schmuck","女士珠宝首饰圣诞倒数日历"
"deu_Latn","adventskalender drei !!!","三圣诞倒数日历"
"deu_Latn","adventskalender edelbitter","edelbitter圣诞倒数日历"
"deu_Latn","adventskalender erwachsene kreativ","成人创意圣诞倒数日历"
"deu_Latn","adventskalender feuerwehr kinder","消防队儿童圣诞倒数日历"
"deu_Latn","adventskalender freche früchte","freche水果圣诞倒数日历"
"deu_Latn","adventskalender freundschaft","freundschaft圣诞倒数日历"
"deu_Latn","adventskalender früchte","水果圣诞倒数日历"
"deu_Latn","adventskalender für golfer","golfer圣诞倒数日历"
"deu_Latn","adventskalender für kinder 6 jahre","6岁儿童圣诞倒数日历"
"deu_Latn","adventskalender junge 12 jahre","12岁男孩圣诞倒数日历"
"deu_Latn","adventskalender kinder 11 jahre mädchen","11岁儿童女孩圣诞倒数日历"
"deu_Latn","adventskalender kosmos experimente","Kosmos实验圣诞倒数日历"
"deu_Latn","adventskalender kühe","Kühe圣诞倒数日历"
"deu_Latn","adventskalender little dutch","小型dutch圣诞倒数日历"
"deu_Latn","adventskalender mit tieren","tieren圣诞倒数日历"
"deu_Latn","adventskalender moped","moped圣诞倒数日历"
"deu_Latn","adventskalender pferde 2025","2025年马匹圣诞倒数日历"
"deu_Latn","adventskalender russisch","russisch圣诞倒数日历"
"deu_Latn","adventskalender toblerone 2025","2025年toblerone圣诞倒数日历"
"deu_Latn","adventskalender tüten amazon","纸袋亚马逊圣诞倒数日历"
"deu_Latn","adventskalender vegan frauen","纯素女士圣诞倒数日历"
"deu_Latn","adventskalender väter","父亲圣诞倒数日历"
"deu_Latn","adventskalender yoga 2025","2025年瑜伽圣诞倒数日历"
"deu_Latn","adventskalender zum befüllen aus holz","可填充木质圣诞倒数日历"
"deu_Latn","adventskalender zum befüllen papierdrachen","可填充Papierdrachen圣诞倒数日历"
"deu_Latn","adventskalender+2025+männer","2025年男士圣诞倒数日历"
"deu_Latn","badekugeln adventskalender kinder","badekugeln儿童圣诞倒数日历"
"deu_Latn","dm adventskalender 2025 teenager","2025年dm青少年圣诞倒数日历"
"deu_Latn","flower bouquet adventskalender","flowerbouquet圣诞倒数日历"
"deu_Latn","galileo adventskalender","galileo圣诞倒数日历"
"deu_Latn","geschenktüten für adventskalender","礼物袋圣诞倒数日历"
"deu_Latn","healthy adventskalender 2025","2025年healthy圣诞倒数日历"
"deu_Latn","hipp adventskalender","hipp圣诞倒数日历"
"deu_Latn","holzleiter adventskalender","holzleiter圣诞倒数日历"
"deu_Latn","häuschen adventskalender","小屋圣诞倒数日历"
"deu_Latn","idee für adventskalender füllung","idee圣诞倒数日历填充物"
"deu_Latn","isana adventskalender","isana圣诞倒数日历"
"deu_Latn","kaffee adventskalender 2025 ganze bohnen","2025年咖啡ganzebohnen圣诞倒数日历"
"deu_Latn","keto adventskalender 2025","2025年keto圣诞倒数日历"
"deu_Latn","kinder white adventskalender","儿童白色圣诞倒数日历"
"deu_Latn","kleine geschenke adventskalender erwachsene","小号礼物成人圣诞倒数日历"
"deu_Latn","kleine geschenke adventskalender teenager","小号礼物青少年圣诞倒数日历"
"deu_Latn","kochen adventskalender","烹饪圣诞倒数日历"
"deu_Latn","kristall adventskalender 2025 kinder","2025年水晶儿童圣诞倒数日历"
"deu_Latn","lego adventskalender 2025 ninjago","2025年乐高乐高幻影忍者圣诞倒数日历"
"deu_Latn","lustige socken adventskalender","趣味袜子圣诞倒数日历"
"deu_Latn","lustiger adventskalender frauen","lustiger女士圣诞倒数日历"
"deu_Latn","luxury parfum adventskalender","luxury香水圣诞倒数日历"
"deu_Latn","luxus adventskalender","奢华圣诞倒数日历"
"deu_Latn","malen adventskalender","涂色圣诞倒数日历"
"deu_Latn","match attax adventskalender 2025","2025年Match Attax圣诞倒数日历"
"deu_Latn","mclaren adventskalender 2025","2025年mclaren圣诞倒数日历"
"deu_Latn","micky maus adventskalender","micky老鼠圣诞倒数日历"
"deu_Latn","minibrands adventskalender","minibrands圣诞倒数日历"
"deu_Latn","minion adventskalender","minion圣诞倒数日历"
"deu_Latn","my buddy adventskalender","buddy圣诞倒数日历"
"deu_Latn","papa adventskalender 2025","2025年爸爸圣诞倒数日历"
"deu_Latn","papierdrachen adventskalender zum befüllen","Papierdrachen可填充圣诞倒数日历"
"deu_Latn","playmobil polizei adventskalender","Playmobilpolizei圣诞倒数日历"
"deu_Latn","puzzle adventskalender coppenrath","拼图coppenrath圣诞倒数日历"
"deu_Latn","ravensburger exit adventskalender","RavensburgerEXIT圣诞倒数日历"
"deu_Latn","rc crawler adventskalender","rccrawler圣诞倒数日历"
"deu_Latn","rezepte adventskalender","rezepte圣诞倒数日历"
"deu_Latn","ronnefeldt adventskalender","ronnefeldt圣诞倒数日历"
"deu_Latn","schalke 04 adventskalender 2025","2025年schalke04圣诞倒数日历"
"deu_Latn","tier adventskalender","动物圣诞倒数日历"
"deu_Latn","vogelfutter adventskalender 2025","2025年vogelfutter圣诞倒数日历"
"deu_Latn","wiha adventskalender","wiha圣诞倒数日历"
"deu_Latn","zahlen holz adventskalender","数字木质圣诞倒数日历"
"deu_Latn","weihnachtskalender barbie","芭比圣诞倒数日历"
"deu_Latn","weihnachtskalender befüllen","可填充圣诞倒数日历"
"deu_Latn","'adventskalender fitness","健身圣诞倒数日历"
"deu_Latn","'adventskalender kinder schokolade","儿童巧克力圣诞倒数日历"
"deu_Latn","adventskalender 10 euro","10欧元圣诞倒数日历"
"deu_Latn","adventskalender 17 jahre mädchen","17岁女孩圣诞倒数日历"
"deu_Latn","adventskalender 2025 12 jahre","2025年12岁圣诞倒数日历"
"deu_Latn","adventskalender 2025 14 jahre junge","2025年14岁男孩圣诞倒数日历"
"deu_Latn","adventskalender 2025 charlotte tilbury","2025年charlottetilbury圣诞倒数日历"
"deu_Latn","adventskalender 2025 darts","2025年飞镖圣诞倒数日历"
"deu_Latn","adventskalender 2025 für freundin","2025年女友圣诞倒数日历"
"deu_Latn","adventskalender 2025 jungen 16 jahre","2025年16岁男孩圣诞倒数日历"
"deu_Latn","adventskalender 2025 jungen 6 jahre","2025年6岁男孩圣诞倒数日历"
"deu_Latn","adventskalender 2025 kinder badezusatz","2025年儿童沐浴用品圣诞倒数日历"
"deu_Latn","adventskalender 2025 kinder socken","2025年儿童袜子圣诞倒数日历"
"deu_Latn","adventskalender 2025 kinder tiere","2025年儿童动物圣诞倒数日历"
"deu_Latn","adventskalender 2025 lancome","2025年lancome圣诞倒数日历"
"deu_Latn","adventskalender 2025 mädchen 13","2025年女孩13圣诞倒数日历"
"deu_Latn","adventskalender 2025 männer ddr","2025年男士DDR圣诞倒数日历"
"deu_Latn","adventskalender 2025 männer whisky","2025年男士威士忌圣诞倒数日历"
"deu_Latn","adventskalender 2025 opa","2025年祖父圣诞倒数日历"
"deu_Latn","adventskalender 90er jahre","90erjahre圣诞倒数日历"
"deu_Latn","adventskalender ab 3 jahre junge","3岁以上男孩圣诞倒数日历"
"deu_Latn","adventskalender aperol","aperol圣诞倒数日历"
"deu_Latn","adventskalender badekugeln kinder","badekugeln儿童圣诞倒数日历"
"deu_Latn","adventskalender baumwolle","baumwolle圣诞倒数日历"
"deu_Latn","adventskalender beauty teenager","美妆青少年圣诞倒数日历"
"deu_Latn","adventskalender buch kinder 2025","2025年书籍儿童圣诞倒数日历"
"deu_Latn","adventskalender fingerpuppen","手指玩偶圣诞倒数日历"
"deu_Latn","adventskalender für 7 jährige jungs","7岁男孩圣诞倒数日历"
"deu_Latn","adventskalender für hunde hundespielzeug weihnachten","狗狗hundespielzeug圣诞倒数日历"
"deu_Latn","adventskalender für trauernde","trauernde圣诞倒数日历"
"deu_Latn","adventskalender gemischt","gemischt圣诞倒数日历"
"deu_Latn","adventskalender gestell","gestell圣诞倒数日历"
"deu_Latn","adventskalender high protein","high蛋白质圣诞倒数日历"
"deu_Latn","adventskalender informatik","informatik圣诞倒数日历"
"deu_Latn","adventskalender jugendlicher","jugendlicher圣诞倒数日历"
"deu_Latn","adventskalender junge 12","男孩12圣诞倒数日历"
"deu_Latn","adventskalender karton zum befüllen","karton可填充圣诞倒数日历"
"deu_Latn","adventskalender kette","kette圣诞倒数日历"
"deu_Latn","adventskalender kinder socken","儿童袜子圣诞倒数日历"
"deu_Latn","adventskalender kleinkind 3 jahre","3岁幼儿圣诞倒数日历"
"deu_Latn","adventskalender lamborghini","lamborghini圣诞倒数日历"
"deu_Latn","adventskalender lauenstein","lauenstein圣诞倒数日历"
"deu_Latn","adventskalender lindt kugeln","瑞士莲kugeln圣诞倒数日历"
"deu_Latn","adventskalender minnie mouse","minniemouse圣诞倒数日历"
"deu_Latn","adventskalender mit katzenfiguren","猫咪玩偶圣诞倒数日历"
"deu_Latn","adventskalender mit steinen","steinen圣诞倒数日历"
"deu_Latn","adventskalender mitarbeiter ideen","mitarbeiter创意圣诞倒数日历"
"deu_Latn","adventskalender männer lego","男士乐高圣诞倒数日历"
"deu_Latn","adventskalender männer wellness","男士养生圣诞倒数日历"
"deu_Latn","adventskalender nerf","nerf圣诞倒数日历"
"deu_Latn","adventskalender neuheiten 2025","2025年neuheiten圣诞倒数日历"
"deu_Latn","adventskalender nähen 2025","2025年缝纫圣诞倒数日历"
"deu_Latn","adventskalender paw patrol jungen","《汪汪队立大功》男孩圣诞倒数日历"
"deu_Latn","adventskalender plektren","plektren圣诞倒数日历"
"deu_Latn","adventskalender pokemon figuren","宝可梦玩偶圣诞倒数日历"
"deu_Latn","adventskalender programmieren","programmieren圣诞倒数日历"
"deu_Latn","adventskalender rituals 2024","2024年Rituals圣诞倒数日历"
"deu_Latn","adventskalender schleich harry potter","Schleich《哈利·波特》圣诞倒数日历"
"deu_Latn","adventskalender schoki","schoki圣诞倒数日历"
"deu_Latn","adventskalender spekulatius","spekulatius圣诞倒数日历"
"deu_Latn","adventskalender stempel","stempel圣诞倒数日历"
"deu_Latn","adventskalender sudoku 2025","2025年sudoku圣诞倒数日历"
"deu_Latn","adventskalender säckchen rosa","小袋rosa圣诞倒数日历"
"deu_Latn","adventskalender wien","wien圣诞倒数日历"
"deu_Latn","adventskalender windel schoko","尿布巧克力圣诞倒数日历"
"deu_Latn","adventskalender zum selber befüllen stoff","可自行填充布艺圣诞倒数日历"
"deu_Latn","adventure adventskalender","adventure圣诞倒数日历"
"deu_Latn","ars edition adventskalender","ars版圣诞倒数日历"
"deu_Latn","asiatische adventskalender","亚洲圣诞倒数日历"
"deu_Latn","beyblade x adventskalender 2025","2025年beybladex圣诞倒数日历"
"deu_Latn","black friday adventskalender","blackfriday圣诞倒数日历"
"deu_Latn","black pink adventskalender","BLACKPINK圣诞倒数日历"
"deu_Latn","bruder adventskalender","bruder圣诞倒数日历"
"deu_Latn","cinnamoroll adventskalender","cinnamoroll圣诞倒数日历"
"deu_Latn","crime adventskalender","推理圣诞倒数日历"
"deu_Latn","daiments painting adventskalender","daiments画圣诞倒数日历"
"deu_Latn","die drei adventskalender 2025 buch","2025年三书籍圣诞倒数日历"
"deu_Latn","die drei adventskalender alle","三alle圣诞倒数日历"
"deu_Latn","filz adventskalender","毛毡圣诞倒数日历"
"deu_Latn","fishermans friends adventskalender 2025","2025年Fisherman's Friend圣诞倒数日历"
"deu_Latn","gefüllte adventskalender","已填充圣诞倒数日历"
"deu_Latn","geschenk adventskalender mann","礼物男士圣诞倒数日历"
"deu_Latn","haarpflege adventskalender","haarpflege圣诞倒数日历"
"deu_Latn","handball adventskalender 2025","2025年handball圣诞倒数日历"
"deu_Latn","hilti adventskalender 2025","2025年hilti圣诞倒数日历"
"deu_Latn","kaffeepads adventskalender","kaffeepads圣诞倒数日历"
"deu_Latn","kondom adventskalender 2025","2025年kondom圣诞倒数日历"
"deu_Latn","koro veganer adventskalender 2025","2025年Koro纯素圣诞倒数日历"
"deu_Latn","ladybug adventskalender","ladybug圣诞倒数日历"
"deu_Latn","lese adventskalender erwachsene","lese成人圣诞倒数日历"
"deu_Latn","liebes adventskalender 2025","2025年liebes圣诞倒数日历"
"deu_Latn","lindt adventskalender 2025 zartbitter","2025年瑞士莲黑巧克力圣诞倒数日历"
"deu_Latn","lindt lindor adventskalender","瑞士莲Lindor圣诞倒数日历"
"deu_Latn","little pet shop adventskalender","Littlest Pet Shop圣诞倒数日历"
"deu_Latn","mammaly adventskalender","mammaly圣诞倒数日历"
"deu_Latn","minnie mouse adventskalender","minniemouse圣诞倒数日历"
"deu_Latn","nostalgische adventskalender","nostalgische圣诞倒数日历"
"deu_Latn","plüschtier adventskalender","Plüschtier圣诞倒数日历"
"deu_Latn","ps adventskalender 2025","2025年ps圣诞倒数日历"
"deu_Latn","purelei adventskalender rosegold","PURELEIrosegold圣诞倒数日历"
"deu_Latn","rick and morty adventskalender","rickandmorty圣诞倒数日历"
"deu_Latn","ruby adventskalender zum befüllen","ruby可填充圣诞倒数日历"
"deu_Latn","räucherkegel adventskalender","Räucherkegel圣诞倒数日历"
"deu_Latn","schokolinsen adventskalender","巧克力豆圣诞倒数日历"
"deu_Latn","schule adventskalender","学校圣诞倒数日历"
"deu_Latn","teenager adventskalender jungs","青少年男孩圣诞倒数日历"
"deu_Latn","tüte adventskalender","纸袋圣诞倒数日历"
"deu_Latn","veganer adventskalender lindt","纯素瑞士莲圣诞倒数日历"
"deu_Latn","villeroy & boch adventskalender","villeroyboch圣诞倒数日历"
"deu_Latn","witze adventskalender erwachsene","笑话成人圣诞倒数日历"
"deu_Latn","zahlen zum aufkleben adventskalender","数字aufkleben圣诞倒数日历"
"deu_Latn","geschenke für weihnachtskalender","礼物圣诞倒数日历"
"deu_Latn","weihnachtskalender 2025 werkzeug","2025年工具圣诞倒数日历"
"deu_Latn","weihnachtskalender wein","葡萄酒圣诞倒数日历"
"deu_Latn","'adventskalender schleich","Schleich圣诞倒数日历"
"deu_Latn","'adventskalender zum befüllen stoff","可填充布艺圣诞倒数日历"
"deu_Latn","adventskalender 2 jährige mädchen","2岁女孩圣诞倒数日历"
"deu_Latn","adventskalender 2023 frauen","2023年女士圣诞倒数日历"
"deu_Latn","adventskalender 2025 basteln kinder","2025年手工儿童圣诞倒数日历"
"deu_Latn","adventskalender 2025 bluebrixx","2025年bluebrixx圣诞倒数日历"
"deu_Latn","adventskalender 2025 die schule der magischen tiere","2025年学校魔法动物圣诞倒数日历"
"deu_Latn","adventskalender 2025 frauen bio","2025年女士有机圣诞倒数日历"
"deu_Latn","adventskalender 2025 frauen lf","2025年女士lf圣诞倒数日历"
"deu_Latn","adventskalender 2025 frozen","2025年冰雪奇缘圣诞倒数日历"
"deu_Latn","adventskalender 2025 kinder capybara","2025年儿童水豚圣诞倒数日历"
"deu_Latn","adventskalender 2025 kinder fußball","2025年儿童足球圣诞倒数日历"
"deu_Latn","adventskalender 2025 kinder squishmallow","2025年儿童squishmallow圣诞倒数日历"
"deu_Latn","adventskalender 2025 knobel","2025年益智圣诞倒数日历"
"deu_Latn","adventskalender 2025 kuscheltier","2025年kuscheltier圣诞倒数日历"
"deu_Latn","adventskalender 2025 mädchen basteln","2025年女孩手工圣诞倒数日历"
"deu_Latn","adventskalender 2025 männer tee","2025年男士茶叶圣诞倒数日历"
"deu_Latn","adventskalender 2025 odonnell","2025年odonnell圣诞倒数日历"
"deu_Latn","adventskalender 2025 parfüm männer","2025年香水男士圣诞倒数日历"
"deu_Latn","adventskalender 2025 real madrid","2025年realmadrid圣诞倒数日历"
"deu_Latn","adventskalender 2025 tüten zum befüllen","2025年可填充纸袋圣诞倒数日历"
"deu_Latn","adventskalender ab 4 jahre junge","4岁以上男孩圣诞倒数日历"
"deu_Latn","adventskalender ab 7 jahre junge","7岁以上男孩圣诞倒数日历"
"deu_Latn","adventskalender aufstrich","aufstrich圣诞倒数日历"
"deu_Latn","adventskalender bei amazon","亚马逊圣诞倒数日历"
"deu_Latn","adventskalender berlin","berlin圣诞倒数日历"
"deu_Latn","adventskalender buch mädchen 10 jahre","10岁书籍女孩圣诞倒数日历"
"deu_Latn","adventskalender bundesliga 2025/2026","2025年2026年bundesliga圣诞倒数日历"
"deu_Latn","adventskalender cookies","cookies圣诞倒数日历"
"deu_Latn","adventskalender dm 2025","2025年dm圣诞倒数日历"
"deu_Latn","adventskalender dosen","dosen圣诞倒数日历"
"deu_Latn","adventskalender ente","ente圣诞倒数日历"
"deu_Latn","adventskalender fahrrad zubehör","自行车配件圣诞倒数日历"
"deu_Latn","adventskalender füllung freundin","女友圣诞倒数日历填充物"
"deu_Latn","adventskalender füllung mädchen 12","女孩12圣诞倒数日历填充物"
"deu_Latn","adventskalender für 9 jährige jungs","9岁男孩圣诞倒数日历"
"deu_Latn","adventskalender für hamster","hamster圣诞倒数日历"
"deu_Latn","adventskalender heimwerker","heimwerker圣诞倒数日历"
"deu_Latn","adventskalender icrush","icrush圣诞倒数日历"
"deu_Latn","adventskalender invisibobble","invisibobble圣诞倒数日历"
"deu_Latn","adventskalender kinder ab 10 jahre","10岁以上儿童圣诞倒数日历"
"deu_Latn","adventskalender klasse","klasse圣诞倒数日历"
"deu_Latn","adventskalender klopfer","klopfer圣诞倒数日历"
"deu_Latn","adventskalender kochen 2025","2025年烹饪圣诞倒数日历"
"deu_Latn","adventskalender kuscheltier","kuscheltier圣诞倒数日历"
"deu_Latn","adventskalender liebesbotschaften","爱的寄语圣诞倒数日历"
"deu_Latn","adventskalender mit büchern kinder","书籍儿童圣诞倒数日历"
"deu_Latn","adventskalender mit werkzeug","工具圣诞倒数日历"
"deu_Latn","adventskalender mountainbike","mountainbike圣诞倒数日历"
"deu_Latn","adventskalender mystery","mystery圣诞倒数日历"
"deu_Latn","adventskalender mädchen make up","女孩圣诞倒数日历"
"deu_Latn","adventskalender männer bartpflege","男士胡须护理圣诞倒数日历"
"deu_Latn","adventskalender müsli 2025","2025年麦片圣诞倒数日历"
"deu_Latn","adventskalender pusheen","pusheen圣诞倒数日历"
"deu_Latn","adventskalender rätsel schokolade","谜题巧克力圣诞倒数日历"
"deu_Latn","adventskalender strauss","strauss圣诞倒数日历"
"deu_Latn","adventskalender tkkg junior","tkkg儿童版圣诞倒数日历"
"deu_Latn","adventskalender tüten pink","纸袋粉色圣诞倒数日历"
"deu_Latn","adventskalender umschläge","Umschläge圣诞倒数日历"
"deu_Latn","adventskalender unisex","unisex圣诞倒数日历"
"deu_Latn","adventskalender vollmilch","vollmilch圣诞倒数日历"
"deu_Latn","adventskalender zum befüllen jungs","可填充男孩圣诞倒数日历"
"deu_Latn","adventskalender zum befüllen stoff kinder","可填充布艺儿童圣诞倒数日历"
"deu_Latn","adventskalender ältere frauen","年长女士圣诞倒数日历"
"deu_Latn","amazon adventskalender tüten","亚马逊纸袋圣诞倒数日历"
"deu_Latn","aufkleber für adventskalender 1-24","贴纸124圣诞倒数日历"
"deu_Latn","baby adventskalender füllung","婴幼儿圣诞倒数日历填充物"
"deu_Latn","bahlsen adventskalender","bahlsen圣诞倒数日历"
"deu_Latn","bayala adventskalender","bayala圣诞倒数日历"
"deu_Latn","blanko adventskalender","blanko圣诞倒数日历"
"deu_Latn","borussia dortmund adventskalender 2025","2025年多特蒙德圣诞倒数日历"
"deu_Latn","buldak ramen adventskalender","buldak拉面圣诞倒数日历"
"deu_Latn","catrice adventskalender 2025 tasche","2025年Catricetasche圣诞倒数日历"
"deu_Latn","disney adventskalender erwachsene","迪士尼成人圣诞倒数日历"
"deu_Latn","eiweiß adventskalender","Eiweiß圣诞倒数日历"
"deu_Latn","ferrero küsschen adventskalender","Ferrero Küsschen圣诞倒数日历"
"deu_Latn","fisch adventskalender","fisch圣诞倒数日历"
"deu_Latn","füllung adventskalender frau","女士圣诞倒数日历填充物"
"deu_Latn","gadget adventskalender","gadget圣诞倒数日历"
"deu_Latn","gizeh adventskalender","gizeh圣诞倒数日历"
"deu_Latn","glubschi adventskalender","glubschi圣诞倒数日历"
"deu_Latn","haarpflege adventskalender 2025","2025年haarpflege圣诞倒数日历"
"deu_Latn","katze adventskalender 2025","2025年猫咪圣诞倒数日历"
"deu_Latn","kleine bücher für adventskalender","小号书籍圣诞倒数日历"
"deu_Latn","kloster kitchen adventskalender 2025","2025年klosterkitchen圣诞倒数日历"
"deu_Latn","korsch adventskalender","korsch圣诞倒数日历"
"deu_Latn","kpop demon hunters adventskalender 2025","2025年《KPop恶魔猎人》圣诞倒数日历"
"deu_Latn","krimi adventskalender erwachsene","推理成人圣诞倒数日历"
"deu_Latn","l'occitane adventskalender","欧舒丹圣诞倒数日历"
"deu_Latn","lego adventskalender 2025 kinder","2025年乐高儿童圣诞倒数日历"
"deu_Latn","lego adventskalender blumen 2025","2025年乐高花卉圣诞倒数日历"
"deu_Latn","ltb adventskalender","ltb圣诞倒数日历"
"deu_Latn","magnet adventskalender kinder","magnet儿童圣诞倒数日历"
"deu_Latn","mini sachen für adventskalender","迷你小物圣诞倒数日历"
"deu_Latn","mozartkugel adventskalender","mozartkugel圣诞倒数日历"
"deu_Latn","mystery adventskalender 2025","2025年mystery圣诞倒数日历"
"deu_Latn","niederegger adventskalender 2025 marzipan","2025年Niederegger杏仁糖圣诞倒数日历"
"deu_Latn","no cosmetics adventskalender 2025","2025年no化妆品圣诞倒数日历"
"deu_Latn","oma und opa adventskalender 2025","2025年祖母祖父圣诞倒数日历"
"deu_Latn","panini adventskalender 2025","2025年panini圣诞倒数日历"
"deu_Latn","piraten adventskalender","piraten圣诞倒数日历"
"deu_Latn","playboy adventskalender","playboy圣诞倒数日历"
"deu_Latn","playmobil horses of waterfall adventskalender","Playmobilhorsesofwaterfall圣诞倒数日历"
"deu_Latn","postillon adventskalender","postillon圣诞倒数日历"
"deu_Latn","rituals männer adventskalender","Rituals男士圣诞倒数日历"
"deu_Latn","slimy adventskalender 2025","2025年slimy圣诞倒数日历"
"deu_Latn","socken adventskalender 24 paar","袜子24情侣圣诞倒数日历"
"deu_Latn","squid game adventskalender","squid游戏圣诞倒数日历"
"deu_Latn","sticker für adventskalender","贴纸圣诞倒数日历"
"deu_Latn","stoffbeutel adventskalender zum befüllen","可填充布袋圣诞倒数日历小袋"
"deu_Latn","tic tac adventskalender","tictac圣诞倒数日历"
"deu_Latn","tim burton adventskalender","timburton圣诞倒数日历"
"deu_Latn","tischtennis adventskalender 2025","2025年tischtennis圣诞倒数日历"
"deu_Latn","tüten für adventskalender groß","纸袋大号圣诞倒数日历"
"deu_Latn","weed adventskalender","weed圣诞倒数日历"
"deu_Latn","weihnachtskiste adventskalender","weihnachtskiste圣诞倒数日历"
"deu_Latn","werkzeug adventskalender 2025 hazet","2025年工具HAZET圣诞倒数日历"
"deu_Latn","womanizer adventskalender 2025","2025年womanizer圣诞倒数日历"
"deu_Latn","yogi adventskalender","Yogi圣诞倒数日历"
"deu_Latn","zaubertricks adventskalender","zaubertricks圣诞倒数日历"
"deu_Latn","ätherische öle adventskalender","精油圣诞倒数日历"
"deu_Latn","weihnachtskalender 2025 frau","2025年女士圣诞倒数日历"
"deu_Latn","weihnachtskalender befüllen ideen","圣诞倒数日历填充创意"
"deu_Latn","weihnachtskalender bilder","图片圣诞倒数日历"
"deu_Latn","werkzeug weihnachtskalender 2025","2025年工具圣诞倒数日历"
"deu_Latn","24 geschenke für adventskalender mann","24礼物男士圣诞倒数日历"
"deu_Latn","adventskalender 2025 !!!","2025年圣诞倒数日历"
"deu_Latn","adventskalender 2025 beauty maybelline","2025年美妆美宝莲圣诞倒数日历"
"deu_Latn","adventskalender 2025 dior","2025年dior圣诞倒数日历"
"deu_Latn","adventskalender 2025 junge 11 jahre","2025年11岁男孩圣诞倒数日历"
"deu_Latn","adventskalender 2025 kinder 7 jahre junge","2025年7岁儿童男孩圣诞倒数日历"
"deu_Latn","adventskalender 2025 kinder 8 jahre mädchen","2025年8岁儿童女孩圣诞倒数日历"
"deu_Latn","adventskalender 2025 loccitane","2025年欧舒丹圣诞倒数日历"
"deu_Latn","adventskalender 2025 lübecker marzipan","2025年吕贝克杏仁糖圣诞倒数日历"
"deu_Latn","adventskalender 2025 mit parfüm","2025年香水圣诞倒数日历"
"deu_Latn","adventskalender 2025 männer düfte","2025年男士香氛圣诞倒数日历"
"deu_Latn","adventskalender 2025 naturkosmetik","2025年天然化妆品圣诞倒数日历"
"deu_Latn","adventskalender 2025 outdoor","2025年outdoor圣诞倒数日历"
"deu_Latn","adventskalender 2025 sale","2025年促销圣诞倒数日历"
"deu_Latn","adventskalender 2025 weingummi","2025年weingummi圣诞倒数日历"
"deu_Latn","adventskalender ab 8","8岁以上圣诞倒数日历"
"deu_Latn","adventskalender bauernhof kinder","农场儿童圣诞倒数日历"
"deu_Latn","adventskalender baufahrzeuge","baufahrzeuge圣诞倒数日历"
"deu_Latn","adventskalender blanko","blanko圣诞倒数日历"
"deu_Latn","adventskalender champions league","championsleague圣诞倒数日历"
"deu_Latn","adventskalender drogerie","drogerie圣诞倒数日历"
"deu_Latn","adventskalender essie 2025","2025年essie圣诞倒数日历"
"deu_Latn","adventskalender fast and furious","fastandfurious圣诞倒数日历"
"deu_Latn","adventskalender für demenzkranke","demenzkranke圣诞倒数日历"
"deu_Latn","adventskalender für erwachsene 2025","2025年成人圣诞倒数日历"
"deu_Latn","adventskalender für hasen","hasen圣诞倒数日历"
"deu_Latn","adventskalender für schwangere 2025","2025年孕妇圣诞倒数日历"
"deu_Latn","adventskalender geolino","geolino圣诞倒数日历"
"deu_Latn","adventskalender gondeln","gondeln圣诞倒数日历"
"deu_Latn","adventskalender idee","idee圣诞倒数日历"
"deu_Latn","adventskalender inhalte kinder","inhalte儿童圣诞倒数日历内装物"
"deu_Latn","adventskalender junge 1 jahr","1岁男孩圣诞倒数日历"
"deu_Latn","adventskalender jute","黄麻圣诞倒数日历"
"deu_Latn","adventskalender keks","饼干圣诞倒数日历"
"deu_Latn","adventskalender kinder auto","儿童汽车圣诞倒数日历"
"deu_Latn","adventskalender kinder süßigkeiten","儿童糖果圣诞倒数日历"
"deu_Latn","adventskalender kinder tüten","儿童纸袋圣诞倒数日历"
"deu_Latn","adventskalender kinderriegel","Kinderriegel圣诞倒数日历"
"deu_Latn","adventskalender kisten","箱子圣诞倒数日历"
"deu_Latn","adventskalender klassenzimmer","klassenzimmer圣诞倒数日历"
"deu_Latn","adventskalender knobel erwachsene","益智成人圣诞倒数日历"
"deu_Latn","adventskalender likör 2025","2025年利口酒圣诞倒数日历"
"deu_Latn","adventskalender mama und papa","妈妈爸爸圣诞倒数日历"
"deu_Latn","adventskalender marvel lego","漫威乐高圣诞倒数日历"
"deu_Latn","adventskalender marzipan mini","杏仁糖迷你圣诞倒数日历"
"deu_Latn","adventskalender meerestiere","meerestiere圣诞倒数日历"
"deu_Latn","adventskalender musik kinder","音乐儿童圣诞倒数日历"
"deu_Latn","adventskalender mädchen 15","女孩15圣诞倒数日历"
"deu_Latn","adventskalender mädchen 6","女孩6圣诞倒数日历"
"deu_Latn","adventskalender mädchen kreativ","女孩创意圣诞倒数日历"
"deu_Latn","adventskalender mädchen schokolade","女孩巧克力圣诞倒数日历"
"deu_Latn","adventskalender männer amazon","男士亚马逊圣诞倒数日历"
"deu_Latn","adventskalender männer lustig","男士趣味圣诞倒数日历"
"deu_Latn","adventskalender männer selber machen","男士DIY圣诞倒数日历"
"deu_Latn","adventskalender märklin","Märklin圣诞倒数日历"
"deu_Latn","adventskalender perlen","珠子圣诞倒数日历"
"deu_Latn","adventskalender personalisiert foto","个性化照片圣诞倒数日历"
"deu_Latn","adventskalender schokolade nostalgisch","巧克力怀旧圣诞倒数日历"
"deu_Latn","adventskalender schwartau","schwartau圣诞倒数日历"
"deu_Latn","adventskalender starwars","starwars圣诞倒数日历"
"deu_Latn","adventskalender titanic","titanic圣诞倒数日历"
"deu_Latn","adventskalender vollmilchschokolade","vollmilchschokolade圣诞倒数日历"
"deu_Latn","adventskalender wolle 2025","2025年羊毛圣诞倒数日历"
"deu_Latn","adventskalender yogurette","yogurette圣诞倒数日历"
"deu_Latn","adventskalender zum befüllen baumwolle","可填充baumwolle圣诞倒数日历"
"deu_Latn","alverde adventskalender","alverde圣诞倒数日历"
"deu_Latn","amazon-adventskalender männer","亚马逊男士圣诞倒数日历"
"deu_Latn","bagger adventskalender 2025","2025年bagger圣诞倒数日历"
"deu_Latn","barebells adventskalender","barebells圣诞倒数日历"
"deu_Latn","beutel adventskalender stoff","袋子布艺圣诞倒数日历"
"deu_Latn","bosch adventskalender 2024","2024年博世圣诞倒数日历"
"deu_Latn","brast adventskalender","brast圣诞倒数日历"
"deu_Latn","comic adventskalender","comic圣诞倒数日历"
"deu_Latn","cosmetic adventskalender","cosmetic圣诞倒数日历"
"deu_Latn","eisenbahn adventskalender 2025","2025年铁路圣诞倒数日历"
"deu_Latn","feuerwerk adventskalender 2025","2025年feuerwerk圣诞倒数日历"
"deu_Latn","französischer adventskalender","法语版圣诞倒数日历"
"deu_Latn","hanuta adventskalender","hanuta圣诞倒数日历"
"deu_Latn","harry potter adventskalender spielzeug","《哈利·波特》玩具圣诞倒数日历"
"deu_Latn","harry potter funko pop adventskalender","《哈利·波特》Funko Pop圣诞倒数日历"
"deu_Latn","heinz erhardt adventskalender","heinzerhardt圣诞倒数日历"
"deu_Latn","historische adventskalender","historische圣诞倒数日历"
"deu_Latn","ice adventskalender","ice圣诞倒数日历"
"deu_Latn","kaffe adventskalender 2025","2025年kaffe圣诞倒数日历"
"deu_Latn","kinetic sand adventskalender","kineticsand圣诞倒数日历"
"deu_Latn","kleine adventskalender tüten","小号纸袋圣诞倒数日历"
"deu_Latn","kleine gadgets für adventskalender","小号gadgets圣诞倒数日历"
"deu_Latn","kleinigkeiten adventskalender mädchen","小物女孩圣诞倒数日历"
"deu_Latn","kräuter adventskalender 2025","2025年草本圣诞倒数日历"
"deu_Latn","liebes adventskalender","liebes圣诞倒数日历"
"deu_Latn","literatur adventskalender 2025","2025年文学圣诞倒数日历"
"deu_Latn","lustige adventskalender 2025","2025年趣味圣诞倒数日历"
"deu_Latn","lustiger adventskalender für mann","lustiger男士圣诞倒数日历"
"deu_Latn","luxus adventskalender 2025 männer","2025年奢华男士圣诞倒数日历"
"deu_Latn","make up adventskalender essence","essence圣诞倒数日历"
"deu_Latn","maus adventskalender experimente","老鼠实验圣诞倒数日历"
"deu_Latn","maybelline new york adventskalender 2025","2025年美宝莲纽约圣诞倒数日历"
"deu_Latn","mini parfüm adventskalender 2025","2025年迷你香水圣诞倒数日历"
"deu_Latn","mini tüten adventskalender","迷你纸袋圣诞倒数日历"
"deu_Latn","minions adventskalender 2025","2025年minions圣诞倒数日历"
"deu_Latn","minis für adventskalender","minis圣诞倒数日历"
"deu_Latn","nachhaltiger adventskalender","nachhaltiger圣诞倒数日历"
"deu_Latn","nici adventskalender 2025","2025年nici圣诞倒数日历"
"deu_Latn","nomo adventskalender vegan","nomo纯素圣诞倒数日历"
"deu_Latn","nuxe adventskalender","nuxe圣诞倒数日历"
"deu_Latn","persönlicher adventskalender","Persönlicher圣诞倒数日历"
"deu_Latn","pippi langstrumpf adventskalender","pippilangstrumpf圣诞倒数日历"
"deu_Latn","play-doh adventskalender","Play-Doh圣诞倒数日历"
"deu_Latn","pralinenbote adventskalender","pralinenbote圣诞倒数日历"
"deu_Latn","schlüsselanhänger adventskalender","钥匙扣圣诞倒数日历"
"deu_Latn","schokoladen adventskalender für kinder","巧克力儿童圣诞倒数日历"
"deu_Latn","stitch adventskalender pandora","史迪奇Pandora圣诞倒数日历"
"deu_Latn","sugargang adventskalender 2025","2025年Sugargang圣诞倒数日历"
"deu_Latn","süßigkeiten zum befüllen für adventskalender","糖果可填充圣诞倒数日历"
"deu_Latn","tassimo adventskalender","tassimo圣诞倒数日历"
"deu_Latn","vegan box adventskalender","纯素盒装圣诞倒数日历"
"deu_Latn","vtech adventskalender 2025","2025年vtech圣诞倒数日历"
"deu_Latn","waldorf adventskalender","waldorf圣诞倒数日历"
"deu_Latn","weihnachtsbuch adventskalender","weihnachtsbuch圣诞倒数日历"
"deu_Latn","wellness adventskalender für frauen","养生女士圣诞倒数日历"
"deu_Latn","wera adventskalender 2022","2022年Wera圣诞倒数日历"
"deu_Latn","woll adventskalender 2025","2025年woll圣诞倒数日历"
"deu_Latn","wolle adventskalender","羊毛圣诞倒数日历"
"deu_Latn","red bull weihnachtskalender","红牛圣诞倒数日历"
"deu_Latn","schokoladen weihnachtskalender","巧克力圣诞倒数日历"
"deu_Latn","tee weihnachtskalender 2025","2025年茶叶圣诞倒数日历"
"deu_Latn","weihnachtskalender mit schokolade","巧克力圣诞倒数日历"
"deu_Latn","weihnachtskalender nostalgisch","怀旧圣诞倒数日历"
"deu_Latn","'adventskalender essen","食品圣诞倒数日历"
"deu_Latn","adventskalender 2025 11 jahre","2025年11岁圣诞倒数日历"
"deu_Latn","adventskalender 2025 chips pringles","2025年薯片Pringles圣诞倒数日历"
"deu_Latn","adventskalender 2025 frauen schmuck gold","2025年女士珠宝首饰金色圣诞倒数日历"
"deu_Latn","adventskalender 2025 für angler","2025年钓鱼圣诞倒数日历"
"deu_Latn","adventskalender 2025 japanische süßigkeiten","2025年japanische糖果圣诞倒数日历"
"deu_Latn","adventskalender 2025 jungen 13 jahre","2025年13岁男孩圣诞倒数日历"
"deu_Latn","adventskalender 2025 kerzen yankee","2025年Yankee Candle圣诞倒数日历"
"deu_Latn","adventskalender 2025 lego marvel","2025年乐高漫威圣诞倒数日历"
"deu_Latn","adventskalender 2025 marmelade und honig","2025年果酱蜂蜜圣诞倒数日历"
"deu_Latn","adventskalender 2025 mädchen essence","2025年女孩essence圣诞倒数日历"
"deu_Latn","adventskalender 2025 männer fahrrad","2025年男士fahrrad圣诞倒数日历"
"deu_Latn","adventskalender 2025 neuheiten","2025年neuheiten圣诞倒数日历"
"deu_Latn","adventskalender 2025 schalke","2025年schalke圣诞倒数日历"
"deu_Latn","adventskalender 2025 sol de janeiro","2025年Sol de Janeiro圣诞倒数日历"
"deu_Latn","adventskalender 2025 vegetarisch","2025年素食圣诞倒数日历"
"deu_Latn","adventskalender befüllen inhalt frauen","可填充女士圣诞倒数日历内装物"
"deu_Latn","adventskalender befüllen teenager","可填充青少年圣诞倒数日历"
"deu_Latn","adventskalender boxen groß","盒子大号圣诞倒数日历"
"deu_Latn","adventskalender buch romance","书籍romance圣诞倒数日历"
"deu_Latn","adventskalender buttons","buttons圣诞倒数日历"
"deu_Latn","adventskalender checker","checker圣诞倒数日历"
"deu_Latn","adventskalender deine zweisamkeit","deinezweisamkeit圣诞倒数日历"
"deu_Latn","adventskalender dessous","dessous圣诞倒数日历"
"deu_Latn","adventskalender diamond painting 2025","2025年钻石画圣诞倒数日历"
"deu_Latn","adventskalender drache","drache圣诞倒数日历"
"deu_Latn","adventskalender echtschmuck","echtschmuck圣诞倒数日历"
"deu_Latn","adventskalender frauen 2025 rituals","2025年女士Rituals圣诞倒数日历"
"deu_Latn","adventskalender für frauen parfüm","女士香水圣诞倒数日历"
"deu_Latn","adventskalender für kleine hunde","小号狗狗圣诞倒数日历"
"deu_Latn","adventskalender für männer ideen","男士创意圣诞倒数日历"
"deu_Latn","adventskalender gabbys dollhouse 2025","2025年Gabby's Dollhouse圣诞倒数日历"
"deu_Latn","adventskalender katzenmotiv","katzenmotiv圣诞倒数日历"
"deu_Latn","adventskalender kind 5 jahre","5岁儿童圣诞倒数日历"
"deu_Latn","adventskalender kinder dino","儿童恐龙圣诞倒数日历"
"deu_Latn","adventskalender kinder kosmetik","儿童化妆品圣诞倒数日历"
"deu_Latn","adventskalender kleine hunde","小号狗狗圣诞倒数日历"
"deu_Latn","adventskalender kollegium","kollegium圣诞倒数日历"
"deu_Latn","adventskalender kreativ teenager","创意青少年圣诞倒数日历"
"deu_Latn","adventskalender lindt mini","瑞士莲迷你圣诞倒数日历"
"deu_Latn","adventskalender mit türchen","小门圣诞倒数日历"
"deu_Latn","adventskalender mädchen 14-15 jahre","15岁女孩14圣诞倒数日历"
"deu_Latn","adventskalender pandora 2025","2025年Pandora圣诞倒数日历"
"deu_Latn","adventskalender paw patrol mädchen","《汪汪队立大功》女孩圣诞倒数日历"
"deu_Latn","adventskalender purelei 2024","2024年PURELEI圣诞倒数日历"
"deu_Latn","adventskalender sexy männer","情趣男士圣诞倒数日历"
"deu_Latn","adventskalender shot","shot圣诞倒数日历"
"deu_Latn","adventskalender star wars lego","《星球大战》乐高圣诞倒数日历"
"deu_Latn","adventskalender säckchen rot","小袋红色圣诞倒数日历"
"deu_Latn","adventskalender taylor swift 2025","2025年Taylor Swift圣诞倒数日历"
"deu_Latn","adventskalender tea","茶叶圣诞倒数日历"
"deu_Latn","adventskalender tüten papier","纸袋纸质圣诞倒数日历"
"deu_Latn","adventskalender waldorf","waldorf圣诞倒数日历"
"deu_Latn","adventskalender weleda 2025","2025年weleda圣诞倒数日历"
"deu_Latn","adventskalender zahlen klammern","数字klammern圣诞倒数日历"
"deu_Latn","adventskalender zum befüllen hängen","可填充悬挂式圣诞倒数日历"
"deu_Latn","adventskalender zum befüllen katzen","可填充猫咪圣诞倒数日历"
"deu_Latn","adventskalender zum selberfüllen","Selberfüllen圣诞倒数日历"
"deu_Latn","adventskalender zum selbermachen","DIY圣诞倒数日历"
"deu_Latn","astrid lindgren adventskalender","astridlindgren圣诞倒数日历"
"deu_Latn","ava and may adventskalender","avaandmay圣诞倒数日历"
"deu_Latn","baby born adventskalender 2024","2024年Baby Born圣诞倒数日历"
"deu_Latn","backbuch für teenager adventskalender","backbuch青少年圣诞倒数日历"
"deu_Latn","barbara behr adventskalender","barbarabehr圣诞倒数日历"
"deu_Latn","book adventskalender","书籍圣诞倒数日历"
"deu_Latn","bosch 41-tlg. adventskalender 2025","2025年博世41tlg圣诞倒数日历"
"deu_Latn","brain rot adventskalender","brain红色圣诞倒数日历"
"deu_Latn","bundeswehr adventskalender","bundeswehr圣诞倒数日历"
"deu_Latn","die drei fragezeichen kids adventskalender 2025","2025年三个问号儿童圣诞倒数日历"
"deu_Latn","disney stitch adventskalender 2025","2025年迪士尼史迪奇圣诞倒数日历"
"deu_Latn","eltern adventskalender 2025","2025年父母圣诞倒数日历"
"deu_Latn","exit adventskalender kosmos","EXITKosmos圣诞倒数日历"
"deu_Latn","fingerboard adventskalender","fingerboard圣诞倒数日历"
"deu_Latn","flex adventskalender","flex圣诞倒数日历"
"deu_Latn","furby adventskalender 2025","2025年furby圣诞倒数日历"
"deu_Latn","füllung adventskalender kind 3 jahre","3岁儿童圣诞倒数日历填充物"
"deu_Latn","glühwein und gelassenheit adventskalender","热红酒gelassenheit圣诞倒数日历"
"deu_Latn","grammophon adventskalender","grammophon圣诞倒数日历"
"deu_Latn","haarschmuck adventskalender 2025","2025年发饰圣诞倒数日历"
"deu_Latn","heilsteine adventskalender","heilsteine圣诞倒数日历"
"deu_Latn","hello adventskalender","圣诞倒数日历"
"deu_Latn","hensslers adventskalender","hensslers圣诞倒数日历"
"deu_Latn","holzklammern adventskalender","holzklammern圣诞倒数日历"
"deu_Latn","i crimax adventskalender","icrimax圣诞倒数日历"
"deu_Latn","jutesäckchen adventskalender groß","黄麻袋大号圣诞倒数日历"
"deu_Latn","kiehls adventskalender 2025","2025年kiehls圣诞倒数日历"
"deu_Latn","kinder beauty adventskalender","儿童美妆圣诞倒数日历"
"deu_Latn","kleine geschenke für adventskalender mädchen","小号礼物女孩圣诞倒数日历"
"deu_Latn","kleiner feigling adventskalender 2025","2025年小号feigling圣诞倒数日历"
"deu_Latn","kleinigkeiten für männer adventskalender","小物男士圣诞倒数日历"
"deu_Latn","legami stifte weihnachten edition 2025 adventskalender","2025年Legami笔圣诞版圣诞倒数日历"
"deu_Latn","lego adventskalender krippe","乐高马槽圣诞倒数日历"
"deu_Latn","majorette adventskalender","majorette圣诞倒数日历"
"deu_Latn","manga adventskalender 2025 zeichnen","2025年漫画绘画圣诞倒数日历"
"deu_Latn","miniverse make it mini food adventskalender","miniverseit迷你食品圣诞倒数日历"
"deu_Latn","modelleisenbahn adventskalender","modelleisenbahn圣诞倒数日历"
"deu_Latn","monster adventskalender","怪兽圣诞倒数日历"
"deu_Latn","mr beast adventskalender 2025","2025年mrbeast圣诞倒数日历"
"deu_Latn","mädchen füllung adventskalender","女孩圣诞倒数日历填充物"
"deu_Latn","neo adventskalender","neo圣诞倒数日历"
"deu_Latn","paw-patrol adventskalender","《汪汪队立大功》圣诞倒数日历"
"deu_Latn","pez adventskalender 2025","2025年pez圣诞倒数日历"
"deu_Latn","schmuck adventskalender frauen","珠宝首饰女士圣诞倒数日历"
"deu_Latn","snoopy adventskalender 2025 socken","2025年史努比袜子圣诞倒数日历"
"deu_Latn","sternenschweif adventskalender 2025","2025年sternenschweif圣诞倒数日历"
"deu_Latn","trüffel adventskalender 2025","2025年松露巧克力圣诞倒数日历"
"deu_Latn","twilight adventskalender","twilight圣诞倒数日历"
"deu_Latn","verpoorten adventskalender","verpoorten圣诞倒数日历"
"deu_Latn","weihnachten adventskalender","圣诞倒数日历"
"deu_Latn","weihnachtsdorf adventskalender","weihnachtsdorf圣诞倒数日历"
"deu_Latn","wincent weiss adventskalender","wincentweiss圣诞倒数日历"
"deu_Latn","witze adventskalender","笑话圣诞倒数日历"
"deu_Latn","wundervolle welt adventskalender","美好世界圣诞倒数日历"
"deu_Latn","zahlen adventskalender klammer","数字klammer圣诞倒数日历"
"deu_Latn","zuckerfrei adventskalender","无糖圣诞倒数日历"
"deu_Latn","zuckerfreier adventskalender 2025","2025年无糖圣诞倒数日历"
"deu_Latn","fussball weihnachtskalender","足球圣诞倒数日历"
"deu_Latn","harry potter weihnachtskalender 2025","2025年《哈利·波特》圣诞倒数日历"
"deu_Latn","kosmetik weihnachtskalender 2025","2025年化妆品圣诞倒数日历"
"deu_Latn","playmobil weihnachtskalender","Playmobil圣诞倒数日历"
"deu_Latn","weihnachtskalender 2025 milka","2025年Milka圣诞倒数日历"
"deu_Latn","weihnachtskalender auto","汽车圣诞倒数日历"
"deu_Latn","adventskalender 2025 ahead","2025年ahead圣诞倒数日历"
"deu_Latn","adventskalender 2025 buben","2025年男孩圣诞倒数日历"
"deu_Latn","adventskalender 2025 candy","2025年糖果圣诞倒数日历"
"deu_Latn","adventskalender 2025 douglas parfüm","2025年Douglas香水圣诞倒数日历"
"deu_Latn","adventskalender 2025 frauen balea","2025年女士Balea圣诞倒数日历"
"deu_Latn","adventskalender 2025 frauen pralinen","2025年女士巧克力糖圣诞倒数日历"
"deu_Latn","adventskalender 2025 holly","2025年holly圣诞倒数日历"
"deu_Latn","adventskalender 2025 instant nudeln","2025年instant面条圣诞倒数日历"
"deu_Latn","adventskalender 2025 kinder ab 8 jahre","2025年8岁以上儿童圣诞倒数日历"
"deu_Latn","adventskalender 2025 krippe","2025年马槽圣诞倒数日历"
"deu_Latn","adventskalender 2025 m asam","2025年MASAM圣诞倒数日历"
"deu_Latn","adventskalender 2025 mit sprüchen","2025年寄语圣诞倒数日历"
"deu_Latn","adventskalender 2025 pringels","2025年pringels圣诞倒数日历"
"deu_Latn","adventskalender 2025 prinzessin","2025年公主圣诞倒数日历"
"deu_Latn","adventskalender 2025 rezepte","2025年rezepte圣诞倒数日历"
"deu_Latn","adventskalender 2025 säckchen","2025年小袋圣诞倒数日历"
"deu_Latn","adventskalender 2025 trend it up","2025年trendit圣诞倒数日历"
"deu_Latn","adventskalender 2025 zaubern","2025年zaubern圣诞倒数日历"
"deu_Latn","adventskalender adhs","adhs圣诞倒数日历"
"deu_Latn","adventskalender adventure","adventure圣诞倒数日历"
"deu_Latn","adventskalender asterix","asterix圣诞倒数日历"
"deu_Latn","adventskalender beutel stoff groß","袋子布艺大号圣诞倒数日历"
"deu_Latn","adventskalender boxen zum befüllen groß","盒子可填充大号圣诞倒数日历"
"deu_Latn","adventskalender bts 2025","2025年BTS圣诞倒数日历"
"deu_Latn","adventskalender buch die drei ausrufezeichen","书籍三个感叹号圣诞倒数日历"
"deu_Latn","adventskalender buch krimi","书籍推理圣诞倒数日历"
"deu_Latn","adventskalender bülow lakritz","Bülow甘草糖圣诞倒数日历"
"deu_Latn","adventskalender delikatessen","delikatessen圣诞倒数日历"
"deu_Latn","adventskalender dominosteine","dominosteine圣诞倒数日历"
"deu_Latn","adventskalender esn 2025","2025年esn圣诞倒数日历"
"deu_Latn","adventskalender fanta","fanta圣诞倒数日历"
"deu_Latn","adventskalender filme","filme圣诞倒数日历"
"deu_Latn","adventskalender frau 2025","2025年女士圣诞倒数日历"
"deu_Latn","adventskalender funny chips","趣味薯片圣诞倒数日历"
"deu_Latn","adventskalender fur männer","fur男士圣诞倒数日历"
"deu_Latn","adventskalender füllung papa","爸爸圣诞倒数日历填充物"
"deu_Latn","adventskalender für 8 jährige mädchen","8岁女孩圣诞倒数日历"
"deu_Latn","adventskalender für kleinkinder ab 1 jahr","1岁以上幼儿圣诞倒数日历"
"deu_Latn","adventskalender für schüler","学生圣诞倒数日历"
"deu_Latn","adventskalender gefriergetrocknete früchte","gefriergetrocknete水果圣诞倒数日历"
"deu_Latn","adventskalender handarbeit 2025","2025年handarbeit圣诞倒数日历"
"deu_Latn","adventskalender haushalt","haushalt圣诞倒数日历"
"deu_Latn","adventskalender heinz","heinz圣诞倒数日历"
"deu_Latn","adventskalender insekten","insekten圣诞倒数日历"
"deu_Latn","adventskalender k-pop demon hunter","《KPop恶魔猎人》圣诞倒数日历"
"deu_Latn","adventskalender kaugummi extra","kaugummiextra圣诞倒数日历"
"deu_Latn","adventskalender kinder ab 3 jahre","3岁以上儿童圣诞倒数日历"
"deu_Latn","adventskalender kinder ohne schokolade","儿童不含巧克力圣诞倒数日历"
"deu_Latn","adventskalender klemmbausteine 2025","2025年拼插积木圣诞倒数日历"
"deu_Latn","adventskalender lose","lose圣诞倒数日历"
"deu_Latn","adventskalender mit eigenem foto","eigenem照片圣诞倒数日历"
"deu_Latn","adventskalender mit taschen","包袋圣诞倒数日历"
"deu_Latn","adventskalender mädchen 8","女孩8圣诞倒数日历"
"deu_Latn","adventskalender mönchengladbach","Mönchengladbach圣诞倒数日历"
"deu_Latn","adventskalender paar challenge","情侣challenge圣诞倒数日历"
"deu_Latn","adventskalender paare duell","情侣对决圣诞倒数日历"
"deu_Latn","adventskalender papier nostalgisch","纸质怀旧圣诞倒数日历"
"deu_Latn","adventskalender pferde schleich","马匹Schleich圣诞倒数日历"
"deu_Latn","adventskalender philosophie","philosophie圣诞倒数日历"
"deu_Latn","adventskalender ricola","ricola圣诞倒数日历"
"deu_Latn","adventskalender schleich tiere","Schleich动物圣诞倒数日历"
"deu_Latn","adventskalender schokolinsen","巧克力豆圣诞倒数日历"
"deu_Latn","adventskalender snoopy socken","史努比袜子圣诞倒数日历"
"deu_Latn","adventskalender starbucks","starbucks圣诞倒数日历"
"deu_Latn","adventskalender stricken häkeln","strickenHäkeln圣诞倒数日历"
"deu_Latn","adventskalender teelicht","teelicht圣诞倒数日历"
"deu_Latn","adventskalender topps","Topps圣诞倒数日历"
"deu_Latn","adventskalender tung tung sahur","tungsahur圣诞倒数日历"
"deu_Latn","adventskalender türen","门式圣诞倒数日历"
"deu_Latn","adventskalender tüten set","纸袋套装圣诞倒数日历"
"deu_Latn","adventskalender zum befüllen schachtel","可填充盒子圣诞倒数日历"
"deu_Latn","adventskalender zum befüllen xxl säckchen","可填充XXL圣诞倒数日历小袋"
"deu_Latn","alpaka adventskalender","alpaka圣诞倒数日历"
"deu_Latn","amigurumi adventskalender","amigurumi圣诞倒数日历"
"deu_Latn","avengers adventskalender 2025","2025年《复仇者联盟》圣诞倒数日历"
"deu_Latn","besondere adventskalender füllung","特别圣诞倒数日历填充物"
"deu_Latn","bvb adventskalender 2026","2026年BVB圣诞倒数日历"
"deu_Latn","checker adventskalender","checker圣诞倒数日历"
"deu_Latn","chio adventskalender","chio圣诞倒数日历"
"deu_Latn","dinge für adventskalender männer","物品男士圣诞倒数日历"
"deu_Latn","drei kids adventskalender","三儿童圣诞倒数日历"
"deu_Latn","eis deluxe erotischer adventskalender 2025","2025年豪华冰淇淋情趣圣诞倒数日历"
"deu_Latn","eltern adventskalender","父母圣诞倒数日历"
"deu_Latn","ener bio adventskalender","ener有机圣诞倒数日历"
"deu_Latn","energy drink adventskalender 2025","2025年能量饮料drink圣诞倒数日历"
"deu_Latn","erotische adventskalender","情趣圣诞倒数日历"
"deu_Latn","festool adventskalender","festool圣诞倒数日历"
"deu_Latn","füllung adventskalender junge 11","男孩11圣诞倒数日历填充物"
"deu_Latn","für den adventskalender kinder","儿童圣诞倒数日历"
"deu_Latn","galileo adventskalender 2025","2025年galileo圣诞倒数日历"
"deu_Latn","gedore red adventskalender 2025","2025年gedorered圣诞倒数日历"
"deu_Latn","gregs tagebuch adventskalender 2025","2025年gregstagebuch圣诞倒数日历"
"deu_Latn","hunde adventskalender zum befüllen","狗狗可填充圣诞倒数日历"
"deu_Latn","italien adventskalender","意大利圣诞倒数日历"
"deu_Latn","jean & len adventskalender","Jean & Len圣诞倒数日历"
"deu_Latn","kaffeebohnen adventskalender","咖啡豆圣诞倒数日历"
"deu_Latn","kinder adventskalender mädchen","儿童女孩圣诞倒数日历"
"deu_Latn","lego disney adventskalender","乐高迪士尼圣诞倒数日历"
"deu_Latn","lego spiderman adventskalender","乐高《蜘蛛侠》圣诞倒数日历"
"deu_Latn","london adventskalender 2025","2025年london圣诞倒数日历"
"deu_Latn","maybelline adventskalender 2024","2024年美宝莲圣诞倒数日历"
"deu_Latn","mini parfum adventskalender damen","迷你香水女士圣诞倒数日历"
"deu_Latn","miniverse adventskalender 2025","2025年miniverse圣诞倒数日历"
"deu_Latn","mumins adventskalender","mumins圣诞倒数日历"
"deu_Latn","mädchen adventskalender 5 jahre","5岁女孩圣诞倒数日历"
"deu_Latn","mädchen adventskalender 6 jahre","6岁女孩圣诞倒数日历"
"deu_Latn","niederegger adventskalender 2025 nougat","2025年Niederegger牛轧糖圣诞倒数日历"
"deu_Latn","pferd adventskalender","马圣诞倒数日历"
"deu_Latn","polizei adventskalender 2025","2025年警察圣诞倒数日历"
"deu_Latn","polo adventskalender","polo圣诞倒数日历"
"deu_Latn","prym adventskalender","prym圣诞倒数日历"
"deu_Latn","rica das schaf adventskalender","ricaschaf圣诞倒数日历"
"deu_Latn","ricola adventskalender","ricola圣诞倒数日历"
"deu_Latn","rituals deluxe adventskalender 2025 frauen","2025年Rituals豪华女士圣诞倒数日历"
"deu_Latn","schildkröten adventskalender","乌龟圣诞倒数日历"
"deu_Latn","schleich adventskalender dino","Schleich恐龙圣诞倒数日历"
"deu_Latn","schwarzer tee adventskalender","schwarzer茶叶圣诞倒数日历"
"deu_Latn","simson adventskalender 2025","2025年simson圣诞倒数日历"
"deu_Latn","sound adventskalender grammophon","soundgrammophon圣诞倒数日历"
"deu_Latn","sound adventskalender vögel","鸟类声音圣诞倒数日历"
"deu_Latn","villeroy boch adventskalender","villeroyboch圣诞倒数日历"
"deu_Latn","wer weiß denn sowas adventskalender","wer白色dennsowas圣诞倒数日历"
"deu_Latn","werkzeug adventskalender makita","工具牧田圣诞倒数日历"
"deu_Latn","westwing adventskalender","westwing圣诞倒数日历"
"deu_Latn","windel adventskalender schokolade","尿布巧克力圣诞倒数日历"
"deu_Latn","anime weihnachtskalender","动漫圣诞倒数日历"
"deu_Latn","fc bayern weihnachtskalender","拜仁慕尼黑圣诞倒数日历"
"deu_Latn","naruto weihnachtskalender","《火影忍者》圣诞倒数日历"
"deu_Latn","weihnachtskalender 2025 after eight","2025年After Eight圣诞倒数日历"
"deu_Latn","weihnachtskalender 2025 erotisch","2025年情趣圣诞倒数日历"
"deu_Latn","weihnachtskalender inhalt","圣诞倒数日历内装物"
"deu_Latn","weihnachtskalender mädchen 8 jahre","8岁女孩圣诞倒数日历"
"deu_Latn","24 gleiche geschenke für adventskalender","24gleiche礼物圣诞倒数日历"
"deu_Latn","24 sprüche adventskalender","24格言圣诞倒数日历"
"deu_Latn","adult adventskalender","成人圣诞倒数日历"
"deu_Latn","adventskalender 10 jähriger junge","10Jähriger男孩圣诞倒数日历"
"deu_Latn","adventskalender 2025 asiatisches essen","2025年asiatisches食品圣诞倒数日历"
"deu_Latn","adventskalender 2025 bitterschokolade","2025年bitterschokolade圣诞倒数日历"
"deu_Latn","adventskalender 2025 body shop","2025年The Body Shop圣诞倒数日历"
"deu_Latn","adventskalender 2025 dr oetker","2025年droetker圣诞倒数日历"
"deu_Latn","adventskalender 2025 dragonball","2025年《龙珠》圣诞倒数日历"
"deu_Latn","adventskalender 2025 duell","2025年对决圣诞倒数日历"
"deu_Latn","adventskalender 2025 kinder 5 jahre junge","2025年5岁儿童男孩圣诞倒数日历"
"deu_Latn","adventskalender 2025 kinder checker tobi","2025年儿童Checker Tobi圣诞倒数日历"
"deu_Latn","adventskalender 2025 kinder jungen lego","2025年儿童男孩乐高圣诞倒数日历"
"deu_Latn","adventskalender 2025 kinder selber befüllen","2025年儿童可自行填充圣诞倒数日历"
"deu_Latn","adventskalender 2025 literatur","2025年文学圣诞倒数日历"
"deu_Latn","adventskalender 2025 mit tee","2025年茶叶圣诞倒数日历"
"deu_Latn","adventskalender 2025 männer einhell","2025年男士einhell圣诞倒数日历"
"deu_Latn","adventskalender 2025 männer nüsse","2025年男士坚果圣诞倒数日历"
"deu_Latn","adventskalender 2025 männer süßigkeiten","2025年男士糖果圣诞倒数日历"
"deu_Latn","adventskalender 2025 nfl","2025年NFL圣诞倒数日历"
"deu_Latn","adventskalender 2025 spongebob","2025年spongebob圣诞倒数日历"
"deu_Latn","adventskalender 2025 teenager jungs","2025年青少年男孩圣诞倒数日历"
"deu_Latn","adventskalender 2025 women","2025年女士圣诞倒数日历"
"deu_Latn","adventskalender aufkleber rechnen","贴纸rechnen圣诞倒数日历"
"deu_Latn","adventskalender ausgrabung","ausgrabung圣诞倒数日历"
"deu_Latn","adventskalender bade","bade圣诞倒数日历"
"deu_Latn","adventskalender baum holz","baum木质圣诞倒数日历"
"deu_Latn","adventskalender besuty","besuty圣诞倒数日历"
"deu_Latn","adventskalender bilder nostalgie glitzer","图片怀旧闪粉圣诞倒数日历"
"deu_Latn","adventskalender buch drei fragezeichen","书籍三个问号圣诞倒数日历"
"deu_Latn","adventskalender chefin","chefin圣诞倒数日历"
"deu_Latn","adventskalender diät","Diät圣诞倒数日历"
"deu_Latn","adventskalender eichhörnchen","Eichhörnchen圣诞倒数日历"
"deu_Latn","adventskalender fenster","fenster圣诞倒数日历"
"deu_Latn","adventskalender füllung ab 1 jahr","1岁以上圣诞倒数日历填充物"
"deu_Latn","adventskalender füllung beste freundin","精选女友圣诞倒数日历填充物"
"deu_Latn","adventskalender für 6 jährige jungs","6岁男孩圣诞倒数日历"
"deu_Latn","adventskalender für erzieher","erzieher圣诞倒数日历"
"deu_Latn","adventskalender für fotografen","fotografen圣诞倒数日历"
"deu_Latn","adventskalender geräusche","Geräusche圣诞倒数日历"
"deu_Latn","adventskalender haarschmuck frauen","发饰女士圣诞倒数日历"
"deu_Latn","adventskalender halter","halter圣诞倒数日历"
"deu_Latn","adventskalender jugendliche chio chips","青少年chio薯片圣诞倒数日历"
"deu_Latn","adventskalender junge 13","男孩13圣诞倒数日历"
"deu_Latn","adventskalender jungen 6 jahre lego","6岁男孩乐高圣诞倒数日历"
"deu_Latn","adventskalender kiffer","kiffer圣诞倒数日历"
"deu_Latn","adventskalender kinder ab 4 jahre","4岁以上儿童圣诞倒数日历"
"deu_Latn","adventskalender kinder geschichten","儿童故事圣诞倒数日历"
"deu_Latn","adventskalender kinder selbst befüllen","儿童可自行填充圣诞倒数日历"
"deu_Latn","adventskalender kleiner feigling","小号feigling圣诞倒数日历"
"deu_Latn","adventskalender kleiner maulwurf","小号maulwurf圣诞倒数日历"
"deu_Latn","adventskalender konder","konder圣诞倒数日历"
"deu_Latn","adventskalender kristall","水晶圣诞倒数日历"
"deu_Latn","adventskalender lego duplo 2025","2025年乐高DUPLO圣诞倒数日历"
"deu_Latn","adventskalender lets battle für paare","letsbattle情侣圣诞倒数日历"
"deu_Latn","adventskalender lustiges taschenbuch","lustigestaschenbuch圣诞倒数日历"
"deu_Latn","adventskalender mit badekugeln","badekugeln圣诞倒数日历"
"deu_Latn","adventskalender monster","怪兽圣诞倒数日历"
"deu_Latn","adventskalender neonail 2025","2025年neonail圣诞倒数日历"
"deu_Latn","adventskalender neonails","neonails圣诞倒数日历"
"deu_Latn","adventskalender pechkeks","pechkeks圣诞倒数日历"
"deu_Latn","adventskalender pilates","pilates圣诞倒数日历"
"deu_Latn","adventskalender ringe","ringe圣诞倒数日历"
"deu_Latn","adventskalender scherzartikel","scherzartikel圣诞倒数日历"
"deu_Latn","adventskalender schminke 2025","2025年彩妆圣诞倒数日历"
"deu_Latn","adventskalender senf","senf圣诞倒数日历"
"deu_Latn","adventskalender sterne","sterne圣诞倒数日历"
"deu_Latn","adventskalender stoffbeutel zum befüllen","可填充布袋圣诞倒数日历小袋"
"deu_Latn","adventskalender stollenkonfekt","stollenkonfekt圣诞倒数日历"
"deu_Latn","adventskalender teens mädchen","青少年女孩圣诞倒数日历"
"deu_Latn","adventskalender zeitmaschine","zeitmaschine圣诞倒数日历"
"deu_Latn","adventskalender zum befüllen für männer","可填充男士圣诞倒数日历"
"deu_Latn","adventskalender zum befüllen mit kiste","可填充箱子圣诞倒数日历"
"deu_Latn","adventskalender zum selbst basteln","selbst手工圣诞倒数日历"
"deu_Latn","außergewöhnlicher adventskalender","独特圣诞倒数日历"
"deu_Latn","baby adventskalender ab 1 jahr","1岁以上婴幼儿圣诞倒数日历"
"deu_Latn","badebomben adventskalender kinder","泡澡球儿童圣诞倒数日历"
"deu_Latn","barbour adventskalender 2025","2025年barbour圣诞倒数日历"
"deu_Latn","bau adventskalender","bau圣诞倒数日历"
"deu_Latn","befüllung für adventskalender","圣诞倒数日历填充物"
"deu_Latn","beleuchteter adventskalender","beleuchteter圣诞倒数日历"
"deu_Latn","checksperiment adventskalender","checksperiment圣诞倒数日历"
"deu_Latn","conni adventskalender buch 2025","2025年conni书籍圣诞倒数日历"
"deu_Latn","coppenrath puzzle adventskalender","coppenrath拼图圣诞倒数日历"
"deu_Latn","die drei fragezeichen adventskalender buch","三个问号书籍圣诞倒数日历"
"deu_Latn","dior adventskalender","dior圣诞倒数日历"
"deu_Latn","douglas luxury adventskalender","Douglasluxury圣诞倒数日历"
"deu_Latn","douglas männer adventskalender","Douglas男士圣诞倒数日历"
"deu_Latn","duftkerzen-adventskalender","香薰蜡烛圣诞倒数日历"
"deu_Latn","eilles tee adventskalender","eilles茶叶圣诞倒数日历"
"deu_Latn","einstein adventskalender 2025","2025年einstein圣诞倒数日历"
"deu_Latn","enten adventskalender 2025","2025年鸭子圣诞倒数日历"
"deu_Latn","exit buch adventskalender","EXIT书籍圣诞倒数日历"
"deu_Latn","foto adventskalender 2025","2025年照片圣诞倒数日历"
"deu_Latn","fussballkarten adventskalender","fussballkarten圣诞倒数日历"
"deu_Latn","füllung für adventskalender jungs","男孩圣诞倒数日历填充物"
"deu_Latn","geschenk adventskalender","礼物圣诞倒数日历"
"deu_Latn","geschenke adventskalender mädchen","礼物女孩圣诞倒数日历"
"deu_Latn","gnom adventskalender 2025","2025年gnom圣诞倒数日历"
"deu_Latn","govinda adventskalender","govinda圣诞倒数日历"
"deu_Latn","grinch adventskalender 2025 socken","2025年圣诞怪杰袜子圣诞倒数日历"
"deu_Latn","gym adventskalender männer","gym男士圣诞倒数日历"
"deu_Latn","häuschen adventskalender zum befüllen","小屋可填充圣诞倒数日历"
"deu_Latn","kalender adventskalender frau","女士圣诞倒数日历"
"deu_Latn","kellys adventskalender 2025","2025年kellys圣诞倒数日历"
"deu_Latn","kinder buenos adventskalender","儿童buenos圣诞倒数日历"
"deu_Latn","kleine dinge für adventskalender kinder","小号物品儿童圣诞倒数日历"
"deu_Latn","kleinigkeiten für adventskalender kleinkind","小物幼儿圣诞倒数日历"
"deu_Latn","knekki adventskalender","knekki圣诞倒数日历"
"deu_Latn","kristalle adventskalender 2025","2025年水晶圣诞倒数日历"
"deu_Latn","lakrids adventskalender","lakrids圣诞倒数日历"
"deu_Latn","lego adventskalender city 2025","2025年乐高城市圣诞倒数日历"
"deu_Latn","lettering adventskalender","lettering圣诞倒数日历"
"deu_Latn","lichterkette für adventskalender","lichterkette圣诞倒数日历"
"deu_Latn","match attax adventskalender 25 26","Match Attax2526圣诞倒数日历"
"deu_Latn","mini füllung für adventskalender","迷你圣诞倒数日历填充物"
"deu_Latn","nagel adventskalender 2025","2025年nagel圣诞倒数日历"
"deu_Latn","paris adventskalender 2025","2025年paris圣诞倒数日历"
"deu_Latn","playboy adventskalender frauen","playboy女士圣诞倒数日历"
"deu_Latn","prinzessin adventskalender 2025","2025年公主圣诞倒数日历"
"deu_Latn","protein adventskalender 2025 more","2025年蛋白质more圣诞倒数日历"
"deu_Latn","puzzle adventskalender erwachsene","拼图成人圣诞倒数日历"
"deu_Latn","rausch adventskalender 2025","2025年rausch圣诞倒数日历"
"deu_Latn","ravensburger adventskalender puzzle","Ravensburger拼图圣诞倒数日历"
"deu_Latn","schogetten adventskalender","schogetten圣诞倒数日历"
"deu_Latn","stitch pandora adventskalender","史迪奇Pandora圣诞倒数日历"
"deu_Latn","straykids adventskalender","Stray Kids圣诞倒数日历"
"deu_Latn","tiptoi adventskalender 2025 ab 3 jahre","2025年3岁以上tiptoi圣诞倒数日历"
"deu_Latn","tkkg adventskalender 2025 cd","2025年tkkgcd圣诞倒数日历"
"deu_Latn","tonys chocolonely adventskalender 2025","2025年tonyschocolonely圣诞倒数日历"
"deu_Latn","vintage adventskalender zum befüllen","vintage可填充圣诞倒数日历"
"deu_Latn","vitakraft adventskalender","vitakraft圣诞倒数日历"
"deu_Latn","walkers shortbread adventskalender","walkersshortbread圣诞倒数日历"
"deu_Latn","wandteppich adventskalender","wandteppich圣诞倒数日历"
"deu_Latn","weihnachtskrippe adventskalender","weihnachtskrippe圣诞倒数日历"
"deu_Latn","whisky adventskalender 2025 single malt","2025年威士忌singlemalt圣诞倒数日历"
"deu_Latn","zettel adventskalender","纸条圣诞倒数日历"
"deu_Latn","zurück in die zukunft adventskalender","《回到未来》圣诞倒数日历"
"deu_Latn","angel weihnachtskalender","钓鱼圣诞倒数日历"
"deu_Latn","haribo weihnachtskalender","哈瑞宝圣诞倒数日历"
"deu_Latn","nutella weihnachtskalender","能多益圣诞倒数日历"
"deu_Latn","weihnachtskalender basteln","手工圣诞倒数日历"
"deu_Latn","weihnachtskalender buch","书籍圣诞倒数日历"
"deu_Latn","weihnachtskalender tüten groß","纸袋大号圣诞倒数日历"
"deu_Latn","'adventskalender chips","薯片圣诞倒数日历"
"deu_Latn","'adventskalender playmobil","Playmobil圣诞倒数日历"
"deu_Latn","21280 adventskalender","21280圣诞倒数日历"
"deu_Latn","3d druck adventskalender","3Ddruck圣诞倒数日历"
"deu_Latn","adventskalender  kids","儿童圣诞倒数日历"
"deu_Latn","adventskalender 1 fc köln","1FC科隆圣诞倒数日历"
"deu_Latn","adventskalender 12 jährige","12岁圣诞倒数日历"
"deu_Latn","adventskalender 2025 american football","2025年美国足球圣诞倒数日历"
"deu_Latn","adventskalender 2025 bonne maman","2025年Bonne Maman圣诞倒数日历"
"deu_Latn","adventskalender 2025 cola","2025年可乐圣诞倒数日历"
"deu_Latn","adventskalender 2025 essence neu","2025年essenceneu圣诞倒数日历"
"deu_Latn","adventskalender 2025 feinkost","2025年feinkost圣诞倒数日历"
"deu_Latn","adventskalender 2025 frauen essen","2025年女士食品圣诞倒数日历"
"deu_Latn","adventskalender 2025 frauen maybelline new york","2025年女士美宝莲纽约圣诞倒数日历"
"deu_Latn","adventskalender 2025 gewürze ankerkraut","2025年香料Ankerkraut圣诞倒数日历"
"deu_Latn","adventskalender 2025 influencer","2025年iNFLuencer圣诞倒数日历"
"deu_Latn","adventskalender 2025 junge 9 jahre","2025年9岁男孩圣诞倒数日历"
"deu_Latn","adventskalender 2025 kinder labubu","2025年儿童Labubu圣诞倒数日历"
"deu_Latn","adventskalender 2025 kosmetik essence","2025年化妆品essence圣诞倒数日历"
"deu_Latn","adventskalender 2025 maus","2025年老鼠圣诞倒数日历"
"deu_Latn","adventskalender 2025 mit bildern","2025年bildern圣诞倒数日历"
"deu_Latn","adventskalender 2025 mädchen 12","2025年女孩12圣诞倒数日历"
"deu_Latn","adventskalender 2025 mädchen 14","2025年女孩14圣诞倒数日历"
"deu_Latn","adventskalender 2025 rc","2025年rc圣诞倒数日历"
"deu_Latn","adventskalender 2025 tatort","2025年tatort圣诞倒数日历"
"deu_Latn","adventskalender 2025 taylor swift","2025年Taylor Swift圣诞倒数日历"
"deu_Latn","adventskalender 2025 zug","2025年火车圣诞倒数日历"
"deu_Latn","adventskalender 24 kleine säckchen","24小号小袋圣诞倒数日历"
"deu_Latn","adventskalender ab 12 jahre mädchen","12岁以上女孩圣诞倒数日历"
"deu_Latn","adventskalender ab 6 jahre mädchen","6岁以上女孩圣诞倒数日历"
"deu_Latn","adventskalender arbeitskollegin","arbeitskollegin圣诞倒数日历"
"deu_Latn","adventskalender bonne maman","Bonne Maman圣诞倒数日历"
"deu_Latn","adventskalender brot backen","brotbacken圣诞倒数日历"
"deu_Latn","adventskalender buch jugendliche","书籍青少年圣诞倒数日历"
"deu_Latn","adventskalender duschbomben","淋浴泡腾球圣诞倒数日历"
"deu_Latn","adventskalender eierlikör 2025","2025年蛋奶酒圣诞倒数日历"
"deu_Latn","adventskalender film","film圣诞倒数日历"
"deu_Latn","adventskalender fleisch","fleisch圣诞倒数日历"
"deu_Latn","adventskalender füllung kinder 6 jahre","6岁儿童圣诞倒数日历填充物"
"deu_Latn","adventskalender für 4 jährige","4岁圣诞倒数日历"
"deu_Latn","adventskalender für elektriker","elektriker圣诞倒数日历"
"deu_Latn","adventskalender für fussballfans","fussballfans圣诞倒数日历"
"deu_Latn","adventskalender für klugscheißer","Klugscheißer圣诞倒数日历"
"deu_Latn","adventskalender grundschule geschenke","grundschule礼物圣诞倒数日历"
"deu_Latn","adventskalender herren parfum","男士香水圣诞倒数日历"
"deu_Latn","adventskalender horse club","马匹俱乐部圣诞倒数日历"
"deu_Latn","adventskalender hund getreidefrei","狗狗getreidefrei圣诞倒数日历"
"deu_Latn","adventskalender ich hasse menschen","hassemenschen圣诞倒数日历"
"deu_Latn","adventskalender inkee","inkee圣诞倒数日历"
"deu_Latn","adventskalender jungen 2025","2025年男孩圣诞倒数日历"
"deu_Latn","adventskalender jungs fussball","男孩足球圣诞倒数日历"
"deu_Latn","adventskalender karten set","卡片套装圣诞倒数日历"
"deu_Latn","adventskalender kaugummiautomat","kaugummiautomat圣诞倒数日历"
"deu_Latn","adventskalender kelloggs","kelloggs圣诞倒数日历"
"deu_Latn","adventskalender kinder pferde","儿童马匹圣诞倒数日历"
"deu_Latn","adventskalender kinder tiere","儿童动物圣诞倒数日历"
"deu_Latn","adventskalender kinder überraschungen","健达奇趣蛋圣诞倒数日历"
"deu_Latn","adventskalender kleinkinder 2 jahre","2岁幼儿圣诞倒数日历"
"deu_Latn","adventskalender kloster kitchen","klosterkitchen圣诞倒数日历"
"deu_Latn","adventskalender led","led圣诞倒数日历"
"deu_Latn","adventskalender lego weihnachten","乐高圣诞倒数日历"
"deu_Latn","adventskalender maritim","maritim圣诞倒数日历"
"deu_Latn","adventskalender max verstappen","maxverstappen圣诞倒数日历"
"deu_Latn","adventskalender mia and me","miaandme圣诞倒数日历"
"deu_Latn","adventskalender minecraft figuren","《我的世界》玩偶圣诞倒数日历"
"deu_Latn","adventskalender mädchen baby born","女孩Baby Born圣诞倒数日历"
"deu_Latn","adventskalender männer whiskey","男士威士忌圣诞倒数日历"
"deu_Latn","adventskalender netflix 2025","2025年Netflix圣诞倒数日历"
"deu_Latn","adventskalender premium","高端圣诞倒数日历"
"deu_Latn","adventskalender prosecco","prosecco圣诞倒数日历"
"deu_Latn","adventskalender rätsel 2025","2025年谜题圣诞倒数日历"
"deu_Latn","adventskalender sally","sally圣诞倒数日历"
"deu_Latn","adventskalender skateboard","skateboard圣诞倒数日历"
"deu_Latn","adventskalender sport frauen","运动女士圣诞倒数日历"
"deu_Latn","adventskalender säckchen verschiedene größen","小袋不同尺寸圣诞倒数日历"
"deu_Latn","adventskalender thailand","thailand圣诞倒数日历"
"deu_Latn","adventskalender victoria secret","victoriasecret圣诞倒数日历"
"deu_Latn","adventskalender wald","wald圣诞倒数日历"
"deu_Latn","adventskalender weltall","weltall圣诞倒数日历"
"deu_Latn","adventskalender zum befüllen günstig","可填充实惠圣诞倒数日历"
"deu_Latn","adventskalender zum befüllen mini","可填充迷你圣诞倒数日历"
"deu_Latn","amazon lindt adventskalender","亚马逊瑞士莲圣诞倒数日历"
"deu_Latn","autopflege adventskalender","autopflege圣诞倒数日历"
"deu_Latn","bayblade x adventskalender","baybladex圣诞倒数日历"
"deu_Latn","befüllung für adventskalender mann","男士圣诞倒数日历填充物"
"deu_Latn","beste adventskalender 2025 kinder","2025年精选儿童圣诞倒数日历"
"deu_Latn","bier adventskalender 2026","2026年啤酒圣诞倒数日历"
"deu_Latn","box für adventskalender","盒装圣诞倒数日历"
"deu_Latn","burg blaustein adventskalender","burgblaustein圣诞倒数日历"
"deu_Latn","bären adventskalender","Bären圣诞倒数日历"
"deu_Latn","cannabis adventskalender","cannabis圣诞倒数日历"
"deu_Latn","catrice twinkling treasures adventskalender 2025","2025年Catricetwinklingtreasures圣诞倒数日历"
"deu_Latn","chilisauce adventskalender","chilisauce圣诞倒数日历"
"deu_Latn","coole adventskalender füllung","酷圣诞倒数日历填充物"
"deu_Latn","crystal adventskalender","水晶圣诞倒数日历"
"deu_Latn","deko für adventskalender","装饰圣诞倒数日历"
"deu_Latn","detektiv adventskalender kinder","detektiv儿童圣诞倒数日历"
"deu_Latn","eis premium erotischer adventskalender 2025","2025年冰淇淋高端情趣圣诞倒数日历"
"deu_Latn","elektro adventskalender","elektro圣诞倒数日历"
"deu_Latn","erwachsene adventskalender","成人圣诞倒数日历"
"deu_Latn","frauen adventskalender ideen","女士创意圣诞倒数日历"
"deu_Latn","gin adventskalender für männer 2025","2025年金酒男士圣诞倒数日历"
"deu_Latn","goth adventskalender","goth圣诞倒数日历"
"deu_Latn","granini adventskalender 2025","2025年granini圣诞倒数日历"
"deu_Latn","holi adventskalender","holi圣诞倒数日历"
"deu_Latn","ideen adventskalender füllen frau","创意填充女士圣诞倒数日历"
"deu_Latn","ideen für adventskalender befüllen","创意可填充圣诞倒数日历"
"deu_Latn","ideen für den adventskalender","创意圣诞倒数日历"
"deu_Latn","in der weihnachtshäkelei adventskalender","Weihnachtshäkelei圣诞倒数日历"
"deu_Latn","karte adventskalender","karte圣诞倒数日历"
"deu_Latn","kinderbuch adventskalender","Kinderbuch圣诞倒数日历"
"deu_Latn","kunst des zeichnens adventskalender","kunstzeichnens圣诞倒数日历"
"deu_Latn","lakritz bülow adventskalender 2025","2025年甘草糖Bülow圣诞倒数日历"
"deu_Latn","lauensteiner adventskalender 2025","2025年lauensteiner圣诞倒数日历"
"deu_Latn","löwenzahn adventskalender","Löwenzahn圣诞倒数日历"
"deu_Latn","maoam adventskalender 2025","2025年maoam圣诞倒数日历"
"deu_Latn","mini süßigkeiten adventskalender","迷你糖果圣诞倒数日历"
"deu_Latn","mitmach adventskalender mädchen","mitmach女孩圣诞倒数日历"
"deu_Latn","mould king adventskalender 2025","2025年mouldking圣诞倒数日历"
"deu_Latn","männer adventskalender 2025 parfüm","2025年男士香水圣诞倒数日历"
"deu_Latn","müsliriegel adventskalender","麦片棒圣诞倒数日历"
"deu_Latn","nba adventskalender 2025","2025年nba圣诞倒数日历"
"deu_Latn","niederegger adventskalender marzipan","Niederegger杏仁糖圣诞倒数日历"
"deu_Latn","otter adventskalender 2025","2025年otter圣诞倒数日历"
"deu_Latn","panzer adventskalender 2025","2025年panzer圣诞倒数日历"
"deu_Latn","papier tüten adventskalender","纸质纸袋圣诞倒数日历"
"deu_Latn","parfüm adventskalender für frauen","香水女士圣诞倒数日历"
"deu_Latn","paul valentine adventskalender 2025","2025年paulvalentine圣诞倒数日历"
"deu_Latn","pinguin adventskalender","pinguin圣诞倒数日历"
"deu_Latn","playmobil adventskalender 123","Playmobil123圣诞倒数日历"
"deu_Latn","printplanet adventskalender","printplanet圣诞倒数日历"
"deu_Latn","puka adventskalender","puka圣诞倒数日历"
"deu_Latn","rub on adventskalender to go","rubontogo圣诞倒数日历"
"deu_Latn","schwarze adventskalender tüten","schwarze纸袋圣诞倒数日历"
"deu_Latn","seeglas adventskalender","seeglas圣诞倒数日历"
"deu_Latn","sexy adventskalender für paare","情趣情侣圣诞倒数日历"
"deu_Latn","spicy adventskalender","spicy圣诞倒数日历"
"deu_Latn","steine adventskalender 2025","2025年石头圣诞倒数日历"
"deu_Latn","stitch adventskalender schokolade","史迪奇巧克力圣诞倒数日历"
"deu_Latn","strohsterne adventskalender","strohsterne圣诞倒数日历"
"deu_Latn","sugargang adventskalender klein","Sugargang小号圣诞倒数日历"
"deu_Latn","tee adventskalender amazon","茶亚马逊圣诞倒数日历"
"deu_Latn","tee adventskalender messmer","茶messmer圣诞倒数日历"
"deu_Latn","topp basteln adventskalender","topp手工圣诞倒数日历"
"deu_Latn","ucanbe adventskalender","ucanbe圣诞倒数日历"
"deu_Latn","vitamin adventskalender","vitamin圣诞倒数日历"
"deu_Latn","zahide adventskalender","zahide圣诞倒数日历"
"deu_Latn","rituals weihnachtskalender","Rituals圣诞倒数日历"
"deu_Latn","weihnachtskalender lustig","趣味圣诞倒数日历"
"deu_Latn","weihnachtskalender papier","纸质圣诞倒数日历"
"deu_Latn","wera weihnachtskalender 2025","2025年Wera圣诞倒数日历"
"deu_Latn","whisky weihnachtskalender","威士忌圣诞倒数日历"
"deu_Latn","1gegen1 duell adventskalender","1gegen1对决圣诞倒数日历"
"deu_Latn","3bears adventskalender 2025","2025年3bears圣诞倒数日历"
"deu_Latn","3d puzzle adventskalender","3D拼图圣诞倒数日历"
"deu_Latn","adventskalender 1 gegen 1","1gegen圣诞倒数日历"
"deu_Latn","adventskalender 2025 9 jahre","2025年9岁圣诞倒数日历"
"deu_Latn","adventskalender 2025 bartpflege","2025年胡须护理圣诞倒数日历"
"deu_Latn","adventskalender 2025 beauty männer","2025年美妆男士圣诞倒数日历"
"deu_Latn","adventskalender 2025 cool","2025年酷圣诞倒数日历"
"deu_Latn","adventskalender 2025 douglas männer","2025年Douglas男士圣诞倒数日历"
"deu_Latn","adventskalender 2025 frauen nagellack","2025年女士指甲油圣诞倒数日历"
"deu_Latn","adventskalender 2025 frauen sekt","2025年女士sekt圣诞倒数日历"
"deu_Latn","adventskalender 2025 für oma","2025年祖母圣诞倒数日历"
"deu_Latn","adventskalender 2025 handarbeit","2025年handarbeit圣诞倒数日历"
"deu_Latn","adventskalender 2025 kinder 3 jahre junge","2025年3岁儿童男孩圣诞倒数日历"
"deu_Latn","adventskalender 2025 kinder essen","2025年儿童食品圣诞倒数日历"
"deu_Latn","adventskalender 2025 kinder tüten","2025年儿童纸袋圣诞倒数日历"
"deu_Latn","adventskalender 2025 kleinkind 2 jahre","2025年2岁幼儿圣诞倒数日历"
"deu_Latn","adventskalender 2025 nerd","2025年nerd圣诞倒数日历"
"deu_Latn","adventskalender 2025 schmuck mädchen","2025年珠宝首饰女孩圣诞倒数日历"
"deu_Latn","adventskalender 2025 spirituosen","2025年酒类圣诞倒数日历"
"deu_Latn","adventskalender 2025 teenager mädchen kosmetik","2025年青少年女孩化妆品圣诞倒数日历"
"deu_Latn","adventskalender 2025 zauber","2025年魔法圣诞倒数日历"
"deu_Latn","adventskalender ab 9 jahre junge","9岁以上男孩圣诞倒数日历"
"deu_Latn","adventskalender accessoires","accessoires圣诞倒数日历"
"deu_Latn","adventskalender american football","美国足球圣诞倒数日历"
"deu_Latn","adventskalender bdsm","bdsm圣诞倒数日历"
"deu_Latn","adventskalender befüllt","Befüllt圣诞倒数日历"
"deu_Latn","adventskalender buch teenager mädchen","书籍青少年女孩圣诞倒数日历"
"deu_Latn","adventskalender coole sachen","酷小物圣诞倒数日历"
"deu_Latn","adventskalender dc","dc圣诞倒数日历"
"deu_Latn","adventskalender detektiv kinder","detektiv儿童圣诞倒数日历"
"deu_Latn","adventskalender die 3 ausrufezeichen","3感叹号圣诞倒数日历"
"deu_Latn","adventskalender dresdner essenz 2025","2025年dresdneressenz圣诞倒数日历"
"deu_Latn","adventskalender eiweißriegel","Eiweißriegel圣诞倒数日历"
"deu_Latn","adventskalender enchantimals","enchantimals圣诞倒数日历"
"deu_Latn","adventskalender erwachsene rätsel","成人谜题圣诞倒数日历"
"deu_Latn","adventskalender essen 2025","2025年食品圣诞倒数日历"
"deu_Latn","adventskalender fernbeziehung","fernbeziehung圣诞倒数日历"
"deu_Latn","adventskalender ferngesteuert","ferngesteuert圣诞倒数日历"
"deu_Latn","adventskalender frauen schminke","女士彩妆圣诞倒数日历"
"deu_Latn","adventskalender frauen toys","女士玩具圣诞倒数日历"
"deu_Latn","adventskalender funko pop 2025","2025年Funko Pop圣诞倒数日历"
"deu_Latn","adventskalender füllung mädchen 8","女孩8圣诞倒数日历填充物"
"deu_Latn","adventskalender für paare schokolade","情侣巧克力圣诞倒数日历"
"deu_Latn","adventskalender fürs team","team圣诞倒数日历"
"deu_Latn","adventskalender grüffelo","Grüffelo圣诞倒数日历"
"deu_Latn","adventskalender gummi","gummi圣诞倒数日历"
"deu_Latn","adventskalender heißluftfritteuse","Heißluftfritteuse圣诞倒数日历"
"deu_Latn","adventskalender herrendüfte","Herrendüfte圣诞倒数日历"
"deu_Latn","adventskalender holzspielzeug","holzspielzeug圣诞倒数日历"
"deu_Latn","adventskalender huhn","huhn圣诞倒数日历"
"deu_Latn","adventskalender kinder beauty","儿童美妆圣诞倒数日历"
"deu_Latn","adventskalender kleine geschenke kinder","小号礼物儿童圣诞倒数日历"
"deu_Latn","adventskalender klettern","klettern圣诞倒数日历"
"deu_Latn","adventskalender kneip","kneip圣诞倒数日历"
"deu_Latn","adventskalender konfitüre","果酱圣诞倒数日历"
"deu_Latn","adventskalender künstlerbedarf","艺术用品圣诞倒数日历"
"deu_Latn","adventskalender lego krippe","乐高马槽圣诞倒数日历"
"deu_Latn","adventskalender leiter","leiter圣诞倒数日历"
"deu_Latn","adventskalender m und ms","Mms圣诞倒数日历"
"deu_Latn","adventskalender magnet","magnet圣诞倒数日历"
"deu_Latn","adventskalender make up elf","e.l.f.圣诞倒数日历"
"deu_Latn","adventskalender mit gummibärchen","软糖圣诞倒数日历"
"deu_Latn","adventskalender mit licht","licht圣诞倒数日历"
"deu_Latn","adventskalender motor","motor圣诞倒数日历"
"deu_Latn","adventskalender mtb","mtb圣诞倒数日历"
"deu_Latn","adventskalender mädchen 5","女孩5圣诞倒数日历"
"deu_Latn","adventskalender männer grillen","男士烧烤圣诞倒数日历"
"deu_Latn","adventskalender männer protein","男士蛋白质圣诞倒数日历"
"deu_Latn","adventskalender münzen","硬币圣诞倒数日历"
"deu_Latn","adventskalender no cosmetics","no化妆品圣诞倒数日历"
"deu_Latn","adventskalender perfume","香水圣诞倒数日历"
"deu_Latn","adventskalender physiotherapie","physiotherapie圣诞倒数日历"
"deu_Latn","adventskalender protein riegel","蛋白质巧克力棒圣诞倒数日历"
"deu_Latn","adventskalender puppenhaus","puppenhaus圣诞倒数日历"
"deu_Latn","adventskalender reise um die welt","reiseum世界圣诞倒数日历"
"deu_Latn","adventskalender schoko 2025","2025年巧克力圣诞倒数日历"
"deu_Latn","adventskalender schwarzer humor","schwarzerhumor圣诞倒数日历"
"deu_Latn","adventskalender sticker zahlen","贴纸数字圣诞倒数日历"
"deu_Latn","adventskalender stiefel zum befüllen","stiefel可填充圣诞倒数日历"
"deu_Latn","adventskalender säcke groß","袋子大号圣诞倒数日历"
"deu_Latn","adventskalender süss","甜食圣诞倒数日历"
"deu_Latn","adventskalender trend it up 2025","2025年trendit圣诞倒数日历"
"deu_Latn","adventskalender women","女士圣诞倒数日历"
"deu_Latn","adventskalender zum lesen erwachsene","阅读成人圣诞倒数日历"
"deu_Latn","arcane adventskalender","arcane圣诞倒数日历"
"deu_Latn","babor adventskalender 2025 ampullen","2025年baborampullen圣诞倒数日历"
"deu_Latn","babyborn adventskalender","babyborn圣诞倒数日历"
"deu_Latn","bauernhof adventskalender 2025","2025年农场圣诞倒数日历"
"deu_Latn","beauty-adventskalender","美妆圣诞倒数日历"
"deu_Latn","box adventskalender","盒装圣诞倒数日历"
"deu_Latn","brubaker adventskalender zum befüllen","brubaker可填充圣诞倒数日历"
"deu_Latn","die drei  kids adventskalender","三儿童圣诞倒数日历"
"deu_Latn","energie adventskalender 2025","2025年energie圣诞倒数日历"
"deu_Latn","erster adventskalender baby","erster婴幼儿圣诞倒数日历"
"deu_Latn","erzieher adventskalender","erzieher圣诞倒数日历"
"deu_Latn","ferrero kinder adventskalender","Ferrero儿童圣诞倒数日历"
"deu_Latn","fuchs adventskalender","fuchs圣诞倒数日历"
"deu_Latn","glossybox adventskalender 2025","2025年glossybox圣诞倒数日历"
"deu_Latn","hachez adventskalender 2025","2025年hachez圣诞倒数日历"
"deu_Latn","handarbeit adventskalender","handarbeit圣诞倒数日历"
"deu_Latn","hunter adventskalender 2025","2025年猎人圣诞倒数日历"
"deu_Latn","ideen adventskalender befüllen kinder","创意可填充儿童圣诞倒数日历"
"deu_Latn","ideen für adventskalender teenager","创意青少年圣诞倒数日历"
"deu_Latn","ingwer adventskalender","ingwer圣诞倒数日历"
"deu_Latn","ingwer shot adventskalender 2025","2025年ingwershot圣诞倒数日历"
"deu_Latn","inhalte für adventskalender kinder","inhalte儿童圣诞倒数日历内装物"
"deu_Latn","iron maiden adventskalender","ironmaiden圣诞倒数日历"
"deu_Latn","kids adventskalender 2025","2025年儿童圣诞倒数日历"
"deu_Latn","kinder adventskalender zug","儿童火车圣诞倒数日历"
"deu_Latn","kleber adventskalender","kleber圣诞倒数日历"
"deu_Latn","kleine tüten für adventskalender","小号纸袋圣诞倒数日历"
"deu_Latn","kleinigkeiten für adventskalender kind","小物儿童圣诞倒数日历"
"deu_Latn","legami adventskalender 2024","2024年Legami圣诞倒数日历"
"deu_Latn","legami adventskalender 2025/2026","2025年2026年Legami圣诞倒数日历"
"deu_Latn","lego adventskalender blumenstrauß","乐高Blumenstrauß圣诞倒数日历"
"deu_Latn","lilo stitch adventskalender","《星际宝贝》圣诞倒数日历"
"deu_Latn","lindt tisch adventskalender 2025","2025年瑞士莲桌面圣诞倒数日历"
"deu_Latn","lorenz adventskalender","lorenz圣诞倒数日历"
"deu_Latn","magic adventskalender 2025","2025年魔法圣诞倒数日历"
"deu_Latn","makita adventskalender 2025 p-84800","2025年牧田p84800圣诞倒数日历"
"deu_Latn","man adventskalender","man圣诞倒数日历"
"deu_Latn","men adventskalender","男士圣诞倒数日历"
"deu_Latn","mozart adventskalender","mozart圣诞倒数日历"
"deu_Latn","my booklove adventskalender 2025","2025年booklove圣诞倒数日历"
"deu_Latn","mädchen adventskalender 7 jahre","7岁女孩圣诞倒数日历"
"deu_Latn","papierdrachen adventskalender karten","Papierdrachen卡片圣诞倒数日历"
"deu_Latn","partylite adventskalender 2025","2025年partylite圣诞倒数日历"
"deu_Latn","perfume adventskalender","香水圣诞倒数日历"
"deu_Latn","pferde adventskalender für mädchen","马匹女孩圣诞倒数日历"
"deu_Latn","playmobil wiltopia adventskalender","Playmobilwiltopia圣诞倒数日历"
"deu_Latn","prinzessinnen adventskalender","公主圣诞倒数日历"
"deu_Latn","rituals adventskalender 2025 für männer","2025年Rituals男士圣诞倒数日历"
"deu_Latn","rätsel-adventskalender","谜题圣诞倒数日历"
"deu_Latn","schmink adventskalender mädchen","彩妆女孩圣诞倒数日历"
"deu_Latn","selfcare adventskalender 2025","2025年自我护理圣诞倒数日历"
"deu_Latn","sound adventskalender tiere","声音动物圣诞倒数日历"
"deu_Latn","spa adventskalender 2025","2025年spa圣诞倒数日历"
"deu_Latn","sprüche für adventskalender","格言圣诞倒数日历"
"deu_Latn","stoffbeutel für adventskalender","布袋圣诞倒数日历"
"deu_Latn","säcke für adventskalender","袋子圣诞倒数日历"
"deu_Latn","süsses für adventskalender","甜食圣诞倒数日历"
"deu_Latn","teenie adventskalender 2025","2025年青少年圣诞倒数日历"
"deu_Latn","tony schokolade adventskalender","tony巧克力圣诞倒数日历"
"deu_Latn","vegetarischer adventskalender","素食圣诞倒数日历"
"deu_Latn","vera adventskalender 2025","2025年vera圣诞倒数日历"
"deu_Latn","vw adventskalender 2025","2025年vw圣诞倒数日历"
"deu_Latn","weltraum adventskalender","weltraum圣诞倒数日历"
"deu_Latn","werder bremen adventskalender 2025","2025年werderbremen圣诞倒数日历"
"deu_Latn","yankee adventskalender","Yankee圣诞倒数日历"
"deu_Latn","chips weihnachtskalender","薯片圣诞倒数日历"
"deu_Latn","weihnachtskalender 2025 für kinder","2025年儿童圣诞倒数日历"
"deu_Latn","weihnachtskalender 2025 junge","2025年男孩圣诞倒数日历"
"deu_Latn","weihnachtskalender fußball","足球圣诞倒数日历"
"deu_Latn","weihnachtskalender whisky","威士忌圣诞倒数日历"
"deu_Latn","'adventskalender achtsamkeit","正念圣诞倒数日历"
"deu_Latn","adventskalender 2025 6 jahre","2025年6岁圣诞倒数日历"
"deu_Latn","adventskalender 2025 alverde","2025年alverde圣诞倒数日历"
"deu_Latn","adventskalender 2025 badewanne","2025年badewanne圣诞倒数日历"
"deu_Latn","adventskalender 2025 bücher kinder","2025年书籍儿童圣诞倒数日历"
"deu_Latn","adventskalender 2025 dackel","2025年dackel圣诞倒数日历"
"deu_Latn","adventskalender 2025 damen beauty","2025年女士美妆圣诞倒数日历"
"deu_Latn","adventskalender 2025 erwachsene frauen","2025年成人女士圣诞倒数日历"
"deu_Latn","adventskalender 2025 frauen süßigkeiten","2025年女士糖果圣诞倒数日历"
"deu_Latn","adventskalender 2025 frauentee","2025年frauentee圣诞倒数日历"
"deu_Latn","adventskalender 2025 für frauen douglas parfüm","2025年女士Douglas香水圣诞倒数日历"
"deu_Latn","adventskalender 2025 gesichtsmasken","2025年面膜圣诞倒数日历"
"deu_Latn","adventskalender 2025 girls teen","2025年女孩青少年圣诞倒数日历"
"deu_Latn","adventskalender 2025 harry potter lego","2025年《哈利·波特》乐高圣诞倒数日历"
"deu_Latn","adventskalender 2025 kinder ab 1","2025年1岁以上儿童圣诞倒数日历"
"deu_Latn","adventskalender 2025 kinder feuerwehr","2025年儿童消防队圣诞倒数日历"
"deu_Latn","adventskalender 2025 kinder kosmetik","2025年儿童化妆品圣诞倒数日历"
"deu_Latn","adventskalender 2025 klo","2025年klo圣诞倒数日历"
"deu_Latn","adventskalender 2025 marzipan niederegger männer","2025年杏仁糖Niederegger男士圣诞倒数日历"
"deu_Latn","adventskalender 2025 männer erotisch","2025年男士情趣圣诞倒数日历"
"deu_Latn","adventskalender 2025 männer ritual","2025年男士ritual圣诞倒数日历"
"deu_Latn","adventskalender 2025 nudeln","2025年面条圣诞倒数日历"
"deu_Latn","adventskalender 2025 ohne süßigkeiten","2025年糖果圣诞倒数日历"
"deu_Latn","adventskalender 2025 ohrringe","2025年耳环圣诞倒数日历"
"deu_Latn","adventskalender 2025 rossmann","2025年rossmann圣诞倒数日历"
"deu_Latn","adventskalender 80er","80er圣诞倒数日历"
"deu_Latn","adventskalender ab 10","10岁以上圣诞倒数日历"
"deu_Latn","adventskalender ab 10 jahre mädchen","10岁以上女孩圣诞倒数日历"
"deu_Latn","adventskalender ab 12 jahre","12岁以上圣诞倒数日历"
"deu_Latn","adventskalender ab 4 jahre mädchen","4岁以上女孩圣诞倒数日历"
"deu_Latn","adventskalender alkohol schokolade","酒类巧克力圣诞倒数日历"
"deu_Latn","adventskalender amazon 2025","2025年亚马逊圣诞倒数日历"
"deu_Latn","adventskalender berge","berge圣诞倒数日历"
"deu_Latn","adventskalender biotherm","biotherm圣诞倒数日历"
"deu_Latn","adventskalender butlers","butlers圣诞倒数日历"
"deu_Latn","adventskalender faller","faller圣诞倒数日历"
"deu_Latn","adventskalender fidget toys","解压玩具圣诞倒数日历"
"deu_Latn","adventskalender flachwitze","flachwitze圣诞倒数日历"
"deu_Latn","adventskalender füllung kind","儿童圣诞倒数日历填充物"
"deu_Latn","adventskalender für 11 jährige","11岁圣诞倒数日历"
"deu_Latn","adventskalender für 5 jährige jungs","5岁男孩圣诞倒数日历"
"deu_Latn","adventskalender für ehepaare","ehepaare圣诞倒数日历"
"deu_Latn","adventskalender für frauen beauty","女士美妆圣诞倒数日历"
"deu_Latn","adventskalender für krankenschwester","krankenschwester圣诞倒数日历"
"deu_Latn","adventskalender für köche","Köche圣诞倒数日历"
"deu_Latn","adventskalender für paare lustig","情侣趣味圣诞倒数日历"
"deu_Latn","adventskalender gaming zubehör","gamingZubehör圣诞倒数日历"
"deu_Latn","adventskalender highland cow","highlandcow圣诞倒数日历"
"deu_Latn","adventskalender island","island圣诞倒数日历"
"deu_Latn","adventskalender jugend","jugend圣诞倒数日历"
"deu_Latn","adventskalender jujutsu kaisen","jujutsukaisen圣诞倒数日历"
"deu_Latn","adventskalender junge 14 jahre","14岁男孩圣诞倒数日历"
"deu_Latn","adventskalender jungen 17 jahre","17岁男孩圣诞倒数日历"
"deu_Latn","adventskalender jungs teenager","男孩青少年圣诞倒数日历"
"deu_Latn","adventskalender kinder disney","儿童迪士尼圣诞倒数日历"
"deu_Latn","adventskalender kinder holz","儿童木质圣诞倒数日历"
"deu_Latn","adventskalender küchenutensilien","Küchenutensilien圣诞倒数日历"
"deu_Latn","adventskalender lego 2025 kinder","2025年乐高儿童圣诞倒数日历"
"deu_Latn","adventskalender lego disney","乐高迪士尼圣诞倒数日历"
"deu_Latn","adventskalender lena gerke","lenagerke圣诞倒数日历"
"deu_Latn","adventskalender makeup essence","makeupessence圣诞倒数日历"
"deu_Latn","adventskalender mars","mars圣诞倒数日历"
"deu_Latn","adventskalender marvel kinder","漫威儿童圣诞倒数日历"
"deu_Latn","adventskalender minibücher","Minibücher圣诞倒数日历"
"deu_Latn","adventskalender mit alkohol pralinen","酒类巧克力糖圣诞倒数日历"
"deu_Latn","adventskalender mit badezusätzen","沐浴用品n圣诞倒数日历"
"deu_Latn","adventskalender mit socken damen","袜子女士圣诞倒数日历"
"deu_Latn","adventskalender mit wurst","香肠圣诞倒数日历"
"deu_Latn","adventskalender mittelalter","mittelalter圣诞倒数日历"
"deu_Latn","adventskalender musik erwachsene","音乐成人圣诞倒数日历"
"deu_Latn","adventskalender mädchen 9-12 jahre","12岁女孩9圣诞倒数日历"
"deu_Latn","adventskalender mädchen essence","女孩essence圣诞倒数日历"
"deu_Latn","adventskalender mädchen füllung","女孩圣诞倒数日历填充物"
"deu_Latn","adventskalender nougat viba","牛轧糖viba圣诞倒数日历"
"deu_Latn","adventskalender peters pralinen","peters巧克力糖圣诞倒数日历"
"deu_Latn","adventskalender restposten","restposten圣诞倒数日历"
"deu_Latn","adventskalender räucherkegel","Räucherkegel圣诞倒数日历"
"deu_Latn","adventskalender räucherkerzen 2025","2025年香薰蜡烛圣诞倒数日历"
"deu_Latn","adventskalender schleich dino","Schleich恐龙圣诞倒数日历"
"deu_Latn","adventskalender schoko kinder","巧克力儿童圣诞倒数日历"
"deu_Latn","adventskalender schwarztee","schwarztee圣诞倒数日历"
"deu_Latn","adventskalender schöne sprüche","Schöne格言圣诞倒数日历"
"deu_Latn","adventskalender seifen","seifen圣诞倒数日历"
"deu_Latn","adventskalender selber befüllen holz","可自行填充木质圣诞倒数日历"
"deu_Latn","adventskalender selber befüllen tüten","可填充纸袋圣诞倒数日历"
"deu_Latn","adventskalender socken harry potter","袜子《哈利·波特》圣诞倒数日历"
"deu_Latn","adventskalender spiralbindung","spiralbindung圣诞倒数日历"
"deu_Latn","adventskalender squishmallows","squishmallows圣诞倒数日历"
"deu_Latn","adventskalender star wars lego 2025","2025年《星球大战》乐高圣诞倒数日历"
"deu_Latn","adventskalender survival kinder","生存儿童圣诞倒数日历"
"deu_Latn","adventskalender säckchen beige","小袋beige圣诞倒数日历"
"deu_Latn","adventskalender süßigkeiten usa","糖果美国圣诞倒数日历"
"deu_Latn","adventskalender vegan lindt","纯素瑞士莲圣诞倒数日历"
"deu_Latn","adventskalender weihnachtsmann","weihnachtsmann圣诞倒数日历"
"deu_Latn","adventskalender zahlen aufkleber groß","数字贴纸大号圣诞倒数日历"
"deu_Latn","adventskalender zeichnen erwachsene","绘画成人圣诞倒数日历"
"deu_Latn","adventskalender zum befüllen pinguin","可填充pinguin圣诞倒数日历"
"deu_Latn","adventskalender+baby","婴幼儿圣诞倒数日历"
"deu_Latn","after aight adventskalender","aight圣诞倒数日历"
"deu_Latn","alle adventskalender","alle圣诞倒数日历"
"deu_Latn","among us adventskalender","amongus圣诞倒数日历"
"deu_Latn","anthon berg adventskalender","anthonberg圣诞倒数日历"
"deu_Latn","artikel für adventskalender kinder","物品儿童圣诞倒数日历"
"deu_Latn","aufstell adventskalender","aufstell圣诞倒数日历"
"deu_Latn","baby adventskalender 8 monate","8个月婴幼儿圣诞倒数日历"
"deu_Latn","befüllung für adventskalender frau","女士圣诞倒数日历填充物"
"deu_Latn","benjamin blümchen adventskalender","benjaminBlümchen圣诞倒数日历"
"deu_Latn","challenge adventskalender","challenge圣诞倒数日历"
"deu_Latn","chips adventskalender 2025 xxl","2025年薯片XXL圣诞倒数日历"
"deu_Latn","clipper gizeh adventskalender 2025","2025年clippergizeh圣诞倒数日历"
"deu_Latn","dallmayr adventskalender","dallmayr圣诞倒数日历"
"deu_Latn","damen socken adventskalender","女士袜子圣诞倒数日历"
"deu_Latn","degusta adventskalender","degusta圣诞倒数日历"
"deu_Latn","der literarische adventskalender","literarische圣诞倒数日历"
"deu_Latn","die drei ausrufezeichen adventskalender buch","三个感叹号书籍圣诞倒数日历"
"deu_Latn","die drei kids adventskalender 2025","2025年三儿童圣诞倒数日历"
"deu_Latn","dinge für adventskalender mann","物品男士圣诞倒数日历"
"deu_Latn","elektronik retro spiele adventskalender","电子产品复古游戏圣诞倒数日历"
"deu_Latn","emotional adventskalender","emotional圣诞倒数日历"
"deu_Latn","essence xmas adventskalender","essencexmas圣诞倒数日历"
"deu_Latn","frau adventskalender","女士圣诞倒数日历"
"deu_Latn","funko pop adventskalender anime","Funko Pop动漫圣诞倒数日历"
"deu_Latn","funko pop adventskalender pokemon","Funko Pop宝可梦圣诞倒数日历"
"deu_Latn","füllideen adventskalender","填充创意圣诞倒数日历填充创意"
"deu_Latn","füllung adventskalender für frauen","女士圣诞倒数日历填充物"
"deu_Latn","füllungen für adventskalender frauen","填充物女士圣诞倒数日历填充物"
"deu_Latn","gedore adventskalender","gedore圣诞倒数日历"
"deu_Latn","gefragt gejagt adventskalender 2025","2025年gefragtgejagt圣诞倒数日历"
"deu_Latn","geschenktüte adventskalender","Geschenktüte圣诞倒数日历"
"deu_Latn","glas adventskalender","玻璃圣诞倒数日历"
"deu_Latn","grüner tee adventskalender","绿茶圣诞倒数日历"
"deu_Latn","happy socks adventskalender 2023","2023年Happy Socks圣诞倒数日历"
"deu_Latn","harley adventskalender","harley圣诞倒数日历"
"deu_Latn","harry potter adventskalender funko pop","《哈利·波特》Funko Pop圣诞倒数日历"
"deu_Latn","harry potter adventskalender schokolade","《哈利·波特》巧克力圣诞倒数日历"
"deu_Latn","holi adventskalender 2025 ohne energy","2025年holi能量饮料圣诞倒数日历"
"deu_Latn","horsebrands adventskalender","horsebrands圣诞倒数日历"
"deu_Latn","hot chocolate adventskalender","巧克力圣诞倒数日历"
"deu_Latn","insoon adventskalender 2025","2025年insoon圣诞倒数日历"
"deu_Latn","jelly belly adventskalender 2025","2025年jellybelly圣诞倒数日历"
"deu_Latn","jugendliche adventskalender 2025","2025年青少年圣诞倒数日历"
"deu_Latn","kinder adventskalender 2025 ab 2","2025年2岁以上儿童圣诞倒数日历"
"deu_Latn","kinder adventskalender lego","儿童乐高圣诞倒数日历"
"deu_Latn","korres adventskalender","korres圣诞倒数日历"
"deu_Latn","kreativ adventskalender mädchen","创意女孩圣诞倒数日历"
"deu_Latn","küchen adventskalender","Küchen圣诞倒数日历"
"deu_Latn","lamborghini adventskalender","lamborghini圣诞倒数日历"
"deu_Latn","loccitane adventskalender","欧舒丹圣诞倒数日历"
"deu_Latn","lol surprise adventskalender 2025","2025年lolsurprise圣诞倒数日历"
"deu_Latn","lustige kleinigkeiten für adventskalender","趣味小物圣诞倒数日历"
"deu_Latn","malteser adventskalender","malteser圣诞倒数日历"
"deu_Latn","mein schweden adventskalender","瑞典圣诞倒数日历"
"deu_Latn","mexican tears adventskalender 2025","2025年mexicantears圣诞倒数日历"
"deu_Latn","mini parfüm adventskalender frauen","迷你香水女士圣诞倒数日历"
"deu_Latn","minibücher adventskalender","Minibücher圣诞倒数日历"
"deu_Latn","moomin adventskalender 2025","2025年moomin圣诞倒数日历"
"deu_Latn","nfl adventskalender 2025 schokolade","2025年NFL巧克力圣诞倒数日历"
"deu_Latn","niederegger marzipan adventskalender 2025","2025年Niederegger杏仁糖圣诞倒数日历"
"deu_Latn","oma opa adventskalender","祖母祖父圣诞倒数日历"
"deu_Latn","opa adventskalender","祖父圣诞倒数日历"
"deu_Latn","originelle adventskalender 2025","2025年originelle圣诞倒数日历"
"deu_Latn","parfum adventskalender 2025 frauen","2025年香水女士圣诞倒数日历"
"deu_Latn","parfum adventskalender frauen","香水女士圣诞倒数日历"
"deu_Latn","playmobil junior adventskalender 2025","2025年Playmobil儿童版圣诞倒数日历"
"deu_Latn","pop figuren adventskalender","pop玩偶圣诞倒数日历"
"deu_Latn","prinz adventskalender 2025 schnaps","2025年王子烈酒圣诞倒数日历"
"deu_Latn","prosecco adventskalender 2025","2025年prosecco圣诞倒数日历"
"deu_Latn","ritter adventskalender","Ritter圣诞倒数日历"
"deu_Latn","saat adventskalender","saat圣诞倒数日历"
"deu_Latn","schleich adventskalender 2024","2024年Schleich圣诞倒数日历"
"deu_Latn","schmuck adventskalender 2025 frauen","2025年珠宝首饰女士圣诞倒数日历"
"deu_Latn","schreibwaren für adventskalender","文具圣诞倒数日历"
"deu_Latn","slytherin adventskalender","slytherin圣诞倒数日历"
"deu_Latn","star wars adventskalender 2024","2024年《星球大战》圣诞倒数日历"
"deu_Latn","stihl adventskalender","stihl圣诞倒数日历"
"deu_Latn","stitch adventskalender schmuck","史迪奇珠宝首饰圣诞倒数日历"
"deu_Latn","stollen adventskalender 2025","2025年德式水果面包圣诞倒数日历"
"deu_Latn","strauss adventskalender","strauss圣诞倒数日历"
"deu_Latn","süßigkeiten adventskalender xxl","糖果XXL圣诞倒数日历"
"deu_Latn","tartufo adventskalender","tartufo圣诞倒数日历"
"deu_Latn","tequila adventskalender","tequila圣诞倒数日历"
"deu_Latn","thermomix adventskalender 2025","2025年thermomix圣诞倒数日历"
"deu_Latn","twinings adventskalender","twinings圣诞倒数日历"
"deu_Latn","verbastelbuch adventskalender","verbastelbuch圣诞倒数日历"
"deu_Latn","vfb stuttgart adventskalender 2025","2025年VfB斯图加特圣诞倒数日历"
"deu_Latn","wander adventskalender","wander圣诞倒数日历"
"deu_Latn","werkzeug adventskalender wera","工具Wera圣诞倒数日历"
"deu_Latn","wildcat adventskalender","wildcat圣诞倒数日历"
"deu_Latn","yoga adventskalender in der box","瑜伽盒装圣诞倒数日历"
"deu_Latn","zigarren adventskalender","zigarren圣诞倒数日历"
"deu_Latn","zuckerfreie adventskalender","zuckerfreie圣诞倒数日历"
"deu_Latn","weihnachtskalender 2025 für frauen kosmetik","2025年女士化妆品圣诞倒数日历"
"deu_Latn","weihnachtskalender jungen 12 jahre","12岁男孩圣诞倒数日历"
"deu_Latn","weihnachtskalender lakritze","lakritze圣诞倒数日历"
"deu_Latn","weihnachtskalender personalisiert","个性化圣诞倒数日历"
"deu_Latn","24 beutel adventskalender","24袋子圣诞倒数日历"
"deu_Latn","adventskalender 1860 münchen","1860慕尼黑圣诞倒数日历"
"deu_Latn","adventskalender 2025 bauernhof","2025年农场圣诞倒数日历"
"deu_Latn","adventskalender 2025 bmw","2025年bmw圣诞倒数日历"
"deu_Latn","adventskalender 2025 bülow","2025年Bülow圣诞倒数日历"
"deu_Latn","adventskalender 2025 corny","2025年corny圣诞倒数日历"
"deu_Latn","adventskalender 2025 enten","2025年鸭子圣诞倒数日历"
"deu_Latn","adventskalender 2025 frauen amorelie","2025年女士Amorelie圣诞倒数日历"
"deu_Latn","adventskalender 2025 frauen befüllung","2025年女士圣诞倒数日历填充物"
"deu_Latn","adventskalender 2025 frauen haare","2025年女士haare圣诞倒数日历"
"deu_Latn","adventskalender 2025 frauen selber machen","2025年女士DIY圣诞倒数日历"
"deu_Latn","adventskalender 2025 handball","2025年handball圣诞倒数日历"
"deu_Latn","adventskalender 2025 hundebesitzer","2025年hundebesitzer圣诞倒数日历"
"deu_Latn","adventskalender 2025 kiko","2025年kiko圣诞倒数日历"
"deu_Latn","adventskalender 2025 kinder ab 2","2025年2岁以上儿童圣诞倒数日历"
"deu_Latn","adventskalender 2025 kinder kpop demon hunters","2025年儿童《KPop恶魔猎人》圣诞倒数日历"
"deu_Latn","adventskalender 2025 kinder marvel","2025年儿童漫威圣诞倒数日历"
"deu_Latn","adventskalender 2025 kinder milka","2025年儿童Milka圣诞倒数日历"
"deu_Latn","adventskalender 2025 kinder pixi bücher","2025年儿童pixi书籍圣诞倒数日历"
"deu_Latn","adventskalender 2025 kinder traktor","2025年儿童拖拉机圣诞倒数日历"
"deu_Latn","adventskalender 2025 london","2025年london圣诞倒数日历"
"deu_Latn","adventskalender 2025 make up nyx","2025年nyx圣诞倒数日历"
"deu_Latn","adventskalender 2025 milwaukee","2025年milwaukee圣诞倒数日历"
"deu_Latn","adventskalender 2025 minecraft lego","2025年《我的世界》乐高圣诞倒数日历"
"deu_Latn","adventskalender 2025 pop","2025年pop圣诞倒数日历"
"deu_Latn","adventskalender 2025 rock","2025年摇滚圣诞倒数日历"
"deu_Latn","adventskalender 2025 schule der magischen tiere","2025年学校魔法动物圣诞倒数日历"
"deu_Latn","adventskalender 2025 steine kristalle","2025年石头水晶圣诞倒数日历"
"deu_Latn","adventskalender achtsam","achtsam圣诞倒数日历"
"deu_Latn","adventskalender amerikanisch","amerikanisch圣诞倒数日历"
"deu_Latn","adventskalender angeln raubfisch","钓鱼掠食鱼圣诞倒数日历"
"deu_Latn","adventskalender asterix und obelix","asterixobelix圣诞倒数日历"
"deu_Latn","adventskalender ausmalbuch","ausmalbuch圣诞倒数日历"
"deu_Latn","adventskalender badezusatz männer","沐浴用品男士圣诞倒数日历"
"deu_Latn","adventskalender barbara behr","barbarabehr圣诞倒数日历"
"deu_Latn","adventskalender beuty","beuty圣诞倒数日历"
"deu_Latn","adventskalender bijou brigitte","bijoubrigitte圣诞倒数日历"
"deu_Latn","adventskalender bodybuilding","bodybuilding圣诞倒数日历"
"deu_Latn","adventskalender buben 10 jahre","10岁男孩圣诞倒数日历"
"deu_Latn","adventskalender buch ab 10","10岁以上书籍圣诞倒数日历"
"deu_Latn","adventskalender buch für kinder","书籍儿童圣诞倒数日历"
"deu_Latn","adventskalender böses buch","Kleines Böses Buch圣诞倒数日历"
"deu_Latn","adventskalender dackel 2025","2025年dackel圣诞倒数日历"
"deu_Latn","adventskalender duschgel damen","沐浴露女士圣诞倒数日历"
"deu_Latn","adventskalender esel","esel圣诞倒数日历"
"deu_Latn","adventskalender exit kosmos","EXITKosmos圣诞倒数日历"
"deu_Latn","adventskalender frauen lustig","女士趣味圣诞倒数日历"
"deu_Latn","adventskalender füllideen kinder","填充创意儿童圣诞倒数日历填充创意"
"deu_Latn","adventskalender füllung lego","乐高圣诞倒数日历填充物"
"deu_Latn","adventskalender für bastler","bastler圣诞倒数日历"
"deu_Latn","adventskalender für veganer","纯素圣诞倒数日历"
"deu_Latn","adventskalender getrocknete früchte","getrocknete水果圣诞倒数日历"
"deu_Latn","adventskalender gourmet 2025","2025年美食圣诞倒数日历"
"deu_Latn","adventskalender haus holz","haus木质圣诞倒数日历"
"deu_Latn","adventskalender hitschis 2025","2025年hitschis圣诞倒数日历"
"deu_Latn","adventskalender ice","ice圣诞倒数日历"
"deu_Latn","adventskalender it","it圣诞倒数日历"
"deu_Latn","adventskalender jungs 14","男孩14圣诞倒数日历"
"deu_Latn","adventskalender kind 7 jahre","7岁儿童圣诞倒数日历"
"deu_Latn","adventskalender kinder 12 jahre mädchen","12岁儿童女孩圣诞倒数日历"
"deu_Latn","adventskalender kinder ab 5 jahre","5岁以上儿童圣诞倒数日历"
"deu_Latn","adventskalender kinder amazon","儿童亚马逊圣诞倒数日历"
"deu_Latn","adventskalender kinder bilder","儿童图片圣诞倒数日历"
"deu_Latn","adventskalender kinder schule","儿童学校圣诞倒数日历"
"deu_Latn","adventskalender lego figuren","乐高玩偶圣诞倒数日历"
"deu_Latn","adventskalender lindt edelbitter","瑞士莲edelbitter圣诞倒数日历"
"deu_Latn","adventskalender mann ideen","男士创意圣诞倒数日历"
"deu_Latn","adventskalender maus und elefant","老鼠elefant圣诞倒数日历"
"deu_Latn","adventskalender medizin 2025","2025年medizin圣诞倒数日历"
"deu_Latn","adventskalender mini verse","迷你verse圣诞倒数日历"
"deu_Latn","adventskalender mir doch egal wie alt ich bin","mirdochegalwiealtbin圣诞倒数日历"
"deu_Latn","adventskalender nützlich","Nützlich圣诞倒数日历"
"deu_Latn","adventskalender playstation 5","PlayStation5圣诞倒数日历"
"deu_Latn","adventskalender pony","pony圣诞倒数日历"
"deu_Latn","adventskalender rammstein","rammstein圣诞倒数日历"
"deu_Latn","adventskalender rentier","rentier圣诞倒数日历"
"deu_Latn","adventskalender rick and morty","rickandmorty圣诞倒数日历"
"deu_Latn","adventskalender schokolade windel","巧克力尿布圣诞倒数日历"
"deu_Latn","adventskalender selber befüllen box","可自行填充盒装圣诞倒数日历"
"deu_Latn","adventskalender snacks 2025","2025年零食圣诞倒数日历"
"deu_Latn","adventskalender socken 2025","2025年袜子圣诞倒数日历"
"deu_Latn","adventskalender socken mädchen","袜子女孩圣诞倒数日历"
"deu_Latn","adventskalender stadt","stadt圣诞倒数日历"
"deu_Latn","adventskalender tarot","tarot圣诞倒数日历"
"deu_Latn","adventskalender tip toi 2025","2025年tiptoi圣诞倒数日历"
"deu_Latn","adventskalender union berlin","unionberlin圣诞倒数日历"
"deu_Latn","adventskalender weltenbummler","weltenbummler圣诞倒数日历"
"deu_Latn","adventskalender witze erwachsene","笑话成人圣诞倒数日历"
"deu_Latn","adventskalender zum ausfüllen","可填充圣诞倒数日历"
"deu_Latn","adventskalender+erstleser","初级读者圣诞倒数日历"
"deu_Latn","amazon tee adventskalender","亚马逊茶叶圣诞倒数日历"
"deu_Latn","auto adventskalender kinder","汽车儿童圣诞倒数日历"
"deu_Latn","backen adventskalender 2025","2025年烘焙圣诞倒数日历"
"deu_Latn","bad adventskalender","bad圣诞倒数日历"
"deu_Latn","beauty adventskalender männer","美妆男士圣诞倒数日历"
"deu_Latn","besondere adventskalender kinder","特别儿童圣诞倒数日历"
"deu_Latn","book nook adventskalender","书角圣诞倒数日历"
"deu_Latn","bubble tea adventskalender","bubbletea圣诞倒数日历"
"deu_Latn","buch adventskalender 2025 teenager","2025年书籍青少年圣诞倒数日历"
"deu_Latn","böses buch adventskalender","Kleines Böses Buch圣诞倒数日历"
"deu_Latn","celebrations adventskalender","celebrations圣诞倒数日历"
"deu_Latn","cosmos adventskalender","cosmos圣诞倒数日历"
"deu_Latn","daphnes diary adventskalender","daphnesdiary圣诞倒数日历"
"deu_Latn","der wundersame adventskalender","奇妙圣诞倒数日历"
"deu_Latn","disney cars adventskalender 2025","2025年迪士尼汽车总动员圣诞倒数日历"
"deu_Latn","engel adventskalender","engel圣诞倒数日历"
"deu_Latn","englisch adventskalender","englisch圣诞倒数日历"
"deu_Latn","fidget toy adventskalender 2025","2025年解压玩具圣诞倒数日历"
"deu_Latn","fleisch adventskalender","fleisch圣诞倒数日历"
"deu_Latn","funko pop stitch adventskalender","Funko Pop史迪奇圣诞倒数日历"
"deu_Latn","fussball adventskalender 2026","2026年足球圣诞倒数日历"
"deu_Latn","gesunde snacks adventskalender","健康零食圣诞倒数日历"
"deu_Latn","gute laune adventskalender","gutelaune圣诞倒数日历"
"deu_Latn","ich liebe dich adventskalender","爱情圣诞倒数日历"
"deu_Latn","japanische süssigkeiten adventskalender","japanische糖果圣诞倒数日历"
"deu_Latn","jutesäcke adventskalender","黄麻袋圣诞倒数日历"
"deu_Latn","k pop huntrix adventskalender","Kpophuntrix圣诞倒数日历"
"deu_Latn","karten für adventskalender","卡片圣诞倒数日历"
"deu_Latn","kaufmann adventskalender","kaufmann圣诞倒数日历"
"deu_Latn","kleine geschenke für den adventskalender kinder","小号礼物儿童圣诞倒数日历"
"deu_Latn","kleine papiertüten adventskalender","小号纸袋圣诞倒数日历"
"deu_Latn","kleinigkeiten für adventskalender jugendliche","小物青少年圣诞倒数日历"
"deu_Latn","klopfer adventskalender 2025","2025年klopfer圣诞倒数日历"
"deu_Latn","knobelspiele adventskalender 2025","2025年益智游戏圣诞倒数日历"
"deu_Latn","kondom adventskalender","kondom圣诞倒数日历"
"deu_Latn","kosmetik adventskalender männer","化妆品男士圣诞倒数日历"
"deu_Latn","kosmos - adventskalender","Kosmos圣诞倒数日历"
"deu_Latn","kreuzworträtsel adventskalender 2025","2025年填字游戏圣诞倒数日历"
"deu_Latn","lese adventskalender","lese圣诞倒数日历"
"deu_Latn","little people adventskalender 2025","2025年Little People圣诞倒数日历"
"deu_Latn","massage adventskalender 2025","2025年massage圣诞倒数日历"
"deu_Latn","match attax 25/26 adventskalender","Match Attax 25/26圣诞倒数日历"
"deu_Latn","meerjungfrauen adventskalender","美人鱼圣诞倒数日历"
"deu_Latn","mein lotta leben adventskalender","lottaleben圣诞倒数日历"
"deu_Latn","monty bojangles adventskalender","montybojangles圣诞倒数日历"
"deu_Latn","muschel adventskalender","muschel圣诞倒数日历"
"deu_Latn","naturkosmetik adventskalender 2025","2025年天然化妆品圣诞倒数日历"
"deu_Latn","nostalgie adventskalender mit glitzer","怀旧闪粉圣诞倒数日历"
"deu_Latn","nostalgischer adventskalender schokolade","nostalgischer巧克力圣诞倒数日历"
"deu_Latn","oldtimer adventskalender","oldtimer圣诞倒数日历"
"deu_Latn","parkside adventskalender","parkside圣诞倒数日历"
"deu_Latn","pikachu adventskalender","pikachu圣诞倒数日历"
"deu_Latn","playdo adventskalender 2025","2025年playdo圣诞倒数日历"
"deu_Latn","playmobil adventskalender 2025 polizei","2025年Playmobilpolizei圣诞倒数日历"
"deu_Latn","rauhnacht adventskalender","rauhnacht圣诞倒数日历"
"deu_Latn","sachen für adventskalender mädchen","小物女孩圣诞倒数日历"
"deu_Latn","sallys welt adventskalender","sallys世界圣诞倒数日历"
"deu_Latn","saucen adventskalender","酱料圣诞倒数日历"
"deu_Latn","schleich adventskalender farm world","Schleichfarm世界圣诞倒数日历"
"deu_Latn","schleich farm world adventskalender","Schleichfarm世界圣诞倒数日历"
"deu_Latn","senseo adventskalender","senseo圣诞倒数日历"
"deu_Latn","sockswear adventskalender","sockswear圣诞倒数日历"
"deu_Latn","south park adventskalender","《南方公园》圣诞倒数日历"
"deu_Latn","spielzeug adventskalender jungen","玩具男孩圣诞倒数日历"
"deu_Latn","sweets aus aller welt adventskalender","糖果世界各地圣诞倒数日历"
"deu_Latn","tee im glas adventskalender","茶玻璃圣诞倒数日历"
"deu_Latn","waschbär adventskalender","Waschbär圣诞倒数日历"
"deu_Latn","werkzeug adventskalender kinder","工具儿童圣诞倒数日历"
"deu_Latn","wolfsblut adventskalender","wolfsblut圣诞倒数日历"
"deu_Latn","yu gi oh adventskalender","yugioh圣诞倒数日历"
"deu_Latn","zug adventskalender kinder","火车儿童圣诞倒数日历"
"deu_Latn","dart weihnachtskalender","飞镖圣诞倒数日历"
"deu_Latn","fußball weihnachtskalender","足球圣诞倒数日历"
"deu_Latn","weihnachtskalender 2025 gewürze","2025年香料圣诞倒数日历"
"deu_Latn","weihnachtskalender freundin","女友圣诞倒数日历"
"deu_Latn","weihnachtskalender jugendliche jungs","青少年男孩圣诞倒数日历"
"deu_Latn","weihnachtskalender mit alkohol","酒类圣诞倒数日历"
"deu_Latn","weihnachtskalender sport","运动圣诞倒数日历"
"deu_Latn","weihnachtskalender star wars","《星球大战》圣诞倒数日历"
"deu_Latn","'adventskalender protein","蛋白质圣诞倒数日历"
"deu_Latn","adventskalender 2023 kinder","2023年儿童圣诞倒数日历"
"deu_Latn","adventskalender 2025 anna und elsa","2025年annaelsa圣诞倒数日历"
"deu_Latn","adventskalender 2025 asam","2025年ASAM圣诞倒数日历"
"deu_Latn","adventskalender 2025 autos kinder","2025年汽车儿童圣诞倒数日历"
"deu_Latn","adventskalender 2025 cars","2025年汽车总动员圣诞倒数日历"
"deu_Latn","adventskalender 2025 frauen gewürze","2025年女士香料圣诞倒数日历"
"deu_Latn","adventskalender 2025 frauen skincare","2025年女士护肤圣诞倒数日历"
"deu_Latn","adventskalender 2025 früchtetee","2025年果茶叶圣诞倒数日历"
"deu_Latn","adventskalender 2025 gitarre","2025年gitarre圣诞倒数日历"
"deu_Latn","adventskalender 2025 gothic","2025年gothic圣诞倒数日历"
"deu_Latn","adventskalender 2025 haarpflege","2025年haarpflege圣诞倒数日历"
"deu_Latn","adventskalender 2025 k pop","2025年Kpop圣诞倒数日历"
"deu_Latn","adventskalender 2025 kinder 10 jahre junge","2025年10岁儿童男孩圣诞倒数日历"
"deu_Latn","adventskalender 2025 kinder 13 jahre","2025年13岁儿童圣诞倒数日历"
"deu_Latn","adventskalender 2025 kinder 2 jahre junge","2025年2岁儿童男孩圣诞倒数日历"
"deu_Latn","adventskalender 2025 kinder ohne schokolade","2025年儿童不含巧克力圣诞倒数日历"
"deu_Latn","adventskalender 2025 kinder slime","2025年儿童slime圣诞倒数日历"
"deu_Latn","adventskalender 2025 kinder steine","2025年儿童石头圣诞倒数日历"
"deu_Latn","adventskalender 2025 klassisch","2025年klassisch圣诞倒数日历"
"deu_Latn","adventskalender 2025 lakritze","2025年lakritze圣诞倒数日历"
"deu_Latn","adventskalender 2025 mac","2025年mac圣诞倒数日历"
"deu_Latn","adventskalender 2025 schleich horse club","2025年Schleich马匹俱乐部圣诞倒数日历"
"deu_Latn","adventskalender 2025 self care","2025年selfcare圣诞倒数日历"
"deu_Latn","adventskalender 2025 trinkschokolade","2025年trinkschokolade圣诞倒数日历"
"deu_Latn","adventskalender 31 türchen","31小门圣诞倒数日历"
"deu_Latn","adventskalender adidas","adidas圣诞倒数日历"
"deu_Latn","adventskalender aesthetic","aesthetic圣诞倒数日历"
"deu_Latn","adventskalender aus papier","纸质圣诞倒数日历"
"deu_Latn","adventskalender babor","babor圣诞倒数日历"
"deu_Latn","adventskalender benefit","benefit圣诞倒数日历"
"deu_Latn","adventskalender beschriftung","beschriftung圣诞倒数日历"
"deu_Latn","adventskalender briefumschläge","Briefumschläge圣诞倒数日历"
"deu_Latn","adventskalender buch 2025 kinder","2025年书籍儿童圣诞倒数日历"
"deu_Latn","adventskalender bär","BÄR圣诞倒数日历"
"deu_Latn","adventskalender cappuccino","cappuccino圣诞倒数日历"
"deu_Latn","adventskalender dinge zum befüllen","物品可填充圣诞倒数日历"
"deu_Latn","adventskalender duell paare","对决情侣圣诞倒数日历"
"deu_Latn","adventskalender düfte männer","香氛男士圣诞倒数日历"
"deu_Latn","adventskalender eisenbahn kinder","铁路儿童圣诞倒数日历"
"deu_Latn","adventskalender eiweiss","eiweiss圣诞倒数日历"
"deu_Latn","adventskalender emotional","emotional圣诞倒数日历"
"deu_Latn","adventskalender emotional support","emotionalsupport圣诞倒数日历"
"deu_Latn","adventskalender französische bulldogge","法国斗牛犬圣诞倒数日历"
"deu_Latn","adventskalender fur frauen","fur女士圣诞倒数日历"
"deu_Latn","adventskalender füllmaterial","圣诞倒数日历填充物"
"deu_Latn","adventskalender füllung damen","女士圣诞倒数日历填充物"
"deu_Latn","adventskalender füllung junge 5","男孩5圣诞倒数日历填充物"
"deu_Latn","adventskalender füllung vegan","纯素圣诞倒数日历填充物"
"deu_Latn","adventskalender für 12 jährige","12岁圣诞倒数日历"
"deu_Latn","adventskalender für die seele","seele圣诞倒数日历"
"deu_Latn","adventskalender für große hunde","大号狗狗圣诞倒数日历"
"deu_Latn","adventskalender für jungs 10 jahre","10岁男孩圣诞倒数日历"
"deu_Latn","adventskalender für katzen mit spielzeug","猫咪玩具圣诞倒数日历"
"deu_Latn","adventskalender für kiffer","kiffer圣诞倒数日历"
"deu_Latn","adventskalender für manner","manner圣诞倒数日历"
"deu_Latn","adventskalender für pasre","pasre圣诞倒数日历"
"deu_Latn","adventskalender für polizisten","polizisten圣诞倒数日历"
"deu_Latn","adventskalender für schlaumeier","schlaumeier圣诞倒数日历"
"deu_Latn","adventskalender geschenke frauen","礼物女士圣诞倒数日历"
"deu_Latn","adventskalender ghibli","ghibli圣诞倒数日历"
"deu_Latn","adventskalender haarprodukte","haarprodukte圣诞倒数日历"
"deu_Latn","adventskalender hängend zum befüllen","悬挂式可填充圣诞倒数日历"
"deu_Latn","adventskalender janosch","janosch圣诞倒数日历"
"deu_Latn","adventskalender japanisch lernen","japanisch学习圣诞倒数日历"
"deu_Latn","adventskalender junge 10","男孩10圣诞倒数日历"
"deu_Latn","adventskalender junge lego","男孩乐高圣诞倒数日历"
"deu_Latn","adventskalender jungs 13","男孩13圣诞倒数日历"
"deu_Latn","adventskalender kakao 2025","2025年可可圣诞倒数日历"
"deu_Latn","adventskalender kinder ab 2","2岁以上儿童圣诞倒数日历"
"deu_Latn","adventskalender kinder fußball","儿童足球圣诞倒数日历"
"deu_Latn","adventskalender kpop stray kids","K-popStray Kids圣诞倒数日历"
"deu_Latn","adventskalender könig der löwen","《狮子王》圣诞倒数日历"
"deu_Latn","adventskalender körperpflege","Körperpflege圣诞倒数日历"
"deu_Latn","adventskalender leho","leho圣诞倒数日历"
"deu_Latn","adventskalender loriot","loriot圣诞倒数日历"
"deu_Latn","adventskalender maulwurf","maulwurf圣诞倒数日历"
"deu_Latn","adventskalender mit stickern","stickern圣诞倒数日历"
"deu_Latn","adventskalender mit teebeutel","teebeutel圣诞倒数日历"
"deu_Latn","adventskalender mogli","mogli圣诞倒数日历"
"deu_Latn","adventskalender mädchen zum befüllen","女孩可填充圣诞倒数日历"
"deu_Latn","adventskalender nails","nails圣诞倒数日历"
"deu_Latn","adventskalender nba","nba圣诞倒数日历"
"deu_Latn","adventskalender neoh","neoh圣诞倒数日历"
"deu_Latn","adventskalender personalisiert holz","个性化木质圣诞倒数日历"
"deu_Latn","adventskalender päckchen zum befüllen","可填充小包圣诞倒数日历"
"deu_Latn","adventskalender radio","radio圣诞倒数日历"
"deu_Latn","adventskalender rock legends","摇滚legends圣诞倒数日历"
"deu_Latn","adventskalender single frauen","single女士圣诞倒数日历"
"deu_Latn","adventskalender socken frauen","袜子女士圣诞倒数日历"
"deu_Latn","adventskalender spiele kinder","游戏儿童圣诞倒数日历"
"deu_Latn","adventskalender sweets aus aller welt","糖果世界各地圣诞倒数日历"
"deu_Latn","adventskalender säckchen blau","小袋蓝色圣诞倒数日历"
"deu_Latn","adventskalender säckchen groß xxl","小袋大号XXL圣诞倒数日历"
"deu_Latn","adventskalender säckchen jute","小袋黄麻圣诞倒数日历"
"deu_Latn","adventskalender tonys","tonys圣诞倒数日历"
"deu_Latn","adventskalender totenkopf","totenkopf圣诞倒数日历"
"deu_Latn","adventskalender tuten","tuten圣诞倒数日历"
"deu_Latn","adventskalender tüten gold","纸袋金色圣诞倒数日历"
"deu_Latn","adventskalender tüten mit zahlen","纸袋数字圣诞倒数日历"
"deu_Latn","adventskalender unnützes wissen","冷知识圣诞倒数日历"
"deu_Latn","adventskalender weed","weed圣诞倒数日历"
"deu_Latn","adventskalender zum befüllen lila","可填充lila圣诞倒数日历"
"deu_Latn","alnatura adventskalender","alnatura圣诞倒数日历"
"deu_Latn","art adventskalender","art圣诞倒数日历"
"deu_Latn","bier adventskalender 2025 dosen","2025年啤酒dosen圣诞倒数日历"
"deu_Latn","bilder adventskalender kinder","图片儿童圣诞倒数日历"
"deu_Latn","bon maman adventskalender 2025","2025年bonmaman圣诞倒数日历"
"deu_Latn","bonne maman adventskalender","Bonne Maman圣诞倒数日历"
"deu_Latn","boxen adventskalender","盒子圣诞倒数日历"
"deu_Latn","briefumschläge adventskalender","Briefumschläge圣诞倒数日历"
"deu_Latn","die eiskönigin adventskalender","冰雪奇缘圣诞倒数日历"
"deu_Latn","do it yourself adventskalender","doityourself圣诞倒数日历"
"deu_Latn","douglas luxury adventskalender 2025","2025年Douglasluxury圣诞倒数日历"
"deu_Latn","dragons adventskalender","dragons圣诞倒数日历"
"deu_Latn","edelbitter adventskalender","edelbitter圣诞倒数日历"
"deu_Latn","eintracht frankfurt adventskalender 2025","2025年法兰克福圣诞倒数日历"
"deu_Latn","eis de adventskalender","EIS.de圣诞倒数日历"
"deu_Latn","elf cosmetic adventskalender 2025","2025年e.l.f.cosmetic圣诞倒数日历"
"deu_Latn","escape room adventskalender kinder","密室逃脱儿童圣诞倒数日历"
"deu_Latn","fcn adventskalender","fcn圣诞倒数日历"
"deu_Latn","feinschmecker adventskalender","feinschmecker圣诞倒数日历"
"deu_Latn","franzis adventskalender 2025","2025年franzis圣诞倒数日历"
"deu_Latn","füllung adventskalender 3 jährige","3岁圣诞倒数日历填充物"
"deu_Latn","für adventskalender füllung frauen","女士圣诞倒数日历填充物"
"deu_Latn","gaby adventskalender","gaby圣诞倒数日历"
"deu_Latn","haikyuu adventskalender","haikyuu圣诞倒数日历"
"deu_Latn","hair care adventskalender","haircare圣诞倒数日历"
"deu_Latn","horse club adventskalender 2025","2025年马匹俱乐部圣诞倒数日历"
"deu_Latn","hretvoi outdoor-adventskalender","hretvoioutdoor圣诞倒数日历"
"deu_Latn","japanische adventskalender","japanische圣诞倒数日历"
"deu_Latn","kawaii adventskalender 2025","2025年可爱圣诞倒数日历"
"deu_Latn","kfz adventskalender","kfz圣诞倒数日历"
"deu_Latn","kleine geschenke für den adventskalender für frauen","小号礼物女士圣诞倒数日历"
"deu_Latn","kleinigkeit adventskalender frau","小物女士圣诞倒数日历"
"deu_Latn","knobelspiel adventskalender","knobelspiel圣诞倒数日历"
"deu_Latn","korean beauty adventskalender","韩式美妆圣诞倒数日历"
"deu_Latn","kosmos adventskalender 2025 exit","2025年KosmosEXIT圣诞倒数日历"
"deu_Latn","lego 75418 lego star wars adventskalender 2025","2025年乐高75418《星球大战》圣诞倒数日历"
"deu_Latn","lego adventskalender frozen","乐高冰雪奇缘圣诞倒数日历"
"deu_Latn","lego duplo adventskalender ab 2 jahre","2岁以上乐高DUPLO圣诞倒数日历"
"deu_Latn","lindor kugeln adventskalender","Lindorkugeln圣诞倒数日历"
"deu_Latn","lindt adventskalender 2025 kinder","2025年瑞士莲儿童圣诞倒数日历"
"deu_Latn","loreal paris adventskalender","欧莱雅paris圣诞倒数日历"
"deu_Latn","magic finish adventskalender 2025","2025年魔法finish圣诞倒数日历"
"deu_Latn","magna tiles adventskalender","magnatiles圣诞倒数日历"
"deu_Latn","malu wilz adventskalender 2025","2025年maluwilz圣诞倒数日历"
"deu_Latn","martin rütter adventskalender hund","martinRütter狗狗圣诞倒数日历"
"deu_Latn","marvel adventskalender lego","漫威乐高圣诞倒数日历"
"deu_Latn","mein sticker adventskalender","贴纸圣诞倒数日历"
"deu_Latn","metabo adventskalender","metabo圣诞倒数日历"
"deu_Latn","milka adventskalender 2025 alpenmilch","2025年Milkaalpenmilch圣诞倒数日历"
"deu_Latn","mumin adventskalender","mumin圣诞倒数日历"
"deu_Latn","neonails adventskalender 2025","2025年neonails圣诞倒数日历"
"deu_Latn","northern lights adventskalender buch","northernlights书籍圣诞倒数日历"
"deu_Latn","nummern adventskalender sticker","编号贴纸圣诞倒数日历"
"deu_Latn","o'donnell adventskalender 2025","2025年odonnell圣诞倒数日历"
"deu_Latn","paar duell adventskalender","情侣对决圣诞倒数日历"
"deu_Latn","playmobil aqua adventskalender","Playmobilaqua圣诞倒数日历"
"deu_Latn","pralinen adventskalender ohne alkohol","巧克力糖无酒精圣诞倒数日历"
"deu_Latn","reclams klassischer adventskalender","reclamsklassischer圣诞倒数日历"
"deu_Latn","reese adventskalender","Reese's圣诞倒数日历"
"deu_Latn","reise adventskalender 2025","2025年旅行圣诞倒数日历"
"deu_Latn","saure süßigkeiten adventskalender","saure糖果圣诞倒数日历"
"deu_Latn","schach adventskalender 2025","2025年schach圣诞倒数日历"
"deu_Latn","schleich 99178 adventskalender","Schleich99178圣诞倒数日历"
"deu_Latn","schoko adventskalender vegan","巧克力纯素圣诞倒数日历"
"deu_Latn","sound adventskalender coppenrath","soundcoppenrath圣诞倒数日历"
"deu_Latn","soßen adventskalender","酱料圣诞倒数日历"
"deu_Latn","spirituosen adventskalender","酒类圣诞倒数日历"
"deu_Latn","sugar dad adventskalender","sugardad圣诞倒数日历"
"deu_Latn","süßigkeiten für adventskalender kinder","糖果儿童圣诞倒数日历"
"deu_Latn","tchibo adventskalender 2025","2025年tchibo圣诞倒数日历"
"deu_Latn","tonies adventskalender 2025 flöckchen","2025年Tonie Flöckchen圣诞倒数日历"
"deu_Latn","trumpf adventskalender","trumpf圣诞倒数日历"
"deu_Latn","usa süßigkeiten adventskalender","美国糖果圣诞倒数日历"
"deu_Latn","victoria secret adventskalender 2025","2025年victoriasecret圣诞倒数日历"
"deu_Latn","weihnachtsgeschichte adventskalender","weihnachtsgeschichte圣诞倒数日历"
"deu_Latn","xleta adventskalender","xleta圣诞倒数日历"
"deu_Latn","zeck adventskalender","ZECK圣诞倒数日历"
"deu_Latn","zeit verbrechen adventskalender","zeitverbrechen圣诞倒数日历"
"deu_Latn","zmile adventskalender","zmile圣诞倒数日历"
"deu_Latn","￼adventskalender","圣诞倒数日历"
"deu_Latn","aufkleber weihnachtskalender","贴纸圣诞倒数日历"
"deu_Latn","weihnachtskalender 2025 kinder lego","2025年儿童乐高圣诞倒数日历"
"deu_Latn","weihnachtskalender für jugendliche","青少年圣诞倒数日历"
"deu_Latn","weihnachtskalender rätsel","谜题圣诞倒数日历"
"deu_Latn","weihnachtskalender schokolade kinder","巧克力儿童圣诞倒数日历"
"deu_Latn","weihnachtskalender teenager","青少年圣诞倒数日历"
"deu_Latn","'adventskalender beauty","美妆圣诞倒数日历"
"deu_Latn","3 adventskalender","3圣诞倒数日历"
"deu_Latn","3d druck adventskalender 2025","2025年3Ddruck圣诞倒数日历"
"deu_Latn","adventskalender 2023 joline elisa","2023年jolineelisa圣诞倒数日历"
"deu_Latn","adventskalender 2025 1. fc köln","2025年1FC科隆圣诞倒数日历"
"deu_Latn","adventskalender 2025 ab 3 jahre","2025年3岁以上圣诞倒数日历"
"deu_Latn","adventskalender 2025 bausteine","2025年积木圣诞倒数日历"
"deu_Latn","adventskalender 2025 bestseller","2025年bestseller圣诞倒数日历"
"deu_Latn","adventskalender 2025 creme","2025年面霜圣诞倒数日历"
"deu_Latn","adventskalender 2025 eishockey","2025年冰球圣诞倒数日历"
"deu_Latn","adventskalender 2025 fnaf","2025年FNAF圣诞倒数日历"
"deu_Latn","adventskalender 2025 frauen sport","2025年女士运动圣诞倒数日历"
"deu_Latn","adventskalender 2025 frauen wein","2025年女士葡萄酒圣诞倒数日历"
"deu_Latn","adventskalender 2025 gewürz","2025年香料圣诞倒数日历"
"deu_Latn","adventskalender 2025 happy socks","2025年Happy Socks圣诞倒数日历"
"deu_Latn","adventskalender 2025 kinder 4 jahre junge","2025年4岁儿童男孩圣诞倒数日历"
"deu_Latn","adventskalender 2025 kinder 4 jahre mädchen","2025年4岁儿童女孩圣诞倒数日历"
"deu_Latn","adventskalender 2025 kinder 9 jahre mädchen","2025年9岁儿童女孩圣诞倒数日历"
"deu_Latn","adventskalender 2025 lindt edelbitter","2025年瑞士莲edelbitter圣诞倒数日历"
"deu_Latn","adventskalender 2025 mario","2025年mario圣诞倒数日历"
"deu_Latn","adventskalender 2025 männer dart","2025年男士飞镖圣诞倒数日历"
"deu_Latn","adventskalender 2025 ovomaltine","2025年ovomaltine圣诞倒数日历"
"deu_Latn","adventskalender 2025 sugar gang","2025年sugargang圣诞倒数日历"
"deu_Latn","adventskalender ab 1","1岁以上圣诞倒数日历"
"deu_Latn","adventskalender ab 18 monate","18个月以上圣诞倒数日历"
"deu_Latn","adventskalender air up","air圣诞倒数日历"
"deu_Latn","adventskalender angeln karpfen","钓鱼鲤鱼圣诞倒数日历"
"deu_Latn","adventskalender architektur","architektur圣诞倒数日历"
"deu_Latn","adventskalender arduino","arduino圣诞倒数日历"
"deu_Latn","adventskalender bayala","bayala圣诞倒数日历"
"deu_Latn","adventskalender besser im glas","besserglas圣诞倒数日历"
"deu_Latn","adventskalender beutel kinder","袋子儿童圣诞倒数日历"
"deu_Latn","adventskalender bich","bich圣诞倒数日历"
"deu_Latn","adventskalender buch kinder ab 8","8岁以上书籍儿童圣诞倒数日历"
"deu_Latn","adventskalender chinesisch","chinesisch圣诞倒数日历"
"deu_Latn","adventskalender clinique","clinique圣诞倒数日历"
"deu_Latn","adventskalender cornflakes","corNFLakes圣诞倒数日历"
"deu_Latn","adventskalender erwachsener","erwachsener圣诞倒数日历"
"deu_Latn","adventskalender füllung 7 jährige","7岁圣诞倒数日历填充物"
"deu_Latn","adventskalender für die beste tochter","精选女儿圣诞倒数日历"
"deu_Latn","adventskalender für frauen ab 40","40岁以上女士圣诞倒数日历"
"deu_Latn","adventskalender für fußballer","Fußballer圣诞倒数日历"
"deu_Latn","adventskalender für informatiker","informatiker圣诞倒数日历"
"deu_Latn","adventskalender für jugendliche jungs","青少年男孩圣诞倒数日历"
"deu_Latn","adventskalender für mädchen 7 jahre","7岁女孩圣诞倒数日历"
"deu_Latn","adventskalender galileo","galileo圣诞倒数日历"
"deu_Latn","adventskalender gedore","gedore圣诞倒数日历"
"deu_Latn","adventskalender geschichten u3","故事U3圣诞倒数日历"
"deu_Latn","adventskalender große taschen","大号包袋圣诞倒数日历"
"deu_Latn","adventskalender harry potter schleich","《哈利·波特》Schleich圣诞倒数日历"
"deu_Latn","adventskalender hello lindt","瑞士莲圣诞倒数日历"
"deu_Latn","adventskalender henssler","henssler圣诞倒数日历"
"deu_Latn","adventskalender hitschies 2025","2025年Hitschies圣诞倒数日历"
"deu_Latn","adventskalender ice de","icede圣诞倒数日历"
"deu_Latn","adventskalender kekse 2025","2025年饼干圣诞倒数日历"
"deu_Latn","adventskalender kinder ferrero","儿童Ferrero圣诞倒数日历"
"deu_Latn","adventskalender kinder säckchen","儿童小袋圣诞倒数日历"
"deu_Latn","adventskalender kinetic sand","kineticsand圣诞倒数日历"
"deu_Latn","adventskalender kiste zum befüllen","箱子可填充圣诞倒数日历"
"deu_Latn","adventskalender liebe ist","爱情ist圣诞倒数日历"
"deu_Latn","adventskalender magic","魔法圣诞倒数日历"
"deu_Latn","adventskalender mit keksen","饼干圣诞倒数日历"
"deu_Latn","adventskalender mit kosmetik","化妆品圣诞倒数日历"
"deu_Latn","adventskalender mit nougat","牛轧糖圣诞倒数日历"
"deu_Latn","adventskalender mit snacks","零食圣诞倒数日历"
"deu_Latn","adventskalender mädchen 16","女孩16圣诞倒数日历"
"deu_Latn","adventskalender mädchen 4","女孩4圣诞倒数日历"
"deu_Latn","adventskalender männer befüllen","男士可填充圣诞倒数日历"
"deu_Latn","adventskalender männer fussball","男士足球圣诞倒数日历"
"deu_Latn","adventskalender nostalgie papier","怀旧纸质圣诞倒数日历"
"deu_Latn","adventskalender ohne alkohol","无酒精圣诞倒数日历"
"deu_Latn","adventskalender ostsee","ostsee圣诞倒数日历"
"deu_Latn","adventskalender pokemonkarten","pokemonkarten圣诞倒数日历"
"deu_Latn","adventskalender ritter","Ritter圣诞倒数日历"
"deu_Latn","adventskalender schweizer schokolade","schweizer巧克力圣诞倒数日历"
"deu_Latn","adventskalender socken 24 paar","袜子24情侣圣诞倒数日历"
"deu_Latn","adventskalender soletti","soletti圣诞倒数日历"
"deu_Latn","adventskalender stiefel","stiefel圣诞倒数日历"
"deu_Latn","adventskalender strohsterne","strohsterne圣诞倒数日历"
"deu_Latn","adventskalender super mario 2025","2025年Super Mario圣诞倒数日历"
"deu_Latn","adventskalender teenager jungs füllung","青少年男孩圣诞倒数日历填充物"
"deu_Latn","adventskalender to go schokolinsen","togo巧克力豆圣诞倒数日历"
"deu_Latn","adventskalender tüten harry potter","纸袋《哈利·波特》圣诞倒数日历"
"deu_Latn","adventskalender tüten häuser","纸袋房屋圣诞倒数日历"
"deu_Latn","adventskalender uv nagellack","uv指甲油圣诞倒数日历"
"deu_Latn","adventskalender wohnmobil","wohnmobil圣诞倒数日历"
"deu_Latn","adventskalender wäscheklammern","衣夹圣诞倒数日历"
"deu_Latn","adventskalender zahnarzt","zahnarzt圣诞倒数日历"
"deu_Latn","adventskalender zaubertrank","zaubertrank圣诞倒数日历"
"deu_Latn","adventskalender zettel","纸条圣诞倒数日历"
"deu_Latn","adventskalender zocken","游戏圣诞倒数日历"
"deu_Latn","adventskalender zuckerfreie snacks","zuckerfreie零食圣诞倒数日历"
"deu_Latn","adventskalender zum befüllen stoff mit taschen","可填充布艺包袋圣诞倒数日历"
"deu_Latn","adventskalender ägypten","Ägypten圣诞倒数日历"
"deu_Latn","alessandro adventskalender 2025","2025年alessandro圣诞倒数日历"
"deu_Latn","angel adventskalender 2025 zeck","2025年钓鱼ZECK圣诞倒数日历"
"deu_Latn","baby adventskalender 3 monate","3个月婴幼儿圣诞倒数日历"
"deu_Latn","badespaß adventskalender","沐浴乐趣圣诞倒数日历"
"deu_Latn","balea adventskalender 2025 dm","2025年Baleadm圣诞倒数日历"
"deu_Latn","baumwollsäckchen adventskalender","Baumwollsäckchen圣诞倒数日历"
"deu_Latn","better fishing adventskalender 2025","2025年betterfishing圣诞倒数日历"
"deu_Latn","bifi adventskalender","bifi圣诞倒数日历"
"deu_Latn","bosch blau adventskalender 2025","2025年博世蓝色圣诞倒数日历"
"deu_Latn","bremen adventskalender","bremen圣诞倒数日历"
"deu_Latn","charlotte meentzen adventskalender","charlottemeentzen圣诞倒数日历"
"deu_Latn","clean girl adventskalender 2025","2025年cleangirl圣诞倒数日历"
"deu_Latn","coppenrath adventskalender puzzle","coppenrath拼图圣诞倒数日历"
"deu_Latn","dallmayr tee adventskalender","dallmayr茶叶圣诞倒数日历"
"deu_Latn","die adventskalender zum befüllen","可填充圣诞倒数日历"
"deu_Latn","dinge für adventskalender frau","物品女士圣诞倒数日历"
"deu_Latn","diät adventskalender","Diät圣诞倒数日历"
"deu_Latn","duftkerze adventskalender","duftkerze圣诞倒数日历"
"deu_Latn","egal wie alt ich bin adventskalender","egalwiealtbin圣诞倒数日历"
"deu_Latn","escape game adventskalender","密室逃脱游戏圣诞倒数日历"
"deu_Latn","essie nagellack adventskalender 2025","2025年essie指甲油圣诞倒数日历"
"deu_Latn","estee lauder adventskalender 2025","2025年esteelauder圣诞倒数日历"
"deu_Latn","eulenpost adventskalender","eulenpost圣诞倒数日历"
"deu_Latn","exit adventskalender erwachsene","EXIT成人圣诞倒数日历"
"deu_Latn","f1 adventskalender 2025 red bull","2025年F1红牛圣诞倒数日历"
"deu_Latn","fluffy slime adventskalender","fluffyslime圣诞倒数日历"
"deu_Latn","füllideen adventskalender frauen","填充创意女士圣诞倒数日历填充创意"
"deu_Latn","geschenke für adventskalender mädchen","礼物女孩圣诞倒数日历"
"deu_Latn","graffiti adventskalender","graffiti圣诞倒数日历"
"deu_Latn","haargummi adventskalender","haargummi圣诞倒数日历"
"deu_Latn","hertha bsc adventskalender 2025","2025年herthabsc圣诞倒数日历"
"deu_Latn","hosentaschen adventskalender 2025","2025年hosentaschen圣诞倒数日历"
"deu_Latn","hot wheel adventskalender 2025","2025年wheel圣诞倒数日历"
"deu_Latn","i love mom adventskalender","ilovemom圣诞倒数日历"
"deu_Latn","icrush adventskalender","icrush圣诞倒数日历"
"deu_Latn","ideen für adventskalender füllung mädchen","创意女孩圣诞倒数日历填充物"
"deu_Latn","jacobs adventskalender","jacobs圣诞倒数日历"
"deu_Latn","junge adventskalender","男孩圣诞倒数日历"
"deu_Latn","kinder und co adventskalender","儿童co圣诞倒数日历"
"deu_Latn","kleine kartons für adventskalender","小号kartons圣诞倒数日历"
"deu_Latn","kleinkind adventskalender 2025","2025年幼儿圣诞倒数日历"
"deu_Latn","kosmos adventskalender experimente","Kosmos实验圣诞倒数日历"
"deu_Latn","kpop demon hunter adventskalender","《KPop恶魔猎人》圣诞倒数日历"
"deu_Latn","krimidinner adventskalender","krimidinner圣诞倒数日历"
"deu_Latn","küstenkrimi adventskalender","Küstenkrimi圣诞倒数日历"
"deu_Latn","lego adventskalender disney","乐高迪士尼圣诞倒数日历"
"deu_Latn","m und ms adventskalender","Mms圣诞倒数日历"
"deu_Latn","makita adventskalender 2026","2026年牧田圣诞倒数日历"
"deu_Latn","mal adventskalender 2025","2025年mal圣诞倒数日历"
"deu_Latn","mein london adventskalender","london圣诞倒数日历"
"deu_Latn","mir doch egal adventskalender","mirdochegal圣诞倒数日历"
"deu_Latn","moncherie adventskalender","moncherie圣诞倒数日历"
"deu_Latn","mutter adventskalender","母亲圣诞倒数日历"
"deu_Latn","nina chuba adventskalender","ninachuba圣诞倒数日历"
"deu_Latn","pamela reif adventskalender 2025","2025年pamelareif圣诞倒数日历"
"deu_Latn","papiertüten adventskalender klein","纸袋小号圣诞倒数日历"
"deu_Latn","perlen adventskalender","珠子圣诞倒数日历"
"deu_Latn","personalisierter adventskalender zum befüllen","个性化可填充圣诞倒数日历"
"deu_Latn","plus plus adventskalender","Plus圣诞倒数日历"
"deu_Latn","puzzle adventskalender 2025 kinder","2025年拼图儿童圣诞倒数日历"
"deu_Latn","reclams adventskalender","reclams圣诞倒数日历"
"deu_Latn","rituals adventskalender amazon","Rituals亚马逊圣诞倒数日历"
"deu_Latn","ronnefeldt adventskalender 2025","2025年ronnefeldt圣诞倒数日历"
"deu_Latn","sakura adventskalender","sakura圣诞倒数日历"
"deu_Latn","schmuck adventskalender charms","珠宝首饰charms圣诞倒数日历"
"deu_Latn","senf adventskalender 2025","2025年senf圣诞倒数日历"
"deu_Latn","spy x family adventskalender","spyxfamily圣诞倒数日历"
"deu_Latn","survival adventskalender kinder","生存儿童圣诞倒数日历"
"deu_Latn","tannenbaum adventskalender","tannenbaum圣诞倒数日历"
"deu_Latn","teebeutel adventskalender","teebeutel圣诞倒数日历"
"deu_Latn","thalia adventskalender","thalia圣诞倒数日历"
"deu_Latn","transformer adventskalender","transformer圣诞倒数日历"
"deu_Latn","tüten adventskalender klein","纸袋小号圣诞倒数日历"
"deu_Latn","vespa adventskalender","vespa圣诞倒数日历"
"deu_Latn","wacken adventskalender","wacken圣诞倒数日历"
"deu_Latn","weihnachten adventskalender füllung","圣诞倒数日历填充物"
"deu_Latn","wimmelbuch adventskalender","wimmelbuch圣诞倒数日历"
"deu_Latn","ysl adventskalender","ysl圣诞倒数日历"
"deu_Latn","dino weihnachtskalender","恐龙圣诞倒数日历"
"deu_Latn","diy weihnachtskalender","DIY圣诞倒数日历"
"deu_Latn","kaffee weihnachtskalender","咖啡圣诞倒数日历"
"deu_Latn","lustige weihnachtskalender","趣味圣诞倒数日历"
"deu_Latn","veganer weihnachtskalender","纯素圣诞倒数日历"
"deu_Latn","weihnachtskalender 2025 jugendliche","2025年青少年圣诞倒数日历"
"deu_Latn","weihnachtskalender mädchen 4 jahre","4岁女孩圣诞倒数日历"
"deu_Latn","weihnachtskalender red bull","红牛圣诞倒数日历"
"deu_Latn","weihnachtskalender schleich","Schleich圣诞倒数日历"
"deu_Latn","weihnachtskalender selber machen","DIY圣诞倒数日历"
"deu_Latn","weihnachtskalender￼","圣诞倒数日历"
"deu_Latn","1 euro artikel für adventskalender","1欧元物品圣诞倒数日历"
"deu_Latn","1. fc köln adventskalender","1FC科隆圣诞倒数日历"
"deu_Latn","adventskalender 10 jährige mädchen","10岁女孩圣诞倒数日历"
"deu_Latn","adventskalender 2025 13 jahre mädchen","2025年13岁女孩圣诞倒数日历"
"deu_Latn","adventskalender 2025 bonbon","2025年bonbon圣诞倒数日历"
"deu_Latn","adventskalender 2025 dynamo dresden","2025年dynamodresden圣诞倒数日历"
"deu_Latn","adventskalender 2025 elf cosmetics","2025年e.l.f.化妆品圣诞倒数日历"
"deu_Latn","adventskalender 2025 faultier","2025年faultier圣诞倒数日历"
"deu_Latn","adventskalender 2025 frauen kreativ","2025年女士创意圣诞倒数日历"
"deu_Latn","adventskalender 2025 frauen luxus","2025年女士奢华圣诞倒数日历"
"deu_Latn","adventskalender 2025 gladbach","2025年gladbach圣诞倒数日历"
"deu_Latn","adventskalender 2025 horror","2025年恐怖圣诞倒数日历"
"deu_Latn","adventskalender 2025 isana","2025年isana圣诞倒数日历"
"deu_Latn","adventskalender 2025 jagd","2025年狩猎圣诞倒数日历"
"deu_Latn","adventskalender 2025 jungen 11 jahre","2025年11岁男孩圣诞倒数日历"
"deu_Latn","adventskalender 2025 kinder elsa","2025年儿童艾莎圣诞倒数日历"
"deu_Latn","adventskalender 2025 laktosefrei","2025年无乳糖圣诞倒数日历"
"deu_Latn","adventskalender 2025 man","2025年man圣诞倒数日历"
"deu_Latn","adventskalender 2025 mit süßigkeiten","2025年糖果圣诞倒数日历"
"deu_Latn","adventskalender 2025 mädchen einhorn","2025年女孩独角兽圣诞倒数日历"
"deu_Latn","adventskalender 2025 männer inhalt","2025年男士圣诞倒数日历内装物"
"deu_Latn","adventskalender 2025 männer schnaps","2025年男士烈酒圣诞倒数日历"
"deu_Latn","adventskalender 2025 no cosmetics","2025年no化妆品圣诞倒数日历"
"deu_Latn","adventskalender 2025 scharfe sossen","2025年辣酱圣诞倒数日历"
"deu_Latn","adventskalender 2025 steffen henssler","2025年steffenhenssler圣诞倒数日历"
"deu_Latn","adventskalender 2025 teelichter","2025年teelichter圣诞倒数日历"
"deu_Latn","adventskalender alkoholfreies bier","酒类freies啤酒圣诞倒数日历"
"deu_Latn","adventskalender badewanne","badewanne圣诞倒数日历"
"deu_Latn","adventskalender befüllen ideen mädchen","女孩圣诞倒数日历填充创意"
"deu_Latn","adventskalender belgische schokolade","belgische巧克力圣诞倒数日历"
"deu_Latn","adventskalender benjamin blümchen","benjaminBlümchen圣诞倒数日历"
"deu_Latn","adventskalender bettelarmband","bettelarmband圣诞倒数日历"
"deu_Latn","adventskalender biotherm damen","biotherm女士圣诞倒数日历"
"deu_Latn","adventskalender borussia dortmund","多特蒙德圣诞倒数日历"
"deu_Latn","adventskalender botschaften","botschaften圣诞倒数日历"
"deu_Latn","adventskalender faber castell","fabercastell圣诞倒数日历"
"deu_Latn","adventskalender für 10 euro","10欧元圣诞倒数日历"
"deu_Latn","adventskalender für 10 jährige","10岁圣诞倒数日历"
"deu_Latn","adventskalender für junge eltern","男孩父母圣诞倒数日历"
"deu_Latn","adventskalender für jungen 10 jahre","10岁男孩圣诞倒数日历"
"deu_Latn","adventskalender für meerschweinchen","meerschweinchen圣诞倒数日历"
"deu_Latn","adventskalender für paare battle","情侣对战圣诞倒数日历"
"deu_Latn","adventskalender gamer 2025","2025年游戏玩家圣诞倒数日历"
"deu_Latn","adventskalender geschichten grundschule","故事grundschule圣诞倒数日历"
"deu_Latn","adventskalender gondel","gondel圣诞倒数日历"
"deu_Latn","adventskalender hase","hase圣诞倒数日历"
"deu_Latn","adventskalender herz","herz圣诞倒数日历"
"deu_Latn","adventskalender holy ohne energy","Holy能量饮料圣诞倒数日历"
"deu_Latn","adventskalender im glas aufkleber","玻璃贴纸圣诞倒数日历"
"deu_Latn","adventskalender jesus","耶稣圣诞倒数日历"
"deu_Latn","adventskalender jungen 10 jahre fußball","10岁男孩足球圣诞倒数日历"
"deu_Latn","adventskalender jungen 12","男孩12圣诞倒数日历"
"deu_Latn","adventskalender jungen 14","男孩14圣诞倒数日历"
"deu_Latn","adventskalender jungen 8 jahre lego","8岁男孩乐高圣诞倒数日历"
"deu_Latn","adventskalender jungen teenager","男孩青少年圣诞倒数日历"
"deu_Latn","adventskalender kaubonbon","kaubonbon圣诞倒数日历"
"deu_Latn","adventskalender ketten","ketten圣诞倒数日历"
"deu_Latn","adventskalender kind 8 jahre","8岁儿童圣诞倒数日历"
"deu_Latn","adventskalender kinder 11 jahre jungs","11岁儿童男孩圣诞倒数日历"
"deu_Latn","adventskalender kinder edelsteine","儿童宝石圣诞倒数日历"
"deu_Latn","adventskalender kinder pixi","儿童pixi圣诞倒数日历"
"deu_Latn","adventskalender kinder schleim","儿童史莱姆圣诞倒数日历"
"deu_Latn","adventskalender kinder zum befüllen stoff","儿童可填充布艺圣诞倒数日历"
"deu_Latn","adventskalender korean","韩式圣诞倒数日历"
"deu_Latn","adventskalender kreativ mädchen","创意女孩圣诞倒数日历"
"deu_Latn","adventskalender lutscher","lutscher圣诞倒数日历"
"deu_Latn","adventskalender magic the gathering","魔法thegathering圣诞倒数日历"
"deu_Latn","adventskalender makeup 2025","2025年彩妆圣诞倒数日历"
"deu_Latn","adventskalender mit bastelmaterial","bastelmaterial圣诞倒数日历"
"deu_Latn","adventskalender mit säckchen","小袋圣诞倒数日历"
"deu_Latn","adventskalender mix","mix圣诞倒数日历"
"deu_Latn","adventskalender männer alkohol","男士酒类圣诞倒数日历"
"deu_Latn","adventskalender nageldesign","nageldesign圣诞倒数日历"
"deu_Latn","adventskalender nyx 2025","2025年nyx圣诞倒数日历"
"deu_Latn","adventskalender ohne süssigkeiten","糖果圣诞倒数日历"
"deu_Latn","adventskalender optische illusion","optischeillusion圣诞倒数日历"
"deu_Latn","adventskalender outdoor kinder","outdoor儿童圣诞倒数日历"
"deu_Latn","adventskalender paare battle","情侣对战圣诞倒数日历"
"deu_Latn","adventskalender piraten","piraten圣诞倒数日历"
"deu_Latn","adventskalender pringles chips","Pringles薯片圣诞倒数日历"
"deu_Latn","adventskalender pumuckl","pumuckl圣诞倒数日历"
"deu_Latn","adventskalender puzzle für erwachsene","拼图成人圣诞倒数日历"
"deu_Latn","adventskalender rabenhorst","rabenhorst圣诞倒数日历"
"deu_Latn","adventskalender rot","红色圣诞倒数日历"
"deu_Latn","adventskalender schminken","彩妆圣诞倒数日历"
"deu_Latn","adventskalender schnur","schnur圣诞倒数日历"
"deu_Latn","adventskalender segeln","segeln圣诞倒数日历"
"deu_Latn","adventskalender spaß","Spaß圣诞倒数日历"
"deu_Latn","adventskalender sticker gold","贴纸金色圣诞倒数日历"
"deu_Latn","adventskalender stitch pandora","史迪奇Pandora圣诞倒数日历"
"deu_Latn","adventskalender stofftiere","stofftiere圣诞倒数日历"
"deu_Latn","adventskalender student","student圣诞倒数日历"
"deu_Latn","adventskalender tee sonnentor","茶Sonnentor圣诞倒数日历"
"deu_Latn","adventskalender tüten schwarz gold","纸袋黑色金色圣诞倒数日历"
"deu_Latn","adventskalender weihnachtsmarkt","weihnachtsmarkt圣诞倒数日历"
"deu_Latn","adventskalender wimmelbuch","wimmelbuch圣诞倒数日历"
"deu_Latn","adventskalender zum befüllen baby","可填充婴幼儿圣诞倒数日历"
"deu_Latn","adventskalender zum befüllen kleinkind","可填充幼儿圣诞倒数日历"
"deu_Latn","adventskalender zum befüllen stoffsäckchen","可填充布袋圣诞倒数日历小袋"
"deu_Latn","adventskalender zum selbst befüllen kinder","可自行填充儿童圣诞倒数日历"
"deu_Latn","air fryer adventskalender","airfryer圣诞倒数日历"
"deu_Latn","auto zubehör adventskalender","汽车配件圣诞倒数日历"
"deu_Latn","bade adventskalender kinder","bade儿童圣诞倒数日历"
"deu_Latn","badefee adventskalender","badefee圣诞倒数日历"
"deu_Latn","befestigung adventskalender","befestigung圣诞倒数日历"
"deu_Latn","biker adventskalender","biker圣诞倒数日历"
"deu_Latn","borussia dortmund adventskalender","多特蒙德圣诞倒数日历"
"deu_Latn","chanel adventskalender 2025","2025年chanel圣诞倒数日历"
"deu_Latn","die drei weihnachten adventskalender","三圣诞倒数日历"
"deu_Latn","dinge zum befüllen von adventskalender","物品可填充圣诞倒数日历"
"deu_Latn","dino adventskalender jurassic world","恐龙侏罗纪世界圣诞倒数日历"
"deu_Latn","eintracht adventskalender","eintracht圣诞倒数日历"
"deu_Latn","elektriker adventskalender","elektriker圣诞倒数日历"
"deu_Latn","elvis adventskalender 2025","2025年elvis圣诞倒数日历"
"deu_Latn","englische kurzgeschichten adventskalender","englischekurzgeschichten圣诞倒数日历"
"deu_Latn","eschbacher adventskalender","eschbacher圣诞倒数日历"
"deu_Latn","exit adventskalender 2025 kosmos","2025年EXITKosmos圣诞倒数日历"
"deu_Latn","figuren adventskalender 2025","2025年玩偶圣诞倒数日历"
"deu_Latn","film adventskalender","film圣诞倒数日历"
"deu_Latn","filz zahlen für adventskalender","毛毡数字圣诞倒数日历"
"deu_Latn","formel 1 adventskalender 2025 ferrari","2025年formel1ferrari圣诞倒数日历"
"deu_Latn","für adventskalender","圣诞倒数日历"
"deu_Latn","genshin adventskalender","genshin圣诞倒数日历"
"deu_Latn","geschenk für adventskalender kinder","礼物儿童圣诞倒数日历"
"deu_Latn","geschenkideen adventskalender frauen","geschenkideen女士圣诞倒数日历"
"deu_Latn","klammern mit zahlen adventskalender","klammern数字圣诞倒数日历"
"deu_Latn","kleiner adventskalender zum befüllen","小号可填充圣诞倒数日历"
"deu_Latn","kuh adventskalender","kuh圣诞倒数日历"
"deu_Latn","lego harry potter 76456 adventskalender 2025","2025年乐高《哈利·波特》76456圣诞倒数日历"
"deu_Latn","lindt teddy adventskalender 2025","2025年瑞士莲teddy圣诞倒数日历"
"deu_Latn","m adam adventskalender","Madam圣诞倒数日历"
"deu_Latn","maybellin adventskalender","maybellin圣诞倒数日历"
"deu_Latn","mein erster adventskalender ab 1","1岁以上erster圣诞倒数日历"
"deu_Latn","minecraft adventskalender 2024","2024年《我的世界》圣诞倒数日历"
"deu_Latn","mini geschenke adventskalender","迷你礼物圣诞倒数日历"
"deu_Latn","mtb adventskalender 2025","2025年mtb圣诞倒数日历"
"deu_Latn","mustang adventskalender","mustang圣诞倒数日历"
"deu_Latn","nail adventskalender 2025","2025年nail圣诞倒数日历"
"deu_Latn","nivea adventskalender männer","妮维雅男士圣诞倒数日历"
"deu_Latn","nivea man adventskalender 2025","2025年妮维雅man圣诞倒数日历"
"deu_Latn","odonnell adventskalender","odonnell圣诞倒数日历"
"deu_Latn","oetinger adventskalender","oetinger圣诞倒数日历"
"deu_Latn","ohrringe adventskalender 2025","2025年耳环圣诞倒数日历"
"deu_Latn","picmondoo adventskalender 2025","2025年picmondoo圣诞倒数日历"
"deu_Latn","playmobil adventskalender jungs","Playmobil男孩圣诞倒数日历"
"deu_Latn","playmobil asterix adventskalender","Playmobilasterix圣诞倒数日历"
"deu_Latn","quietscheenten adventskalender","quietscheenten圣诞倒数日历"
"deu_Latn","rentner adventskalender frühstück","退休人士早餐圣诞倒数日历"
"deu_Latn","sailor moon adventskalender","sailormoon圣诞倒数日历"
"deu_Latn","schmuck adventskalender 2025 kinder","2025年珠宝首饰儿童圣诞倒数日历"
"deu_Latn","schoko adventskalender nostalgisch","巧克力怀旧圣诞倒数日历"
"deu_Latn","sebastian fitzek adventskalender","sebastianfitzek圣诞倒数日历"
"deu_Latn","soba adventskalender","soba圣诞倒数日历"
"deu_Latn","socks adventskalender","袜子圣诞倒数日历"
"deu_Latn","streichel adventskalender","streichel圣诞倒数日历"
"deu_Latn","stumble guys adventskalender","stumbleguys圣诞倒数日历"
"deu_Latn","süßigkeiten adventskalender kinder","糖果儿童圣诞倒数日历"
"deu_Latn","tee adventskalender 2025 pukka","2025年茶Pukka圣诞倒数日历"
"deu_Latn","teebeutel adventskalender 2025","2025年teebeutel圣诞倒数日历"
"deu_Latn","teenager adventskalender 2025 mädchen","2025年青少年女孩圣诞倒数日历"
"deu_Latn","tequila adventskalender 2025","2025年tequila圣诞倒数日历"
"deu_Latn","tom turbo adventskalender","tomturbo圣诞倒数日历"
"deu_Latn","tut tut flitzer adventskalender","tutflitzer圣诞倒数日历"
"deu_Latn","walkers adventskalender","walkers圣诞倒数日历"
"deu_Latn","weihnachtskarten adventskalender","weihnachtskarten圣诞倒数日历"
"deu_Latn","werkzeug adventskalender 2025 bosch","2025年工具博世圣诞倒数日历"
"deu_Latn","zahlen kleber adventskalender","数字kleber圣诞倒数日历"
"deu_Latn","zmile cosmetics adventskalender","zmile化妆品圣诞倒数日历"
"deu_Latn","beauty weihnachtskalender","美妆圣诞倒数日历"
"deu_Latn","füllung weihnachtskalender","圣诞倒数日历填充物"
"deu_Latn","weihnachtskalender 2025 für frauen parfüm","2025年女士香水圣诞倒数日历"
"deu_Latn","weihnachtskalender 2025 harry potter","2025年《哈利·波特》圣诞倒数日历"
"deu_Latn","weihnachtskalender 2025 lakritz","2025年甘草糖圣诞倒数日历"
"deu_Latn","weihnachtskalender alkohol","酒类圣诞倒数日历"
"deu_Latn","weihnachtskalender amazon","亚马逊圣诞倒数日历"
"deu_Latn","weihnachtskalender ddr","DDR圣诞倒数日历"
"deu_Latn","weihnachtskalender jungs 10 jahre","10岁男孩圣诞倒数日历"
"deu_Latn","weihnachtskalender selbst befüllen inhalt","可自行填充圣诞倒数日历内装物"
"deu_Latn","3 bears adventskalender","3bears圣诞倒数日历"
"deu_Latn","adventskalender 12 jähriger junge","12Jähriger男孩圣诞倒数日历"
"deu_Latn","adventskalender 2025 14 jahre mädchen","2025年14岁女孩圣诞倒数日历"
"deu_Latn","adventskalender 2025 dnd","2025年D&D圣诞倒数日历"
"deu_Latn","adventskalender 2025 fantasy","2025年fantasy圣诞倒数日历"
"deu_Latn","adventskalender 2025 frauen fitness","2025年女士健身圣诞倒数日历"
"deu_Latn","adventskalender 2025 frauen sexspielzeug","2025年女士成人情趣用品圣诞倒数日历"
"deu_Latn","adventskalender 2025 für teenager mädchen","2025年青少年女孩圣诞倒数日历"
"deu_Latn","adventskalender 2025 junge 2 jahre","2025年2岁男孩圣诞倒数日历"
"deu_Latn","adventskalender 2025 kaffee gemahlen","2025年咖啡研磨圣诞倒数日历"
"deu_Latn","adventskalender 2025 kinder 9 jahre jungs","2025年9岁儿童男孩圣诞倒数日历"
"deu_Latn","adventskalender 2025 kinder freche freunde","2025年儿童Freche Freunde圣诞倒数日历"
"deu_Latn","adventskalender 2025 kinder playdoh","2025年儿童Play-Doh圣诞倒数日历"
"deu_Latn","adventskalender 2025 kinder revell","2025年儿童Revell圣诞倒数日历"
"deu_Latn","adventskalender 2025 lehrer","2025年lehrer圣诞倒数日历"
"deu_Latn","adventskalender 2025 lena gerke","2025年lenagerke圣诞倒数日历"
"deu_Latn","adventskalender 2025 lindt 1001","2025年瑞士莲1001圣诞倒数日历"
"deu_Latn","adventskalender 2025 männer loreal","2025年男士欧莱雅圣诞倒数日历"
"deu_Latn","adventskalender 2025 männer salami","2025年男士萨拉米香肠圣诞倒数日历"
"deu_Latn","adventskalender 2025 männer wurst","2025年男士香肠圣诞倒数日历"
"deu_Latn","adventskalender 2025 ravensburger","2025年Ravensburger圣诞倒数日历"
"deu_Latn","adventskalender 2025 riegel","2025年巧克力棒圣诞倒数日历"
"deu_Latn","adventskalender 2025 sauce","2025年sauce圣诞倒数日历"
"deu_Latn","adventskalender 2025 schokolade klein","2025年巧克力小号圣诞倒数日历"
"deu_Latn","adventskalender 2025 sonic","2025年《刺猬索尼克》圣诞倒数日历"
"deu_Latn","adventskalender 2025 tennis","2025年tennis圣诞倒数日历"
"deu_Latn","adventskalender 2025 tinti","2025年tinti圣诞倒数日历"
"deu_Latn","adventskalender 2025 topp","2025年topp圣诞倒数日历"
"deu_Latn","adventskalender 2025 witze","2025年笑话圣诞倒数日历"
"deu_Latn","adventskalender 2025 zartbitter schokolade","2025年黑巧克力巧克力圣诞倒数日历"
"deu_Latn","adventskalender 2025 zum bauen","2025年建造圣诞倒数日历"
"deu_Latn","adventskalender 2025 ätherische öle","2025年精油圣诞倒数日历"
"deu_Latn","adventskalender 2026 mädchen","2026年女孩圣诞倒数日历"
"deu_Latn","adventskalender 3d drucker","3Ddrucker圣诞倒数日历"
"deu_Latn","adventskalender 5 euro","5欧元圣诞倒数日历"
"deu_Latn","adventskalender american candy","americancandy圣诞倒数日历"
"deu_Latn","adventskalender barbie kleidung","芭比kleidung圣诞倒数日历"
"deu_Latn","adventskalender bastelset kinder","bastelset儿童圣诞倒数日历"
"deu_Latn","adventskalender befüllung männer","男士圣诞倒数日历填充物"
"deu_Latn","adventskalender beutel papier","袋子纸质圣诞倒数日历"
"deu_Latn","adventskalender beyblade x","beybladex圣诞倒数日历"
"deu_Latn","adventskalender bibelverse","bibelverse圣诞倒数日历"
"deu_Latn","adventskalender body shop","The Body Shop圣诞倒数日历"
"deu_Latn","adventskalender chanel","chanel圣诞倒数日历"
"deu_Latn","adventskalender diamant painting","diamant画圣诞倒数日历"
"deu_Latn","adventskalender duftkerze","duftkerze圣诞倒数日历"
"deu_Latn","adventskalender erotisch paare 2025","2025年情趣情侣圣诞倒数日历"
"deu_Latn","adventskalender ferrero küsschen","Ferrero Küsschen圣诞倒数日历"
"deu_Latn","adventskalender flipper","flipper圣诞倒数日历"
"deu_Latn","adventskalender flugzeug 2025","2025年飞机圣诞倒数日历"
"deu_Latn","adventskalender frsuen","frsuen圣诞倒数日历"
"deu_Latn","adventskalender füllen männer","填充男士圣诞倒数日历"
"deu_Latn","adventskalender füllung freund","freund圣诞倒数日历填充物"
"deu_Latn","adventskalender füllung junge 12","男孩12圣诞倒数日历填充物"
"deu_Latn","adventskalender füllung kind 5 jahre","5岁儿童圣诞倒数日历填充物"
"deu_Latn","adventskalender füllung kita","kita圣诞倒数日历填充物"
"deu_Latn","adventskalender füllung mädchen 5","女孩5圣诞倒数日历填充物"
"deu_Latn","adventskalender füllung schule","学校圣诞倒数日历填充物"
"deu_Latn","adventskalender füllung schulkinder","schulKinder圣诞倒数日历填充物"
"deu_Latn","adventskalender für 4 jährige mädchen","4岁女孩圣诞倒数日历"
"deu_Latn","adventskalender für den chef","chef圣诞倒数日历"
"deu_Latn","adventskalender für künstler 2025","2025年艺术家圣诞倒数日历"
"deu_Latn","adventskalender für paare 2025 sex","2025年情侣成人情趣圣诞倒数日历"
"deu_Latn","adventskalender gewürze bio","香料有机圣诞倒数日历"
"deu_Latn","adventskalender goth","goth圣诞倒数日历"
"deu_Latn","adventskalender granini","granini圣诞倒数日历"
"deu_Latn","adventskalender gute taten","gutetaten圣诞倒数日历"
"deu_Latn","adventskalender handwerker 2025","2025年工匠圣诞倒数日历"
"deu_Latn","adventskalender hazbin hotel","hazbinhotel圣诞倒数日历"
"deu_Latn","adventskalender hello","圣诞倒数日历"
"deu_Latn","adventskalender herzhafte snacks","herzhafte零食圣诞倒数日历"
"deu_Latn","adventskalender historisch","historisch圣诞倒数日历"
"deu_Latn","adventskalender hot sauce","sauce圣诞倒数日历"
"deu_Latn","adventskalender häkel","钩织圣诞倒数日历"
"deu_Latn","adventskalender inhalt junge","男孩圣诞倒数日历内装物"
"deu_Latn","adventskalender ironmaxx","ironmaxx圣诞倒数日历"
"deu_Latn","adventskalender junge 7","男孩7圣诞倒数日历"
"deu_Latn","adventskalender jungen hot wheels","男孩风火轮圣诞倒数日历"
"deu_Latn","adventskalender jungen pokemon","男孩宝可梦圣诞倒数日历"
"deu_Latn","adventskalender kinder & co","儿童co圣诞倒数日历"
"deu_Latn","adventskalender kinder zug","儿童火车圣诞倒数日历"
"deu_Latn","adventskalender kknekki","kknekki圣诞倒数日历"
"deu_Latn","adventskalender kleinigkeiten mädchen","小物女孩圣诞倒数日历"
"deu_Latn","adventskalender klugscheißer","Klugscheißer圣诞倒数日历"
"deu_Latn","adventskalender koch","koch圣诞倒数日历"
"deu_Latn","adventskalender krimi 2025","2025年推理圣诞倒数日历"
"deu_Latn","adventskalender lf","lf圣诞倒数日历"
"deu_Latn","adventskalender lippenpflege","lippenpflege圣诞倒数日历"
"deu_Latn","adventskalender mann parfüm","男士香水圣诞倒数日历"
"deu_Latn","adventskalender mattel","mattel圣诞倒数日历"
"deu_Latn","adventskalender meditation","meditation圣诞倒数日历"
"deu_Latn","adventskalender messmer","messmer圣诞倒数日历"
"deu_Latn","adventskalender mit edelsteinen","edelsteinen圣诞倒数日历"
"deu_Latn","adventskalender mit fensterbild","fensterbild圣诞倒数日历"
"deu_Latn","adventskalender mit lebkuchen","姜饼圣诞倒数日历"
"deu_Latn","adventskalender modell","modell圣诞倒数日历"
"deu_Latn","adventskalender mädchen 9","女孩9圣诞倒数日历"
"deu_Latn","adventskalender mädchen disney","女孩迪士尼圣诞倒数日历"
"deu_Latn","adventskalender männer bart","男士胡须圣诞倒数日历"
"deu_Latn","adventskalender mödchen","Mödchen圣诞倒数日历"
"deu_Latn","adventskalender nail art","nailart圣诞倒数日历"
"deu_Latn","adventskalender nur mit bildern","bildern圣诞倒数日历"
"deu_Latn","adventskalender nähzubehör","Nähzubehör圣诞倒数日历"
"deu_Latn","adventskalender ohne süßigkeiten kinder","糖果儿童圣诞倒数日历"
"deu_Latn","adventskalender paare erwachsene","情侣成人圣诞倒数日历"
"deu_Latn","adventskalender parfümproben","香水小样圣诞倒数日历"
"deu_Latn","adventskalender peterson und findus","petersonfindus圣诞倒数日历"
"deu_Latn","adventskalender proteinpulver","proteinpulver圣诞倒数日历"
"deu_Latn","adventskalender ricola 2025","2025年ricola圣诞倒数日历"
"deu_Latn","adventskalender rockmusik","rockmusik圣诞倒数日历"
"deu_Latn","adventskalender sackerl stoff","小袋布艺圣诞倒数日历"
"deu_Latn","adventskalender schmuck edelstahl","珠宝首饰edelstahl圣诞倒数日历"
"deu_Latn","adventskalender selbst füllen","selbst填充圣诞倒数日历"
"deu_Latn","adventskalender sheglam","sheglam圣诞倒数日历"
"deu_Latn","adventskalender skittles","skittles圣诞倒数日历"
"deu_Latn","adventskalender sohn","sohn圣诞倒数日历"
"deu_Latn","adventskalender soldaten","soldaten圣诞倒数日历"
"deu_Latn","adventskalender supplements","supplements圣诞倒数日历"
"deu_Latn","adventskalender säckchen schwarz","小袋黑色圣诞倒数日历"
"deu_Latn","adventskalender tee und rätsel","茶谜题圣诞倒数日历"
"deu_Latn","adventskalender teenager jungs gaming","青少年男孩gaming圣诞倒数日历"
"deu_Latn","adventskalender tüten mit henkel","纸袋henkel圣诞倒数日历"
"deu_Latn","adventskalender vfb stuttgart 2025","2025年VfB斯图加特圣诞倒数日历"
"deu_Latn","adventskalender waschbär","Waschbär圣诞倒数日历"
"deu_Latn","adventskalender zum befüllen frau","可填充女士圣诞倒数日历"
"deu_Latn","adventskalender zum befüllen schwarz gold","可填充黑色金色圣诞倒数日历"
"deu_Latn","adventskalender zum befüllen stiefel","可填充stiefel圣诞倒数日历"
"deu_Latn","adventskalender zum befüllen unterschiedliche größen","可填充unterschiedliche尺寸圣诞倒数日历"
"deu_Latn","adventskalender zum wiederbefüllen","可填充圣诞倒数日历"
"deu_Latn","adventskalender zzm befüllen","zzm可填充圣诞倒数日历"
"deu_Latn","american adventskalender","美国圣诞倒数日历"
"deu_Latn","amorelie adventskalender 2023","2023年Amorelie圣诞倒数日历"
"deu_Latn","anton berg adventskalender","antonberg圣诞倒数日历"
"deu_Latn","barbie cutie reveal adventskalender","芭比cutiereveal圣诞倒数日历"
"deu_Latn","baseball adventskalender","baseball圣诞倒数日历"
"deu_Latn","beauty adventskalender 2025 parfüm","2025年美妆香水圣诞倒数日历"
"deu_Latn","beauty adventskalender kinder","美妆儿童圣诞倒数日历"
"deu_Latn","bier adventskalender 2025 kalea","2025年啤酒kalea圣诞倒数日历"
"deu_Latn","bonbon adventskalender","bonbon圣诞倒数日历"
"deu_Latn","buddha adventskalender","buddha圣诞倒数日历"
"deu_Latn","crime adventskalender 2025","2025年推理圣诞倒数日历"
"deu_Latn","cristiano ronaldo adventskalender","cristianoronaldo圣诞倒数日历"
"deu_Latn","disney mickey mouse adventskalender","迪士尼米老鼠圣诞倒数日历"
"deu_Latn","diy-adventskalender","DIY圣诞倒数日历"
"deu_Latn","essence adventskalender 2025 xmas wonder","2025年essencexmaswonder圣诞倒数日历"
"deu_Latn","essence little x-mas wonder adventskalender","essence小型xmaswonder圣诞倒数日历"
"deu_Latn","fc bayern adventskalender 2026","2026年拜仁慕尼黑圣诞倒数日历"
"deu_Latn","flugzeug adventskalender 2025","2025年飞机圣诞倒数日历"
"deu_Latn","fruchtgummi adventskalender 2025","2025年fruchtgummi圣诞倒数日历"
"deu_Latn","gay adventskalender","gay圣诞倒数日历"
"deu_Latn","gesund adventskalender","健康圣诞倒数日历"
"deu_Latn","gründl adventskalender","Gründl圣诞倒数日历"
"deu_Latn","hanf adventskalender","hanf圣诞倒数日历"
"deu_Latn","hazet adventskalender 2024","2024年HAZET圣诞倒数日历"
"deu_Latn","heilstein adventskalender","heilstein圣诞倒数日历"
"deu_Latn","ideen adventskalender kinder 2 jahre","2岁创意儿童圣诞倒数日历"
"deu_Latn","iron maxx adventskalender","ironmaxx圣诞倒数日历"
"deu_Latn","jurassic adventskalender","侏罗纪圣诞倒数日历"
"deu_Latn","just spices adventskalender 2025 groß","2025年Just Spices大号圣诞倒数日历"
"deu_Latn","k beauty adventskalender 2025","2025年K美妆圣诞倒数日历"
"deu_Latn","kidsmood adventskalender","kidsmood圣诞倒数日历"
"deu_Latn","kinder adventskalender 2025 lego","2025年儿童乐高圣诞倒数日历"
"deu_Latn","kosmetik adventskalender 2025 frauen","2025年化妆品女士圣诞倒数日历"
"deu_Latn","krimi adventskalender to go","推理togo圣诞倒数日历"
"deu_Latn","kugelbahn adventskalender 2025","2025年kugelbahn圣诞倒数日历"
"deu_Latn","köln adventskalender 2025","2025年Köln圣诞倒数日历"
"deu_Latn","lakritze adventskalender 2025","2025年lakritze圣诞倒数日历"
"deu_Latn","lego elsa adventskalender","乐高艾莎圣诞倒数日历"
"deu_Latn","lego marvel avengers adventskalender","乐高漫威《复仇者联盟》圣诞倒数日历"
"deu_Latn","lindt wichtelzauber adventskalender","瑞士莲wichtelzauber圣诞倒数日历"
"deu_Latn","loser tee adventskalender","loser茶叶圣诞倒数日历"
"deu_Latn","martinelia adventskalender","martinelia圣诞倒数日历"
"deu_Latn","maxinutrition adventskalender 2025","2025年maxinutrition圣诞倒数日历"
"deu_Latn","medizin adventskalender","medizin圣诞倒数日历"
"deu_Latn","mein island adventskalender","island圣诞倒数日历"
"deu_Latn","meßmer tee adventskalender 2025","2025年Meßmer茶叶圣诞倒数日历"
"deu_Latn","miffy adventskalender","miffy圣诞倒数日历"
"deu_Latn","mini verse adventskalender 2025","2025年迷你verse圣诞倒数日历"
"deu_Latn","mountainbike adventskalender","mountainbike圣诞倒数日历"
"deu_Latn","mtg adventskalender","mtg圣诞倒数日历"
"deu_Latn","männer adventskalender 2025 werkzeug","2025年男士工具圣诞倒数日历"
"deu_Latn","nic nacs adventskalender","nicnacs圣诞倒数日历"
"deu_Latn","noch adventskalender 2025","2025年noch圣诞倒数日历"
"deu_Latn","nostalgie adventskalender 2025","2025年怀旧圣诞倒数日历"
"deu_Latn","nähen adventskalender","缝纫圣诞倒数日历"
"deu_Latn","papier adventskalender 2025 nostalgisch","2025年纸质怀旧圣诞倒数日历"
"deu_Latn","peanuts socken adventskalender","peanuts袜子圣诞倒数日历"
"deu_Latn","pixi adventskalender für die kleinen","pixikleinen圣诞倒数日历"
"deu_Latn","pixi bücher adventskalender 2025","2025年pixi书籍圣诞倒数日历"
"deu_Latn","produkte für adventskalender","produkte圣诞倒数日历"
"deu_Latn","pukka tee adventskalender 2025","2025年Pukka茶叶圣诞倒数日历"
"deu_Latn","rituals adventskalender 2025 men","2025年Rituals男士圣诞倒数日历"
"deu_Latn","salami sticks adventskalender","萨拉米香肠sticks圣诞倒数日历"
"deu_Latn","sandmännchen adventskalender","Sandmännchen圣诞倒数日历"
"deu_Latn","schmuck adventskalender 2025 pandora","2025年珠宝首饰Pandora圣诞倒数日历"
"deu_Latn","spiel adventskalender","spiel圣诞倒数日历"
"deu_Latn","stoff adventskalender tüten","布艺纸袋圣诞倒数日历"
"deu_Latn","stoffsackerl adventskalender","stoffsackerl圣诞倒数日历"
"deu_Latn","tee adventskalender kinder","茶儿童圣诞倒数日历"
"deu_Latn","tiptoi® mein großer adventskalender","tiptoi大号圣诞倒数日历"
"deu_Latn","tür adventskalender","TÜR圣诞倒数日历"
"deu_Latn","tür adventskalender zum befüllen","TÜR可填充圣诞倒数日历"
"deu_Latn","unterhosen adventskalender männer","内裤男士圣诞倒数日历"
"deu_Latn","vollmilch schokoladen adventskalender","vollmilch巧克力圣诞倒数日历"
"deu_Latn","vw adventskalender","vw圣诞倒数日历"
"deu_Latn","wichtel adventskalender buch","圣诞小精灵书籍圣诞倒数日历"
"deu_Latn","wiederbefüllbarer adventskalender","可重复填充圣诞倒数日历"
"deu_Latn","wildcat adventskalender 2025","2025年wildcat圣诞倒数日历"
"deu_Latn","witch adventskalender","witch圣诞倒数日历"
"deu_Latn","witchy adventskalender","witchy圣诞倒数日历"
"deu_Latn","workout adventskalender","workout圣诞倒数日历"
"deu_Latn","xxl adventskalender von sugar gang","XXLsugargang圣诞倒数日历"
"deu_Latn","legami weihnachtskalender 2025","2025年Legami圣诞倒数日历"
"deu_Latn","weihnachtskalender 2025 beauty","2025年美妆圣诞倒数日历"
"deu_Latn","weihnachtskalender 2025 schmuck","2025年珠宝首饰圣诞倒数日历"
"deu_Latn","weihnachtskalender 2025 selber befüllen","2025年可自行填充圣诞倒数日历"
"deu_Latn","weihnachtskalender 2026","2026年圣诞倒数日历"
"deu_Latn","weihnachtskalender fortnite","fortnite圣诞倒数日历"
"deu_Latn","weihnachtskalender für angler","钓鱼圣诞倒数日历"
"deu_Latn","weihnachtskalender lego star wars","乐高《星球大战》圣诞倒数日历"
"deu_Latn","weihnachtskalender pokemon 2025","2025年宝可梦圣诞倒数日历"
"deu_Latn","1 gegen 1 adventskalender","1gegen圣诞倒数日历"
"deu_Latn","adventskalender 2025 12 jahre junge","2025年12岁男孩圣诞倒数日历"
"deu_Latn","adventskalender 2025 4 jahre","2025年4岁圣诞倒数日历"
"deu_Latn","adventskalender 2025 4 jahre junge","2025年4岁男孩圣诞倒数日历"
"deu_Latn","adventskalender 2025 brio","2025年brio圣诞倒数日历"
"deu_Latn","adventskalender 2025 charms","2025年charms圣诞倒数日历"
"deu_Latn","adventskalender 2025 eierlikör","2025年蛋奶酒圣诞倒数日历"
"deu_Latn","adventskalender 2025 engelbert straus","2025年engelbertstraus圣诞倒数日历"
"deu_Latn","adventskalender 2025 frauen düfte","2025年女士香氛圣诞倒数日历"
"deu_Latn","adventskalender 2025 grillen","2025年烧烤圣诞倒数日历"
"deu_Latn","adventskalender 2025 juicy bomb","2025年juicybomb圣诞倒数日历"
"deu_Latn","adventskalender 2025 junge männer","2025年男孩男士圣诞倒数日历"
"deu_Latn","adventskalender 2025 jungs 12 jahre","2025年12岁男孩圣诞倒数日历"
"deu_Latn","adventskalender 2025 kinder ab 4","2025年4岁以上儿童圣诞倒数日历"
"deu_Latn","adventskalender 2025 kinder fussballkarten","2025年儿童fussballkarten圣诞倒数日历"
"deu_Latn","adventskalender 2025 kinder mädchen schmuck","2025年儿童女孩珠宝首饰圣诞倒数日历"
"deu_Latn","adventskalender 2025 kinder zug","2025年儿童火车圣诞倒数日历"
"deu_Latn","adventskalender 2025 lavera","2025年lavera圣诞倒数日历"
"deu_Latn","adventskalender 2025 lindt hello","2025年瑞士莲圣诞倒数日历"
"deu_Latn","adventskalender 2025 my little pony","2025年小马宝莉圣诞倒数日历"
"deu_Latn","adventskalender 2025 männer fussball","2025年男士足球圣诞倒数日历"
"deu_Latn","adventskalender 2025 männer lustig","2025年男士趣味圣诞倒数日历"
"deu_Latn","adventskalender 2025 männer snacks","2025年男士零食圣诞倒数日历"
"deu_Latn","adventskalender 2025 pflegeprodukte","2025年pflegeprodukte圣诞倒数日历"
"deu_Latn","adventskalender 2025 spa","2025年spa圣诞倒数日历"
"deu_Latn","adventskalender 2025 trüffel pralinen","2025年松露巧克力巧克力糖圣诞倒数日历"
"deu_Latn","adventskalender ab 7 jahre mädchen","7岁以上女孩圣诞倒数日历"
"deu_Latn","adventskalender ab 9 jahre mädchen","9岁以上女孩圣诞倒数日历"
"deu_Latn","adventskalender abverkauf","abverkauf圣诞倒数日历"
"deu_Latn","adventskalender ahoj brause","ahojbrause圣诞倒数日历"
"deu_Latn","adventskalender alternativ","alternativ圣诞倒数日历"
"deu_Latn","adventskalender angeln kinder","钓鱼儿童圣诞倒数日历"
"deu_Latn","adventskalender animal crossing","《动物森友会》圣诞倒数日历"
"deu_Latn","adventskalender backzubehör","Backzubehör圣诞倒数日历"
"deu_Latn","adventskalender bahlsen","bahlsen圣诞倒数日历"
"deu_Latn","adventskalender baustelle kinder","baustelle儿童圣诞倒数日历"
"deu_Latn","adventskalender buch für teenager","书籍青少年圣诞倒数日历"
"deu_Latn","adventskalender cat","猫咪圣诞倒数日历"
"deu_Latn","adventskalender celebration","celebration圣诞倒数日历"
"deu_Latn","adventskalender conni 2025","2025年conni圣诞倒数日历"
"deu_Latn","adventskalender countdown","倒计时圣诞倒数日历"
"deu_Latn","adventskalender dr oetker","droetker圣诞倒数日历"
"deu_Latn","adventskalender dragon ball","《龙珠》圣诞倒数日历"
"deu_Latn","adventskalender einhörner","Einhörner圣诞倒数日历"
"deu_Latn","adventskalender erdnüsse","Erdnüsse圣诞倒数日历"
"deu_Latn","adventskalender erwachsen","erwachsen圣诞倒数日历"
"deu_Latn","adventskalender erwachsene essen","成人食品圣诞倒数日历"
"deu_Latn","adventskalender füllen erwachsene","填充成人圣诞倒数日历"
"deu_Latn","adventskalender füllung 3 jähriger","3Jähriger圣诞倒数日历填充物"
"deu_Latn","adventskalender füllung 9 jahre","9岁圣诞倒数日历填充物"
"deu_Latn","adventskalender füllung grundschule","grundschule圣诞倒数日历填充物"
"deu_Latn","adventskalender füllung herren","男士圣诞倒数日历填充物"
"deu_Latn","adventskalender für 13 jährige","13岁圣诞倒数日历"
"deu_Latn","adventskalender für frauen kosmetik","女士化妆品圣诞倒数日历"
"deu_Latn","adventskalender getränke alkoholfrei","饮料酒类frei圣诞倒数日历"
"deu_Latn","adventskalender heidel","heidel圣诞倒数日历"
"deu_Latn","adventskalender hobby","hobby圣诞倒数日历"
"deu_Latn","adventskalender ingwer shot","ingwershot圣诞倒数日历"
"deu_Latn","adventskalender inhalt ideen","创意圣诞倒数日历内装物"
"deu_Latn","adventskalender jewellery","珠宝首饰圣诞倒数日历"
"deu_Latn","adventskalender junge 4","男孩4圣诞倒数日历"
"deu_Latn","adventskalender jungen 10","男孩10圣诞倒数日历"
"deu_Latn","adventskalender jungen 12 jahre lego","12岁男孩乐高圣诞倒数日历"
"deu_Latn","adventskalender jurassic","侏罗纪圣诞倒数日历"
"deu_Latn","adventskalender kaffe","kaffe圣诞倒数日历"
"deu_Latn","adventskalender kanada","kanada圣诞倒数日历"
"deu_Latn","adventskalender kaufen","kaufen圣诞倒数日历"
"deu_Latn","adventskalender keine schokolade","keine巧克力圣诞倒数日历"
"deu_Latn","adventskalender kinder diy","儿童DIY圣诞倒数日历"
"deu_Latn","adventskalender kinder lesen","儿童阅读圣诞倒数日历"
"deu_Latn","adventskalender kitkat 2025","2025年KitKat圣诞倒数日历"
"deu_Latn","adventskalender kleiner prinz","小号王子圣诞倒数日历"
"deu_Latn","adventskalender kreativ handarbeiten","创意handarbeiten圣诞倒数日历"
"deu_Latn","adventskalender krippe lego","马槽乐高圣诞倒数日历"
"deu_Latn","adventskalender laktosefrei schokolade","无乳糖巧克力圣诞倒数日历"
"deu_Latn","adventskalender lavera","lavera圣诞倒数日历"
"deu_Latn","adventskalender leiste holz","leiste木质圣诞倒数日历"
"deu_Latn","adventskalender majorette","majorette圣诞倒数日历"
"deu_Latn","adventskalender merci 2025","2025年Merci圣诞倒数日历"
"deu_Latn","adventskalender mit bilder","图片圣诞倒数日历"
"deu_Latn","adventskalender mit deko","装饰圣诞倒数日历"
"deu_Latn","adventskalender mit schnaps","烈酒圣诞倒数日历"
"deu_Latn","adventskalender mädchen pferd","女孩马圣诞倒数日历"
"deu_Latn","adventskalender mädchen selbst befüllen","女孩可自行填充圣诞倒数日历"
"deu_Latn","adventskalender männer günstig","男士实惠圣诞倒数日历"
"deu_Latn","adventskalender männer pflegeprodukte","男士pflegeprodukte圣诞倒数日历"
"deu_Latn","adventskalender nuss schokolade","坚果巧克力圣诞倒数日历"
"deu_Latn","adventskalender playmobil feuerwehr","Playmobil消防队圣诞倒数日历"
"deu_Latn","adventskalender puppenkleidung","puppenkleidung圣诞倒数日历"
"deu_Latn","adventskalender rennrad","rennrad圣诞倒数日历"
"deu_Latn","adventskalender rubble und crew","rubblecrew圣诞倒数日历"
"deu_Latn","adventskalender schmuck pandora","珠宝首饰Pandora圣诞倒数日历"
"deu_Latn","adventskalender siebenschläfer","Siebenschläfer圣诞倒数日历"
"deu_Latn","adventskalender snacks salzig","零食salzig圣诞倒数日历"
"deu_Latn","adventskalender tierfiguren","动物玩偶圣诞倒数日历"
"deu_Latn","adventskalender tonies","tonies圣诞倒数日历"
"deu_Latn","adventskalender tüten junge","纸袋男孩圣诞倒数日历"
"deu_Latn","adventskalender unter 15 euro","15欧元圣诞倒数日历"
"deu_Latn","adventskalender von makita","牧田圣诞倒数日历"
"deu_Latn","adventskalender whey protein","whey蛋白质圣诞倒数日历"
"deu_Latn","adventskalender zahlen aufkleber klein","数字贴纸小号圣诞倒数日历"
"deu_Latn","adventskalender zum aufhängen kinder","悬挂式儿童圣诞倒数日历"
"deu_Latn","adventskalender zum befüllen gondel","可填充gondel圣诞倒数日历"
"deu_Latn","adventskalender zum befüllen häuser groß","可填充房屋大号圣诞倒数日历"
"deu_Latn","adventskalender zum befüllen kinder xxl","可填充儿童XXL圣诞倒数日历"
"deu_Latn","adventskalender zum malen","涂色圣诞倒数日历"
"deu_Latn","adventskalender öl","ÖL圣诞倒数日历"
"deu_Latn","adventskalender- füllung kinder","儿童圣诞倒数日历填充物"
"deu_Latn","affirmationskarten adventskalender","affirmationskarten圣诞倒数日历"
"deu_Latn","amazon adventskalender 2025 kinder","2025年亚马逊儿童圣诞倒数日历"
"deu_Latn","ankerkraut adventskalender 2025 deluxe","2025年Ankerkraut豪华圣诞倒数日历"
"deu_Latn","asam beauty magic finish adventskalender 2025","2025年ASAM美妆魔法finish圣诞倒数日历"
"deu_Latn","bad adventskalender 2025 kinder","2025年bad儿童圣诞倒数日历"
"deu_Latn","badespass adventskalender","badespass圣诞倒数日历"
"deu_Latn","bausteine adventskalender 2025","2025年积木圣诞倒数日历"
"deu_Latn","beauty adventskalender 2025 männer","2025年美妆男士圣诞倒数日历"
"deu_Latn","beliebte adventskalender 2025","2025年beliebte圣诞倒数日历"
"deu_Latn","blue bricks adventskalender","bluebricks圣诞倒数日历"
"deu_Latn","bodylab adventskalender","bodylab圣诞倒数日历"
"deu_Latn","braut adventskalender","braut圣诞倒数日历"
"deu_Latn","bundesliga adventskalender 2025/26","2025年bundesliga26圣诞倒数日历"
"deu_Latn","bvb adventskalender 2025 schokolade","2025年BVB巧克力圣诞倒数日历"
"deu_Latn","chipsfrisch adventskalender","chipsfrisch圣诞倒数日历"
"deu_Latn","conni bunter adventskalender","connibunter圣诞倒数日历"
"deu_Latn","der etwas andere adventskalender","etwasandere圣诞倒数日历"
"deu_Latn","der zauberhafte adventskalender für babys","zauberhafte婴幼儿圣诞倒数日历"
"deu_Latn","dewalt adventskalender 2025","2025年dewalt圣诞倒数日历"
"deu_Latn","die 3 adventskalender","3圣诞倒数日历"
"deu_Latn","die besten adventskalender 2025","2025年besten圣诞倒数日历"
"deu_Latn","die weihnachtsgeschichte adventskalender","weihnachtsgeschichte圣诞倒数日历"
"deu_Latn","duftkerze adventskalender 2025","2025年duftkerze圣诞倒数日历"
"deu_Latn","engelbert strauss adventskalender werkzeug 2025","2025年Engelbert Strauss工具圣诞倒数日历"
"deu_Latn","entenhausen adventskalender","entenhausen圣诞倒数日历"
"deu_Latn","entspannung adventskalender","entspannung圣诞倒数日历"
"deu_Latn","essence adventskalender 2023","2023年essence圣诞倒数日历"
"deu_Latn","essence little x-mas wonder adventskalender 2025","2025年essence小型xmaswonder圣诞倒数日历"
"deu_Latn","fidget toys adventskalender 2025","2025年解压玩具圣诞倒数日历"
"deu_Latn","folia adventskalender winterland","foliawinterland圣诞倒数日历"
"deu_Latn","fußball adventskalender fc bayern","足球拜仁慕尼黑圣诞倒数日历"
"deu_Latn","füllung adventskalender baby 1 jahr","1岁婴幼儿圣诞倒数日历填充物"
"deu_Latn","füllungen für adventskalender kinder","儿童圣诞倒数日历填充物"
"deu_Latn","geschenke männer adventskalender","礼物男士圣诞倒数日历"
"deu_Latn","gewürz adventskalender ankerkraut","香料Ankerkraut圣诞倒数日历"
"deu_Latn","granny square adventskalender","grannysquare圣诞倒数日历"
"deu_Latn","gärtner adventskalender","园丁圣诞倒数日历"
"deu_Latn","hagel adventskalender","hagel圣诞倒数日历"
"deu_Latn","horses of waterfall adventskalender","horsesofwaterfall圣诞倒数日历"
"deu_Latn","jack daniels adventskalender 2025","2025年jackdaniels圣诞倒数日历"
"deu_Latn","jane austen adventskalender","janeausten圣诞倒数日历"
"deu_Latn","jean and lean adventskalender","jeanandlean圣诞倒数日历"
"deu_Latn","jelly beans adventskalender 2025","2025年jellybeans圣诞倒数日历"
"deu_Latn","jute adventskalender zum befüllen","黄麻可填充圣诞倒数日历"
"deu_Latn","kaffeepads adventskalender 2025","2025年kaffeepads圣诞倒数日历"
"deu_Latn","karton adventskalender","karton圣诞倒数日历"
"deu_Latn","kekse adventskalender","饼干圣诞倒数日历"
"deu_Latn","kinder adventskalender 2025 zug","2025年儿童火车圣诞倒数日历"
"deu_Latn","klassischer adventskalender","klassischer圣诞倒数日历"
"deu_Latn","kleine böse buch adventskalender 2025","2025年小号邪恶书籍圣诞倒数日历"
"deu_Latn","kleiner adventskalender mann","小号男士圣诞倒数日历"
"deu_Latn","kleinigkeiten für adventskalender kinder 2 jahre","2岁小物儿童圣诞倒数日历"
"deu_Latn","kleinigkeiten für kinder adventskalender","小物儿童圣诞倒数日历"
"deu_Latn","kleinster adventskalender","kleinster圣诞倒数日历"
"deu_Latn","knipex adventskalender","knipex圣诞倒数日历"
"deu_Latn","knobel adventskalender kinder","益智儿童圣诞倒数日历"
"deu_Latn","kosmetik adventskalender 2025 mädchen","2025年化妆品女孩圣诞倒数日历"
"deu_Latn","lauenstein adventskalender 2025","2025年lauenstein圣诞倒数日历"
"deu_Latn","lego adventskalender spiderman","乐高《蜘蛛侠》圣诞倒数日历"
"deu_Latn","lego krippe adventskalender","乐高马槽圣诞倒数日历"
"deu_Latn","lego minecraft adventskalender 2024","2024年乐高《我的世界》圣诞倒数日历"
"deu_Latn","lindt adventskalender kinder","瑞士莲儿童圣诞倒数日历"
"deu_Latn","magnetische bausteine adventskalender","magnetischebausteine圣诞倒数日历"
"deu_Latn","masken adventskalender","面膜圣诞倒数日历"
"deu_Latn","minecraft socken adventskalender","《我的世界》袜子圣诞倒数日历"
"deu_Latn","mini geschenke für adventskalender frauen","迷你礼物女士圣诞倒数日历"
"deu_Latn","mini schokolade adventskalender","迷你巧克力圣诞倒数日历"
"deu_Latn","minibuch adventskalender","minibuch圣诞倒数日历"
"deu_Latn","mochi squishy adventskalender","mochisquishy圣诞倒数日历"
"deu_Latn","musiker adventskalender","musiker圣诞倒数日历"
"deu_Latn","mymochi beauty adventskalender","mymochi美妆圣诞倒数日历"
"deu_Latn","mädchen adventskalender 2 jahre","2岁女孩圣诞倒数日历"
"deu_Latn","nerd adventskalender 2025","2025年nerd圣诞倒数日历"
"deu_Latn","norwegischer adventskalender","norwegischer圣诞倒数日历"
"deu_Latn","nägel adventskalender 2025","2025年指甲圣诞倒数日历"
"deu_Latn","oh shanti adventskalender 2025","2025年ohshanti圣诞倒数日历"
"deu_Latn","ohne dich ist alles doof adventskalender","istallesdoof圣诞倒数日历"
"deu_Latn","oma gegen opa adventskalender","祖母gegen祖父圣诞倒数日历"
"deu_Latn","one pice adventskalender","onepice圣诞倒数日历"
"deu_Latn","opa adventskalender 2025","2025年祖父圣诞倒数日历"
"deu_Latn","parfum herren adventskalender","香水男士圣诞倒数日历"
"deu_Latn","playmobil ritter adventskalender","PlaymobilRitter圣诞倒数日历"
"deu_Latn","playstation 5 adventskalender","PlayStation5圣诞倒数日历"
"deu_Latn","pokemon adventskalender figuren","宝可梦玩偶圣诞倒数日历"
"deu_Latn","purelei adventskalender 2023 rosegold","2023年PURELEIrosegold圣诞倒数日历"
"deu_Latn","pusheen adventskalender 2025","2025年pusheen圣诞倒数日历"
"deu_Latn","reishunger adventskalender 2025","2025年reishunger圣诞倒数日历"
"deu_Latn","revell adventskalender rc crawler","Revellrccrawler圣诞倒数日历"
"deu_Latn","romantischer adventskalender","浪漫圣诞倒数日历"
"deu_Latn","roth adventskalender 2025","2025年roth圣诞倒数日历"
"deu_Latn","ruf porridge adventskalender","rufporridge圣诞倒数日历"
"deu_Latn","schmuck-adventskalender","珠宝首饰圣诞倒数日历"
"deu_Latn","seifen adventskalender","seifen圣诞倒数日历"
"deu_Latn","senf adventskalender","senf圣诞倒数日历"
"deu_Latn","simpson adventskalender","simpson圣诞倒数日历"
"deu_Latn","skittles adventskalender","skittles圣诞倒数日历"
"deu_Latn","squish adventskalender","squish圣诞倒数日历"
"deu_Latn","star wars adventskalender 2025 lego","2025年《星球大战》乐高圣诞倒数日历"
"deu_Latn","stift adventskalender","stift圣诞倒数日历"
"deu_Latn","stranger things funko pop adventskalender 2025","2025年《怪奇物语》Funko Pop圣诞倒数日历"
"deu_Latn","stricken adventskalender","编织圣诞倒数日历"
"deu_Latn","sugar gang adventskalender klein","sugargang小号圣诞倒数日历"
"deu_Latn","superfood adventskalender","superfood圣诞倒数日历"
"deu_Latn","swarovski adventskalender","swarovski圣诞倒数日历"
"deu_Latn","tabletop adventskalender","tabletop圣诞倒数日历"
"deu_Latn","taschen adventskalender","包袋圣诞倒数日历"
"deu_Latn","true crime adventskalender 2025","2025年true推理圣诞倒数日历"
"deu_Latn","uv nagellack adventskalender","uv指甲油圣诞倒数日历"
"deu_Latn","von bülow lakritz adventskalender","Bülow甘草糖圣诞倒数日历"
"deu_Latn","wildtopia adventskalender","wildtopia圣诞倒数日历"
"deu_Latn","wohnmobil adventskalender","wohnmobil圣诞倒数日历"
"deu_Latn","zahlen für adventskalender holz","数字木质圣诞倒数日历"
"deu_Latn","zaubertrick adventskalender","zaubertrick圣诞倒数日历"
"deu_Latn","zero potential adventskalender","zeropotential圣诞倒数日历"
"deu_Latn","rum weihnachtskalender","朗姆酒圣诞倒数日历"
"deu_Latn","schmuck weihnachtskalender","珠宝首饰圣诞倒数日历"
"deu_Latn","tonie weihnachtskalender","tonie圣诞倒数日历"
"deu_Latn","weihnachtskalender 2025 für mädchen","2025年女孩圣诞倒数日历"
"deu_Latn","weihnachtskalender 2025 hot wheels","2025年风火轮圣诞倒数日历"
"deu_Latn","weihnachtskalender 2025 süßigkeiten","2025年糖果圣诞倒数日历"
"deu_Latn","weihnachtskalender 2025 whisky","2025年威士忌圣诞倒数日历"
"deu_Latn","weihnachtskalender frauen kosmetik","女士化妆品圣诞倒数日历"
"deu_Latn","weihnachtskalender pralinen","巧克力糖圣诞倒数日历"
"deu_Latn","weihnachtskalender spielzeug","玩具圣诞倒数日历"
"deu_Latn","kinder advent calendar","儿童圣诞倒数日历"
"deu_Latn","'adventskalender barbie","芭比圣诞倒数日历"
"deu_Latn","'adventskalender geschenke","礼物圣诞倒数日历"
"deu_Latn","'adventskalender stitch","史迪奇圣诞倒数日历"
"deu_Latn","adventskalender 1. klasse","1klasse圣诞倒数日历"
"deu_Latn","adventskalender 15 euro","15欧元圣诞倒数日历"
"deu_Latn","adventskalender 2025 10 euro","2025年10欧元圣诞倒数日历"
"deu_Latn","adventskalender 2025 buch frauen","2025年书籍女士圣诞倒数日历"
"deu_Latn","adventskalender 2025 buchliebhaber","2025年buchliebhaber圣诞倒数日历"
"deu_Latn","adventskalender 2025 düfte","2025年香氛圣诞倒数日历"
"deu_Latn","adventskalender 2025 erwachsene essen","2025年成人食品圣诞倒数日历"
"deu_Latn","adventskalender 2025 frauen babor","2025年女士babor圣诞倒数日历"
"deu_Latn","adventskalender 2025 frauen dm","2025年女士dm圣诞倒数日历"
"deu_Latn","adventskalender 2025 fußball karten","2025年足球卡片圣诞倒数日历"
"deu_Latn","adventskalender 2025 für jugendliche","2025年青少年圣诞倒数日历"
"deu_Latn","adventskalender 2025 für mütter","2025年母亲圣诞倒数日历"
"deu_Latn","adventskalender 2025 kinder 8 jahre junge","2025年8岁儿童男孩圣诞倒数日历"
"deu_Latn","adventskalender 2025 kinder ab 10 jahre","2025年10岁以上儿童圣诞倒数日历"
"deu_Latn","adventskalender 2025 kinder ab 6 jahre","2025年6岁以上儿童圣诞倒数日历"
"deu_Latn","adventskalender 2025 kinder edelsteine","2025年儿童宝石圣诞倒数日历"
"deu_Latn","adventskalender 2025 kinder ehrlich brothers","2025年儿童Ehrlich Brothers圣诞倒数日历"
"deu_Latn","adventskalender 2025 kinder jungen 5 jahre","2025年5岁儿童男孩圣诞倒数日历"
"deu_Latn","adventskalender 2025 kinder lego city","2025年儿童乐高城市圣诞倒数日历"
"deu_Latn","adventskalender 2025 kinder pringles","2025年儿童Pringles圣诞倒数日历"
"deu_Latn","adventskalender 2025 kinder puzzle","2025年儿童拼图圣诞倒数日历"
"deu_Latn","adventskalender 2025 knabbereien","2025年零食圣诞倒数日历"
"deu_Latn","adventskalender 2025 köln","2025年Köln圣诞倒数日历"
"deu_Latn","adventskalender 2025 landwirt","2025年landwirt圣诞倒数日历"
"deu_Latn","adventskalender 2025 lindt ohne alkohol","2025年瑞士莲无酒精圣诞倒数日历"
"deu_Latn","adventskalender 2025 mädchen baby born","2025年女孩Baby Born圣诞倒数日历"
"deu_Latn","adventskalender 2025 männer axe","2025年男士axe圣诞倒数日历"
"deu_Latn","adventskalender 2025 männer essen","2025年男士食品圣诞倒数日历"
"deu_Latn","adventskalender 2025 männer rätsel","2025年男士谜题圣诞倒数日历"
"deu_Latn","adventskalender 2025 männer sexy","2025年男士情趣圣诞倒数日历"
"deu_Latn","adventskalender 2025 shots säfte","2025年shots果汁圣诞倒数日历"
"deu_Latn","adventskalender 2025 spiel","2025年spiel圣诞倒数日历"
"deu_Latn","adventskalender 2025 star trek","2025年startrek圣诞倒数日历"
"deu_Latn","adventskalender 2025 winnie pooh","2025年winniepooh圣诞倒数日历"
"deu_Latn","adventskalender 2025 würth","2025年Würth圣诞倒数日历"
"deu_Latn","adventskalender 24 gründe warum ich dich liebe","24个我爱你的理由圣诞倒数日历"
"deu_Latn","adventskalender 6-12 monate","12个月6圣诞倒数日历"
"deu_Latn","adventskalender amazon kinder","亚马逊儿童圣诞倒数日历"
"deu_Latn","adventskalender apotheke","apotheke圣诞倒数日历"
"deu_Latn","adventskalender ars edition","ars版圣诞倒数日历"
"deu_Latn","adventskalender badewanne kinder","badewanne儿童圣诞倒数日历"
"deu_Latn","adventskalender balea mädchen","Balea女孩圣诞倒数日历"
"deu_Latn","adventskalender bauset","bauset圣诞倒数日历"
"deu_Latn","adventskalender bio produkte","有机produkte圣诞倒数日历"
"deu_Latn","adventskalender bis 30 euro","30欧元圣诞倒数日历"
"deu_Latn","adventskalender body","身体圣诞倒数日历"
"deu_Latn","adventskalender book","书籍圣诞倒数日历"
"deu_Latn","adventskalender buch jungen","书籍男孩圣诞倒数日历"
"deu_Latn","adventskalender ddr süßigkeiten","DDR糖果圣诞倒数日历"
"deu_Latn","adventskalender fingernägel","指甲圣诞倒数日历"
"deu_Latn","adventskalender fitness frauen","健身女士圣诞倒数日历"
"deu_Latn","adventskalender frauen schmuck silber","女士珠宝首饰银色圣诞倒数日历"
"deu_Latn","adventskalender für 12-jährige mädchen","12岁女孩圣诞倒数日历"
"deu_Latn","adventskalender für eltern 2025","2025年父母圣诞倒数日历"
"deu_Latn","adventskalender für landwirte","landwirte圣诞倒数日历"
"deu_Latn","adventskalender für meinen mann","meinen男士圣诞倒数日历"
"deu_Latn","adventskalender für männer sexy","男士情趣圣诞倒数日历"
"deu_Latn","adventskalender für teenager-mädchen","青少年女孩圣诞倒数日历"
"deu_Latn","adventskalender gay","gay圣诞倒数日历"
"deu_Latn","adventskalender geschenke mann","礼物男士圣诞倒数日历"
"deu_Latn","adventskalender gewürze und öle","香料和油圣诞倒数日历"
"deu_Latn","adventskalender girl","女孩圣诞倒数日历"
"deu_Latn","adventskalender hochzeit","hochzeit圣诞倒数日历"
"deu_Latn","adventskalender holly","holly圣诞倒数日历"
"deu_Latn","adventskalender horror figuren","恐怖玩偶圣诞倒数日历"
"deu_Latn","adventskalender hundefiguren","狗狗玩偶圣诞倒数日历"
"deu_Latn","adventskalender ideen zum befüllen teenager","创意可填充青少年圣诞倒数日历"
"deu_Latn","adventskalender in der dose kinder","罐装儿童圣诞倒数日历"
"deu_Latn","adventskalender international","国际圣诞倒数日历"
"deu_Latn","adventskalender kinder bluey","儿童Bluey圣诞倒数日历"
"deu_Latn","adventskalender kinder essen","儿童食品圣诞倒数日历"
"deu_Latn","adventskalender kinder gesund","儿童健康圣诞倒数日历"
"deu_Latn","adventskalender kinder mädchen 10 jahre","10岁儿童女孩圣诞倒数日历"
"deu_Latn","adventskalender kinder stoff","儿童布艺圣诞倒数日历"
"deu_Latn","adventskalender kinderschokolade xxl","儿童巧克力XXL圣诞倒数日历"
"deu_Latn","adventskalender kleinigkeit","小物圣诞倒数日历"
"deu_Latn","adventskalender lego blume","乐高blume圣诞倒数日历"
"deu_Latn","adventskalender lego spiderman","乐高《蜘蛛侠》圣诞倒数日历"
"deu_Latn","adventskalender lkw fahrer","lkwfahrer圣诞倒数日历"
"deu_Latn","adventskalender mandala","mandala圣诞倒数日历"
"deu_Latn","adventskalender mann und frau","男士女士圣诞倒数日历"
"deu_Latn","adventskalender metabo","metabo圣诞倒数日历"
"deu_Latn","adventskalender mit schubladen","抽屉圣诞倒数日历"
"deu_Latn","adventskalender mon cherie 2025","2025年Mon Chéri圣诞倒数日历"
"deu_Latn","adventskalender mops","mops圣诞倒数日历"
"deu_Latn","adventskalender mädchen 7","女孩7圣诞倒数日历"
"deu_Latn","adventskalender mädchen malen","女孩涂色圣诞倒数日历"
"deu_Latn","adventskalender männer angeln","男士钓鱼圣诞倒数日历"
"deu_Latn","adventskalender nespresso 2025","2025年nespresso圣诞倒数日历"
"deu_Latn","adventskalender non food","nonfood圣诞倒数日历"
"deu_Latn","adventskalender nordsee","nordsee圣诞倒数日历"
"deu_Latn","adventskalender ohrringe silber","耳环银色圣诞倒数日历"
"deu_Latn","adventskalender pflegekräfte","Pflegekräfte圣诞倒数日历"
"deu_Latn","adventskalender plus plus","Plus圣诞倒数日历"
"deu_Latn","adventskalender positiv","positiv圣诞倒数日历"
"deu_Latn","adventskalender roland kaiser","rolandkaiser圣诞倒数日历"
"deu_Latn","adventskalender rotkäppchen","小红帽圣诞倒数日历"
"deu_Latn","adventskalender schlangen","蛇圣诞倒数日历"
"deu_Latn","adventskalender supernatural","supernatural圣诞倒数日历"
"deu_Latn","adventskalender tag und nacht","tagnacht圣诞倒数日历"
"deu_Latn","adventskalender teens jungs","青少年男孩圣诞倒数日历"
"deu_Latn","adventskalender tony schokolade","tony巧克力圣诞倒数日历"
"deu_Latn","adventskalender tuchmasken","面膜圣诞倒数日历"
"deu_Latn","adventskalender uhren","钟表圣诞倒数日历"
"deu_Latn","adventskalender ungewöhnlich","独特圣诞倒数日历"
"deu_Latn","adventskalender verliebte","verliebte圣诞倒数日历"
"deu_Latn","adventskalender waffen","waffen圣诞倒数日历"
"deu_Latn","adventskalender weihnachten","圣诞倒数日历"
"deu_Latn","adventskalender werkzeug wera","工具Wera圣诞倒数日历"
"deu_Latn","adventskalender whiskey 2025","2025年威士忌圣诞倒数日历"
"deu_Latn","adventskalender zahlen zum aufkleben","数字aufkleben圣诞倒数日历"
"deu_Latn","adventskalender zum befüllen große säckchen","可填充大号圣诞倒数日历小袋"
"deu_Latn","affirmations adventskalender","affirmations圣诞倒数日历"
"deu_Latn","after eight adventskalender 2025 turm","2025年After Eightturm圣诞倒数日历"
"deu_Latn","amazon adventskalender 2025 männer","2025年亚马逊男士圣诞倒数日历"
"deu_Latn","aquabeads adventskalender","aquabeads圣诞倒数日历"
"deu_Latn","asiatischer adventskalender 2025","2025年asiatischer圣诞倒数日历"
"deu_Latn","attack on titan adventskalender","attackontitan圣诞倒数日历"
"deu_Latn","badeschaum adventskalender","badeschaum圣诞倒数日历"
"deu_Latn","barca adventskalender","barca圣诞倒数日历"
"deu_Latn","bayerisches bier adventskalender","bayerisches啤酒圣诞倒数日历"
"deu_Latn","beaty adventskalender","beaty圣诞倒数日历"
"deu_Latn","bester männer adventskalender","bester男士圣诞倒数日历"
"deu_Latn","bilder adventskalender nostalgisch glitzer","图片怀旧闪粉圣诞倒数日历"
"deu_Latn","bio snacks adventskalender","有机零食圣诞倒数日历"
"deu_Latn","black friday angebote 2025 adventskalender","2025年blackfridayangebote圣诞倒数日历"
"deu_Latn","body attack adventskalender","bodyattack圣诞倒数日历"
"deu_Latn","buch adventskalender 2025 erwachsene","2025年书籍成人圣诞倒数日历"
"deu_Latn","center shock adventskalender","centershock圣诞倒数日历"
"deu_Latn","checker marina adventskalender","checkermarina圣诞倒数日历"
"deu_Latn","claas adventskalender 2025","2025年claas圣诞倒数日历"
"deu_Latn","corgi adventskalender","corgi圣诞倒数日历"
"deu_Latn","creme adventskalender","面霜圣诞倒数日历"
"deu_Latn","demon hunters adventskalender 2025","2025年圣诞倒数日历"
"deu_Latn","der 10 minuten airfryer adventskalender","10分钟airfryer圣诞倒数日历"
"deu_Latn","douglas adventskalender 2025 men","2025年Douglas男士圣诞倒数日历"
"deu_Latn","douglas adventskalender männer","Douglas男士圣诞倒数日历"
"deu_Latn","echtschmuck adventskalender","echtschmuck圣诞倒数日历"
"deu_Latn","escape room adventskalender buch","密室逃脱书籍圣诞倒数日历"
"deu_Latn","eucerin adventskalender","eucerin圣诞倒数日历"
"deu_Latn","exit games adventskalender 2025","2025年EXIT游戏圣诞倒数日历"
"deu_Latn","ferngesteuertes auto adventskalender","ferngesteuertes汽车圣诞倒数日历"
"deu_Latn","ferrari adventskalender 2025","2025年ferrari圣诞倒数日历"
"deu_Latn","ford mustang adventskalender 2025","2025年fordmustang圣诞倒数日历"
"deu_Latn","formel 1 adventskalender 2025 mclaren","2025年formel1mclaren圣诞倒数日历"
"deu_Latn","freundinnen adventskalender 2025","2025年女性朋友圣诞倒数日历"
"deu_Latn","fruchtbar adventskalender","fruchtbar圣诞倒数日历"
"deu_Latn","funko pop adventskalender stranger","Funko Popstranger圣诞倒数日历"
"deu_Latn","füllung adventskalender teenager mädchen","青少年女孩圣诞倒数日历填充物"
"deu_Latn","geschenkideen adventskalender kinder","geschenkideen儿童圣诞倒数日历"
"deu_Latn","gesundheit adventskalender","gesundheit圣诞倒数日历"
"deu_Latn","große adventskalender säckchen","大号小袋圣诞倒数日历"
"deu_Latn","grüffelo adventskalender 2025","2025年Grüffelo圣诞倒数日历"
"deu_Latn","h0 adventskalender","H0圣诞倒数日历"
"deu_Latn","herzhafte adventskalender","herzhafte圣诞倒数日历"
"deu_Latn","historischer adventskalender","historischer圣诞倒数日历"
"deu_Latn","horse adventskalender","马匹圣诞倒数日历"
"deu_Latn","ice adventskalender 2025 für paare","2025年ice情侣圣诞倒数日历"
"deu_Latn","ikea adventskalender","ikea圣诞倒数日历"
"deu_Latn","irischer adventskalender","irischer圣诞倒数日历"
"deu_Latn","katzen adventskalender 2025 spielzeug","2025年猫咪玩具圣诞倒数日历"
"deu_Latn","kelly adventskalender","kelly圣诞倒数日历"
"deu_Latn","kerastase adventskalender 2025","2025年kerastase圣诞倒数日历"
"deu_Latn","kinder & co adventskalender","儿童co圣诞倒数日历"
"deu_Latn","kleine spiele für adventskalender","小号游戏圣诞倒数日历"
"deu_Latn","kleinigkeiten für adventskalender kinder 1 jahr","1岁小物儿童圣诞倒数日历"
"deu_Latn","klopfer adventskalender 2023","2023年klopfer圣诞倒数日历"
"deu_Latn","korea adventskalender 2025","2025年korea圣诞倒数日历"
"deu_Latn","kusmi tea adventskalender","kusmitea圣诞倒数日历"
"deu_Latn","lakritz adventskalender 2025 bülow","2025年甘草糖Bülow圣诞倒数日历"
"deu_Latn","leere adventskalender","空白圣诞倒数日历"
"deu_Latn","lego figuren adventskalender","乐高玩偶圣诞倒数日历"
"deu_Latn","lego frozen adventskalender 2025","2025年乐高冰雪奇缘圣诞倒数日历"
"deu_Latn","lieblingsmensch adventskalender","lieblingsmensch圣诞倒数日历"
"deu_Latn","lindt mini tisch adventskalender","瑞士莲迷你桌面圣诞倒数日历"
"deu_Latn","literatur adventskalender","文学圣诞倒数日历"
"deu_Latn","makita adventskalender 2024","2024年牧田圣诞倒数日历"
"deu_Latn","medizinische adventskalender","medizinische圣诞倒数日历"
"deu_Latn","mein großer adventskalender tiptoi","大号tiptoi圣诞倒数日历"
"deu_Latn","milka schokolade adventskalender","Milka巧克力圣诞倒数日历"
"deu_Latn","mini adventskalender schokolinsen","迷你巧克力豆圣诞倒数日历"
"deu_Latn","moo free adventskalender","moofree圣诞倒数日历"
"deu_Latn","moped adventskalender","moped圣诞倒数日历"
"deu_Latn","motorsport adventskalender","motorsport圣诞倒数日历"
"deu_Latn","my little pony adventskalender 2025","2025年小马宝莉圣诞倒数日历"
"deu_Latn","mädchen adventskalender 9 jahre","9岁女孩圣诞倒数日历"
"deu_Latn","männer geschenke für adventskalender","男士礼物圣诞倒数日历"
"deu_Latn","omas adventskalender 2025","2025年omas圣诞倒数日历"
"deu_Latn","ostmann adventskalender","ostmann圣诞倒数日历"
"deu_Latn","panini adventskalender","panini圣诞倒数日历"
"deu_Latn","parfüm adventskalender 2025 frauen","2025年香水女士圣诞倒数日历"
"deu_Latn","pen and paper adventskalender","penandpaper圣诞倒数日历"
"deu_Latn","pixie bücher adventskalender","Pixie书籍圣诞倒数日历"
"deu_Latn","pixum adventskalender","pixum圣诞倒数日历"
"deu_Latn","playmobil adventskalender weihnachten","Playmobil圣诞倒数日历"
"deu_Latn","playmobil mädchen adventskalender","Playmobil女孩圣诞倒数日历"
"deu_Latn","pokemon kalender adventskalender","宝可梦圣诞倒数日历"
"deu_Latn","pow patrol adventskalender","powpatrol圣诞倒数日历"
"deu_Latn","premium spirituosen adventskalender 2025","2025年高端酒类圣诞倒数日历"
"deu_Latn","reishunger adventskalender","reishunger圣诞倒数日历"
"deu_Latn","rennrad adventskalender","rennrad圣诞倒数日历"
"deu_Latn","revel adventskalender","revel圣诞倒数日历"
"deu_Latn","rotbäckchen saft adventskalender","Rotbäckchensaft圣诞倒数日历"
"deu_Latn","ruby adventskalender","ruby圣诞倒数日历"
"deu_Latn","salus adventskalender 2025","2025年salus圣诞倒数日历"
"deu_Latn","satisfyer adventskalender 2025","2025年satisfyer圣诞倒数日历"
"deu_Latn","saunaaufguss adventskalender","saunaaufguss圣诞倒数日历"
"deu_Latn","schleich adventskalender 2025 horse club","2025年Schleich马匹俱乐部圣诞倒数日历"
"deu_Latn","schlumpf adventskalender","schlumpf圣诞倒数日历"
"deu_Latn","selbstgebastelter adventskalender","selbstgebastelter圣诞倒数日历"
"deu_Latn","star wars socken adventskalender","《星球大战》袜子圣诞倒数日历"
"deu_Latn","super wings adventskalender","superwings圣诞倒数日历"
"deu_Latn","taba squishy adventskalender","tabasquishy圣诞倒数日历"
"deu_Latn","triathlon adventskalender","triathlon圣诞倒数日历"
"deu_Latn","vape adventskalender","vape圣诞倒数日历"
"deu_Latn","verpackung für adventskalender","圣诞倒数日历包装"
"deu_Latn","vw bulli adventskalender 2025","2025年vwbulli圣诞倒数日历"
"deu_Latn","weihnachtspuzzle adventskalender","weihnachtspuzzle圣诞倒数日历"
"deu_Latn","weisse schokolade adventskalender","白巧克力圣诞倒数日历"
"deu_Latn","youtube adventskalender","youtube圣诞倒数日历"
"deu_Latn","ü-eier adventskalender 2025","2025年Ü-Eier圣诞倒数日历"
"deu_Latn","baby weihnachtskalender","婴幼儿圣诞倒数日历"
"deu_Latn","füllung für weihnachtskalender","圣诞倒数日历填充物"
"deu_Latn","pferde weihnachtskalender","马匹圣诞倒数日历"
"deu_Latn","weihnachtskalender 2025 douglas","2025年Douglas圣诞倒数日历"
"deu_Latn","weihnachtskalender 2025 minecraft","2025年《我的世界》圣诞倒数日历"
"deu_Latn","weihnachtskalender anime","动漫圣诞倒数日历"
"deu_Latn","weihnachtskalender kinder lego","儿童乐高圣诞倒数日历"
"deu_Latn","weihnachtskalender kleinkind","幼儿圣诞倒数日历"
"deu_Latn","weihnachtskalender kosmetik teenager","化妆品青少年圣诞倒数日历"
"deu_Latn","weihnachtskalender lego blumen","乐高花卉圣诞倒数日历"
"deu_Latn","weihnachtskalender marmelade","果酱圣诞倒数日历"
"deu_Latn","weihnachtskalender pferde","马匹圣诞倒数日历"
"deu_Latn","weihnachtskalender rätsel erwachsene","谜题成人圣诞倒数日历"
"deu_Latn","weihnachtskalender selbst befüllen xxl","可自行填充XXL圣诞倒数日历"
"deu_Latn","'adventskalender hund","狗狗圣诞倒数日历"
"deu_Latn","24 säckchen für adventskalender","24小袋圣诞倒数日历"
"deu_Latn","achtsamkeit adventskalender kinder","正念儿童圣诞倒数日历"
"deu_Latn","adventskalender 2025 8 jahre","2025年8岁圣诞倒数日历"
"deu_Latn","adventskalender 2025 aperol","2025年aperol圣诞倒数日历"
"deu_Latn","adventskalender 2025 boys","2025年男孩圣诞倒数日历"
"deu_Latn","adventskalender 2025 dose","2025年罐装圣诞倒数日历"
"deu_Latn","adventskalender 2025 duschgel","2025年沐浴露圣诞倒数日历"
"deu_Latn","adventskalender 2025 englisch","2025年englisch圣诞倒数日历"
"deu_Latn","adventskalender 2025 eulen","2025年猫头鹰圣诞倒数日历"
"deu_Latn","adventskalender 2025 frauen creme","2025年女士面霜圣诞倒数日历"
"deu_Latn","adventskalender 2025 frauen eis","2025年女士冰淇淋圣诞倒数日历"
"deu_Latn","adventskalender 2025 frauen eis de","2025年女士EIS.de圣诞倒数日历"
"deu_Latn","adventskalender 2025 frauen günstig","2025年女士实惠圣诞倒数日历"
"deu_Latn","adventskalender 2025 frauen puzzle","2025年女士拼图圣诞倒数日历"
"deu_Latn","adventskalender 2025 funny","2025年趣味圣诞倒数日历"
"deu_Latn","adventskalender 2025 für 2","2025年2圣诞倒数日历"
"deu_Latn","adventskalender 2025 für gamer","2025年游戏玩家圣诞倒数日历"
"deu_Latn","adventskalender 2025 harley davidson","2025年harleydavidson圣诞倒数日历"
"deu_Latn","adventskalender 2025 hexen","2025年女巫圣诞倒数日历"
"deu_Latn","adventskalender 2025 hidden games","2025年Hidden 游戏圣诞倒数日历"
"deu_Latn","adventskalender 2025 jungs ab 10","2025年10岁以上男孩圣诞倒数日历"
"deu_Latn","adventskalender 2025 kinder 6 jahre mädchen","2025年6岁儿童女孩圣诞倒数日历"
"deu_Latn","adventskalender 2025 kinder ab 5","2025年5岁以上儿童圣诞倒数日历"
"deu_Latn","adventskalender 2025 kinder disney","2025年儿童迪士尼圣诞倒数日历"
"deu_Latn","adventskalender 2025 kinder gummibärchen","2025年儿童软糖圣诞倒数日历"
"deu_Latn","adventskalender 2025 kinderüberraschung","2025年Kinderüberraschung圣诞倒数日历"
"deu_Latn","adventskalender 2025 malen nach zahlen","2025年涂色nach数字圣诞倒数日历"
"deu_Latn","adventskalender 2025 mädchen 11","2025年女孩11圣诞倒数日历"
"deu_Latn","adventskalender 2025 mädchen schokolade","2025年女孩巧克力圣诞倒数日历"
"deu_Latn","adventskalender 2025 männer rituals","2025年男士Rituals圣诞倒数日历"
"deu_Latn","adventskalender 2025 pflege damen","2025年护理女士圣诞倒数日历"
"deu_Latn","adventskalender 2025 polizei","2025年警察圣诞倒数日历"
"deu_Latn","adventskalender 2025 pringles chips","2025年Pringles薯片圣诞倒数日历"
"deu_Latn","adventskalender 2025 roboter","2025年roboter圣诞倒数日历"
"deu_Latn","adventskalender 2025 schminke kinder","2025年彩妆儿童圣诞倒数日历"
"deu_Latn","adventskalender 2025 snacks aus aller welt","2025年零食世界各地圣诞倒数日历"
"deu_Latn","adventskalender 2025 teens","2025年青少年圣诞倒数日历"
"deu_Latn","adventskalender 2025 trecker","2025年trecker圣诞倒数日历"
"deu_Latn","adventskalender 2025 weihnachtsbaum","2025年weihnachtsbaum圣诞倒数日历"
"deu_Latn","adventskalender 2025 zotter","2025年zotter圣诞倒数日历"
"deu_Latn","adventskalender 2025 zweisamkeit","2025年zweisamkeit圣诞倒数日历"
"deu_Latn","adventskalender 2025kinder","2025年儿童圣诞倒数日历"
"deu_Latn","adventskalender ab 11 jahre","11岁以上圣诞倒数日历"
"deu_Latn","adventskalender ab 9 jahre","9岁以上圣诞倒数日历"
"deu_Latn","adventskalender ausländische süßigkeiten","Ausländische糖果圣诞倒数日历"
"deu_Latn","adventskalender auto männer","汽车男士圣诞倒数日历"
"deu_Latn","adventskalender auto zusammenbauen","汽车组装圣诞倒数日历"
"deu_Latn","adventskalender baileys","baileys圣诞倒数日历"
"deu_Latn","adventskalender beauty douglas","美妆Douglas圣诞倒数日历"
"deu_Latn","adventskalender befüllen groß","可填充大号圣诞倒数日历"
"deu_Latn","adventskalender boyfriend","boyfriend圣诞倒数日历"
"deu_Latn","adventskalender buch rätsel","书籍谜题圣诞倒数日历"
"deu_Latn","adventskalender buldak","buldak圣诞倒数日历"
"deu_Latn","adventskalender bügelbilder","熨烫贴圣诞倒数日历"
"deu_Latn","adventskalender daniela drescher","danieladrescher圣诞倒数日历"
"deu_Latn","adventskalender dior 2025","2025年dior圣诞倒数日历"
"deu_Latn","adventskalender disney erwachsene","迪士尼成人圣诞倒数日历"
"deu_Latn","adventskalender diy männer","DIY男士圣诞倒数日历"
"deu_Latn","adventskalender dolce gusto","dolcegusto圣诞倒数日历"
"deu_Latn","adventskalender dove","dove圣诞倒数日历"
"deu_Latn","adventskalender dragons","dragons圣诞倒数日历"
"deu_Latn","adventskalender duft männer","香氛男士圣诞倒数日历"
"deu_Latn","adventskalender duglas","duglas圣诞倒数日历"
"deu_Latn","adventskalender exit game","EXIT游戏圣诞倒数日历"
"deu_Latn","adventskalender findus","findus圣诞倒数日历"
"deu_Latn","adventskalender frauen pflege","女士护理圣诞倒数日历"
"deu_Latn","adventskalender friseur","friseur圣诞倒数日历"
"deu_Latn","adventskalender füllen frauen","填充女士圣诞倒数日历"
"deu_Latn","adventskalender füllung baby","婴幼儿圣诞倒数日历填充物"
"deu_Latn","adventskalender für 18 jährige mädchen","18岁女孩圣诞倒数日历"
"deu_Latn","adventskalender für 8 jährige jungs","8岁男孩圣诞倒数日历"
"deu_Latn","adventskalender für architekten","architekten圣诞倒数日历"
"deu_Latn","adventskalender für babys 8 monate","8个月婴幼儿圣诞倒数日历"
"deu_Latn","adventskalender für chef","chef圣诞倒数日历"
"deu_Latn","adventskalender für chefin","chefin圣诞倒数日历"
"deu_Latn","adventskalender für juristen","juristen圣诞倒数日历"
"deu_Latn","adventskalender für kinder mädchen","儿童女孩圣诞倒数日历"
"deu_Latn","adventskalender für neugeborene","neugeborene圣诞倒数日历"
"deu_Latn","adventskalender für paare amazon","情侣亚马逊圣诞倒数日历"
"deu_Latn","adventskalender für partnerin","partnerin圣诞倒数日历"
"deu_Latn","adventskalender für teens","青少年圣诞倒数日历"
"deu_Latn","adventskalender genshin impact","genshinimpact圣诞倒数日历"
"deu_Latn","adventskalender geschichte kinder","geschichte儿童圣诞倒数日历"
"deu_Latn","adventskalender graffiti","graffiti圣诞倒数日历"
"deu_Latn","adventskalender große säckchen","大号小袋圣诞倒数日历"
"deu_Latn","adventskalender handwerk","handwerk圣诞倒数日历"
"deu_Latn","adventskalender herren werkzeug","男士工具圣诞倒数日历"
"deu_Latn","adventskalender hogokids","hogokids圣诞倒数日历"
"deu_Latn","adventskalender hogwarts","hogwarts圣诞倒数日历"
"deu_Latn","adventskalender hygge","hygge圣诞倒数日历"
"deu_Latn","adventskalender ideen mädchen","创意女孩圣诞倒数日历"
"deu_Latn","adventskalender ideen zum befüllen mädchen","创意可填充女孩圣诞倒数日历"
"deu_Latn","adventskalender japan 2025","2025年日式圣诞倒数日历"
"deu_Latn","adventskalender junge 11","男孩11圣诞倒数日历"
"deu_Latn","adventskalender kalender","圣诞倒数日历"
"deu_Latn","adventskalender kerzen 1-24 im glas","蜡烛124glas圣诞倒数日历"
"deu_Latn","adventskalender kinder ab 3","3岁以上儿童圣诞倒数日历"
"deu_Latn","adventskalender kinder ab 7","7岁以上儿童圣诞倒数日历"
"deu_Latn","adventskalender kinder füllideen","儿童填充创意圣诞倒数日历填充创意"
"deu_Latn","adventskalender kinder jungen 6 jahre","6岁儿童男孩圣诞倒数日历"
"deu_Latn","adventskalender kinder peppa wutz","儿童《小猪佩奇》圣诞倒数日历"
"deu_Latn","adventskalender kinder white","儿童白色圣诞倒数日历"
"deu_Latn","adventskalender kinderbücher","儿童书籍圣诞倒数日历"
"deu_Latn","adventskalender kolleginnen","kolleginnen圣诞倒数日历"
"deu_Latn","adventskalender kosmetik kinder","化妆品儿童圣诞倒数日历"
"deu_Latn","adventskalender kästchen","小盒子圣诞倒数日历"
"deu_Latn","adventskalender lauensteiner","lauensteiner圣诞倒数日历"
"deu_Latn","adventskalender lego frozen","乐高冰雪奇缘圣诞倒数日历"
"deu_Latn","adventskalender lindt paare","瑞士莲情侣圣诞倒数日历"
"deu_Latn","adventskalender lokomotive","lokomotive圣诞倒数日历"
"deu_Latn","adventskalender malteser","malteser圣诞倒数日历"
"deu_Latn","adventskalender mann pflege","男士护理圣诞倒数日历"
"deu_Latn","adventskalender marmelade glück 2025","2025年果酱Glück圣诞倒数日历"
"deu_Latn","adventskalender meer","meer圣诞倒数日历"
"deu_Latn","adventskalender metallica","metallica圣诞倒数日历"
"deu_Latn","adventskalender modellbausatz","modellbausatz圣诞倒数日历"
"deu_Latn","adventskalender muscheln","muscheln圣诞倒数日历"
"deu_Latn","adventskalender mädchen buch","女孩书籍圣诞倒数日历"
"deu_Latn","adventskalender männer douglas","男士Douglas圣诞倒数日历"
"deu_Latn","adventskalender männer essen","男士食品圣诞倒数日历"
"deu_Latn","adventskalender männer schmuck","男士珠宝首饰圣诞倒数日历"
"deu_Latn","adventskalender männer spirituosen","男士酒类圣诞倒数日历"
"deu_Latn","adventskalender neugeborene","neugeborene圣诞倒数日历"
"deu_Latn","adventskalender online","online圣诞倒数日历"
"deu_Latn","adventskalender pappe","pappe圣诞倒数日历"
"deu_Latn","adventskalender parfüm proben herren","香水proben男士圣诞倒数日历"
"deu_Latn","adventskalender piercing","piercing圣诞倒数日历"
"deu_Latn","adventskalender pokemon 2025 karten","2025年宝可梦卡片圣诞倒数日历"
"deu_Latn","adventskalender pop it","popit圣诞倒数日历"
"deu_Latn","adventskalender rituals frauen","Rituals女士圣诞倒数日历"
"deu_Latn","adventskalender rossmann 2025","2025年rossmann圣诞倒数日历"
"deu_Latn","adventskalender rätselbuch","谜题书圣诞倒数日历"
"deu_Latn","adventskalender salz","salz圣诞倒数日历"
"deu_Latn","adventskalender schachteln zum befüllen","盒子可填充圣诞倒数日历"
"deu_Latn","adventskalender schnitzen","schnitzen圣诞倒数日历"
"deu_Latn","adventskalender selbstbefüllen","可自行填充圣诞倒数日历"
"deu_Latn","adventskalender self care","selfcare圣诞倒数日历"
"deu_Latn","adventskalender sellmer","sellmer圣诞倒数日历"
"deu_Latn","adventskalender squishy mellows","squishymellows圣诞倒数日历"
"deu_Latn","adventskalender säckchen baumwolle","小袋baumwolle圣诞倒数日历"
"deu_Latn","adventskalender tee kinder","茶儿童圣诞倒数日历"
"deu_Latn","adventskalender teebeutel","teebeutel圣诞倒数日历"
"deu_Latn","adventskalender teenager kosmetik","青少年化妆品圣诞倒数日历"
"deu_Latn","adventskalender tischler","tischler圣诞倒数日历"
"deu_Latn","adventskalender toilette","toilette圣诞倒数日历"
"deu_Latn","adventskalender trüffel mit alkohol","松露巧克力酒类圣诞倒数日历"
"deu_Latn","adventskalender tüten günstig","纸袋实惠圣诞倒数日历"
"deu_Latn","adventskalender tüten mann","纸袋男士圣诞倒数日历"
"deu_Latn","adventskalender tüten zum befüllen klein","可填充小号圣诞倒数日历纸袋"
"deu_Latn","adventskalender u3","U3圣诞倒数日历"
"deu_Latn","adventskalender unterhosen","内裤圣诞倒数日历"
"deu_Latn","adventskalender von lego","乐高圣诞倒数日历"
"deu_Latn","adventskalender vorschulkinder","vorschulKinder圣诞倒数日历"
"deu_Latn","adventskalender was ich an dir liebe","dir爱情圣诞倒数日历"
"deu_Latn","adventskalender world of warcraft","《魔兽世界》圣诞倒数日历"
"deu_Latn","adventskalender zum befüllen bunt","可填充bunt圣诞倒数日历"
"deu_Latn","adventskalender zum befüllen dorf","可填充dorf圣诞倒数日历"
"deu_Latn","adventskalender zum befüllen fussball","可填充足球圣诞倒数日历"
"deu_Latn","adventskalender zum befüllen für frauen","可填充女士圣诞倒数日历"
"deu_Latn","adventskalender zum befüllen weiß","可填充白色圣诞倒数日历"
"deu_Latn","adventskalender zum selberbefüllen","可填充圣诞倒数日历"
"deu_Latn","adventskalender zum verschicken","verschicken圣诞倒数日历"
"deu_Latn","aesthetic adventskalender clean girl","aestheticcleangirl圣诞倒数日历"
"deu_Latn","ak match attax adventskalender 2025/26","2025年akMatch Attax26圣诞倒数日历"
"deu_Latn","alternative adventskalender","alternative圣诞倒数日历"
"deu_Latn","amazon adventskalender 2025 für frauen","2025年亚马逊女士圣诞倒数日历"
"deu_Latn","amorelie adventskalender 2025 frauen","2025年Amorelie女士圣诞倒数日历"
"deu_Latn","anatomie adventskalender","anatomie圣诞倒数日历"
"deu_Latn","andere zeiten adventskalender","anderezeiten圣诞倒数日历"
"deu_Latn","angel adventskalender karpfen","钓鱼鲤鱼圣诞倒数日历"
"deu_Latn","ariana grande adventskalender","arianagrande圣诞倒数日历"
"deu_Latn","beste adventskalender 2025 frauen","2025年精选女士圣诞倒数日历"
"deu_Latn","bier adventskalender leer","啤酒空白圣诞倒数日历"
"deu_Latn","bier kalender adventskalender 2025","2025年啤酒圣诞倒数日历"
"deu_Latn","blumenstrauß adventskalender","Blumenstrauß圣诞倒数日历"
"deu_Latn","bosch professional adventskalender 2025","2025年博世professional圣诞倒数日历"
"deu_Latn","briefe von felix adventskalender","briefefelix圣诞倒数日历"
"deu_Latn","chihuahua adventskalender","chihuahua圣诞倒数日历"
"deu_Latn","connie adventskalender","connie圣诞倒数日历"
"deu_Latn","cosy adventskalender","cosy圣诞倒数日历"
"deu_Latn","dachshund adventskalender","dachshund圣诞倒数日历"
"deu_Latn","dart adventskalender 2025 softdart","2025年飞镖softdart圣诞倒数日历"
"deu_Latn","der kleine igel adventskalender","小号igel圣诞倒数日历"
"deu_Latn","die drei ausrufezeichen adventskalender buch 2025","2025年三个感叹号书籍圣诞倒数日历"
"deu_Latn","diy adventskalender füllung männer","DIY男士圣诞倒数日历填充物"
"deu_Latn","douglas adventskalender 2023","2023年Douglas圣诞倒数日历"
"deu_Latn","exit kids adventskalender","EXIT儿童圣诞倒数日历"
"deu_Latn","fensterbilder adventskalender","fensterbilder圣诞倒数日历"
"deu_Latn","funko pop pokemon adventskalender","Funko Pop宝可梦圣诞倒数日历"
"deu_Latn","funko pop stranger things adventskalender","Funko Pop《怪奇物语》圣诞倒数日历"
"deu_Latn","füllideen adventskalender mann","填充创意男士圣诞倒数日历填充创意"
"deu_Latn","füllung adventskalender 8 jahre","8岁圣诞倒数日历填充物"
"deu_Latn","gelnägel adventskalender","凝胶美甲圣诞倒数日历"
"deu_Latn","geschenke für adventskalender mann","礼物男士圣诞倒数日历"
"deu_Latn","glück marmeladen adventskalender 2025","2025年Glück果酱圣诞倒数日历"
"deu_Latn","godzilla adventskalender","godzilla圣诞倒数日历"
"deu_Latn","hagelshop adventskalender","hagelshop圣诞倒数日历"
"deu_Latn","hsv-adventskalender","HSV圣诞倒数日历"
"deu_Latn","jesus adventskalender","耶稣圣诞倒数日历"
"deu_Latn","katzen adventskalender für kinder","猫咪儿童圣诞倒数日历"
"deu_Latn","ketten adventskalender","ketten圣诞倒数日历"
"deu_Latn","kiehls adventskalender","kiehls圣诞倒数日历"
"deu_Latn","kleine geschenke adventskalender mann","小号礼物男士圣诞倒数日历"
"deu_Latn","kosmos adventskalender exit","KosmosEXIT圣诞倒数日历"
"deu_Latn","kristal adventskalender","kristal圣诞倒数日历"
"deu_Latn","lebensmittel adventskalender 2025","2025年食品圣诞倒数日历"
"deu_Latn","lego adventskalender jungs","乐高男孩圣诞倒数日历"
"deu_Latn","lego krippe adventskalender 2025","2025年乐高马槽圣诞倒数日历"
"deu_Latn","lego-friends adventskalender","乐高Friends圣诞倒数日历"
"deu_Latn","lindt adventskalender mini","瑞士莲迷你圣诞倒数日历"
"deu_Latn","lindt pralinen adventskalender","瑞士莲巧克力糖圣诞倒数日历"
"deu_Latn","live fresh adventskalender","livefresh圣诞倒数日历"
"deu_Latn","locken adventskalender","locken圣诞倒数日历"
"deu_Latn","loreal men adventskalender","欧莱雅男士圣诞倒数日历"
"deu_Latn","man adventskalender 2025","2025年man圣诞倒数日历"
"deu_Latn","mario kart adventskalender","mariokart圣诞倒数日历"
"deu_Latn","massage adventskalender","massage圣诞倒数日历"
"deu_Latn","mini brands kawaii adventskalender","Mini Brandskawaii圣诞倒数日历"
"deu_Latn","mini spiele für kinder adventskalender","迷你游戏儿童圣诞倒数日历"
"deu_Latn","nivea adventskalender frauen","妮维雅女士圣诞倒数日历"
"deu_Latn","norwegen adventskalender 2025","2025年挪威圣诞倒数日历"
"deu_Latn","nudeln adventskalender","面条圣诞倒数日历"
"deu_Latn","pandora armband adventskalender","Pandora手链圣诞倒数日历"
"deu_Latn","papphäuser adventskalender","纸板房屋圣诞倒数日历"
"deu_Latn","playmobil adventskalender 2025 jungen","2025年Playmobil男孩圣诞倒数日历"
"deu_Latn","playmobile adventskalender","playmobile圣诞倒数日历"
"deu_Latn","porsche 911 turbo adventskalender","Porsche911turbo圣诞倒数日历"
"deu_Latn","pringles kalender adventskalender","Pringles圣诞倒数日历"
"deu_Latn","protein adventskalender 2025 männer","2025年蛋白质男士圣诞倒数日历"
"deu_Latn","quality street adventskalender","quality街圣诞倒数日历"
"deu_Latn","red bull kalender adventskalender","红牛圣诞倒数日历"
"deu_Latn","riise adventskalender","riise圣诞倒数日历"
"deu_Latn","rotkäppchen adventskalender 2025","2025年小红帽圣诞倒数日历"
"deu_Latn","schildkröten adventskalender 2025","2025年乌龟圣诞倒数日历"
"deu_Latn","schmink adventskalender 2025 kinder","2025年彩妆儿童圣诞倒数日历"
"deu_Latn","schoko adventskalender lindt","巧克力瑞士莲圣诞倒数日历"
"deu_Latn","schwartau adventskalender","schwartau圣诞倒数日历"
"deu_Latn","tattoo adventskalender kinder","tattoo儿童圣诞倒数日历"
"deu_Latn","tech deck adventskalender","techdeck圣诞倒数日历"
"deu_Latn","the vampire diaries adventskalender","thevampirediaries圣诞倒数日历"
"deu_Latn","toca boca adventskalender","tocaboca圣诞倒数日历"
"deu_Latn","tut tut adventskalender","tut圣诞倒数日历"
"deu_Latn","tut tut baby flitzer adventskalender 2025","2025年tut婴幼儿flitzer圣诞倒数日历"
"deu_Latn","twix adventskalender","twix圣诞倒数日历"
"deu_Latn","tüten adventskalender zum befüllen groß","可填充大号圣诞倒数日历纸袋"
"deu_Latn","vegetarischer adventskalender 2025","2025年素食圣诞倒数日历"
"deu_Latn","weingummi adventskalender 2025","2025年weingummi圣诞倒数日历"
"deu_Latn","wellness-adventskalender","养生圣诞倒数日历"
"deu_Latn","wiederverwendbar adventskalender zum befüllen","可重复使用可填充圣诞倒数日历"
"deu_Latn","baby born weihnachtskalender","Baby Born圣诞倒数日历"
"deu_Latn","weihnachtskalender bosch","博世圣诞倒数日历"
"deu_Latn","weihnachtskalender experimente","实验圣诞倒数日历"
"deu_Latn","weihnachtskalender frauen sexy","女士情趣圣诞倒数日历"
"deu_Latn","weihnachtskalender gesund","健康圣诞倒数日历"
"deu_Latn","weihnachtskalender grinch","圣诞怪杰圣诞倒数日历"
"deu_Latn","weihnachtskalender kinder 2 jahre","2岁儿童圣诞倒数日历"
"deu_Latn","weihnachtskalender schokolade 2025","2025年巧克力圣诞倒数日历"
"deu_Latn","advent calendars 2025","2025年圣诞倒数日历"
"deu_Latn","1.fc köln adventskalender","1FC科隆圣诞倒数日历"
"deu_Latn","adventskalender 2025 after eight big ben","2025年After Eightbigben圣诞倒数日历"
"deu_Latn","adventskalender 2025 angebot","2025年angebot圣诞倒数日历"
"deu_Latn","adventskalender 2025 audi","2025年audi圣诞倒数日历"
"deu_Latn","adventskalender 2025 billig","2025年billig圣诞倒数日历"
"deu_Latn","adventskalender 2025 bio snacks","2025年有机零食圣诞倒数日历"
"deu_Latn","adventskalender 2025 bücher erwachsene","2025年书籍成人圣诞倒数日历"
"deu_Latn","adventskalender 2025 chilisauce","2025年chilisauce圣诞倒数日历"
"deu_Latn","adventskalender 2025 dm essence","2025年dmessence圣诞倒数日历"
"deu_Latn","adventskalender 2025 ehefrau","2025年ehefrau圣诞倒数日历"
"deu_Latn","adventskalender 2025 ehepaar","2025年ehepaar圣诞倒数日历"
"deu_Latn","adventskalender 2025 fc barcelona","2025年FCbarcelona圣诞倒数日历"
"deu_Latn","adventskalender 2025 frauen entspannung","2025年女士entspannung圣诞倒数日历"
"deu_Latn","adventskalender 2025 frauen frühstück","2025年女士早餐圣诞倒数日历"
"deu_Latn","adventskalender 2025 frauen mac","2025年女士mac圣诞倒数日历"
"deu_Latn","adventskalender 2025 frauen purelei","2025年女士PURELEI圣诞倒数日历"
"deu_Latn","adventskalender 2025 freund","2025年freund圣诞倒数日历"
"deu_Latn","adventskalender 2025 für frauen rituals","2025年女士Rituals圣诞倒数日历"
"deu_Latn","adventskalender 2025 für studenten","2025年学生圣诞倒数日历"
"deu_Latn","adventskalender 2025 jack daniels","2025年jackdaniels圣诞倒数日历"
"deu_Latn","adventskalender 2025 jungs 15 jahre","2025年15岁男孩圣诞倒数日历"
"deu_Latn","adventskalender 2025 jungs minecraft lego","2025年男孩《我的世界》乐高圣诞倒数日历"
"deu_Latn","adventskalender 2025 karte","2025年karte圣诞倒数日历"
"deu_Latn","adventskalender 2025 kinder ab 7","2025年7岁以上儿童圣诞倒数日历"
"deu_Latn","adventskalender 2025 kinder beauty","2025年儿童美妆圣诞倒数日历"
"deu_Latn","adventskalender 2025 kinder hotwheels","2025年儿童hotwheels圣诞倒数日历"
"deu_Latn","adventskalender 2025 kräuter","2025年草本圣诞倒数日历"
"deu_Latn","adventskalender 2025 make up catrice","2025年Catrice圣诞倒数日历"
"deu_Latn","adventskalender 2025 minions","2025年minions圣诞倒数日历"
"deu_Latn","adventskalender 2025 mit foto","2025年照片圣诞倒数日历"
"deu_Latn","adventskalender 2025 motivation","2025年motivation圣诞倒数日历"
"deu_Latn","adventskalender 2025 männer golf","2025年男士高尔夫圣诞倒数日历"
"deu_Latn","adventskalender 2025 pandora charms","2025年Pandoracharms圣诞倒数日历"
"deu_Latn","adventskalender 2025 raffaelo","2025年raffaelo圣诞倒数日历"
"deu_Latn","adventskalender 2025 reisen","2025年旅行圣诞倒数日历"
"deu_Latn","adventskalender 2025 schach","2025年schach圣诞倒数日历"
"deu_Latn","adventskalender 2025 shopping queen","2025年shoppingqueen圣诞倒数日历"
"deu_Latn","adventskalender 2025 slime fluffy","2025年slimefluffy圣诞倒数日历"
"deu_Latn","adventskalender 2025 teenager mädchen schmuck","2025年青少年女孩珠宝首饰圣诞倒数日历"
"deu_Latn","adventskalender 2025 toffifee","2025年toffifee圣诞倒数日历"
"deu_Latn","adventskalender 2025 tonie","2025年tonie圣诞倒数日历"
"deu_Latn","adventskalender 2025 trüffel","2025年松露巧克力圣诞倒数日历"
"deu_Latn","adventskalender 2025 weihnachtsdeko","2025年weihnachtsdeko圣诞倒数日历"
"deu_Latn","adventskalender 3","3圣诞倒数日历"
"deu_Latn","adventskalender 90er","90er圣诞倒数日历"
"deu_Latn","adventskalender ab 5 jahre mädchen","5岁以上女孩圣诞倒数日历"
"deu_Latn","adventskalender anatomie","anatomie圣诞倒数日历"
"deu_Latn","adventskalender asiatische snacks","亚洲零食圣诞倒数日历"
"deu_Latn","adventskalender aufkleber kinder","贴纸儿童圣诞倒数日历"
"deu_Latn","adventskalender baby ab 1 jahr","1岁以上婴幼儿圣诞倒数日历"
"deu_Latn","adventskalender bastelsachen","bastelsachen圣诞倒数日历"
"deu_Latn","adventskalender befüllen ideen mann","男士圣诞倒数日历填充创意"
"deu_Latn","adventskalender bis 15 euro","15欧元圣诞倒数日历"
"deu_Latn","adventskalender brandooz","brandooz圣诞倒数日历"
"deu_Latn","adventskalender brubaker","brubaker圣诞倒数日历"
"deu_Latn","adventskalender buch jungen 10 jahre","10岁书籍男孩圣诞倒数日历"
"deu_Latn","adventskalender bueno 2025","2025年Bueno圣诞倒数日历"
"deu_Latn","adventskalender cd","cd圣诞倒数日历"
"deu_Latn","adventskalender challenge familien","家庭挑战圣诞倒数日历"
"deu_Latn","adventskalender china","china圣诞倒数日历"
"deu_Latn","adventskalender chips funny frisch 2025","2025年薯片趣味新鲜圣诞倒数日历"
"deu_Latn","adventskalender cola dosen","可乐dosen圣诞倒数日历"
"deu_Latn","adventskalender drei ausrufezeichen 2025","2025年三个感叹号圣诞倒数日历"
"deu_Latn","adventskalender dunkle schokolade 2025","2025年黑巧克力圣诞倒数日历"
"deu_Latn","adventskalender eishockey 2025","2025年冰球圣诞倒数日历"
"deu_Latn","adventskalender elch","elch圣诞倒数日历"
"deu_Latn","adventskalender fcb","fcb圣诞倒数日历"
"deu_Latn","adventskalender figuren 2025","2025年玩偶圣诞倒数日历"
"deu_Latn","adventskalender flex","flex圣诞倒数日历"
"deu_Latn","adventskalender fraue","fraue圣诞倒数日历"
"deu_Latn","adventskalender frauen sale","女士促销圣诞倒数日历"
"deu_Latn","adventskalender für 7 jährige mädchen","7岁女孩圣诞倒数日历"
"deu_Latn","adventskalender für fahrradfahrer","fahrradfahrer圣诞倒数日历"
"deu_Latn","adventskalender für kinder ab 1 jahr","1岁以上儿童圣诞倒数日历"
"deu_Latn","adventskalender für mediziner","mediziner圣诞倒数日历"
"deu_Latn","adventskalender für mich","mich圣诞倒数日历"
"deu_Latn","adventskalender für pferdeliebhaber","pferdeliebhaber圣诞倒数日历"
"deu_Latn","adventskalender für wanderer","wanderer圣诞倒数日历"
"deu_Latn","adventskalender gewürze ankerkraut","香料Ankerkraut圣诞倒数日历"
"deu_Latn","adventskalender gitarrenplektren","gitarrenplektren圣诞倒数日历"
"deu_Latn","adventskalender glitzer 2025","2025年闪粉圣诞倒数日历"
"deu_Latn","adventskalender gummiente","gummiente圣诞倒数日历"
"deu_Latn","adventskalender h0","H0圣诞倒数日历"
"deu_Latn","adventskalender halterung","halterung圣诞倒数日历"
"deu_Latn","adventskalender healthy","healthy圣诞倒数日历"
"deu_Latn","adventskalender herren männer","男士圣诞倒数日历"
"deu_Latn","adventskalender hipp","hipp圣诞倒数日历"
"deu_Latn","adventskalender jungen 13","男孩13圣诞倒数日历"
"deu_Latn","adventskalender jungen fußball","男孩足球圣诞倒数日历"
"deu_Latn","adventskalender kinder baby born","儿童Baby Born圣诞倒数日历"
"deu_Latn","adventskalender kinder feuerwehr","儿童消防队圣诞倒数日历"
"deu_Latn","adventskalender kinder knete","儿童橡皮泥圣诞倒数日历"
"deu_Latn","adventskalender kinder lego friends","儿童乐高Friends圣诞倒数日历"
"deu_Latn","adventskalender kinder steine","儿童石头圣诞倒数日历"
"deu_Latn","adventskalender krippe holz","马槽木质圣诞倒数日历"
"deu_Latn","adventskalender länder","国家圣诞倒数日历"
"deu_Latn","adventskalender mit pferden","pferden圣诞倒数日历"
"deu_Latn","adventskalender nespresso kapseln","nespressokapseln圣诞倒数日历"
"deu_Latn","adventskalender ninja","ninja圣诞倒数日历"
"deu_Latn","adventskalender ohne nüsse","坚果圣诞倒数日历"
"deu_Latn","adventskalender poppy playtime","poppyplaytime圣诞倒数日历"
"deu_Latn","adventskalender revolution 2025","2025年revolution圣诞倒数日历"
"deu_Latn","adventskalender sarah harrison","sarahharrison圣诞倒数日历"
"deu_Latn","adventskalender schokolade groß","巧克力大号圣诞倒数日历"
"deu_Latn","adventskalender schwiegermutter","schwiegermutter圣诞倒数日历"
"deu_Latn","adventskalender selber befüllen ideen","圣诞倒数日历填充创意"
"deu_Latn","adventskalender selbst befüllen stoff","可自行填充布艺圣诞倒数日历"
"deu_Latn","adventskalender sellmer verlag","sellmerverlag圣诞倒数日历"
"deu_Latn","adventskalender serien","serien圣诞倒数日历"
"deu_Latn","adventskalender set papiertüten","套装纸袋圣诞倒数日历"
"deu_Latn","adventskalender socken grinch","袜子圣诞怪杰圣诞倒数日历"
"deu_Latn","adventskalender starke frauen","starke女士圣诞倒数日历"
"deu_Latn","adventskalender switch 2025","2025年switch圣诞倒数日历"
"deu_Latn","adventskalender säckchen mädchen","小袋女孩圣诞倒数日历"
"deu_Latn","adventskalender tee 2025 frauen","2025年茶女士圣诞倒数日历"
"deu_Latn","adventskalender traktor erwachsene","拖拉机成人圣诞倒数日历"
"deu_Latn","adventskalender tüten 2025","2025年纸袋圣诞倒数日历"
"deu_Latn","adventskalender tüten zum befüllen stoff","可填充布艺圣诞倒数日历纸袋"
"deu_Latn","adventskalender verbastelbuch","verbastelbuch圣诞倒数日历"
"deu_Latn","adventskalender verschicken","verschicken圣诞倒数日历"
"deu_Latn","adventskalender wolf","wolf圣诞倒数日历"
"deu_Latn","adventskalender wrestling","wrestling圣诞倒数日历"
"deu_Latn","adventskalender zahlen aufbügeln","数字Aufbügeln圣诞倒数日历"
"deu_Latn","adventskalender zahlen filz","数字毛毡圣诞倒数日历"
"deu_Latn","adventskalender zum befüllen 2025","2025年可填充圣诞倒数日历"
"deu_Latn","adventskalender zum befüllen jungen","可填充男孩圣诞倒数日历"
"deu_Latn","adventskalender zum befüllen katze","可填充猫咪圣诞倒数日历"
"deu_Latn","adventskalender zum befüllen zum hängen","可填充悬挂式圣诞倒数日历"
"deu_Latn","aifanciey adventskalender","aifanciey圣诞倒数日历"
"deu_Latn","airsoft adventskalender","airsoft圣诞倒数日历"
"deu_Latn","amazon adventskalender tee","亚马逊茶叶圣诞倒数日历"
"deu_Latn","angel adventskalender raubfisch","钓鱼掠食鱼圣诞倒数日历"
"deu_Latn","ankerkraut gewürze adventskalender","Ankerkraut香料圣诞倒数日历"
"deu_Latn","apple adventskalender","apple圣诞倒数日历"
"deu_Latn","aufkleber adventskalender zahlen gold","贴纸数字金色圣诞倒数日历"
"deu_Latn","aufkleber adventskalender zahlen kinder","贴纸数字儿童圣诞倒数日历"
"deu_Latn","ballett adventskalender","ballett圣诞倒数日历"
"deu_Latn","beutel für adventskalender groß","袋子大号圣诞倒数日历"
"deu_Latn","bio adventskalender kinder","有机儿童圣诞倒数日历"
"deu_Latn","blue adventskalender 2025","2025年蓝色圣诞倒数日历"
"deu_Latn","build a bear adventskalender","Build-A-Bear圣诞倒数日历"
"deu_Latn","cappuccino adventskalender","cappuccino圣诞倒数日历"
"deu_Latn","diamant painting adventskalender 2025","2025年diamant画圣诞倒数日历"
"deu_Latn","die sendung mit der maus adventskalender","sendung老鼠圣诞倒数日历"
"deu_Latn","dino magnet adventskalender","恐龙magnet圣诞倒数日历"
"deu_Latn","ein guter plan adventskalender","guterplan圣诞倒数日历"
"deu_Latn","eldrador adventskalender 2025","2025年eldrador圣诞倒数日历"
"deu_Latn","exit adventskalender 2024","2024年EXIT圣诞倒数日历"
"deu_Latn","exit games adventskalender","EXIT游戏圣诞倒数日历"
"deu_Latn","exit® - das spiel - adventskalender: der zauber von weihnachten","EXITspielzauber圣诞倒数日历"
"deu_Latn","fitness adventskalender frauen","健身女士圣诞倒数日历"
"deu_Latn","flow adventskalender","flow圣诞倒数日历"
"deu_Latn","funko pop adventskalender harry potter","Funko Pop《哈利·波特》圣诞倒数日历"
"deu_Latn","funny chips adventskalender","趣味薯片圣诞倒数日历"
"deu_Latn","gewürz adventskalender 2025 ankerkraut","2025年香料Ankerkraut圣诞倒数日历"
"deu_Latn","gizeh adventskalender 2025","2025年gizeh圣诞倒数日历"
"deu_Latn","gravitrax junior adventskalender","GraviTrax儿童版圣诞倒数日历"
"deu_Latn","gummibären adventskalender 2025","2025年小熊软糖圣诞倒数日历"
"deu_Latn","ideen für adventskalender füllung mann","创意男士圣诞倒数日历填充物"
"deu_Latn","italien brainrot adventskalender","italienbrainrot圣诞倒数日历"
"deu_Latn","john deere adventskalender 2025","2025年johndeere圣诞倒数日历"
"deu_Latn","kalligraphie adventskalender 2025","2025年kalligraphie圣诞倒数日历"
"deu_Latn","kamin adventskalender","kamin圣诞倒数日历"
"deu_Latn","katjes adventskalender 2025 vegan","2025年katjes纯素圣诞倒数日历"
"deu_Latn","katzen adventskalender 2025 für menschen","2025年猫咪menschen圣诞倒数日历"
"deu_Latn","katzen adventskalender mit leckerlis","猫咪leckerlis圣诞倒数日历"
"deu_Latn","kinder adventskalender 2025 playmobil","2025年儿童Playmobil圣诞倒数日历"
"deu_Latn","kinderschminke adventskalender","Kinderschminke圣诞倒数日历"
"deu_Latn","kleine figuren für adventskalender","小号玩偶圣诞倒数日历"
"deu_Latn","kleine säckchen adventskalender","小号小袋圣诞倒数日历"
"deu_Latn","korb adventskalender","korb圣诞倒数日历"
"deu_Latn","landkarten rätselbuch adventskalender","landkarten谜题书圣诞倒数日历"
"deu_Latn","legami adventskalender zug","Legami火车圣诞倒数日历"
"deu_Latn","legends of rock adventskalender","legendsof摇滚圣诞倒数日历"
"deu_Latn","lego fortnite adventskalender","乐高fortnite圣诞倒数日历"
"deu_Latn","lego harry potter adventskalender 2024","2024年乐高《哈利·波特》圣诞倒数日历"
"deu_Latn","let's battle adventskalender","letSbattle圣诞倒数日历"
"deu_Latn","leuchttage adventskalender 2025","2025年leuchttage圣诞倒数日历"
"deu_Latn","lindt adventskalender 2025 groß","2025年瑞士莲大号圣诞倒数日历"
"deu_Latn","lippenpflege adventskalender","lippenpflege圣诞倒数日历"
"deu_Latn","liverpool adventskalender","liverpool圣诞倒数日历"
"deu_Latn","lotta leben adventskalender 2025","2025年lottaleben圣诞倒数日历"
"deu_Latn","maltesers adventskalender","maltesers圣诞倒数日历"
"deu_Latn","marvel lego adventskalender 2025","2025年漫威乐高圣诞倒数日历"
"deu_Latn","mc dart adventskalender 2025","2025年mc飞镖圣诞倒数日历"
"deu_Latn","mein erster pixi adventskalender","ersterpixi圣诞倒数日历"
"deu_Latn","mini geschenke für adventskalender männer","迷你礼物男士圣诞倒数日历"
"deu_Latn","männer beauty adventskalender","男士美妆圣诞倒数日历"
"deu_Latn","niceria adventskalender","niceria圣诞倒数日历"
"deu_Latn","niederegger adventskalender 2025 31 tage","2025年Niederegger31tage圣诞倒数日历"
"deu_Latn","nummer für adventskalender","编号圣诞倒数日历"
"deu_Latn","peters mit genuss verführt adventskalender","Peters Mit Genuss Verführt圣诞倒数日历"
"deu_Latn","pizza adventskalender","pizza圣诞倒数日历"
"deu_Latn","playmobil 123 adventskalender krippe","Playmobil123马槽圣诞倒数日历"
"deu_Latn","playmobil pferde adventskalender","Playmobil马匹圣诞倒数日历"
"deu_Latn","pony adventskalender","pony圣诞倒数日历"
"deu_Latn","pop it adventskalender","popit圣诞倒数日历"
"deu_Latn","pop mart adventskalender","popmart圣诞倒数日历"
"deu_Latn","pop up adventskalender","pop圣诞倒数日历"
"deu_Latn","postkarten adventskalender mit türchen","明信片小门圣诞倒数日历"
"deu_Latn","prosecco adventskalender","prosecco圣诞倒数日历"
"deu_Latn","pyrotechnik adventskalender","pyrotechnik圣诞倒数日历"
"deu_Latn","ravensburger mystery adventskalender","Ravensburgermystery圣诞倒数日历"
"deu_Latn","revell adventskalender traktor","Revell拖拉机圣诞倒数日历"
"deu_Latn","riegel adventskalender 2025","2025年巧克力棒圣诞倒数日历"
"deu_Latn","rinti adventskalender 2025 für hunde","2025年rinti狗狗圣诞倒数日历"
"deu_Latn","rätsel adventskalender 2025 exit","2025年谜题EXIT圣诞倒数日历"
"deu_Latn","rätsel adventskalender für erwachsene","谜题成人圣诞倒数日历"
"deu_Latn","räucherkerzen-adventskalender","香薰蜡烛圣诞倒数日历"
"deu_Latn","sackerl adventskalender","小袋圣诞倒数日历"
"deu_Latn","salami stick adventskalender","萨拉米香肠stick圣诞倒数日历"
"deu_Latn","sc freiburg adventskalender","scfreiburg圣诞倒数日历"
"deu_Latn","sherlock holmes adventskalender 2025","2025年sherlockholmes圣诞倒数日历"
"deu_Latn","skyrim adventskalender","skyrim圣诞倒数日历"
"deu_Latn","snoopy adventskalender socken","史努比袜子圣诞倒数日历"
"deu_Latn","socken adventskalender damen 39-42","袜子女士3942圣诞倒数日历"
"deu_Latn","sushi adventskalender","sushi圣诞倒数日历"
"deu_Latn","süße adventskalender","甜味圣诞倒数日历"
"deu_Latn","tee adventskalender 2025 frauen","2025年茶女士圣诞倒数日历"
"deu_Latn","tkkg junior adventskalender 2025","2025年tkkg儿童版圣诞倒数日历"
"deu_Latn","tonys adventskalender","tonys圣诞倒数日历"
"deu_Latn","unicorn adventskalender","独角兽圣诞倒数日历"
"deu_Latn","unterwäsche adventskalender","内衣圣诞倒数日历"
"deu_Latn","vaiana adventskalender","vaiana圣诞倒数日历"
"deu_Latn","verstappen adventskalender","verstappen圣诞倒数日历"
"deu_Latn","viba nougat adventskalender","viba牛轧糖圣诞倒数日历"
"deu_Latn","vodka adventskalender 2025","2025年vodka圣诞倒数日历"
"deu_Latn","weihnachtskarte adventskalender","weihnachtskarte圣诞倒数日历"
"deu_Latn","wichtel millis magischer adventskalender","wichtelmillismagischer圣诞倒数日历"
"deu_Latn","windel veganer adventskalender","尿布纯素圣诞倒数日历"
"deu_Latn","yogi adventskalender 2025","2025年Yogi圣诞倒数日历"
"deu_Latn","yves saint laurent adventskalender","yvessaintlaurent圣诞倒数日历"
"deu_Latn","zigaretten adventskalender","zigaretten圣诞倒数日历"
"deu_Latn","demon slayer weihnachtskalender","《鬼灭之刃》圣诞倒数日历"
"deu_Latn","holy energy weihnachtskalender","Holy能量饮料圣诞倒数日历"
"deu_Latn","kleine geschenke für weihnachtskalender","小号礼物圣诞倒数日历"
"deu_Latn","marzipan weihnachtskalender","杏仁糖圣诞倒数日历"
"deu_Latn","mädchen weihnachtskalender","女孩圣诞倒数日历"
"deu_Latn","puzzle weihnachtskalender","拼图圣诞倒数日历"
"deu_Latn","weihnachtskalender 2025 für männer werkzeug","2025年男士工具圣诞倒数日历"
"deu_Latn","weihnachtskalender harry potter 2025","2025年《哈利·波特》圣诞倒数日历"
"deu_Latn","weihnachtskalender niederegger","Niederegger圣诞倒数日历"
"deu_Latn","weihnachtskalender socken damen","袜子女士圣诞倒数日历"
"deu_Latn","weihnachtskalender sprüche","格言圣诞倒数日历"
"deu_Latn","'adventskalender füllung frauen","女士圣诞倒数日历填充物"
"deu_Latn","'adventskalender füllung kinder","儿童圣诞倒数日历填充物"
"deu_Latn","24 aufkleber adventskalender","24贴纸圣诞倒数日历"
"deu_Latn","adventskalender 2022 frauen","2022年女士圣诞倒数日历"
"deu_Latn","adventskalender 2025 5 jahre","2025年5岁圣诞倒数日历"
"deu_Latn","adventskalender 2025 amazon beauty","2025年亚马逊美妆圣诞倒数日历"
"deu_Latn","adventskalender 2025 angel","2025年钓鱼圣诞倒数日历"
"deu_Latn","adventskalender 2025 baby 6 monate","2025年6个月婴幼儿圣诞倒数日历"
"deu_Latn","adventskalender 2025 bagger","2025年bagger圣诞倒数日历"
"deu_Latn","adventskalender 2025 borussia mönchengladbach","2025年门兴格拉德巴赫圣诞倒数日历"
"deu_Latn","adventskalender 2025 coppenrath","2025年coppenrath圣诞倒数日历"
"deu_Latn","adventskalender 2025 fischen","2025年fischen圣诞倒数日历"
"deu_Latn","adventskalender 2025 frauen asam beauty","2025年女士ASAM美妆圣诞倒数日历"
"deu_Latn","adventskalender 2025 frauen duft","2025年女士香氛圣诞倒数日历"
"deu_Latn","adventskalender 2025 frauen gesundheit","2025年女士gesundheit圣诞倒数日历"
"deu_Latn","adventskalender 2025 frauen jean und len","2025年女士jeanlen圣诞倒数日历"
"deu_Latn","adventskalender 2025 frauen m asam","2025年女士MASAM圣诞倒数日历"
"deu_Latn","adventskalender 2025 frauen mit parfüm","2025年女士香水圣诞倒数日历"
"deu_Latn","adventskalender 2025 frauen yoga","2025年女士瑜伽圣诞倒数日历"
"deu_Latn","adventskalender 2025 für pärchen","2025年情侣圣诞倒数日历"
"deu_Latn","adventskalender 2025 garnier","2025年garnier圣诞倒数日历"
"deu_Latn","adventskalender 2025 gefüllt","2025年已填充圣诞倒数日历"
"deu_Latn","adventskalender 2025 jungs 14","2025年男孩14圣诞倒数日历"
"deu_Latn","adventskalender 2025 jungs lego","2025年男孩乐高圣诞倒数日历"
"deu_Latn","adventskalender 2025 kinder mädchen 10 jahre","2025年10岁儿童女孩圣诞倒数日历"
"deu_Latn","adventskalender 2025 kinder peppa","2025年儿童《小猪佩奇》圣诞倒数日历"
"deu_Latn","adventskalender 2025 korean","2025年韩式圣诞倒数日历"
"deu_Latn","adventskalender 2025 lauenstein","2025年lauenstein圣诞倒数日历"
"deu_Latn","adventskalender 2025 männer lakritz","2025年男士甘草糖圣诞倒数日历"
"deu_Latn","adventskalender 2025 rc auto","2025年rc汽车圣诞倒数日历"
"deu_Latn","adventskalender 2025 schmuck damen","2025年珠宝首饰女士圣诞倒数日历"
"deu_Latn","adventskalender 2025 studenten","2025年学生圣诞倒数日历"
"deu_Latn","adventskalender 2025 süß","2025年甜食圣诞倒数日历"
"deu_Latn","adventskalender 2025 tee goldmännchen","2025年茶Goldmännchen圣诞倒数日历"
"deu_Latn","adventskalender 2025 zocken","2025年游戏圣诞倒数日历"
"deu_Latn","adventskalender 3 jährige mädchen","3岁女孩圣诞倒数日历"
"deu_Latn","adventskalender 30 euro","30欧元圣诞倒数日历"
"deu_Latn","adventskalender ab 1 jahr junge","1岁以上男孩圣诞倒数日历"
"deu_Latn","adventskalender achtsamkeit kinder","正念儿童圣诞倒数日历"
"deu_Latn","adventskalender aus der dose","罐装圣诞倒数日历"
"deu_Latn","adventskalender autos für männer","汽车男士圣诞倒数日历"
"deu_Latn","adventskalender bausatz auto","拼装套件汽车圣诞倒数日历"
"deu_Latn","adventskalender bausatz kinder","拼装套件儿童圣诞倒数日历"
"deu_Latn","adventskalender behälter","容器圣诞倒数日历"
"deu_Latn","adventskalender besinnlich","besinnlich圣诞倒数日历"
"deu_Latn","adventskalender bogenschießen","射箭圣诞倒数日历"
"deu_Latn","adventskalender bosch blau","博世蓝色圣诞倒数日历"
"deu_Latn","adventskalender buch kinder ab 5","5岁以上书籍儿童圣诞倒数日历"
"deu_Latn","adventskalender buddha","buddha圣诞倒数日历"
"deu_Latn","adventskalender bueno white","Buenowhite圣诞倒数日历"
"deu_Latn","adventskalender chocolate","巧克力圣诞倒数日历"
"deu_Latn","adventskalender danke","danke圣诞倒数日历"
"deu_Latn","adventskalender die eiskönigin","冰雪奇缘圣诞倒数日历"
"deu_Latn","adventskalender engel figuren","engel玩偶圣诞倒数日历"
"deu_Latn","adventskalender flamingo","flamingo圣诞倒数日历"
"deu_Latn","adventskalender fotos","fotos圣诞倒数日历"
"deu_Latn","adventskalender frauen nivea","女士妮维雅圣诞倒数日历"
"deu_Latn","adventskalender fußball bundesliga","足球bundesliga圣诞倒数日历"
"deu_Latn","adventskalender füllung jungen 10 jahre","10岁男孩圣诞倒数日历填充物"
"deu_Latn","adventskalender füllung kinder spielzeug","儿童玩具圣诞倒数日历填充物"
"deu_Latn","adventskalender füllung mini","迷你圣诞倒数日历填充物"
"deu_Latn","adventskalender für 15 jährige","15岁圣诞倒数日历"
"deu_Latn","adventskalender für 15 jährige jungs","15岁男孩圣诞倒数日历"
"deu_Latn","adventskalender für alte menschen","altemenschen圣诞倒数日历"
"deu_Latn","adventskalender für katzen leckerlis","猫咪leckerlis圣诞倒数日历"
"deu_Latn","adventskalender für mädchen 9 jahre","9岁女孩圣诞倒数日历"
"deu_Latn","adventskalender griechenland","griechenland圣诞倒数日历"
"deu_Latn","adventskalender holz schubladen","木质抽屉圣诞倒数日历"
"deu_Latn","adventskalender hund hypoallergen","狗狗低敏圣诞倒数日历"
"deu_Latn","adventskalender junge fussball","男孩足球圣诞倒数日历"
"deu_Latn","adventskalender jura","jura圣诞倒数日历"
"deu_Latn","adventskalender jutebeutel","黄麻袋圣诞倒数日历"
"deu_Latn","adventskalender kinder autos","儿童汽车圣诞倒数日历"
"deu_Latn","adventskalender kinder und co","儿童co圣诞倒数日历"
"deu_Latn","adventskalender klavier","klavier圣诞倒数日历"
"deu_Latn","adventskalender lichtungen 2025","2025年lichtungen圣诞倒数日历"
"deu_Latn","adventskalender lindt kinder","瑞士莲儿童圣诞倒数日历"
"deu_Latn","adventskalender literatur 2025","2025年文学圣诞倒数日历"
"deu_Latn","adventskalender lorenz","lorenz圣诞倒数日历"
"deu_Latn","adventskalender martin rütter","martinRütter圣诞倒数日历"
"deu_Latn","adventskalender mclaren","mclaren圣诞倒数日历"
"deu_Latn","adventskalender mit baumschmuck","baumschmuck圣诞倒数日历"
"deu_Latn","adventskalender mit großen taschen","大口袋圣诞倒数日历"
"deu_Latn","adventskalender mit nagellack","指甲油圣诞倒数日历"
"deu_Latn","adventskalender mädchen baden","女孩baden圣诞倒数日历"
"deu_Latn","adventskalender männer testsieger","男士testsieger圣诞倒数日历"
"deu_Latn","adventskalender müller","Müller圣诞倒数日历"
"deu_Latn","adventskalender nagel","nagel圣诞倒数日历"
"deu_Latn","adventskalender nummer","编号圣诞倒数日历"
"deu_Latn","adventskalender ohnezahn","ohnezahn圣诞倒数日历"
"deu_Latn","adventskalender pilze","pilze圣诞倒数日历"
"deu_Latn","adventskalender playboy","playboy圣诞倒数日历"
"deu_Latn","adventskalender playmobile","playmobile圣诞倒数日历"
"deu_Latn","adventskalender pop up","pop圣诞倒数日历"
"deu_Latn","adventskalender potter","potter圣诞倒数日历"
"deu_Latn","adventskalender prinzessinnen","公主圣诞倒数日历"
"deu_Latn","adventskalender quietscheente","quietscheente圣诞倒数日历"
"deu_Latn","adventskalender sally 2025","2025年sally圣诞倒数日历"
"deu_Latn","adventskalender samen blumen","种子花卉圣诞倒数日历"
"deu_Latn","adventskalender schokolade xxl","巧克力XXL圣诞倒数日历"
"deu_Latn","adventskalender schreiben","schreiben圣诞倒数日历"
"deu_Latn","adventskalender selber befüllen mädchen","可自行填充女孩圣诞倒数日历"
"deu_Latn","adventskalender sirup","sirup圣诞倒数日历"
"deu_Latn","adventskalender socken damen 2025","2025年袜子女士圣诞倒数日历"
"deu_Latn","adventskalender sophora","sophora圣诞倒数日历"
"deu_Latn","adventskalender sternenschweif 2025","2025年sternenschweif圣诞倒数日历"
"deu_Latn","adventskalender teuer","teuer圣诞倒数日历"
"deu_Latn","adventskalender tüten kraftpapier","纸袋kraftpapier圣诞倒数日历"
"deu_Latn","adventskalender tüten zum befüllen rosa","可填充rosa圣诞倒数日历纸袋"
"deu_Latn","adventskalender unterwäsche damen","内衣女士圣诞倒数日历"
"deu_Latn","adventskalender vegan glutenfrei","纯素无麸质圣诞倒数日历"
"deu_Latn","adventskalender wand zum befüllen","墙面可填充圣诞倒数日历"
"deu_Latn","adventskalender witze kinder","笑话儿童圣诞倒数日历"
"deu_Latn","adventskalender wwe","wwe圣诞倒数日历"
"deu_Latn","adventskalender zotter 2025","2025年zotter圣诞倒数日历"
"deu_Latn","adventskalender zum abnehmen","abnehmen圣诞倒数日历"
"deu_Latn","adventskalender zum befüllen baum","可填充baum圣诞倒数日历"
"deu_Latn","adventskalender zum befüllen mit foto","可填充照片圣诞倒数日历"
"deu_Latn","adventskalender zum hinstellen","hinstellen圣诞倒数日历"
"deu_Latn","adventskalender zum knobeln","knobeln圣诞倒数日历"
"deu_Latn","adventskalender zum verschenken","verschenken圣诞倒数日历"
"deu_Latn","adventskalender züge","火车圣诞倒数日历"
"deu_Latn","adventskalender ü eier","Ü-Eier圣诞倒数日历"
"deu_Latn","adventskalender ültje","Ültje圣诞倒数日历"
"deu_Latn","adventskalender-boxen","盒子圣诞倒数日历"
"deu_Latn","after eight adventskalender 2024","2024年After Eight圣诞倒数日历"
"deu_Latn","ah riise adventskalender 2025","2025年ahriise圣诞倒数日历"
"deu_Latn","aufsteller adventskalender","aufsteller圣诞倒数日历"
"deu_Latn","barcelona adventskalender 2025","2025年barcelona圣诞倒数日历"
"deu_Latn","basteln adventskalender kinder","手工儿童圣诞倒数日历"
"deu_Latn","besondere adventskalender 2025 frauen","2025年特别女士圣诞倒数日历"
"deu_Latn","besser im glas tee adventskalender","besserglas茶叶圣诞倒数日历"
"deu_Latn","billige adventskalender","billige圣诞倒数日历"
"deu_Latn","body shop adventskalender","The Body Shop圣诞倒数日历"
"deu_Latn","brause adventskalender","brause圣诞倒数日历"
"deu_Latn","brot adventskalender","brot圣诞倒数日历"
"deu_Latn","buldak adventskalender 2025","2025年buldak圣诞倒数日历"
"deu_Latn","bvb dortmund adventskalender 2025","2025年BVBdortmund圣诞倒数日历"
"deu_Latn","clipper feuerzeug adventskalender 2025","2025年clipperfeuerzeug圣诞倒数日历"
"deu_Latn","conni adventskalender buch","conni书籍圣诞倒数日历"
"deu_Latn","dr grandel adventskalender","drgrandel圣诞倒数日历"
"deu_Latn","drei ausrufezeichen adventskalender 2025","2025年三个感叹号圣诞倒数日历"
"deu_Latn","dubai schokoladen adventskalender","dubai巧克力圣诞倒数日历"
"deu_Latn","ekat adventskalender","ekat圣诞倒数日历"
"deu_Latn","erlebnis tee adventskalender 2025","2025年erlebnis茶叶圣诞倒数日历"
"deu_Latn","essence adventskalender 2025 amazon","2025年essence亚马逊圣诞倒数日历"
"deu_Latn","essens adventskalender","essens圣诞倒数日历"
"deu_Latn","ets adventskalender","ets圣诞倒数日历"
"deu_Latn","fanta adventskalender","fanta圣诞倒数日历"
"deu_Latn","faultier adventskalender 2025","2025年faultier圣诞倒数日历"
"deu_Latn","fayona mini buch adventskalender","fayona迷你书籍圣诞倒数日历"
"deu_Latn","fc schalke 04 adventskalender und schokolade","FCschalke04巧克力圣诞倒数日历"
"deu_Latn","fensterbild-adventskalender","fensterbild圣诞倒数日历"
"deu_Latn","fingerpuppen adventskalender","手指玩偶圣诞倒数日历"
"deu_Latn","fisherman's friends adventskalender","Fisherman's Friend圣诞倒数日历"
"deu_Latn","fishing adventskalender","钓鱼圣诞倒数日历"
"deu_Latn","fossilien adventskalender","化石圣诞倒数日历"
"deu_Latn","füllung adventskalender paare","情侣圣诞倒数日历填充物"
"deu_Latn","füllung für adventskalender erwachsene","成人圣诞倒数日历填充物"
"deu_Latn","für adventskalender füllen","填充圣诞倒数日历"
"deu_Latn","genuss berlin adventskalender","genussberlin圣诞倒数日历"
"deu_Latn","gesichtsmaske adventskalender","gesichtsmaske圣诞倒数日历"
"deu_Latn","gewürz adventskalender just spices","香料Just Spices圣诞倒数日历"
"deu_Latn","gitarren plektrum adventskalender","gitarrenplektrum圣诞倒数日历"
"deu_Latn","gladbach adventskalender 2025","2025年gladbach圣诞倒数日历"
"deu_Latn","gräfs adventskalender 2025","2025年Gräfs圣诞倒数日历"
"deu_Latn","günstiger adventskalender","实惠圣诞倒数日历"
"deu_Latn","handcreme adventskalender 2025","2025年handcreme圣诞倒数日历"
"deu_Latn","handyhüllen adventskalender","手机壳圣诞倒数日历"
"deu_Latn","harry potter rätsel adventskalender","《哈利·波特》谜题圣诞倒数日历"
"deu_Latn","hecht adventskalender","hecht圣诞倒数日历"
"deu_Latn","ich liebe dich weil adventskalender","爱情weil圣诞倒数日历"
"deu_Latn","italienischer adventskalender 2025","2025年italienischer圣诞倒数日历"
"deu_Latn","kaffee adventskalender 2025 bohnen","2025年咖啡bohnen圣诞倒数日历"
"deu_Latn","kinder & ferrero adventskalender","儿童Ferrero圣诞倒数日历"
"deu_Latn","kinderriegel adventskalender","Kinderriegel圣诞倒数日历"
"deu_Latn","kleinigkeiten zum adventskalender befüllen ideen kinder","小物儿童圣诞倒数日历填充创意"
"deu_Latn","kletter adventskalender","kletter圣诞倒数日历"
"deu_Latn","kneipp adventskalender 2025 frauen","2025年Kneipp女士圣诞倒数日历"
"deu_Latn","knox adventskalender","knox圣诞倒数日历"
"deu_Latn","kosmetik adventskalender für frauen","化妆品女士圣诞倒数日历"
"deu_Latn","kosmos experimente adventskalender","Kosmos实验圣诞倒数日历"
"deu_Latn","kulinarischer adventskalender","kulinarischer圣诞倒数日历"
"deu_Latn","l occitane adventskalender","欧舒丹圣诞倒数日历"
"deu_Latn","lachgummi adventskalender 2025","2025年lachgummi圣诞倒数日历"
"deu_Latn","lego adventskalender auto","乐高汽车圣诞倒数日历"
"deu_Latn","lego adventskalender star wars 2025","2025年乐高《星球大战》圣诞倒数日历"
"deu_Latn","lego blume adventskalender","乐高blume圣诞倒数日历"
"deu_Latn","linis bites adventskalender","linisbites圣诞倒数日历"
"deu_Latn","lorenz adventskalender 2025","2025年lorenz圣诞倒数日历"
"deu_Latn","manhatten adventskalender 2025","2025年manhatten圣诞倒数日历"
"deu_Latn","marvel socken adventskalender","漫威袜子圣诞倒数日历"
"deu_Latn","mattel minecraft adventskalender","mattel《我的世界》圣诞倒数日历"
"deu_Latn","max verstappen adventskalender 2025","2025年maxverstappen圣诞倒数日历"
"deu_Latn","maybelline new york adventskalender 31-türer 2025","2025年美宝莲纽约31格圣诞倒数日历"
"deu_Latn","mein dänemark adventskalender 2025","2025年丹麦圣诞倒数日历"
"deu_Latn","mein norwegen adventskalender","挪威圣诞倒数日历"
"deu_Latn","mini puzzle adventskalender","迷你拼图圣诞倒数日历"
"deu_Latn","mochi adventskalender","mochi圣诞倒数日历"
"deu_Latn","mon cherry adventskalender","moncherry圣诞倒数日历"
"deu_Latn","mozart kugeln adventskalender","mozartkugeln圣诞倒数日历"
"deu_Latn","my scent adventskalender","scent圣诞倒数日历"
"deu_Latn","ninjago lego adventskalender","乐高幻影忍者乐高圣诞倒数日历"
"deu_Latn","nivea adventskalender 2025 damen","2025年妮维雅女士圣诞倒数日历"
"deu_Latn","nivea adventskalender 2025 männer","2025年妮维雅男士圣诞倒数日历"
"deu_Latn","novelmore adventskalender 2025","2025年novelmore圣诞倒数日历"
"deu_Latn","paar minuten adventskalender 2025","2025年情侣分钟圣诞倒数日历"
"deu_Latn","parfum miniaturen adventskalender","香水miniaturen圣诞倒数日历"
"deu_Latn","plüsch adventskalender","Plüsch圣诞倒数日历"
"deu_Latn","pumuckl adventskalender","pumuckl圣诞倒数日历"
"deu_Latn","puppenhaus adventskalender","puppenhaus圣诞倒数日历"
"deu_Latn","puzzle adventskalender grinch","拼图圣诞怪杰圣诞倒数日历"
"deu_Latn","rauhnächte adventskalender 2025","2025年Rauhnächte圣诞倒数日历"
"deu_Latn","reiter adventskalender 2025","2025年骑手圣诞倒数日历"
"deu_Latn","ring adventskalender","ring圣诞倒数日历"
"deu_Latn","roboter adventskalender 2025 kinder","2025年roboter儿童圣诞倒数日历"
"deu_Latn","rock metal adventskalender","摇滚金属圣诞倒数日历"
"deu_Latn","rub on adventskalender","rubon圣诞倒数日历"
"deu_Latn","schleich dinosaurier adventskalender","Schleich恐龙圣诞倒数日历"
"deu_Latn","schoko adventskalender 2025 milka","2025年巧克力Milka圣诞倒数日历"
"deu_Latn","schwarzer tee adventskalender 2025","2025年schwarzer茶叶圣诞倒数日历"
"deu_Latn","sebamed adventskalender 2025","2025年sebamed圣诞倒数日历"
"deu_Latn","snöfrid adventskalender","Snöfrid圣诞倒数日历"
"deu_Latn","stitch adventskalender erwachsene","史迪奇成人圣诞倒数日历"
"deu_Latn","stollenkonfekt adventskalender","stollenkonfekt圣诞倒数日历"
"deu_Latn","toiletten adventskalender","toiletten圣诞倒数日历"
"deu_Latn","top fashion adventskalender","topfashion圣诞倒数日历"
"deu_Latn","vodka adventskalender","vodka圣诞倒数日历"
"deu_Latn","wien adventskalender","wien圣诞倒数日历"
"deu_Latn","wohlfühl adventskalender","放松圣诞倒数日历"
"deu_Latn","woodwalkers adventskalender","woodwalkers圣诞倒数日历"
"deu_Latn","würfel adventskalender 2025","2025年骰子圣诞倒数日历"
"deu_Latn","zuru adventskalender","zuru圣诞倒数日历"
"deu_Latn","ültje adventskalender 2025","2025年Ültje圣诞倒数日历"
"deu_Latn","weihnachtskalender 2025 haribo","2025年哈瑞宝圣诞倒数日历"
"deu_Latn","weihnachtskalender 2025 jungs","2025年男孩圣诞倒数日历"
"deu_Latn","weihnachtskalender bayern münchen","拜仁慕尼黑圣诞倒数日历"
"deu_Latn","weihnachtskalender damen 2025","2025年女士圣诞倒数日历"
"deu_Latn","weihnachtskalender für teenager","青少年圣诞倒数日历"
"deu_Latn","weihnachtskalender katzen","猫咪圣诞倒数日历"
"deu_Latn","weihnachtskalender minecraft lego","《我的世界》乐高圣诞倒数日历"
"deu_Latn","weihnachtskalender mädchen 7 jahre","7岁女孩圣诞倒数日历"
"deu_Latn","weihnachtskalender nutella","能多益圣诞倒数日历"
"deu_Latn","weihnachtskalender rentner","退休人士圣诞倒数日历"
"deu_Latn","weihnachtskalender socken männer","袜子男士圣诞倒数日历"
"deu_Latn","werkzeug weihnachtskalender","工具圣诞倒数日历"
"deu_Latn","1 fc köln adventskalender 2025","2025年1FC科隆圣诞倒数日历"
"deu_Latn","24 boxen adventskalender","24盒子圣诞倒数日历"
"deu_Latn","24 kleine geschenke für adventskalender kinder","24小号礼物儿童圣诞倒数日历"
"deu_Latn","acdc adventskalender 2025","2025年acdc圣诞倒数日历"
"deu_Latn","adventskalender 12 türchen","12小门圣诞倒数日历"
"deu_Latn","adventskalender 18 jahre junge","18岁男孩圣诞倒数日历"
"deu_Latn","adventskalender 2025 anime figuren","2025年动漫玩偶圣诞倒数日历"
"deu_Latn","adventskalender 2025 asam beauty","2025年ASAM美妆圣诞倒数日历"
"deu_Latn","adventskalender 2025 booklover","2025年booklover圣诞倒数日历"
"deu_Latn","adventskalender 2025 brandnooz","2025年brandnooz圣诞倒数日历"
"deu_Latn","adventskalender 2025 demon hunters","2025年圣诞倒数日历"
"deu_Latn","adventskalender 2025 dresdner essenz","2025年dresdneressenz圣诞倒数日历"
"deu_Latn","adventskalender 2025 erwachsene lebensmittel","2025年成人食品圣诞倒数日历"
"deu_Latn","adventskalender 2025 exit erwachsene","2025年EXIT成人圣诞倒数日历"
"deu_Latn","adventskalender 2025 fc köln","2025年FC科隆圣诞倒数日历"
"deu_Latn","adventskalender 2025 frauen nägel","2025年女士指甲圣诞倒数日历"
"deu_Latn","adventskalender 2025 für kollegen","2025年同事圣诞倒数日历"
"deu_Latn","adventskalender 2025 für schwangere","2025年孕妇圣诞倒数日历"
"deu_Latn","adventskalender 2025 hotwheels","2025年hotwheels圣诞倒数日历"
"deu_Latn","adventskalender 2025 jewellery","2025年珠宝首饰圣诞倒数日历"
"deu_Latn","adventskalender 2025 jungen 3 jahre","2025年3岁男孩圣诞倒数日历"
"deu_Latn","adventskalender 2025 k-pop","2025年Kpop圣诞倒数日历"
"deu_Latn","adventskalender 2025 kinder bilder","2025年儿童图片圣诞倒数日历"
"deu_Latn","adventskalender 2025 kinder geschichten","2025年儿童故事圣诞倒数日历"
"deu_Latn","adventskalender 2025 kinder kosmos","2025年儿童Kosmos圣诞倒数日历"
"deu_Latn","adventskalender 2025 kinder krippe","2025年儿童马槽圣诞倒数日历"
"deu_Latn","adventskalender 2025 kinder lego technik","2025年儿童乐高科技圣诞倒数日历"
"deu_Latn","adventskalender 2025 kinder mit schokolade","2025年儿童巧克力圣诞倒数日历"
"deu_Latn","adventskalender 2025 kinder mädchen 11 jahre kinder schminke","2025年11岁儿童女孩彩妆圣诞倒数日历"
"deu_Latn","adventskalender 2025 kinder süssigkeiten","2025年儿童糖果圣诞倒数日历"
"deu_Latn","adventskalender 2025 lesen","2025年阅读圣诞倒数日历"
"deu_Latn","adventskalender 2025 lustige sprüche","2025年趣味格言圣诞倒数日历"
"deu_Latn","adventskalender 2025 männer feuerwehr","2025年男士消防队圣诞倒数日历"
"deu_Latn","adventskalender 2025 männer fussball gladbach","2025年男士足球gladbach圣诞倒数日历"
"deu_Latn","adventskalender 2025 männer ideen","2025年男士创意圣诞倒数日历"
"deu_Latn","adventskalender 2025 paarzeit","2025年paarzeit圣诞倒数日历"
"deu_Latn","adventskalender 2025 schwarzer humor","2025年schwarzerhumor圣诞倒数日历"
"deu_Latn","adventskalender 2025 sticker","2025年贴纸圣诞倒数日历"
"deu_Latn","adventskalender 2025 tee für paare","2025年茶情侣圣诞倒数日历"
"deu_Latn","adventskalender 2025 topmodel","2025年topmodel圣诞倒数日历"
"deu_Latn","adventskalender 25","25圣诞倒数日历"
"deu_Latn","adventskalender 5 jährige","5岁圣诞倒数日历"
"deu_Latn","adventskalender 80er jahre","80erjahre圣诞倒数日历"
"deu_Latn","adventskalender abenteuer","abenteuer圣诞倒数日历"
"deu_Latn","adventskalender augenpads","augenpads圣诞倒数日历"
"deu_Latn","adventskalender befüllen freundin","可填充女友圣诞倒数日历"
"deu_Latn","adventskalender befüllen stoff","可填充布艺圣诞倒数日历"
"deu_Latn","adventskalender bluy","bluy圣诞倒数日历"
"deu_Latn","adventskalender bonbon","bonbon圣诞倒数日历"
"deu_Latn","adventskalender bonbons","bonbons圣诞倒数日历"
"deu_Latn","adventskalender buch mädchen 11 jahre","11岁书籍女孩圣诞倒数日历"
"deu_Latn","adventskalender bücher 2025 kinder","2025年书籍儿童圣诞倒数日历"
"deu_Latn","adventskalender christlich kinder","christlich儿童圣诞倒数日历"
"deu_Latn","adventskalender chupa chups 2025","2025年Chupa Chups圣诞倒数日历"
"deu_Latn","adventskalender cosmos","cosmos圣诞倒数日历"
"deu_Latn","adventskalender creme damen","面霜女士圣诞倒数日历"
"deu_Latn","adventskalender d&d","D圣诞倒数日历"
"deu_Latn","adventskalender dr oetker 2025","2025年droetker圣诞倒数日历"
"deu_Latn","adventskalender ehrlich brothers 2026","2026年Ehrlich Brothers圣诞倒数日历"
"deu_Latn","adventskalender eintracht frankfurt 2025","2025年法兰克福圣诞倒数日历"
"deu_Latn","adventskalender eis.de","EIS.de圣诞倒数日历"
"deu_Latn","adventskalender engelbert strauss 2025","2025年Engelbert Strauss圣诞倒数日历"
"deu_Latn","adventskalender escape 2025","2025年密室逃脱圣诞倒数日历"
"deu_Latn","adventskalender essbar","essbar圣诞倒数日历"
"deu_Latn","adventskalender essence diy","essenceDIY圣诞倒数日历"
"deu_Latn","adventskalender frauen achtsamkeit","女士正念圣诞倒数日历"
"deu_Latn","adventskalender frauen füllung","女士圣诞倒数日历填充物"
"deu_Latn","adventskalender frauen kerzen","女士蜡烛圣诞倒数日历"
"deu_Latn","adventskalender frauen testsieger","女士testsieger圣诞倒数日历"
"deu_Latn","adventskalender fuer paare","fuer情侣圣诞倒数日历"
"deu_Latn","adventskalender füllen mann","填充男士圣诞倒数日历"
"deu_Latn","adventskalender füllideen männer","填充创意男士圣诞倒数日历填充创意"
"deu_Latn","adventskalender füllung 4 jahre","4岁圣诞倒数日历填充物"
"deu_Latn","adventskalender füllung fitness","健身圣诞倒数日历填充物"
"deu_Latn","adventskalender für 5 jährige","5岁圣诞倒数日历"
"deu_Latn","adventskalender für 6 jährige mädchen","6岁女孩圣诞倒数日历"
"deu_Latn","adventskalender für die tür","门式圣诞倒数日历"
"deu_Latn","adventskalender für hunde mit spielzeug","狗狗玩具圣诞倒数日历"
"deu_Latn","adventskalender für japan fans","日式fans圣诞倒数日历"
"deu_Latn","adventskalender für junge mütter","男孩母亲圣诞倒数日历"
"deu_Latn","adventskalender für kinder 3 jahre","3岁儿童圣诞倒数日历"
"deu_Latn","adventskalender für kleine kinder","小号儿童圣诞倒数日历"
"deu_Latn","adventskalender für kollegin","kollegin圣诞倒数日历"
"deu_Latn","adventskalender für mann und frau","男士女士圣诞倒数日历"
"deu_Latn","adventskalender für mädchen 11 jahre","11岁女孩圣诞倒数日历"
"deu_Latn","adventskalender für männer pflege","男士护理圣诞倒数日历"
"deu_Latn","adventskalender für paare zweisamkeit","情侣zweisamkeit圣诞倒数日历"
"deu_Latn","adventskalender für papas","papas圣诞倒数日历"
"deu_Latn","adventskalender gemüse","蔬菜圣诞倒数日历"
"deu_Latn","adventskalender haar","haar圣诞倒数日历"
"deu_Latn","adventskalender herren pflege","男士护理圣诞倒数日历"
"deu_Latn","adventskalender hund pferd","狗狗马圣诞倒数日历"
"deu_Latn","adventskalender häkelfiguren","钩针玩偶圣诞倒数日历"
"deu_Latn","adventskalender ikea","ikea圣诞倒数日历"
"deu_Latn","adventskalender individuell","individuell圣诞倒数日历"
"deu_Latn","adventskalender jugendlich","jugendlich圣诞倒数日历"
"deu_Latn","adventskalender junge 14","男孩14圣诞倒数日历"
"deu_Latn","adventskalender junge 2025","2025年男孩圣诞倒数日历"
"deu_Latn","adventskalender kiko milano","kikomilano圣诞倒数日历"
"deu_Latn","adventskalender kinder ab 9 jahre","9岁以上儿童圣诞倒数日历"
"deu_Latn","adventskalender kinder traktor","儿童拖拉机圣诞倒数日历"
"deu_Latn","adventskalender knabber","knabber圣诞倒数日历"
"deu_Latn","adventskalender kondom","kondom圣诞倒数日历"
"deu_Latn","adventskalender kosmetik essence","化妆品essence圣诞倒数日历"
"deu_Latn","adventskalender logikrätsel","逻辑谜题圣诞倒数日历"
"deu_Latn","adventskalender lustig schokolade","趣味巧克力圣诞倒数日历"
"deu_Latn","adventskalender make up teenager","青少年圣诞倒数日历"
"deu_Latn","adventskalender meßmer","Meßmer圣诞倒数日历"
"deu_Latn","adventskalender mit foto schokolade","照片巧克力圣诞倒数日历"
"deu_Latn","adventskalender mit fußballkarten","足球卡牌圣诞倒数日历"
"deu_Latn","adventskalender mit rätseln","解谜圣诞倒数日历"
"deu_Latn","adventskalender motivationssprüche","励志寄语圣诞倒数日历"
"deu_Latn","adventskalender mymuesli","mymuesli圣诞倒数日历"
"deu_Latn","adventskalender mädchen ab 10","10岁以上女孩圣诞倒数日历"
"deu_Latn","adventskalender mädchen armband","女孩手链圣诞倒数日历"
"deu_Latn","adventskalender männer düfte","男士香氛圣诞倒数日历"
"deu_Latn","adventskalender national geographic","nationalgeographic圣诞倒数日历"
"deu_Latn","adventskalender niederegger vegan","Niederegger纯素圣诞倒数日历"
"deu_Latn","adventskalender peanuts socken","peanuts袜子圣诞倒数日历"
"deu_Latn","adventskalender percy jackson","percyjackson圣诞倒数日历"
"deu_Latn","adventskalender pferde kinder","马匹儿童圣诞倒数日历"
"deu_Latn","adventskalender pilot","pilot圣诞倒数日历"
"deu_Latn","adventskalender pixie 2025","2025年Pixie圣诞倒数日历"
"deu_Latn","adventskalender politik","politik圣诞倒数日历"
"deu_Latn","adventskalender porridge 2025","2025年porridge圣诞倒数日历"
"deu_Latn","adventskalender ronaldo 2025","2025年ronaldo圣诞倒数日历"
"deu_Latn","adventskalender saatgut blumen","种子花卉圣诞倒数日历"
"deu_Latn","adventskalender schokolade männer","巧克力男士圣诞倒数日历"
"deu_Latn","adventskalender sexspielzeug für männer","成人情趣用品男士圣诞倒数日历"
"deu_Latn","adventskalender shiseido","shiseido圣诞倒数日历"
"deu_Latn","adventskalender shisha","shisha圣诞倒数日历"
"deu_Latn","adventskalender socken disney","袜子迪士尼圣诞倒数日历"
"deu_Latn","adventskalender spanien","spanien圣诞倒数日历"
"deu_Latn","adventskalender speziell","speziell圣诞倒数日历"
"deu_Latn","adventskalender sylvanian families","sylvanianfamilies圣诞倒数日历"
"deu_Latn","adventskalender süßigkeiten zum befüllen","糖果可填充圣诞倒数日历"
"deu_Latn","adventskalender tee yogi","茶Yogi圣诞倒数日历"
"deu_Latn","adventskalender tim burton","timburton圣诞倒数日历"
"deu_Latn","adventskalender tüten papierdrachen","纸袋Papierdrachen圣诞倒数日历"
"deu_Latn","adventskalender unicorn","独角兽圣诞倒数日历"
"deu_Latn","adventskalender unter 30 euro","30欧元圣诞倒数日历"
"deu_Latn","adventskalender unterwäsche","内衣圣诞倒数日历"
"deu_Latn","adventskalender vampire diaries","vampirediaries圣诞倒数日历"
"deu_Latn","adventskalender von lindt 2025","2025年瑞士莲圣诞倒数日历"
"deu_Latn","adventskalender vtech","vtech圣诞倒数日历"
"deu_Latn","adventskalender weihnachtsgeschichte","weihnachtsgeschichte圣诞倒数日历"
"deu_Latn","adventskalender werkzeug männer","工具男士圣诞倒数日历"
"deu_Latn","adventskalender wie früher","wieFrüher圣诞倒数日历"
"deu_Latn","adventskalender zahlen rechnen","数字rechnen圣诞倒数日历"
"deu_Latn","adventskalender zum befüllen für erwachsene","可填充成人圣诞倒数日历"
"deu_Latn","adventskalender zum befüllen groß stoff","可填充大号布艺圣诞倒数日历"
"deu_Latn","adventskalender zum befüllen wandkalender","可填充wandkalender圣诞倒数日历"
"deu_Latn","adventskalender zum freirubbeln","freirubbeln圣诞倒数日历"
"deu_Latn","adventskalender-tee","茶叶圣诞倒数日历"
"deu_Latn","amazon lego adventskalender","亚马逊乐高圣诞倒数日历"
"deu_Latn","anime adventskalender demon slayer","动漫《鬼灭之刃》圣诞倒数日历"
"deu_Latn","anna elsa adventskalender","annaelsa圣诞倒数日历"
"deu_Latn","asbach adventskalender 2025","2025年asbach圣诞倒数日历"
"deu_Latn","bastel adventskalender 2025 erwachsene","2025年手工成人圣诞倒数日历"
"deu_Latn","belgische pralinen adventskalender","belgische巧克力糖圣诞倒数日历"
"deu_Latn","bibi tina adventskalender","bibitina圣诞倒数日历"
"deu_Latn","brigitte adventskalender","brigitte圣诞倒数日历"
"deu_Latn","brubaker cosmetics adventskalender","brubaker化妆品圣诞倒数日历"
"deu_Latn","bundesliga karten adventskalender","bundesliga卡片圣诞倒数日历"
"deu_Latn","capybara adventskalender 2026","2026年水豚圣诞倒数日历"
"deu_Latn","chemie adventskalender 2025","2025年chemie圣诞倒数日历"
"deu_Latn","daniela drescher adventskalender","danieladrescher圣诞倒数日历"
"deu_Latn","datteln adventskalender","datteln圣诞倒数日历"
"deu_Latn","der japanisch lernen adventskalender","japanisch学习圣诞倒数日历"
"deu_Latn","der norwegen adventskalender","挪威圣诞倒数日历"
"deu_Latn","diabetiker adventskalender 2025","2025年diabetiker圣诞倒数日历"
"deu_Latn","die kunst des zeichnens für kinder adventskalender","kunstzeichnens儿童圣诞倒数日历"
"deu_Latn","diy adventskalender zum befüllen stoff","DIY可填充布艺圣诞倒数日历"
"deu_Latn","dr.oetker adventskalender","droetker圣诞倒数日历"
"deu_Latn","ebelin adventskalender","ebelin圣诞倒数日历"
"deu_Latn","erotik adventskalender für männer","情趣男士圣诞倒数日历"
"deu_Latn","ewiges eis adventskalender","ewiges冰淇淋圣诞倒数日历"
"deu_Latn","fayona adventskalender","fayona圣诞倒数日历"
"deu_Latn","feuerwehr adventskalender kinder","消防队儿童圣诞倒数日历"
"deu_Latn","fnaf funko pop adventskalender","FNAFFunko Pop圣诞倒数日历"
"deu_Latn","füllung adventskalender senioren","老年人圣诞倒数日历填充物"
"deu_Latn","games adventskalender switch","游戏switch圣诞倒数日历"
"deu_Latn","geschenkideen für adventskalender","geschenkideen圣诞倒数日历"
"deu_Latn","gesichtspflege adventskalender","gesichtspflege圣诞倒数日历"
"deu_Latn","glückskeks adventskalender 2025","2025年Glückskeks圣诞倒数日历"
"deu_Latn","gravitrax adventskalender 2024","2024年GraviTrax圣诞倒数日历"
"deu_Latn","herz und heim adventskalender","herzheim圣诞倒数日历"
"deu_Latn","hubschrauber adventskalender","hubschrauber圣诞倒数日历"
"deu_Latn","huss adventskalender","huss圣诞倒数日历"
"deu_Latn","ingwer shots adventskalender","ingwershots圣诞倒数日历"
"deu_Latn","inhalt für adventskalender erwachsene","成人圣诞倒数日历内装物"
"deu_Latn","inhalt für adventskalender mädchen","女孩圣诞倒数日历内装物"
"deu_Latn","inhalte für adventskalender mann","inhalte男士圣诞倒数日历内装物"
"deu_Latn","irland adventskalender 2025","2025年irland圣诞倒数日历"
"deu_Latn","ives rocher adventskalender","ivesRocher圣诞倒数日历"
"deu_Latn","jolifin adventskalender","jolifin圣诞倒数日历"
"deu_Latn","k-pop demon hunters adventskalender","《KPop恶魔猎人》圣诞倒数日历"
"deu_Latn","kaufmann verlag adventskalender","kaufmannverlag圣诞倒数日历"
"deu_Latn","kinder adventskalender inhalt","儿童圣诞倒数日历内装物"
"deu_Latn","kleine dinge für den adventskalender","小号物品圣诞倒数日历"
"deu_Latn","knet adventskalender 2025","2025年knet圣诞倒数日历"
"deu_Latn","knoppers adventskalender","knoppers圣诞倒数日历"
"deu_Latn","koala adventskalender","koala圣诞倒数日历"
"deu_Latn","koreanisch adventskalender","koreanisch圣诞倒数日历"
"deu_Latn","krippe adventskalender 2025","2025年马槽圣诞倒数日历"
"deu_Latn","la bubu adventskalender","Labubu圣诞倒数日历"
"deu_Latn","lady bug adventskalender","ladybug圣诞倒数日历"
"deu_Latn","landgarten adventskalender","landgarten圣诞倒数日历"
"deu_Latn","league of legends adventskalender","leagueoflegends圣诞倒数日历"
"deu_Latn","legends of rock & metal adventskalender 2025","2025年legendsof摇滚金属圣诞倒数日历"
"deu_Latn","lego friends adventskalender 2024","2024年乐高Friends圣诞倒数日历"
"deu_Latn","lego set für adventskalender","乐高套装圣诞倒数日历"
"deu_Latn","lightning mc queen adventskalender","lightningmcqueen圣诞倒数日历"
"deu_Latn","lindt pärchen adventskalender","瑞士莲情侣圣诞倒数日历"
"deu_Latn","loriot adventskalender","loriot圣诞倒数日历"
"deu_Latn","malen adventskalender 2025","2025年涂色圣诞倒数日历"
"deu_Latn","marvel lego adventskalender","漫威乐高圣诞倒数日历"
"deu_Latn","mein irland adventskalender","irland圣诞倒数日历"
"deu_Latn","mein japan adventskalender 2025","2025年日式圣诞倒数日历"
"deu_Latn","minnie maus adventskalender","minnie老鼠圣诞倒数日历"
"deu_Latn","modell adventskalender","modell圣诞倒数日历"
"deu_Latn","mops adventskalender 2025","2025年mops圣诞倒数日历"
"deu_Latn","motivation adventskalender","motivation圣诞倒数日历"
"deu_Latn","mutter tochter adventskalender","母亲女儿圣诞倒数日历"
"deu_Latn","nespresso kapseln adventskalender","nespressokapseln圣诞倒数日历"
"deu_Latn","nissin ramen adventskalender 2025","2025年nissin拉面圣诞倒数日历"
"deu_Latn","odonnell moonshine adventskalender","odonnellmoonshine圣诞倒数日历"
"deu_Latn","ossi adventskalender","ossi圣诞倒数日历"
"deu_Latn","p-stash adventskalender 2025","2025年pstash圣诞倒数日历"
"deu_Latn","panda adventskalender 2025","2025年panda圣诞倒数日历"
"deu_Latn","papierdrachen adventskalender kinder","Papierdrachen儿童圣诞倒数日历"
"deu_Latn","paw patrol adventskalender schokolade","《汪汪队立大功》巧克力圣诞倒数日历"
"deu_Latn","pflegeprodukte adventskalender","pflegeprodukte圣诞倒数日历"
"deu_Latn","positive potato adventskalender","positivepotato圣诞倒数日历"
"deu_Latn","postillon adventskalender 2025","2025年postillon圣诞倒数日历"
"deu_Latn","potluck gewürze adventskalender","potluck香料圣诞倒数日历"
"deu_Latn","pulmoll adventskalender","pulmoll圣诞倒数日历"
"deu_Latn","pärchen-adventskalender","情侣圣诞倒数日历"
"deu_Latn","rosa adventskalender","rosa圣诞倒数日历"
"deu_Latn","räder adventskalender","Räder圣诞倒数日历"
"deu_Latn","saaten adventskalender","saaten圣诞倒数日历"
"deu_Latn","schleich adventskalender kinder","Schleich儿童圣诞倒数日历"
"deu_Latn","schleich tiere adventskalender","Schleich动物圣诞倒数日历"
"deu_Latn","schokolade adventskalender kinder","巧克力儿童圣诞倒数日历"
"deu_Latn","schöne bescherung adventskalender","Schönebescherung圣诞倒数日历"
"deu_Latn","shiseido adventskalender","shiseido圣诞倒数日历"
"deu_Latn","silikonformen gießformen adventskalender","silikonformenGießformen圣诞倒数日历"
"deu_Latn","sonnentor tee adventskalender","Sonnentor茶叶圣诞倒数日历"
"deu_Latn","spanisch adventskalender","spanisch圣诞倒数日历"
"deu_Latn","spielzeug adventskalender für mädchen","玩具女孩圣诞倒数日历"
"deu_Latn","spirituelle adventskalender 2025","2025年spirituelle圣诞倒数日历"
"deu_Latn","stitch armband adventskalender","史迪奇手链圣诞倒数日历"
"deu_Latn","süßigkeiten mix für adventskalender","糖果mix圣诞倒数日历"
"deu_Latn","tarot adventskalender 2025","2025年tarot圣诞倒数日历"
"deu_Latn","tee adventskalender 2025 english tea shop","2025年茶englishtea商店圣诞倒数日历"
"deu_Latn","tee adventskalender 2025 yogi","2025年茶Yogi圣诞倒数日历"
"deu_Latn","tee adventskalender meßmer","茶Meßmer圣诞倒数日历"
"deu_Latn","teenager kosmetik adventskalender","青少年化妆品圣诞倒数日历"
"deu_Latn","trabant adventskalender 2025","2025年trabant圣诞倒数日历"
"deu_Latn","traktor adventskalender kinder","拖拉机儿童圣诞倒数日历"
"deu_Latn","ukri adventskalender 2025","2025年ukri圣诞倒数日历"
"deu_Latn","us adventskalender","us圣诞倒数日历"
"deu_Latn","vegane schokolade adventskalender","纯素巧克力圣诞倒数日历"
"deu_Latn","victoria secret adventskalender 2023","2023年victoriasecret圣诞倒数日历"
"deu_Latn","vogue adventskalender 2025","2025年vogue圣诞倒数日历"
"deu_Latn","weihnachtstüten für adventskalender","圣诞礼品袋圣诞倒数日历"
"deu_Latn","weil du es wert bist adventskalender","weildueswertbist圣诞倒数日历"
"deu_Latn","werkzeug adventskalender 2025 männer","2025年工具男士圣诞倒数日历"
"deu_Latn","whey adventskalender 2025","2025年whey圣诞倒数日历"
"deu_Latn","whey protein adventskalender","whey蛋白质圣诞倒数日历"
"deu_Latn","wimmelbuch adventskalender 2025","2025年wimmelbuch圣诞倒数日历"
"deu_Latn","wollowbies adventskalender","wollowbies圣诞倒数日历"
"deu_Latn","ww2 adventskalender","WW2圣诞倒数日历"
"deu_Latn","yps adventskalender","yps圣诞倒数日历"
"deu_Latn","zahlen adventskalender gold","数字金色圣诞倒数日历"
"deu_Latn","zartbitter adventskalender 2025","2025年黑巧克力圣诞倒数日历"
"deu_Latn","bvb weihnachtskalender","BVB圣诞倒数日历"
"deu_Latn","capybara weihnachtskalender","水豚圣诞倒数日历"
"deu_Latn","einhell weihnachtskalender 2025","2025年einhell圣诞倒数日历"
"deu_Latn","gin weihnachtskalender","金酒圣诞倒数日历"
"deu_Latn","grinch weihnachtskalender","圣诞怪杰圣诞倒数日历"
"deu_Latn","mini weihnachtskalender","迷你圣诞倒数日历"
"deu_Latn","weihnachtskalender 2025 parfüm","2025年香水圣诞倒数日历"
"deu_Latn","weihnachtskalender 2025 pokemon","2025年宝可梦圣诞倒数日历"
"deu_Latn","weihnachtskalender amorelie","Amorelie圣诞倒数日历"
"deu_Latn","weihnachtskalender für jungen","男孩圣诞倒数日历"
"deu_Latn","weihnachtskalender gummibärchen","软糖圣诞倒数日历"
"deu_Latn","weihnachtskalender klein","小号圣诞倒数日历"
"deu_Latn","weihnachtskalender lego friends","乐高Friends圣诞倒数日历"
"deu_Latn","weihnachtskalender nivea","妮维雅圣诞倒数日历"
"deu_Latn","123 playmobil adventskalender","123Playmobil圣诞倒数日历"
"deu_Latn","achtsamkeit adventskalender 2025 männer","2025年正念男士圣诞倒数日历"
"deu_Latn","adventskalender 14 jährige","14岁圣诞倒数日历"
"deu_Latn","adventskalender 2025 13 jahre","2025年13岁圣诞倒数日历"
"deu_Latn","adventskalender 2025 5 jahre junge","2025年5岁男孩圣诞倒数日历"
"deu_Latn","adventskalender 2025 arbeit","2025年arbeit圣诞倒数日历"
"deu_Latn","adventskalender 2025 batman","2025年batman圣诞倒数日历"
"deu_Latn","adventskalender 2025 bio tee","2025年有机茶叶圣诞倒数日历"
"deu_Latn","adventskalender 2025 chio chips","2025年chio薯片圣诞倒数日历"
"deu_Latn","adventskalender 2025 conni","2025年conni圣诞倒数日历"
"deu_Latn","adventskalender 2025 ferrero küsschen","2025年Ferrero Küsschen圣诞倒数日历"
"deu_Latn","adventskalender 2025 fishermans","2025年Fisherman's圣诞倒数日历"
"deu_Latn","adventskalender 2025 frauen dessous","2025年女士dessous圣诞倒数日历"
"deu_Latn","adventskalender 2025 frauen gesund","2025年女士健康圣诞倒数日历"
"deu_Latn","adventskalender 2025 frauen kosmetik rituals","2025年女士化妆品Rituals圣诞倒数日历"
"deu_Latn","adventskalender 2025 frauen lego","2025年女士乐高圣诞倒数日历"
"deu_Latn","adventskalender 2025 frauen mini parfüm","2025年女士迷你香水圣诞倒数日历"
"deu_Latn","adventskalender 2025 freundinnen","2025年女性朋友圣诞倒数日历"
"deu_Latn","adventskalender 2025 für 12 jährige mädchen","2025年12岁女孩圣诞倒数日历"
"deu_Latn","adventskalender 2025 für 2 jährige","2025年2岁圣诞倒数日历"
"deu_Latn","adventskalender 2025 für jäger","2025年猎人圣诞倒数日历"
"deu_Latn","adventskalender 2025 gay","2025年gay圣诞倒数日历"
"deu_Latn","adventskalender 2025 genuss","2025年genuss圣诞倒数日历"
"deu_Latn","adventskalender 2025 gilmore girls","2025年《吉尔莫女孩》圣诞倒数日历"
"deu_Latn","adventskalender 2025 icrush","2025年icrush圣诞倒数日历"
"deu_Latn","adventskalender 2025 jungen 4 jahre","2025年4岁男孩圣诞倒数日历"
"deu_Latn","adventskalender 2025 kinder 10 jahre mädchen","2025年10岁儿童女孩圣诞倒数日历"
"deu_Latn","adventskalender 2025 kinder 5 jahre mädchen","2025年5岁儿童女孩圣诞倒数日历"
"deu_Latn","adventskalender 2025 kinder kreativ","2025年儿童创意圣诞倒数日历"
"deu_Latn","adventskalender 2025 kinder kristalle","2025年儿童水晶圣诞倒数日历"
"deu_Latn","adventskalender 2025 kinder lol","2025年儿童lol圣诞倒数日历"
"deu_Latn","adventskalender 2025 kinder star wars","2025年儿童《星球大战》圣诞倒数日历"
"deu_Latn","adventskalender 2025 kinder zaubern","2025年儿童zaubern圣诞倒数日历"
"deu_Latn","adventskalender 2025 korea","2025年korea圣诞倒数日历"
"deu_Latn","adventskalender 2025 lebenskompass","2025年lebenskompass圣诞倒数日历"
"deu_Latn","adventskalender 2025 lindt lindor","2025年瑞士莲Lindor圣诞倒数日历"
"deu_Latn","adventskalender 2025 masken","2025年面膜圣诞倒数日历"
"deu_Latn","adventskalender 2025 männer kochen","2025年男士烹饪圣诞倒数日历"
"deu_Latn","adventskalender 2025 männer nfl","2025年男士NFL圣诞倒数日历"
"deu_Latn","adventskalender 2025 müsliriegel","2025年麦片棒圣诞倒数日历"
"deu_Latn","adventskalender 2025 proteine","2025年proteine圣诞倒数日历"
"deu_Latn","adventskalender 2025 puzzel","2025年puzzel圣诞倒数日历"
"deu_Latn","adventskalender 2025 puzzle kinder","2025年拼图儿童圣诞倒数日历"
"deu_Latn","adventskalender 2025 ritual","2025年ritual圣诞倒数日历"
"deu_Latn","adventskalender 2025 scharf","2025年scharf圣诞倒数日历"
"deu_Latn","adventskalender 2025 switch","2025年switch圣诞倒数日历"
"deu_Latn","adventskalender 2025 unisex","2025年unisex圣诞倒数日历"
"deu_Latn","adventskalender 3 jähriger junge","3Jähriger男孩圣诞倒数日历"
"deu_Latn","adventskalender ab 2 jahren","2岁以上n圣诞倒数日历"
"deu_Latn","adventskalender ab 6 jahren","6岁以上n圣诞倒数日历"
"deu_Latn","adventskalender acdc","acdc圣诞倒数日历"
"deu_Latn","adventskalender als postkarte","alspostkarte圣诞倒数日历"
"deu_Latn","adventskalender australien","australien圣诞倒数日历"
"deu_Latn","adventskalender autismus","autismus圣诞倒数日历"
"deu_Latn","adventskalender basteln erwachsene","手工成人圣诞倒数日历"
"deu_Latn","adventskalender befüllung frauen","女士圣诞倒数日历填充物"
"deu_Latn","adventskalender bibi und tina 2025","2025年bibitina圣诞倒数日历"
"deu_Latn","adventskalender buch grundschule","书籍grundschule圣诞倒数日历"
"deu_Latn","adventskalender christbaum","christbaum圣诞倒数日历"
"deu_Latn","adventskalender deadpool","deadpool圣诞倒数日历"
"deu_Latn","adventskalender dewalt","dewalt圣诞倒数日历"
"deu_Latn","adventskalender diy stoff","DIY布艺圣诞倒数日历"
"deu_Latn","adventskalender duftproben","香水小样圣诞倒数日历"
"deu_Latn","adventskalender duschen","duschen圣诞倒数日历"
"deu_Latn","adventskalender einstein","einstein圣诞倒数日历"
"deu_Latn","adventskalender ekaterina leonova","ekaterinaleonova圣诞倒数日历"
"deu_Latn","adventskalender englisch lernen","englisch学习圣诞倒数日历"
"deu_Latn","adventskalender erwachsene schokolade","成人巧克力圣诞倒数日历"
"deu_Latn","adventskalender feinkost 2025","2025年feinkost圣诞倒数日历"
"deu_Latn","adventskalender fidget toy 2025","2025年解压玩具圣诞倒数日历"
"deu_Latn","adventskalender fifa","fifa圣诞倒数日历"
"deu_Latn","adventskalender fotopuzzle","fotopuzzle圣诞倒数日历"
"deu_Latn","adventskalender füllung für mann","男士圣诞倒数日历填充物"
"deu_Latn","adventskalender füllung junge 4","男孩4圣诞倒数日历填充物"
"deu_Latn","adventskalender für 1 jährige mädchen","1岁女孩圣诞倒数日历"
"deu_Latn","adventskalender für die arbeit","arbeit圣诞倒数日历"
"deu_Latn","adventskalender für itler","itler圣诞倒数日历"
"deu_Latn","adventskalender für jungs ab 8","8岁以上男孩圣诞倒数日历"
"deu_Latn","adventskalender für kinder￼","儿童圣诞倒数日历"
"deu_Latn","adventskalender für teenager jungen","青少年男孩圣诞倒数日历"
"deu_Latn","adventskalender gemüsesamen","蔬菜种子圣诞倒数日历"
"deu_Latn","adventskalender glutenfrei 2025","2025年无麸质圣诞倒数日历"
"deu_Latn","adventskalender grappa","grappa圣诞倒数日历"
"deu_Latn","adventskalender igel","igel圣诞倒数日历"
"deu_Latn","adventskalender jellycat","jellycat圣诞倒数日历"
"deu_Latn","adventskalender jolifin","jolifin圣诞倒数日历"
"deu_Latn","adventskalender kampfsport","kampfsport圣诞倒数日历"
"deu_Latn","adventskalender karamell","karamell圣诞倒数日历"
"deu_Latn","adventskalender kaufmann verlag","kaufmannverlag圣诞倒数日历"
"deu_Latn","adventskalender kinde","kinde圣诞倒数日历"
"deu_Latn","adventskalender kisten zum befüllen","箱子可填充圣诞倒数日历"
"deu_Latn","adventskalender knobelspiele kinder","益智游戏儿童圣诞倒数日历"
"deu_Latn","adventskalender kristalle züchten","水晶Züchten圣诞倒数日历"
"deu_Latn","adventskalender lego jungen","乐高男孩圣诞倒数日历"
"deu_Latn","adventskalender lillifee","lillifee圣诞倒数日历"
"deu_Latn","adventskalender läufer","Läufer圣诞倒数日历"
"deu_Latn","adventskalender m asam 2025","2025年MASAM圣诞倒数日历"
"deu_Latn","adventskalender mit lego","乐高圣诞倒数日历"
"deu_Latn","adventskalender mit marmeladen","果酱圣诞倒数日历"
"deu_Latn","adventskalender mit musik und licht","音乐licht圣诞倒数日历"
"deu_Latn","adventskalender mädchen 6 jahre alt","6岁女孩alt圣诞倒数日历"
"deu_Latn","adventskalender mädchen inhalt","女孩圣诞倒数日历内装物"
"deu_Latn","adventskalender mädchen legami","女孩Legami圣诞倒数日历"
"deu_Latn","adventskalender männer bosch","男士博世圣诞倒数日历"
"deu_Latn","adventskalender männer zum befüllen","男士可填充圣诞倒数日历"
"deu_Latn","adventskalender nina chuba","ninachuba圣诞倒数日历"
"deu_Latn","adventskalender nivea männer","妮维雅男士圣诞倒数日历"
"deu_Latn","adventskalender nur mit parfüm","香水圣诞倒数日历"
"deu_Latn","adventskalender ostmann","ostmann圣诞倒数日历"
"deu_Latn","adventskalender pamela reif","pamelareif圣诞倒数日历"
"deu_Latn","adventskalender pikant","pikant圣诞倒数日历"
"deu_Latn","adventskalender playmobil krippe","Playmobil马槽圣诞倒数日历"
"deu_Latn","adventskalender polizei kinder","警察儿童圣诞倒数日历"
"deu_Latn","adventskalender power ranger","powerranger圣诞倒数日历"
"deu_Latn","adventskalender retro spiele","复古游戏圣诞倒数日历"
"deu_Latn","adventskalender schachtel","盒子圣诞倒数日历"
"deu_Latn","adventskalender schilder","schilder圣诞倒数日历"
"deu_Latn","adventskalender schmuck frauen silber","珠宝首饰女士银色圣诞倒数日历"
"deu_Latn","adventskalender schweiz","schweiz圣诞倒数日历"
"deu_Latn","adventskalender schwimmen","schwimmen圣诞倒数日历"
"deu_Latn","adventskalender snacks kinder","零食儿童圣诞倒数日历"
"deu_Latn","adventskalender spanisch lernen","spanisch学习圣诞倒数日历"
"deu_Latn","adventskalender stitch armband","史迪奇手链圣诞倒数日历"
"deu_Latn","adventskalender super wings","superwings圣诞倒数日历"
"deu_Latn","adventskalender suppen","汤圣诞倒数日历"
"deu_Latn","adventskalender säckchen aus stoff","小袋布艺圣诞倒数日历"
"deu_Latn","adventskalender süsigkeiten","Süsigkeiten圣诞倒数日历"
"deu_Latn","adventskalender takis","takis圣诞倒数日历"
"deu_Latn","adventskalender tee lose","茶lose圣诞倒数日历"
"deu_Latn","adventskalender teenager schmuck","青少年珠宝首饰圣诞倒数日历"
"deu_Latn","adventskalender tools","tools圣诞倒数日历"
"deu_Latn","adventskalender traktoren","traktoren圣诞倒数日历"
"deu_Latn","adventskalender trüffel pralinen","松露巧克力巧克力糖圣诞倒数日历"
"deu_Latn","adventskalender twilight","twilight圣诞倒数日历"
"deu_Latn","adventskalender weihnachtssocken","圣诞袜圣诞倒数日历"
"deu_Latn","adventskalender weisst du eigentlich","weisstdueigentlich圣诞倒数日历"
"deu_Latn","adventskalender welpen","welpen圣诞倒数日历"
"deu_Latn","adventskalender workout","workout圣诞倒数日历"
"deu_Latn","adventskalender zahlen karten","数字卡片圣诞倒数日历"
"deu_Latn","adventskalender zahlen kinder","数字儿童圣诞倒数日历"
"deu_Latn","adventskalender zitate","zitate圣诞倒数日历"
"deu_Latn","adventskalender zum aufhängen und befüllen","悬挂式可填充圣诞倒数日历"
"deu_Latn","adventskalender zum basteln erwachsene","手工成人圣诞倒数日历"
"deu_Latn","adventskalender zum befüllen amazon","可填充亚马逊圣诞倒数日历"
"deu_Latn","adventskalender zum befüllen stehend","可填充立式圣诞倒数日历"
"deu_Latn","adventskalender zum befüllen stoffbeutel","可填充布袋圣诞倒数日历小袋"
"deu_Latn","adventskalender zum bemalen","bemalen圣诞倒数日历"
"deu_Latn","adventskalender zum essen","食品圣诞倒数日历"
"deu_Latn","angelköder adventskalender","Angelköder圣诞倒数日历"
"deu_Latn","artikel für adventskalender frauen","物品女士圣诞倒数日历"
"deu_Latn","ast für adventskalender","ast圣诞倒数日历"
"deu_Latn","ausmal adventskalender 2025","2025年ausmal圣诞倒数日历"
"deu_Latn","badezusatz adventskalender kinder","沐浴用品儿童圣诞倒数日历"
"deu_Latn","beauty adventskalender 2025 teenager","2025年美妆青少年圣诞倒数日历"
"deu_Latn","befüllbarer adventskalender kinder","可填充儿童圣诞倒数日历"
"deu_Latn","befüllung adventskalender mädchen","女孩圣诞倒数日历填充物"
"deu_Latn","besondere adventskalender männer","特别男士圣诞倒数日历"
"deu_Latn","besonderer adventskalender männer","特别男士圣诞倒数日历"
"deu_Latn","bibi blocksberg adventskalender 2025","2025年bibiblocksberg圣诞倒数日历"
"deu_Latn","call of duty adventskalender","callofduty圣诞倒数日历"
"deu_Latn","carrera rc adventskalender","carrerarc圣诞倒数日历"
"deu_Latn","checkerin marina adventskalender 2025","2025年checkerinmarina圣诞倒数日历"
"deu_Latn","coole adventskalender 2025 teens","2025年酷青少年圣诞倒数日历"
"deu_Latn","das duell buch für paare adventskalender","对决书籍情侣圣诞倒数日历"
"deu_Latn","der achtsame adventskalender 2025","2025年achtsame圣诞倒数日历"
"deu_Latn","der neue rätsel-adventskalender für senioren","neue谜题老年人圣诞倒数日历"
"deu_Latn","diamond adventskalender","钻石圣诞倒数日历"
"deu_Latn","dnd würfel adventskalender","D&D骰子圣诞倒数日历"
"deu_Latn","dr. grandel adventskalender 2025","2025年drgrandel圣诞倒数日历"
"deu_Latn","drei adventskalender buch","三书籍圣诞倒数日历"
"deu_Latn","duftenden adventskalender","duftenden圣诞倒数日历"
"deu_Latn","duplo banderole adventskalender","DUPLObanderole圣诞倒数日历"
"deu_Latn","e.l.f. cosmetics adventskalender 2025","2025年elF化妆品圣诞倒数日历"
"deu_Latn","ehrlich brother adventskalender","ehrlichbrother圣诞倒数日历"
"deu_Latn","einfacher adventskalender","einfacher圣诞倒数日历"
"deu_Latn","ener bio adventskalender 2025","2025年ener有机圣诞倒数日历"
"deu_Latn","erlebnis tee adventskalender","erlebnis茶叶圣诞倒数日历"
"deu_Latn","escape room adventskalender 2025 kinder","2025年密室逃脱儿童圣诞倒数日历"
"deu_Latn","eulen adventskalender 2025","2025年猫头鹰圣诞倒数日历"
"deu_Latn","feen adventskalender 2025","2025年feen圣诞倒数日历"
"deu_Latn","felix adventskalender","felix圣诞倒数日历"
"deu_Latn","ferrero collection adventskalender","Ferrerocollection圣诞倒数日历"
"deu_Latn","ferrero kinder mix adventskalender","Ferrero儿童mix圣诞倒数日历"
"deu_Latn","fotografie adventskalender","fotografie圣诞倒数日历"
"deu_Latn","fotopuzzle adventskalender","fotopuzzle圣诞倒数日历"
"deu_Latn","galupy adventskalender 2025","2025年galupy圣诞倒数日历"
"deu_Latn","geschenke kinder adventskalender","礼物儿童圣诞倒数日历"
"deu_Latn","glühwein und gelassenheit bitte adventskalender","热红酒gelassenheitbitte圣诞倒数日历"
"deu_Latn","gutscheine adventskalender","gutscheine圣诞倒数日历"
"deu_Latn","gärtner pötschke adventskalender","Gärtner Pötschke圣诞倒数日历"
"deu_Latn","haba adventskalender bauernhof","hababauernhof圣诞倒数日历"
"deu_Latn","hannover 96 adventskalender","hannover96圣诞倒数日历"
"deu_Latn","happysoy adventskalender","happysoy圣诞倒数日历"
"deu_Latn","holzleiste adventskalender","holzleiste圣诞倒数日历"
"deu_Latn","hühner adventskalender 2025","2025年鸡圣诞倒数日历"
"deu_Latn","ideen adventskalender füllung mann","创意男士圣诞倒数日历填充物"
"deu_Latn","it adventskalender","it圣诞倒数日历"
"deu_Latn","jugendliche adventskalender","青少年圣诞倒数日历"
"deu_Latn","kerzentattoos adventskalender","kerzentattoos圣诞倒数日历"
"deu_Latn","kitten adventskalender 2025","2025年kitten圣诞倒数日历"
"deu_Latn","kleine artikel für adventskalender","小号物品圣诞倒数日历"
"deu_Latn","kleine bastelsets für adventskalender","小号bastelsets圣诞倒数日历"
"deu_Latn","kleine geschenke für adventskalender mann","小号礼物男士圣诞倒数日历"
"deu_Latn","kleinigkeiten für adventskalender kinder 3 jahre","3岁小物儿童圣诞倒数日历"
"deu_Latn","kleinigkeiten für adventskalender teenie","小物青少年圣诞倒数日历"
"deu_Latn","knekki adventskalender 2025 haargummi","2025年knekkihaargummi圣诞倒数日历"
"deu_Latn","kosmetik adventskalender 2025 essence","2025年化妆品essence圣诞倒数日历"
"deu_Latn","kreativ adventskalender kinder","创意儿童圣诞倒数日历"
"deu_Latn","ktm adventskalender","ktm圣诞倒数日历"
"deu_Latn","kuromi adventskalender 2025","2025年kuromi圣诞倒数日历"
"deu_Latn","lahaye adventskalender","lahaye圣诞倒数日历"
"deu_Latn","lakrids bülow adventskalender","lakridsBülow圣诞倒数日历"
"deu_Latn","laneige adventskalender","laneige圣诞倒数日历"
"deu_Latn","lebkuchenhaus adventskalender","leb蛋糕haus圣诞倒数日历"
"deu_Latn","lego 60475 city adventskalender 2025","2025年乐高60475城市圣诞倒数日历"
"deu_Latn","leiter für adventskalender","leiter圣诞倒数日历"
"deu_Latn","leverkusen adventskalender","leverkusen圣诞倒数日历"
"deu_Latn","liebes adventskalender 2025 frauen","2025年liebes女士圣诞倒数日历"
"deu_Latn","lillifee adventskalender","lillifee圣诞倒数日历"
"deu_Latn","lol adventskalender mit puppe","lolpuppe圣诞倒数日历"
"deu_Latn","lolli adventskalender","lolli圣诞倒数日历"
"deu_Latn","lose adventskalender","lose圣诞倒数日历"
"deu_Latn","magic adventskalender","魔法圣诞倒数日历"
"deu_Latn","mainz 05 adventskalender","mainz05圣诞倒数日历"
"deu_Latn","marshmallow adventskalender","marshmallow圣诞倒数日历"
"deu_Latn","mclaren f1 adventskalender","mclarenF1圣诞倒数日历"
"deu_Latn","milka 3d haus adventskalender 2025","2025年Milka3Dhaus圣诞倒数日历"
"deu_Latn","mini spielzeug adventskalender","迷你玩具圣诞倒数日历"
"deu_Latn","monster jam adventskalender","怪兽 Jam圣诞倒数日历"
"deu_Latn","nissin ramen adventskalender","nissin拉面圣诞倒数日历"
"deu_Latn","parfum adventskalender damen 2025","2025年香水女士圣诞倒数日历"
"deu_Latn","pixi adventskalender gold","pixi金色圣诞倒数日历"
"deu_Latn","prinzessin lillifee adventskalender","prinzessinlillifee圣诞倒数日历"
"deu_Latn","purelei adventskalender 2025 silber","2025年PURELEI银色圣诞倒数日历"
"deu_Latn","qchefs adventskalender","qchefs圣诞倒数日历"
"deu_Latn","rc auto adventskalender","rc汽车圣诞倒数日历"
"deu_Latn","redbull adventskalender 2025","2025年红牛圣诞倒数日历"
"deu_Latn","schleich eldrador adventskalender","Schleicheldrador圣诞倒数日历"
"deu_Latn","schnur adventskalender","schnur圣诞倒数日历"
"deu_Latn","science adventskalender","science圣诞倒数日历"
"deu_Latn","selbstgemachter adventskalender kinder","selbstgemachter儿童圣诞倒数日历"
"deu_Latn","self made adventskalender","selfmade圣诞倒数日历"
"deu_Latn","socken adventskalender 2025 frauen","2025年袜子女士圣诞倒数日历"
"deu_Latn","sound-adventskalender","声音圣诞倒数日历"
"deu_Latn","space nk beauty adventskalender","spacenk美妆圣诞倒数日历"
"deu_Latn","spider man adventskalender","《蜘蛛侠》圣诞倒数日历"
"deu_Latn","spielsachen für adventskalender","玩具圣诞倒数日历"
"deu_Latn","spruch adventskalender","spruch圣诞倒数日历"
"deu_Latn","squishy mellow adventskalender","squishymellow圣诞倒数日历"
"deu_Latn","starbucks adventskalender 2025","2025年starbucks圣诞倒数日历"
"deu_Latn","säckchen zum adventskalender","小袋圣诞倒数日历"
"deu_Latn","tee adventskalender 2025 dallmayr","2025年茶dallmayr圣诞倒数日历"
"deu_Latn","tee adventskalender 2025 früchte","2025年茶水果圣诞倒数日历"
"deu_Latn","tee adventskalender pukka","茶Pukka圣诞倒数日历"
"deu_Latn","teenager jungs adventskalender","青少年男孩圣诞倒数日历"
"deu_Latn","tiere adventskalender","动物圣诞倒数日历"
"deu_Latn","tischkalender adventskalender","tischkalender圣诞倒数日历"
"deu_Latn","tkkg adventskalender cd","tkkgcd圣诞倒数日历"
"deu_Latn","toniebox adventskalender 2025","2025年toniebox圣诞倒数日历"
"deu_Latn","too faced adventskalender","toofaced圣诞倒数日历"
"deu_Latn","uhren adventskalender 2025","2025年钟表圣诞倒数日历"
"deu_Latn","unicorn academy adventskalender 2025","2025年独角兽academy圣诞倒数日历"
"deu_Latn","vespa adventskalender 2025","2025年vespa圣诞倒数日历"
"deu_Latn","vichy adventskalender 2025","2025年vichy圣诞倒数日历"
"deu_Latn","vorlese adventskalender kinder","vorlese儿童圣诞倒数日历"
"deu_Latn","vtech adventskalender","vtech圣诞倒数日历"
"deu_Latn","warum ich dich liebe adventskalender","warum爱情圣诞倒数日历"
"deu_Latn","werder adventskalender","werder圣诞倒数日历"
"deu_Latn","woll adventskalender","woll圣诞倒数日历"
"deu_Latn","world of whisky adventskalender 2025","2025年World of Whisky圣诞倒数日历"
"deu_Latn","zauber der gewürze adventskalender","魔法香料圣诞倒数日历"
"deu_Latn","zug adventskalender 2025","2025年火车圣诞倒数日历"
"deu_Latn","exit weihnachtskalender 2025","2025年EXIT圣诞倒数日历"
"deu_Latn","kosmetik weihnachtskalender","化妆品圣诞倒数日历"
"deu_Latn","ritual weihnachtskalender","ritual圣诞倒数日历"
"deu_Latn","spielzeug weihnachtskalender","玩具圣诞倒数日历"
"deu_Latn","weihnachtskalender 2025 bier","2025年啤酒圣诞倒数日历"
"deu_Latn","weihnachtskalender 2025 teenager","2025年青少年圣诞倒数日历"
"deu_Latn","weihnachtskalender dinosaurier","恐龙圣诞倒数日历"
"deu_Latn","weihnachtskalender duftkerzen","香薰蜡烛圣诞倒数日历"
"deu_Latn","weihnachtskalender dunkle schokolade","黑巧克力圣诞倒数日历"
"deu_Latn","weihnachtskalender feuerwehr","消防队圣诞倒数日历"
"deu_Latn","weihnachtskalender frühstück","早餐圣诞倒数日历"
"deu_Latn","weihnachtskalender für zwei","两人圣诞倒数日历"
"deu_Latn","weihnachtskalender geschenke","礼物圣诞倒数日历"
"deu_Latn","weihnachtskalender gummibären","小熊软糖圣诞倒数日历"
"deu_Latn","weihnachtskalender kneipp","Kneipp圣诞倒数日历"
"deu_Latn","weihnachtskalender kosmetik 2025","2025年化妆品圣诞倒数日历"
"deu_Latn","weihnachtskalender männer werkzeug","男士工具圣诞倒数日历"
"deu_Latn","weihnachtskalender rum","朗姆酒圣诞倒数日历"
"deu_Latn","weihnachtskalender snacks","零食圣诞倒数日历"
"deu_Latn","'adventskalender exit","EXIT圣诞倒数日历"
"deu_Latn","24 adventskalender kerzen","24蜡烛圣诞倒数日历"
"deu_Latn","adventskalender (aus stoff)","布艺圣诞倒数日历"
"deu_Latn","adventskalender - täschchen zum selbst befüllen","Täschchen可自行填充圣诞倒数日历"
"deu_Latn","adventskalender 15 jahre","15岁圣诞倒数日历"
"deu_Latn","adventskalender 2025 aesthetic","2025年aesthetic圣诞倒数日历"
"deu_Latn","adventskalender 2025 asiatische süßigkeiten","2025年亚洲糖果圣诞倒数日历"
"deu_Latn","adventskalender 2025 damen parfüm","2025年女士香水圣诞倒数日历"
"deu_Latn","adventskalender 2025 ehemann","2025年ehemann圣诞倒数日历"
"deu_Latn","adventskalender 2025 energy","2025年能量饮料圣诞倒数日历"
"deu_Latn","adventskalender 2025 frauen beauty essence","2025年女士美妆essence圣诞倒数日历"
"deu_Latn","adventskalender 2025 friends","2025年Friends圣诞倒数日历"
"deu_Latn","adventskalender 2025 für fitness","2025年健身圣诞倒数日历"
"deu_Latn","adventskalender 2025 hertha bsc","2025年herthabsc圣诞倒数日历"
"deu_Latn","adventskalender 2025 jungen 5 jahre","2025年5岁男孩圣诞倒数日历"
"deu_Latn","adventskalender 2025 jungs 14 jahre","2025年14岁男孩圣诞倒数日历"
"deu_Latn","adventskalender 2025 kinder peppa wutz","2025年儿童《小猪佩奇》圣诞倒数日历"
"deu_Latn","adventskalender 2025 kollegin","2025年kollegin圣诞倒数日历"
"deu_Latn","adventskalender 2025 konder","2025年konder圣诞倒数日历"
"deu_Latn","adventskalender 2025 kondome","2025年kondome圣诞倒数日历"
"deu_Latn","adventskalender 2025 kreuzworträtsel","2025年填字游戏圣诞倒数日历"
"deu_Latn","adventskalender 2025 käse","2025年Käse圣诞倒数日历"
"deu_Latn","adventskalender 2025 mit chips","2025年薯片圣诞倒数日历"
"deu_Latn","adventskalender 2025 männer klo","2025年男士klo圣诞倒数日历"
"deu_Latn","adventskalender 2025 männer technik","2025年男士科技圣诞倒数日历"
"deu_Latn","adventskalender 2025 männer wein","2025年男士葡萄酒圣诞倒数日历"
"deu_Latn","adventskalender 2025 nimm 2","2025年nimm2圣诞倒数日历"
"deu_Latn","adventskalender 2025 ramen nudeln","2025年拉面面条圣诞倒数日历"
"deu_Latn","adventskalender 2025 sauna","2025年sauna圣诞倒数日历"
"deu_Latn","adventskalender 2025 sexy männer","2025年情趣男士圣诞倒数日历"
"deu_Latn","adventskalender 2025 socken männer","2025年袜子男士圣诞倒数日历"
"deu_Latn","adventskalender 2025 technik bausatz","2025年科技拼装套件圣诞倒数日历"
"deu_Latn","adventskalender 2025 unter 30 €","2025年30圣诞倒数日历"
"deu_Latn","adventskalender 2025 von lindt","2025年瑞士莲圣诞倒数日历"
"deu_Latn","adventskalender 2025 zum basteln","2025年手工圣诞倒数日历"
"deu_Latn","adventskalender 20€","20圣诞倒数日历"
"deu_Latn","adventskalender affirmationen kinder","肯定语句儿童圣诞倒数日历"
"deu_Latn","adventskalender alverde 2025","2025年alverde圣诞倒数日历"
"deu_Latn","adventskalender arcane","arcane圣诞倒数日历"
"deu_Latn","adventskalender artdeco 2025","2025年artdeco圣诞倒数日历"
"deu_Latn","adventskalender backen kinder","烘焙儿童圣诞倒数日历"
"deu_Latn","adventskalender badeente","badeente圣诞倒数日历"
"deu_Latn","adventskalender bartpflege","胡须护理圣诞倒数日历"
"deu_Latn","adventskalender befüllen mädchen","可填充女孩圣诞倒数日历"
"deu_Latn","adventskalender besondere","特别圣诞倒数日历"
"deu_Latn","adventskalender blaze","blaze圣诞倒数日历"
"deu_Latn","adventskalender bodyspray","bodyspray圣诞倒数日历"
"deu_Latn","adventskalender brause","brause圣诞倒数日历"
"deu_Latn","adventskalender buch mädchen 12 jahre","12岁书籍女孩圣诞倒数日历"
"deu_Latn","adventskalender bären","Bären圣诞倒数日历"
"deu_Latn","adventskalender chinesische nudeln","chinesische面条圣诞倒数日历"
"deu_Latn","adventskalender coffee","咖啡圣诞倒数日历"
"deu_Latn","adventskalender damen rituals","女士Rituals圣诞倒数日历"
"deu_Latn","adventskalender douglas frauen","Douglas女士圣诞倒数日历"
"deu_Latn","adventskalender duftöle","香氛油圣诞倒数日历"
"deu_Latn","adventskalender edel","edel圣诞倒数日历"
"deu_Latn","adventskalender einfach schokolade","einfach巧克力圣诞倒数日历"
"deu_Latn","adventskalender eiweiß","Eiweiß圣诞倒数日历"
"deu_Latn","adventskalender emo","emo圣诞倒数日历"
"deu_Latn","adventskalender essence 2024","2024年essence圣诞倒数日历"
"deu_Latn","adventskalender fische","fische圣诞倒数日历"
"deu_Latn","adventskalender fitzek","fitzek圣诞倒数日历"
"deu_Latn","adventskalender frauen 2025 schmuck","2025年女士珠宝首饰圣诞倒数日历"
"deu_Latn","adventskalender füllen mädchen","填充女孩圣诞倒数日历"
"deu_Latn","adventskalender füllung 3 jahre","3岁圣诞倒数日历填充物"
"deu_Latn","adventskalender füllung harry potter","《哈利·波特》圣诞倒数日历填充物"
"deu_Latn","adventskalender füllung kinder 8 jahre","8岁儿童圣诞倒数日历填充物"
"deu_Latn","adventskalender füllung partner","伴侣圣诞倒数日历填充物"
"deu_Latn","adventskalender für hexen","女巫圣诞倒数日历"
"deu_Latn","adventskalender für mädchen ab 12","12岁以上女孩圣诞倒数日历"
"deu_Latn","adventskalender für raucher","raucher圣诞倒数日历"
"deu_Latn","adventskalender für unterwegs","unterwegs圣诞倒数日历"
"deu_Latn","adventskalender geschenke erwachsene","礼物成人圣诞倒数日历"
"deu_Latn","adventskalender godzilla","godzilla圣诞倒数日历"
"deu_Latn","adventskalender gold","金色圣诞倒数日历"
"deu_Latn","adventskalender hab dich lieb","hablieb圣诞倒数日历"
"deu_Latn","adventskalender harry potter schokolade","《哈利·波特》巧克力圣诞倒数日历"
"deu_Latn","adventskalender hello kitty beauty","Hello Kitty美妆圣诞倒数日历"
"deu_Latn","adventskalender huda beauty","huda美妆圣诞倒数日历"
"deu_Latn","adventskalender hugo boss","hugoboss圣诞倒数日历"
"deu_Latn","adventskalender häkeltiere","钩针动物玩偶圣诞倒数日历"
"deu_Latn","adventskalender italienisch lernen","italienisch学习圣诞倒数日历"
"deu_Latn","adventskalender junge 6","男孩6圣诞倒数日历"
"deu_Latn","adventskalender jungen werkzeug","男孩工具圣诞倒数日历"
"deu_Latn","adventskalender katze 2025","2025年猫咪圣诞倒数日历"
"deu_Latn","adventskalender kinder 2 jahre junge","2岁儿童男孩圣诞倒数日历"
"deu_Latn","adventskalender kinder ab 10","10岁以上儿童圣诞倒数日历"
"deu_Latn","adventskalender kinder ab 6 jahre","6岁以上儿童圣诞倒数日历"
"deu_Latn","adventskalender kinder dinosaurier","儿童恐龙圣诞倒数日历"
"deu_Latn","adventskalender kinder katzen","儿童猫咪圣诞倒数日历"
"deu_Latn","adventskalender kinder kosmos","儿童Kosmos圣诞倒数日历"
"deu_Latn","adventskalender kinder playmobil 2025","2025年儿童Playmobil圣诞倒数日历"
"deu_Latn","adventskalender kinder puzzle","儿童拼图圣诞倒数日历"
"deu_Latn","adventskalender kinder tip toi","儿童tiptoi圣诞倒数日历"
"deu_Latn","adventskalender kinder vegan","儿童纯素圣诞倒数日历"
"deu_Latn","adventskalender kinder werkzeug","儿童工具圣诞倒数日历"
"deu_Latn","adventskalender kindergartenkinder","幼儿园Kinder圣诞倒数日历"
"deu_Latn","adventskalender kleine tüten","小号纸袋圣诞倒数日历"
"deu_Latn","adventskalender kleinkind ab 1 jahr","1岁以上幼儿圣诞倒数日历"
"deu_Latn","adventskalender kleinkind füllung","幼儿圣诞倒数日历填充物"
"deu_Latn","adventskalender klemmbausteine blumen","拼插积木花卉圣诞倒数日历"
"deu_Latn","adventskalender koala","koala圣诞倒数日历"
"deu_Latn","adventskalender kosmos exit","KosmosEXIT圣诞倒数日历"
"deu_Latn","adventskalender lashes","lashes圣诞倒数日历"
"deu_Latn","adventskalender lindor kugeln 2025","2025年Lindorkugeln圣诞倒数日历"
"deu_Latn","adventskalender mann befüllen","男士可填充圣诞倒数日历"
"deu_Latn","adventskalender mann gewürze","男士香料圣诞倒数日历"
"deu_Latn","adventskalender mit mini parfum","迷你香水圣诞倒数日历"
"deu_Latn","adventskalender mit nackten frauen","nackten女士圣诞倒数日历"
"deu_Latn","adventskalender mit schokolade für kinder","巧克力儿童圣诞倒数日历"
"deu_Latn","adventskalender mit sprüche","格言圣诞倒数日历"
"deu_Latn","adventskalender mädchen 10 jahre schmuck","10岁女孩珠宝首饰圣诞倒数日历"
"deu_Latn","adventskalender mädchen elsa","女孩艾莎圣诞倒数日历"
"deu_Latn","adventskalender mädchen skincare","女孩护肤圣诞倒数日历"
"deu_Latn","adventskalender mädchen spielzeug","女孩玩具圣诞倒数日历"
"deu_Latn","adventskalender männer gewürze","男士香料圣诞倒数日历"
"deu_Latn","adventskalender pappbücher","纸板书圣诞倒数日历"
"deu_Latn","adventskalender parfüm proben","香水proben圣诞倒数日历"
"deu_Latn","adventskalender pop mart","popmart圣诞倒数日历"
"deu_Latn","adventskalender pummeleinhorn","pummeleinhorn圣诞倒数日历"
"deu_Latn","adventskalender rapunzel","rapunzel圣诞倒数日历"
"deu_Latn","adventskalender relax","relax圣诞倒数日历"
"deu_Latn","adventskalender rollenspiel","rollenspiel圣诞倒数日历"
"deu_Latn","adventskalender rotwein","rotwein圣诞倒数日历"
"deu_Latn","adventskalender sack","sack圣诞倒数日历"
"deu_Latn","adventskalender sailor moon","sailormoon圣诞倒数日历"
"deu_Latn","adventskalender saure gummibärchen","saure软糖圣诞倒数日历"
"deu_Latn","adventskalender schaf","schaf圣诞倒数日历"
"deu_Latn","adventskalender schneekugeln","schneekugeln圣诞倒数日历"
"deu_Latn","adventskalender selber machen groß","DIY大号圣诞倒数日历"
"deu_Latn","adventskalender sport 2025","2025年运动圣诞倒数日历"
"deu_Latn","adventskalender stitch schmuck","史迪奇珠宝首饰圣诞倒数日历"
"deu_Latn","adventskalender stitch schokolade","史迪奇巧克力圣诞倒数日历"
"deu_Latn","adventskalender superfood","superfood圣诞倒数日历"
"deu_Latn","adventskalender säckchen 15x20","小袋15x20圣诞倒数日历"
"deu_Latn","adventskalender süßigkeiten hitschies","糖果Hitschies圣诞倒数日历"
"deu_Latn","adventskalender tasche","tasche圣诞倒数日历"
"deu_Latn","adventskalender tee meßmer","茶Meßmer圣诞倒数日历"
"deu_Latn","adventskalender tüten bunt","纸袋bunt圣诞倒数日历"
"deu_Latn","adventskalender tüten zum befüllen schwarz","可填充黑色圣诞倒数日历纸袋"
"deu_Latn","adventskalender uhr","uhr圣诞倒数日历"
"deu_Latn","adventskalender verrückt","搞怪圣诞倒数日历"
"deu_Latn","adventskalender vespa","vespa圣诞倒数日历"
"deu_Latn","adventskalender werkzeuge","werkzeuge圣诞倒数日历"
"deu_Latn","adventskalender wissen kinder","知识儿童圣诞倒数日历"
"deu_Latn","adventskalender wohlfühlen","放松圣诞倒数日历"
"deu_Latn","adventskalender youtube","youtube圣诞倒数日历"
"deu_Latn","adventskalender zahlen aufkleber kinder","数字贴纸儿童圣诞倒数日历"
"deu_Latn","adventskalender zum befüllen dackel","可填充dackel圣诞倒数日历"
"deu_Latn","adventskalender zum befüllen disney","可填充迪士尼圣诞倒数日历"
"deu_Latn","adventskalender zum rätseln","解谜圣诞倒数日历"
"deu_Latn","adventskalender+teenager+jungs","青少年男孩圣诞倒数日历"
"deu_Latn","airwaves adventskalender","airwaves圣诞倒数日历"
"deu_Latn","amazon adventskalender säckchen","亚马逊小袋圣诞倒数日历"
"deu_Latn","anhänger adventskalender zahlen","数字挂饰圣诞倒数日历"
"deu_Latn","augenpads adventskalender","augenpads圣诞倒数日历"
"deu_Latn","ayurveda adventskalender","ayurveda圣诞倒数日历"
"deu_Latn","bakugan adventskalender","bakugan圣诞倒数日历"
"deu_Latn","baumwollbeutel adventskalender","baumwollbeutel圣诞倒数日历"
"deu_Latn","befüllen adventskalender kinder","可填充儿童圣诞倒数日历"
"deu_Latn","beste adventskalender 2025 erwachsene","2025年精选成人圣诞倒数日历"
"deu_Latn","bier adventskalender alkoholfrei","啤酒酒类frei圣诞倒数日历"
"deu_Latn","black week adventskalender","blackweek圣诞倒数日历"
"deu_Latn","bosch adventskalender 2026","2026年博世圣诞倒数日历"
"deu_Latn","bosch werkzeug adventskalender","博世工具圣诞倒数日历"
"deu_Latn","bundeswehr adventskalender 2025","2025年bundeswehr圣诞倒数日历"
"deu_Latn","camper adventskalender","camper圣诞倒数日历"
"deu_Latn","catrice adventskalender 2024","2024年Catrice圣诞倒数日历"
"deu_Latn","chakra adventskalender","chakra圣诞倒数日历"
"deu_Latn","charm adventskalender 2025","2025年charm圣诞倒数日历"
"deu_Latn","craze adventskalender 2025","2025年craze圣诞倒数日历"
"deu_Latn","crottendorfer adventskalender 2025","2025年crottendorfer圣诞倒数日历"
"deu_Latn","deo adventskalender","deo圣诞倒数日历"
"deu_Latn","die drei !!! adventskalender 2025","2025年三圣诞倒数日历"
"deu_Latn","die drei fragezeichen cd adventskalender","三个问号cd圣诞倒数日历"
"deu_Latn","disney cars adventskalender","迪士尼汽车总动员圣诞倒数日历"
"deu_Latn","dove adventskalender 2025","2025年dove圣诞倒数日历"
"deu_Latn","dr. hauschka adventskalender","drhauschka圣诞倒数日历"
"deu_Latn","duplo banderolen adventskalender","DUPLObanderolen圣诞倒数日历"
"deu_Latn","effol adventskalender","effol圣诞倒数日历"
"deu_Latn","erotischer adventskalender 2025 für frauen","2025年情趣女士圣诞倒数日历"
"deu_Latn","erzieher adventskalender 2025","2025年erzieher圣诞倒数日历"
"deu_Latn","eva eich adventskalender","evaeich圣诞倒数日历"
"deu_Latn","exit adventskalender 2026","2026年EXIT圣诞倒数日历"
"deu_Latn","fisch adventskalender 2025","2025年fisch圣诞倒数日历"
"deu_Latn","fishermans adventskalender","Fisherman's圣诞倒数日历"
"deu_Latn","fishermans friend adventskalender","Fisherman's Friend圣诞倒数日历"
"deu_Latn","formel eins adventskalender","F1圣诞倒数日历"
"deu_Latn","franzis adventskalender auto","franzis汽车圣诞倒数日历"
"deu_Latn","franzis roboter adventskalender","franzisroboter圣诞倒数日历"
"deu_Latn","frauen schmuck adventskalender","女士珠宝首饰圣诞倒数日历"
"deu_Latn","funko pop adventskalender stranger things","Funko Pop《怪奇物语》圣诞倒数日历"
"deu_Latn","funko pop harry potter adventskalender","Funko Pop《哈利·波特》圣诞倒数日历"
"deu_Latn","funktioniert pop adventskalender","funktioniertpop圣诞倒数日历"
"deu_Latn","füllung adventskalender junge","男孩圣诞倒数日历填充物"
"deu_Latn","füllung adventskalender kollegen","同事圣诞倒数日历填充物"
"deu_Latn","füllung für adventskalender freundin","女友圣诞倒数日历填充物"
"deu_Latn","gadgets für adventskalender","gadgets圣诞倒数日历"
"deu_Latn","geschenke für adventskalender frau","礼物女士圣诞倒数日历"
"deu_Latn","gestell für adventskalender","gestell圣诞倒数日历"
"deu_Latn","glück adventskalender 2025","2025年Glück圣诞倒数日历"
"deu_Latn","harry potter adventskalender 2022 socken","2022年《哈利·波特》袜子圣诞倒数日历"
"deu_Latn","holzleiter tannenbaum adventskalender","holzleitertannenbaum圣诞倒数日历"
"deu_Latn","jjk adventskalender","jjk圣诞倒数日历"
"deu_Latn","katzen adventskalender leckerlis","猫咪leckerlis圣诞倒数日历"
"deu_Latn","kisten für adventskalender","箱子圣诞倒数日历"
"deu_Latn","kit kat adventskalender 2025","2025年KitKat圣诞倒数日历"
"deu_Latn","kleine geschenke adventskalender mädchen","小号礼物女孩圣诞倒数日历"
"deu_Latn","kleine ideen für adventskalender","小号创意圣诞倒数日历"
"deu_Latn","kleinigkeiten für den adventskalender erwachsene","小物成人圣诞倒数日历"
"deu_Latn","kleinkinder adventskalender füllung","幼儿圣诞倒数日历填充物"
"deu_Latn","korean beauty adventskalender 2025","2025年韩式美妆圣诞倒数日历"
"deu_Latn","koro adventskalender 2025 classic","2025年Koroclassic圣诞倒数日历"
"deu_Latn","liebe adventskalender","爱情圣诞倒数日历"
"deu_Latn","lindt adventskalender klein","瑞士莲小号圣诞倒数日历"
"deu_Latn","lindt paar adventskalender","瑞士莲情侣圣诞倒数日历"
"deu_Latn","lindt veganer adventskalender","瑞士莲纯素圣诞倒数日历"
"deu_Latn","lumene adventskalender","lumene圣诞倒数日历"
"deu_Latn","maxi nutrition adventskalender 2025","2025年maxinutrition圣诞倒数日历"
"deu_Latn","mein erster adventskalender baby","erster婴幼儿圣诞倒数日历"
"deu_Latn","merry fitness adventskalender","merry健身圣诞倒数日历"
"deu_Latn","messi adventskalender","messi圣诞倒数日历"
"deu_Latn","mini adventskalender mit pulmoll","迷你pulmoll圣诞倒数日历"
"deu_Latn","mini spiele für adventskalender","迷你游戏圣诞倒数日历"
"deu_Latn","miraculous adventskalender 2025","2025年miraculous圣诞倒数日历"
"deu_Latn","motogp adventskalender","motogp圣诞倒数日历"
"deu_Latn","murmelbahn adventskalender","murmelbahn圣诞倒数日历"
"deu_Latn","männer adventskalender inhalt","男士圣诞倒数日历内装物"
"deu_Latn","nivea man adventskalender","妮维雅man圣诞倒数日历"
"deu_Latn","no drama miss lama adventskalender","nodramamisslama圣诞倒数日历"
"deu_Latn","pandora stitch adventskalender","Pandora史迪奇圣诞倒数日历"
"deu_Latn","papierdrachen adventskalender stoff","Papierdrachen布艺圣诞倒数日历"
"deu_Latn","paw patrol adventskalender 2025 schokolade","2025年《汪汪队立大功》巧克力圣诞倒数日历"
"deu_Latn","penis adventskalender","penis圣诞倒数日历"
"deu_Latn","pferde adventskalender für echte pferde 2025","2025年马匹echte圣诞倒数日历"
"deu_Latn","play mobil adventskalender","playmobil圣诞倒数日历"
"deu_Latn","playmobil adventskalender bauernhof","Playmobilbauernhof圣诞倒数日历"
"deu_Latn","playmobil adventskalender museum","Playmobilmuseum圣诞倒数日历"
"deu_Latn","playmobil feuerwehr adventskalender","Playmobil消防队圣诞倒数日历"
"deu_Latn","pokemon tcg adventskalender 2025","2025年宝可梦tcg圣诞倒数日历"
"deu_Latn","puzzle rätsel adventskalender","拼图谜题圣诞倒数日历"
"deu_Latn","rubbellos adventskalender 2025 lotto","2025年rubbelloslotto圣诞倒数日历"
"deu_Latn","salus tee adventskalender","salus茶叶圣诞倒数日历"
"deu_Latn","scharfe soße adventskalender","辣酱圣诞倒数日历"
"deu_Latn","schleich adventskalender bauernhof","Schleichbauernhof圣诞倒数日历"
"deu_Latn","schmuck adventskalender damen","珠宝首饰女士圣诞倒数日历"
"deu_Latn","schmuck adventskalender ohne ohrringe","珠宝首饰耳环圣诞倒数日历"
"deu_Latn","schmuck adventskalender teenager","珠宝首饰青少年圣诞倒数日历"
"deu_Latn","schwangeren adventskalender","孕妇圣诞倒数日历"
"deu_Latn","schwarze tüten adventskalender","schwarze纸袋圣诞倒数日历"
"deu_Latn","schwarzer humor adventskalender","schwarzerhumor圣诞倒数日历"
"deu_Latn","sexspielzeug adventskalender","成人情趣用品圣诞倒数日历"
"deu_Latn","ski adventskalender","ski圣诞倒数日历"
"deu_Latn","socken adventskalender grinch","袜子圣诞怪杰圣诞倒数日历"
"deu_Latn","spielwerk adventskalender","spielwerk圣诞倒数日历"
"deu_Latn","spielzeug adventskalender mädchen","玩具女孩圣诞倒数日历"
"deu_Latn","stanger things adventskalender","stangerthings圣诞倒数日历"
"deu_Latn","stick adventskalender","stick圣诞倒数日历"
"deu_Latn","stihl adventskalender 2025","2025年stihl圣诞倒数日历"
"deu_Latn","stitch adventskalender 2026","2026年史迪奇圣诞倒数日历"
"deu_Latn","ständer für adventskalender","支架圣诞倒数日历"
"deu_Latn","sugargang adventskalender xxl 2025","2025年SugargangXXL圣诞倒数日历"
"deu_Latn","superfood adventskalender 2025","2025年superfood圣诞倒数日历"
"deu_Latn","säckchen zum befüllen adventskalender","可填充圣诞倒数日历小袋"
"deu_Latn","takis adventskalender 2025","2025年takis圣诞倒数日历"
"deu_Latn","tüten adventskalender rot","纸袋红色圣诞倒数日历"
"deu_Latn","van life adventskalender 2025","2025年vanlife圣诞倒数日历"
"deu_Latn","weihnachten 24 stoffbeutel für adventskalender","圣诞24布袋圣诞倒数日历"
"deu_Latn","weißt du eigentlich wie lieb ich dich hab adventskalender","《猜猜我有多爱你》圣诞倒数日历"
"deu_Latn","windel adventskalender 2023","2023年尿布圣诞倒数日历"
"deu_Latn","zahlenaufkleber adventskalender","数字贴纸圣诞倒数日历"
"deu_Latn","zettel für adventskalender","纸条圣诞倒数日历"
"deu_Latn","ü eier adventskalender 2025","2025年Ü-Eier圣诞倒数日历"
"deu_Latn","einhell weihnachtskalender","einhell圣诞倒数日历"
"deu_Latn","nivea weihnachtskalender 2025","2025年妮维雅圣诞倒数日历"
"deu_Latn","socken weihnachtskalender 2025","2025年袜子圣诞倒数日历"
"deu_Latn","weihnachtskalender 2025 damen","2025年女士圣诞倒数日历"
"deu_Latn","weihnachtskalender 2025 für frauen beauty","2025年女士美妆圣诞倒数日历"
"deu_Latn","weihnachtskalender 2025 kinder 2 jahre","2025年2岁儿童圣诞倒数日历"
"deu_Latn","weihnachtskalender 2025 schminke","2025年彩妆圣诞倒数日历"
"deu_Latn","weihnachtskalender eis.de","EIS.de圣诞倒数日历"
"deu_Latn","weihnachtskalender mit foto","照片圣诞倒数日历"
"deu_Latn","weihnachtskalender mit sprüchen","寄语圣诞倒数日历"
"deu_Latn","weihnachtskalender männer 2025","2025年男士圣诞倒数日历"
"deu_Latn","weihnachtskalender oma","祖母圣诞倒数日历"
"deu_Latn","weihnachtskalender red bull 2025","2025年红牛圣诞倒数日历"
"deu_Latn","weihnachtskalender roblox","Roblox圣诞倒数日历"
"deu_Latn","weihnachtskalender schnaps","烈酒圣诞倒数日历"
"deu_Latn","weihnachtskalender wednesday","《星期三》圣诞倒数日历"
"deu_Latn","weihnachtskalender weiße schokolade","白巧克力圣诞倒数日历"
"deu_Latn","Edelsteine","宝石"
"deu_Latn","Edelstein","宝石"
"deu_Latn","Steine","石头"
"deu_Latn","Stein","石头"
"deu_Latn","Kristalle","水晶"
"deu_Latn","Kristall","水晶"
"deu_Latn","Jungen","男孩"
"deu_Latn","Junge","男孩"
"deu_Latn","Jungs","男孩"
"deu_Latn","Kinder","儿童"
"deu_Latn","Mineralien","矿物"
"deu_Latn","Mädchen","女孩"
"deu_Latn","Geschenke","礼物"
"deu_Latn","Geschenk","礼物"
"deu_Latn","Weihnachten","圣诞节"
