source_language,source_text,translated_text
"eng_Latn","advent calendar 2025","2025年圣诞倒数日历"
"eng_Latn","advent calendar","降临节日历"
"eng_Latn","lego advent calendar 2025","乐高2025年圣诞倒数日历"
"eng_Latn","advent calendar for adults","成人用圣诞倒数日历"
"eng_Latn","advent calendar for boys","男孩用的圣诞倒数日历"
"eng_Latn","advent calendar for girls","女孩的圣诞倒数日历"
"eng_Latn","lego advent calendar","乐高圣诞倒数日历"
"eng_Latn","chocolate advent calendar 2025","2025年巧克力降临日历"
"eng_Latn","kids advent calendar 2025","2025年儿童圣诞倒数日历"
"eng_Latn","advent calendars","圣诞倒数日历"
"eng_Latn","beauty advent calendar 2025","2025年美丽日历"
"eng_Latn","buffalo trace advent calendar","水牛足迹圣诞倒数日历"
"eng_Latn","advent calendars christmas","圣诞倒数日历"
"eng_Latn","advent calendar for teen girls","少女款圣诞倒数日历"
"eng_Latn","needoh advent calendar 2025","needoh 2025年倒数日历"
"eng_Latn","squishmallow advent calendar 2025","2025年软糯球状物降临日历"
"eng_Latn","pokemon advent calendar 2025","2025年宝可梦倒数日历"
"eng_Latn","whiskey advent calendar 2025","2025年威士忌倒数日历"
"eng_Latn","fishing advent calendar 2025","2025年钓鱼日历"
"eng_Latn","adult advent calendar 2025","2025年成人历险日历"
"eng_Latn","makeup advent calendar 2025","2025年彩妆日历"
"eng_Latn","harry potter advent calendar","哈利·波特主题的倒数日历"
"eng_Latn","needoh advent calendar","needoh 圣诞倒数日历"
"eng_Latn","boys advent calendar 2025","2025年男孩款圣诞倒数日历"
"eng_Latn","toddler advent calendar 2025","2025年幼儿圣诞倒数日历"
"eng_Latn","harry potter advent calendar 2025","2025年哈利·波特主题的圣诞倒数日历"
"eng_Latn","red bull advent calendar","红牛圣诞倒数日历"
"eng_Latn","advent calendar 2025 kids","2025年儿童降临日历"
"eng_Latn","hot wheels advent calendar 2025","2025年风火轮冒险日历"
"eng_Latn","bluey advent calendar 2025","2025年Bluey倒数日历"
"eng_Latn","sea glass advent calendar","海玻璃圣诞倒数日历"
"eng_Latn","girls advent calendar 2025","2025年女孩冒险日历"
"eng_Latn","candy advent calendar 2025","2025年糖果降临日历"
"eng_Latn","advent calendar 2025 adult","2025年成人款圣诞倒数日历"
"eng_Latn","dog advent calendar 2025","2025年狗狗主题日历"
"eng_Latn","advent calendar for men","男士圣诞倒数日历"
"eng_Latn","wicked advent calendar 2025","2025年邪恶降临日历"
"eng_Latn","empty advent calendars to fill","空空的待填满的圣诞日历"
"eng_Latn","golf advent calendar 2025","2025年高尔夫球历"
"eng_Latn","disney advent calendar","迪士尼圣诞倒数日历"
"eng_Latn","sephora advent calendar 2025","丝芙兰2025年圣诞倒数日历"
"eng_Latn","nee doh advent calendar 2025","2025年nee doh圣诞倒数日历"
"eng_Latn","beauty advent calendar","美妆日历"
"eng_Latn","elf advent calendar 2025","2025年精灵降临日历"
"eng_Latn","minecraft advent calendar 2025","2025年《我的世界》圣诞倒数日历"
"eng_Latn","book advent calendar","书籍倒数日历"
"eng_Latn","advent calendar 2025 chocolate","2025年巧克力圣诞倒数日历"
"eng_Latn","diy advent calendar","DIY 圣诞倒数日历"
"eng_Latn","advent calendar for kids","儿童降临日历"
"eng_Latn","little people advent calendar 2025","2025年小人历"
"eng_Latn","tea advent calendar 2025","2025年茶礼日历"
"eng_Latn","buffalo trace advent calendar 2025","2025年水牛足迹圣诞倒数日历"
"eng_Latn","nee doh advent calendar","“nee doh advent calendar”的中文翻译是什么"
"eng_Latn","pokemon advent calendar","宝可梦倒数日历"
"eng_Latn","advent calendars for kids","儿童圣诞倒数日历"
"eng_Latn","squishmallow advent calendar","软糯球状物圣诞倒数日历"
"eng_Latn","minecraft advent calendar","《我的世界》圣诞倒数日历"
"eng_Latn","mens advent calendar 2025","2025年男士圣诞倒数日历"
"eng_Latn","chocolate advent calendar","巧克力倒数日历"
"eng_Latn","christmas advent calendars for kids","儿童圣诞倒数日历"
"eng_Latn","teen advent calendar 2025","2025年青少年历险日历"
"eng_Latn","advent calendars for adults","成人用的圣诞倒数日历"
"eng_Latn","funko pop advent calendar 2025","Funko Pop 2025年圣诞倒数日历"
"eng_Latn","teen girl advent calendar 2025","2025年少女主题的倒数日历"
"eng_Latn","amazon advent calendar 2025","2025年亚马逊圣诞倒数日历"
"eng_Latn","amazon advent calendar","亚马逊圣诞倒数日历"
"eng_Latn","mini brands advent calendar","迷你品牌圣诞倒数日历"
"eng_Latn","kids advent calendar","儿童圣诞倒数日历"
"eng_Latn","stitch advent calendar 2025","2025年针织圣诞倒数日历"
"eng_Latn","advent calendar for women","女士降临日历"
"eng_Latn","puzzle advent calendar 2025","2025年拼图日历"
"eng_Latn","advent calendars 2025","2025年圣诞倒数日历"
"eng_Latn","cat advent calendar 2025","2025年猫咪主题的倒数日历"
"eng_Latn","lindt advent calendar 2025","瑞士莲2025年圣诞倒数日历"
"eng_Latn","nativity advent calendar","圣诞降临日历"
"eng_Latn","makeup advent calendar","彩妆日历"
"eng_Latn","barbie advent calendar 2025","2025年芭比圣诞倒数日历"
"eng_Latn","fishing advent calendar","钓鱼降临日历"
"eng_Latn","advent calendar for teen boys","青少年男孩的降临日历"
"eng_Latn","stranger things advent calendar","《怪奇物语》圣诞倒数日历"
"eng_Latn","ulta advent calendar 2025","2025年ULTA圣诞倒数日历"
"eng_Latn","lego flower advent calendar","乐高花朵倒数日历"
"eng_Latn","advent calendar beauty","圣诞日历美妆"
"eng_Latn","star wars advent calendar 2025","2025年星球大战倒数日历"
"eng_Latn","kpop demon hunters advent calendar","Kpop猎魔人降临日历"
"eng_Latn","disney advent calendar 2025","2025年迪士尼圣诞倒数日历"
"eng_Latn","advent beauty calendar 2025","2025年圣诞美丽日历"
"eng_Latn","hello kitty advent calendar 2025","2025年凯蒂猫倒数日历"
"eng_Latn","gilmore girls advent calendar 2025","《吉尔莫女孩》2025年圣诞倒数日历"
"eng_Latn","advent calendar chocolate","圣诞倒数日历巧克力"
"eng_Latn","advent calendar lego","乐高圣诞倒数日历"
"eng_Latn","amazon beauty advent calendar","亚马逊美妆圣诞倒数日历"
"eng_Latn","boys advent calendar","男孩版圣诞倒数日历"
"eng_Latn","christmas advent calendars","圣诞倒计时日历"
"eng_Latn","bourbon advent calendar 2025","2025年波本威士忌倒数日历"
"eng_Latn","teen boy advent calendar 2025","2025年青少年男孩圣诞倒数日历"
"eng_Latn","toddler advent calendar","幼儿圣诞倒数日历"
"eng_Latn","dog advent calendar","狗狗主题的倒数日历"
"eng_Latn","highland cow advent calendar 2025","2025年高地奶牛日历"
"eng_Latn","paw patrol advent calendar 2025","2025年狗狗巡逻队倒数日历"
"eng_Latn","jewelry advent calendar 2025","2025年珠宝圣诞倒数日历"
"eng_Latn","hello kitty advent calendar","凯蒂猫倒数日历"
"eng_Latn","advent calendar 2025 adult women","2025年成人女性圣诞倒数日历"
"eng_Latn","empty advent calendar","空白的圣诞倒数日历"
"eng_Latn","beauty advent calendars 2025","2025年美妆圣诞倒数日历"
"eng_Latn","bonne maman advent calendar 2025","2025年Bonne Maman圣诞倒数日历"
"eng_Latn","coffee advent calendar 2025","2025年咖啡日历"
"eng_Latn","advent calendar kids","儿童倒数日历"
"eng_Latn","advent calendar makeup","圣诞倒数日历彩妆"
"eng_Latn","wine advent calendar 2025","2025年葡萄酒倒数日历"
"eng_Latn","mini brands advent calendar 2025","2025年迷你品牌圣诞倒数日历"
"eng_Latn","advent calendar 2025 girls","2025年女孩款圣诞倒数日历"
"eng_Latn","diy advent calendar boxes to fill","待填写的DIY圣诞倒数日历盒"
"eng_Latn","candy advent calendar","糖果日历"
"eng_Latn","slime advent calendar","史莱姆主题的倒数日历"
"eng_Latn","grinch advent calendar 2025","2025年格林奇倒数日历"
"eng_Latn","book advent calendar 2025","2025年图书倒数日历"
"eng_Latn","boy advent calendar 2025","2025年男孩圣诞倒数日历"
"eng_Latn","puzzle advent calendar","拼图式圣诞倒数日历"
"eng_Latn","perfume advent calendar 2025","2025年香水降临日历"
"eng_Latn","advent calendars for teens","青少年主题的降临日历"
"eng_Latn","wicked advent calendar","邪恶的圣诞倒数日历"
"eng_Latn","advent calendar 2025 boys","2025年男孩款圣诞倒数日历"
"eng_Latn","perfume advent calendar","香水日历礼盒"
"eng_Latn","mens advent calendar","男士圣诞倒数日历"
"eng_Latn","sephora advent calendar","丝芙兰圣诞倒数日历"
"eng_Latn","lego city advent calendar 2025","乐高城市系列2025年圣诞倒数日历"
"eng_Latn","womens advent calendar 2025","2025年女士圣诞倒数日历"
"eng_Latn","advent calendar 2025 lego","2025年乐高圣诞倒数日历"
"eng_Latn","advent+calendars","降临日历"
"eng_Latn","food advent calendar 2025","2025年美食历险日历"
"eng_Latn","monster jam advent calendar 2025","2025年怪物果酱圣诞倒数日历"
"eng_Latn","advent calendar 2025 makeup","2025年化妆日历"
"eng_Latn","hot wheels advent calendar","风火轮冒险日历"
"eng_Latn","make up advent calendar 2025","2025年化妆日历"
"eng_Latn","fishing lure advent calendar 2025","2025年钓鱼诱饵倒数日历"
"eng_Latn","christmas countdown calendar","圣诞倒计时日历"
"eng_Latn","fidget advent calendar 2025","2025年解压日历"
"eng_Latn","stranger things advent calendar 2025","2025年《怪奇物语》圣诞倒数日历"
"eng_Latn","slime advent calendar 2025","2025年史莱姆降临日历"
"eng_Latn","football advent calendar 2025","2025年足球主题日历"
"eng_Latn","red bull advent calendar 2025","红牛2025年圣诞倒数日历"
"eng_Latn","jewelry advent calendar","珠宝主题的倒数日历"
"eng_Latn","polly pocket advent calendar 2025","波莉口袋2025年圣诞倒数日历"
"eng_Latn","advent calendar 2025 women","2025年女士降临日历"
"eng_Latn","craft advent calendar 2025","2025年手工日历"
"eng_Latn","advent calendar book","倒计时日历书"
"eng_Latn","avent calendar 2025","2025年活动日历"
"eng_Latn","lego advent calendar 2025 christmas","乐高2025年圣诞倒数日历"
"eng_Latn","monster truck advent calendar 2025","2025年怪物卡车历险日历"
"eng_Latn","baby advent calendar","婴儿降临日历"
"eng_Latn","reusable advent calendar","可重复使用的圣诞倒数日历"
"eng_Latn","dinosaur advent calendar 2025","2025年恐龙主题圣诞倒数日历"
"eng_Latn","lps advent calendar","LPS 降临日历"
"eng_Latn","little people advent calendar","小人历"
"eng_Latn","funko pop advent calendar","Funko Pop 圣诞倒数日历"
"eng_Latn","fidget advent calendar","减压日历"
"eng_Latn","girls advent calendar","女孩款圣诞倒数日历"
"eng_Latn","bluey advent calendar","蓝精灵倒数日历"
"eng_Latn","whiskey advent calendar","威士忌倒数日历"
"eng_Latn","cat advent calendar","猫咪日历"
"eng_Latn","kpop advent calendar","韩国流行音乐（Kpop）倒数日历"
"eng_Latn","girl advent calendar 2025","2025年女孩版圣诞倒数日历"
"eng_Latn","roblox advent calendar 2025","2025年Roblox圣诞倒数日历"
"eng_Latn","brain rot advent calendar","脑腐历险日历"
"eng_Latn","golf advent calendar","高尔夫球历险日历"
"eng_Latn","labubu advent calendar 2025","2025年labubu圣诞倒数日历"
"eng_Latn","advent calendar for women 2025","2025年女性日历"
"eng_Latn","advent calendar 2025 beauty","2025年美妆日历"
"eng_Latn","brain rot advent calendar 2025","2025年脑腐历险日历"
"eng_Latn","advent calendar for teens","青少年倒数日历"
"eng_Latn","littlest pet shop advent calendar","小小宠物店圣诞倒数日历"
"eng_Latn","advent calendar 2025 teen girls","2025年少女款圣诞倒数日历"
"eng_Latn","advent calendar puzzle","圣诞倒数拼图"
"eng_Latn","men advent calendar 2025","2025年男士圣诞倒数日历"
"eng_Latn","nativity advent calendar 2025","2025年圣诞降临日历"
"eng_Latn","wooden advent calendar","木质圣诞倒数日历"
"eng_Latn","anime advent calendar","动漫主题的圣诞倒数日历"
"eng_Latn","lego minecraft advent calendar 2025","乐高《我的世界》2025年历"
"eng_Latn","adult advent calendar","成人历险日历"
"eng_Latn","christmas advent calendar 2025 chocolate","2025年圣诞倒数日历巧克力"
"eng_Latn","lindt advent calendar","瑞士莲圣诞倒数日历"
"eng_Latn","taylor swift advent calendar 2025","泰勒·斯威夫特2025年圣诞倒数日历"
"eng_Latn","advent calendar for toddlers","幼儿用圣诞倒数日历"
"eng_Latn","emotional support advent calendar","情感支持倒数日历"
"eng_Latn","redbull advent calendar","红牛历险日历"
"eng_Latn","advent calendar candy","圣诞倒数日历糖果"
"eng_Latn","couples advent calendar 2025","2025年情侣款圣诞倒数日历"
"eng_Latn","2025 advent calendar adult","2025年成人版圣诞倒数日历"
"eng_Latn","family advent calendar 2025","2025年家庭圣诞倒数日历"
"eng_Latn","funko advent calendar","Funko Advent日历"
"eng_Latn","baseball advent calendar 2025","2025年棒球日历"
"eng_Latn","kinder advent calendar 2025","2025年儿童圣诞倒数日历"
"eng_Latn","guitar advent calendar 2025","2025年吉他降临日历"
"eng_Latn","tea advent calendar","茶礼盒日历"
"eng_Latn","candle advent calendar 2025","2025年蜡烛倒数日历"
"eng_Latn","lego star wars advent calendar 2025","乐高星球大战2025年倒数日历"
"eng_Latn","barbie advent calendar","芭比娃娃节日日历"
"eng_Latn","anime advent calendar 2025","2025年动漫降临日历"
"eng_Latn","gnome advent calendar 2025","2025年侏儒历险日历"
"eng_Latn","soccer advent calendar 2025","2025年足球主题圣诞倒数日历"
"eng_Latn","best advent calendar 2025","2025年最佳圣诞倒数日历"
"eng_Latn","funko advent calendar 2025","Funko 2025年圣诞倒数日历"
"eng_Latn","advent calendar 2025 candy","2025年糖果降临日历"
"eng_Latn","christmas advent calendar 2025","2025年圣诞倒数日历"
"eng_Latn","playmobil advent calendar","摩比世界圣诞倒数日历"
"eng_Latn","fun advent calendar 2025","2025年趣味圣诞倒数日历"
"eng_Latn","skincare advent calendar 2025","2025年护肤日历"
"eng_Latn","teen advent calendar","青少年历险日历"
"eng_Latn","toy advent calendar 2025","2025年玩具圣诞倒数日历"
"eng_Latn","baby advent calendar 2025","2025年婴儿降临日历"
"eng_Latn","fillable advent calendar","可填写的圣诞倒数日历"
"eng_Latn","brainrot advent calendar","腐脑降临日历"
"eng_Latn","baseball advent calendar","棒球主题的圣诞倒数日历"
"eng_Latn","advent calendar 2025 men","2025年男士圣诞倒数日历"
"eng_Latn","f1 advent calendar","F1 倒计时日历"
"eng_Latn","clue advent calendar 2025","2025年线索式圣诞倒数日历"
"eng_Latn","sports advent calendar 2025","2025年体育日历"
"eng_Latn","skin care advent calendar 2025","2025年护肤日历"
"eng_Latn","elf advent calendar","精灵降临日历"
"eng_Latn","kpop advent calendar 2025","2025年韩国流行音乐（K-Pop）倒数日历"
"eng_Latn","advent calendar women","女性圣诞倒数日历"
"eng_Latn","brainrot advent calendar 2025","2025年脑腐降临日历"
"eng_Latn","christmas advent calendar","圣诞降临日历"
"eng_Latn","taylor swift advent calendar","泰勒·斯威夫特圣诞倒数日历"
"eng_Latn","2025 advent calendar","2025年倒数日历"
"eng_Latn","chapstick advent calendar 2025","2025年唇膏倒数日历"
"eng_Latn","polaroid advent calendar","宝丽来（Polaroid）圣诞倒数日历"
"eng_Latn","hotwheels advent calendar 2025","2025年风火轮汽车人偶日历"
"eng_Latn","nightmare before christmas advent calendar","《圣诞夜惊魂》倒数日历"
"eng_Latn","sea glass advent calendar 2025","2025年海玻璃倒数日历"
"eng_Latn","crochet advent calendar 2025","2025年钩织圣诞倒数日历"
"eng_Latn","skincare advent calendar","护肤日历"
"eng_Latn","women advent calendar 2025","2025年女士冒险日历"
"eng_Latn","marvel advent calendar 2025","漫威2025年圣诞倒数日历"
"eng_Latn","star wars advent calendar","星球大战主题的倒数日历"
"eng_Latn","advent calendar teen girl","少女款圣诞倒数日历"
"eng_Latn","magnatiles advent calendar","磁性拼图日历"
"eng_Latn","seaglass advent calendar","海玻璃日历"
"eng_Latn","advent calendar men","男士圣诞倒数日历"
"eng_Latn","labubu advent calendar","拉布布圣诞倒数日历"
"eng_Latn","crochet advent calendar","钩针编织的圣诞倒数日历"
"eng_Latn","advent calendar for tween girls","少女们的圣诞倒数日历"
"eng_Latn","alcohol advent calendar 2025","2025年酒精日历"
"eng_Latn","12 days of beauty advent calendar","12天美丽降临日历"
"eng_Latn","survival advent calendar 2025","2025年生存历险日历"
"eng_Latn","stitch advent calendar","针织圣诞倒数日历"
"eng_Latn","friends advent calendar 2025","2025年朋友降临日历"
"eng_Latn","nfl advent calendar 2025","2025年美国国家橄榄球联盟（NFL）倒数日历"
"eng_Latn","f1 advent calendar 2025","2025年F1倒数日历"
"eng_Latn","exit advent calendar 2025","2025年圣诞倒数日历"
"eng_Latn","cvs advent calendar","CVS 圣诞倒数日历"
"eng_Latn","guitar pick advent calendar","吉他拨片圣诞倒数日历"
"eng_Latn","avent calendar 2025 christmas","2025年圣诞活动日历"
"eng_Latn","eos advent calendar","EOS 倒数日历"
"eng_Latn","whisky advent calendar 2025","2025年威士忌倒数日历"
"eng_Latn","princess advent calendar 2025","2025年公主降临日历"
"eng_Latn","lego friends advent calendar 2025","乐高朋友2025年圣诞倒数日历"
"eng_Latn","advent calendar boxes","圣诞倒数日历盒"
"eng_Latn","hot chocolate advent calendar","热巧克力倒数日历"
"eng_Latn","sonic advent calendar 2025","2025年索尼克历险日历"
"eng_Latn","teen boy advent calendar","青少年男孩圣诞倒数日历"
"eng_Latn","lego star wars advent calendar","乐高星球大战倒数日历"
"eng_Latn","rubber duck advent calendar 2025","2025年橡皮鸭倒数日历"
"eng_Latn","trending advent calendars","热门圣诞倒数日历"
"eng_Latn","spiderman advent calendar 2025","2025年蜘蛛侠主题日历"
"eng_Latn","skin care advent calendar","护肤降临日历"
"eng_Latn","fortnite advent calendar 2025","2025年《堡垒之夜》圣诞倒数日历"
"eng_Latn","hot chocolate advent calendar 2025","2025年热巧克力倒数日历"
"eng_Latn","adult advent calendars","成人历险日历"
"eng_Latn","loreal advent calendar","欧莱雅倒数日历"
"eng_Latn","duck advent calendar 2025","2025年鸭子主题的倒数日历"
"eng_Latn","best christmas advent calendars","最好的圣诞倒数日历"
"eng_Latn","advent calendar empty","倒计时日历为空"
"eng_Latn","doorables advent calendar","门饰圣诞倒数日历"
"eng_Latn","christian advent calendar 2025","2025年基督降临日历"
"eng_Latn","coffee advent calendar","咖啡日历"
"eng_Latn","gilmore girls advent calendar","《吉尔莫女孩》圣诞倒数日历"
"eng_Latn","advent calendar 2025 for women","2025年女士日历"
"eng_Latn","advent calendars for men","男士圣诞倒数日历"
"eng_Latn","advent calendar boys","圣诞倒数日历男孩"
"eng_Latn","advent calendar 2025 for teens","2025年青少年倒数日历"
"eng_Latn","advent calendar teen boy","青少年男孩的降临日历"
"eng_Latn","christmas calendar advent","圣诞日历降临"
"eng_Latn","advent calendars for girls","女孩们的圣诞倒数日历"
"eng_Latn","cologne advent calendar for men","男士古龙水倒数日历"
"eng_Latn","food advent calendar","美食倒数日历"
"eng_Latn","guitar pick advent calendar 2025","2025年吉他拨片圣诞倒数日历"
"eng_Latn","tequila advent calendar 2025","2025年龙舌兰酒圣诞倒数日历"
"eng_Latn","advent calendars for women","女士节日日历"
"eng_Latn","craft advent calendar","手工制作圣诞倒数日历"
"eng_Latn","lego flower advent calendar 2025","乐高2025年花卉主题倒数日历"
"eng_Latn","dnd advent calendar","DND（龙与地下城）历险日历"
"eng_Latn","12 day advent calendar","12天倒数日历"
"eng_Latn","advent calendar 2025 for adults","2025年成人日历"
"eng_Latn","italian brainrot advent calendar","意大利脑腐降临日历"
"eng_Latn","crystal advent calendar 2025","2025年水晶日历"
"eng_Latn","advent calendar for men 2025","2025年男士倒数日历"
"eng_Latn","kid advent calendar 2025","2025年儿童历险日历"
"eng_Latn","unique advent calendar 2025","2025年独特圣诞倒数日历"
"eng_Latn","basketball advent calendar 2025","2025年篮球主题圣诞倒数日历"
"eng_Latn","adopt me advent calendar","领养我 圣诞倒数日历"
"eng_Latn","teen girl advent calendar","少女款圣诞倒数日历"
"eng_Latn","advent calendar for dogs","狗狗的倒数日历"
"eng_Latn","amazon beauty advent calendar 2025","亚马逊2025年美妆圣诞倒数日历"
"eng_Latn","2025 toy advent calendar","2025年玩具圣诞倒数日历"
"eng_Latn","paw patrol advent calendar","狗狗巡逻队倒数日历"
"eng_Latn","dnd advent calendar 2025","2025年DND（龙与地下城）冒险日历"
"eng_Latn","advent calendar girls","圣诞日历女孩"
"eng_Latn","kids advent calendar 2025 girls","2025年女孩儿童历险日历"
"eng_Latn","bath and body works advent calendar","沐浴和身体护理用品倒数日历"
"eng_Latn","cars advent calendar 2025","2025年汽车倒数日历"
"eng_Latn","micromallows advent calendar","微美洛（micromallows）圣诞倒数日历"
"eng_Latn","advent calendar 2025 food","2025年食品主题的降临日历"
"eng_Latn","12 days of christmas advent calendar","圣诞倒数日历12天"
"eng_Latn","demon slayer advent calendar","《鬼灭之刃》倒数日历"
"eng_Latn","dragon advent calendar 2025","2025年龙年倒数日历"
"eng_Latn","national parks advent calendar 2025","2025年国家公园倒数日历"
"eng_Latn","national geographic advent calendar","国家地理历险日历"
"eng_Latn","car advent calendar 2025","2025年汽车日历"
"eng_Latn","capybara advent calendar 2025","2025年豚鼠主题圣诞倒数日历"
"eng_Latn","advent calendars chocolate","巧克力圣诞倒数日历"
"eng_Latn","horse advent calendar 2025","2025年马年倒数日历"
"eng_Latn","snoopy advent calendar 2025","2025年史努比主题日历"
"eng_Latn","advent calendar diy","DIY圣诞倒数日历"
"eng_Latn","godiva advent calendar 2025","歌蒂梵2025年圣诞倒数日历"
"eng_Latn","advent calendar 2025 teen boys","2025年青少年男孩款降临日历"
"eng_Latn","squishy advent calendar 2025","2025年软糯黏糊的圣诞倒数日历"
"eng_Latn","advent calendars for boys","男孩用的圣诞倒数日历"
"eng_Latn","exit advent calendar","出口倒计时日历"
"eng_Latn","make your own advent calendar","制作你自己的圣诞倒数日历"
"eng_Latn","hunting advent calendar 2025","2025年狩猎主题倒数日历"
"eng_Latn","art advent calendar","艺术主题的倒数日历"
"eng_Latn","roblox advent calendar","Roblox 圣诞倒数日历"
"eng_Latn","bourbon advent calendar","波本威士忌倒数日历"
"eng_Latn","nedoh advent calendar 2025","2025年nedoh倒数日历"
"eng_Latn","dark chocolate advent calendar","黑巧克力圣诞倒数日历"
"eng_Latn","ornament advent calendar","装饰品式圣诞倒数日历"
"eng_Latn","squishmallows advent calendar","软糯球体（Squishmallows）圣诞倒数日历"
"eng_Latn","beetles advent calendar 2025","2025年甲虫主题倒数日历"
"eng_Latn","sock advent calendar 2025","2025年袜子倒数日历"
"eng_Latn","dark chocolate advent calendar 2025","2025年黑巧克力圣诞倒数日历"
"eng_Latn","polly pocket advent calendar","波莉口袋圣诞倒数日历"
"eng_Latn","loreal advent calendar 2025","欧莱雅2025年节日倒数日历"
"eng_Latn","one piece advent calendar","海贼王主题的倒数日历"
"eng_Latn","advent calendar fillers","圣诞倒数日历填充物"
"eng_Latn","christian advent calendar","基督教圣诞倒数日历"
"eng_Latn","emotional support advent calendar 2025","2025年情感支持倒数日历"
"eng_Latn","mario advent calendar 2025","马里奥2025年圣诞倒数日历"
"eng_Latn","k pop demon hunters advent calendar","K-pop猎魔人倒数日历"
"eng_Latn","toddler girl advent calendar 2025","2025年女童幼儿圣诞倒数日历"
"eng_Latn","advent-calendar","圣诞倒数日历"
"eng_Latn","kendra scott advent calendar","肯德拉·斯科特圣诞倒数日历"
"eng_Latn","dog treat advent calendar 2025","2025年狗狗零食圣诞倒数日历"
"eng_Latn","advent+calendar+for+adults","成人降临日历"
"eng_Latn","lps advent calendar 2025","2025年LPS圣诞倒数日历"
"eng_Latn","lego advent calendars","乐高圣诞倒数日历"
"eng_Latn","grinch advent calendar","圣诞怪杰倒数日历"
"eng_Latn","bookish advent calendar","书香四溢的倒数日历"
"eng_Latn","advent calendar 2025 for men","2025年男士圣诞倒数日历"
"eng_Latn","advent lego calendar 2025","2025年乐高圣诞日历"
"eng_Latn","fortnite advent calendar","《堡垒之夜》圣诞倒数日历"
"eng_Latn","snack advent calendar 2025","2025年零食日历"
"eng_Latn","beauty advent calendars","美妆圣诞倒数日历"
"eng_Latn","toddler boy advent calendar 2025","2025年男童幼儿圣诞倒数日历"
"eng_Latn","advent chocolate calendar","圣诞巧克力日历"
"eng_Latn","crystal advent calendar","水晶日历"
"eng_Latn","lego minecraft advent calendar","乐高《我的世界》倒数日历"
"eng_Latn","sea glass christmas tree advent calendar","海玻璃圣诞树倒数日历"
"eng_Latn","art advent calendar 2025","2025年艺术日历"
"eng_Latn","tween advent calendar 2025","2025年圣诞倒数日历"
"eng_Latn","advent calendars for teen girls","少女款圣诞倒数日历"
"eng_Latn","kinder advent calendar","儿童圣诞倒数日历"
"eng_Latn","boy advent calendar","男孩主题的圣诞倒数日历"
"eng_Latn","adult advent calendar 2025 for women","2025年女士成人历险日历"
"eng_Latn","advent calendar pokemon","宝可梦降临日历"
"eng_Latn","magna tiles advent calendar 2025","麦格纳瓷砖2025年圣诞倒数日历"
"eng_Latn","monster truck advent calendar","怪物卡车主题的倒数日历"
"eng_Latn","fnaf advent calendar 2025","2025年FNAF（五指山冒险乐园）圣诞倒数日历"
"eng_Latn","science advent calendar 2025","2025年科学日历"
"eng_Latn","advent calendar harry potter","哈利波特主题的倒数日历"
"eng_Latn","advent calendar for toddler girls","幼儿女孩的降临日历"
"eng_Latn","advent calendar￼","圣诞倒数日历"
"eng_Latn","best advent calendars for 2025","2025年最佳圣诞倒数日历"
"eng_Latn","marvel advent calendar","漫威降临日历"
"eng_Latn","advent calendar food","圣诞倒数日历食品"
"eng_Latn","advent calendars makeup","圣诞日历化妆品"
"eng_Latn","book lovers advent calendar 2025","2025年爱书者倒数日历"
"eng_Latn","advent calendars for toddlers","幼儿用的圣诞倒数日历"
"eng_Latn","best advent calendars","最好的圣诞倒数日历"
"eng_Latn","kids advent calendar 2025 boys","2025年男孩款儿童圣诞倒数日历"
"eng_Latn","dinosaur advent calendar","恐龙主题的倒数日历"
"eng_Latn","hot sauce advent calendar","辣酱倒数日历"
"eng_Latn","wwe advent calendar 2025","2025年WWE倒数日历"
"eng_Latn","fnaf advent calendar","《五夜后宫》圣诞倒数日历"
"eng_Latn","lego christmas advent calendar","乐高圣诞倒数日历"
"eng_Latn","advent calendars lego","乐高圣诞倒数日历"
"eng_Latn","redbull advent calendar 2025","红牛2025年圣诞倒数日历"
"eng_Latn","3d printed advent calendar","3D打印的圣诞倒数日历"
"eng_Latn","advent calendar mini brands","圣诞倒数日历迷你品牌"
"eng_Latn","teen advent calendar 2025 girls","2025年少女款青少年倒数日历"
"eng_Latn","book lovers advent calendar","书迷的圣诞倒数日历"
"eng_Latn","monster jam advent calendar","怪物果酱圣诞倒数日历"
"eng_Latn","beetles advent calendar","甲虫主题的倒数日历"
"eng_Latn","playdoh advent calendar 2025","2025年培乐多圣诞倒数日历"
"eng_Latn","beef jerky advent calendar 2025","2025年牛肉干降临日历"
"eng_Latn","cheese advent calendar 2025","2025年奶酪倒数日历"
"eng_Latn","keurig advent calendar 2025","Keurig 2025年圣诞倒数日历"
"eng_Latn","dice advent calendar","骰子式圣诞倒数日历"
"eng_Latn","lego city advent calendar","乐高城市系列倒数日历"
"eng_Latn","nail advent calendar","美甲日历"
"eng_Latn","cadbury advent calendar 2025","吉百利2025年圣诞倒数日历"
"eng_Latn","playmobil advent calendar 2025","摩比世界2025年圣诞倒数日历"
"eng_Latn","diamond painting advent calendar","钻石画圣诞倒数日历"
"eng_Latn","snoopy advent calendar","史努比主题的倒数日历"
"eng_Latn","star wars lego advent calendar 2025","2025年星球大战乐高倒数日历"
"eng_Latn","advent calendar chocolate 2025","2025年巧克力倒数日历"
"eng_Latn","fishing lure advent calendar","钓鱼拟饵降临节日历"
"eng_Latn","survival advent calendar","生存历险日历"
"eng_Latn","lego advent calendar 2025 flowers","乐高2025年花朵主题圣诞倒数日历"
"eng_Latn","ulta advent calendar","终极圣诞倒数日历"
"eng_Latn","gabby dollhouse advent calendar 2025","2025年加布丽埃勒玩具屋圣诞倒数日历"
"eng_Latn","advent calendar skincare","护肤日历"
"eng_Latn","girl advent calendar","女孩主题的圣诞倒数日历"
"eng_Latn","christmas vacation advent calendar","圣诞假期倒数日历"
"eng_Latn","escape room advent calendar","密室逃脱日历"
"eng_Latn","bonne maman advent calendar","Bonne Maman 圣诞倒数日历"
"eng_Latn","laneige advent calendar","兰芝圣诞倒数日历"
"eng_Latn","snack advent calendar","零食日历"
"eng_Latn","lego nativity advent calendar","乐高耶稣诞生倒计时日历"
"eng_Latn","dog advent calendar 2025 treats","2025年狗狗日历礼盒"
"eng_Latn","gnome advent calendar","侏儒历险日历"
"eng_Latn","minecraft lego advent calendar 2025","2025年乐高版《我的世界》圣诞倒数日历"
"eng_Latn","men advent calendar","男士圣诞倒数日历"
"eng_Latn","wine advent calendar","葡萄酒倒数日历"
"eng_Latn","jam advent calendar 2025","2025年果酱日历"
"eng_Latn","clue advent calendar","线索式圣诞倒数日历"
"eng_Latn","universal yums advent calendar","通用零食圣诞倒数日历"
"eng_Latn","lego friends advent calendar","乐高朋友系列圣诞倒数日历"
"eng_Latn","chocolate advent calendars","巧克力圣诞倒数日历"
"eng_Latn","ornament advent calendar 2025","2025年装饰品降临日历"
"eng_Latn","2025 advent calendar kids","2025年儿童降临日历"
"eng_Latn","taba squishy advent calendar","塔巴软糯黏糊的圣诞倒数日历"
"eng_Latn","advent calendar jewelry","倒计时日历珠宝"
"eng_Latn","one piece advent calendar 2025","2025年海贼王降临日历"
"eng_Latn","hockey advent calendar 2025","2025年冰球日历"
"eng_Latn","advent calendar for boys 10-12 years","10-12岁男孩的圣诞倒数日历"
"eng_Latn","advent calendar for couples","情侣款圣诞倒数日历"
"eng_Latn","advent calendar 2025 adults","2025年成人日历"
"eng_Latn","bath bomb advent calendar 2025","2025年沐浴炸弹倒数日历"
"eng_Latn","eos advent calendar 2025","2025年Eos倒数日历"
"eng_Latn","advent calendar box","圣诞倒数日历盒"
"eng_Latn","schleich advent calendar","施莱赫圣诞倒数日历"
"eng_Latn","beer advent calendar 2025","2025年啤酒倒数日历"
"eng_Latn","l oreal advent calendar","欧莱雅圣诞倒数日历"
"eng_Latn","advent calendars beauty","美妆产品降临日历"
"eng_Latn","advent calendar toddler","幼儿用圣诞倒数日历"
"eng_Latn","christmas advent calendar 2025 kids","2025年儿童圣诞倒数日历"
"eng_Latn","disney doorables advent calendar","迪士尼门牌日历"
"eng_Latn","wooden advent calendar with drawers","带抽屉的木质圣诞倒数日历"
"eng_Latn","harry potter lego advent calendar","哈利波特乐高倒数日历"
"eng_Latn","frozen advent calendar 2025","2025年冷冻式圣诞倒数日历"
"eng_Latn","mini book advent calendar 2025","2025年迷你书历"
"eng_Latn","disney princess advent calendar","迪士尼公主主题的倒数日历"
"eng_Latn","sock advent calendar","袜子倒数日历"
"eng_Latn","lip gloss advent calendar 2025","2025年唇彩倒数日历"
"eng_Latn","top 10 children's advent calendars","十大儿童圣诞倒数日历"
"eng_Latn","kpop demon hunter advent calendar","Kpop猎魔人降临日历"
"eng_Latn","sol de janeiro advent calendar","一月之阳降临日历"
"eng_Latn","squishmallows advent calendar 2025","2025年软糖豆豆人圣诞倒数日历"
"eng_Latn","escape room advent calendar 2025","2025年密室逃脱历险日历"
"eng_Latn","moriah elizabeth advent calendar","莫里亚·伊丽莎白圣诞倒数日历"
"eng_Latn","advent calendar adult","成人版圣诞倒数日历"
"eng_Latn","hot sauce advent calendar 2025","2025年辣酱倒数日历"
"eng_Latn","frozen advent calendar","冷冻式圣诞倒数日历"
"eng_Latn","my holidays are booked advent calendar","我的假期已经预订好了，是去参加圣诞倒数日历活动"
"eng_Latn","book advent calendar 2025 adult","2025年成人书籍降临日历"
"eng_Latn","men's advent calendar 2025","2025年男士圣诞倒数日历"
"eng_Latn","advent calendar 2025 tea","2025年茶香日历"
"eng_Latn","24 day advent calendar","24天倒计时日历"
"eng_Latn","advent calendar perfume","香水日历"
"eng_Latn","teenage boy advent calendar","青少年男孩圣诞倒数日历"
"eng_Latn","glow recipe advent calendar","发光食谱圣诞倒数日历"
"eng_Latn","squishy advent calendar","软糯的圣诞倒数日历"
"eng_Latn","advent calendar reusable","可重复使用的圣诞倒数日历"
"eng_Latn","dice advent calendar 2025","2025年骰子式圣诞倒数日历"
"eng_Latn","highland cow advent calendar","高地奶牛日历"
"eng_Latn","peanuts advent calendar","花生倒数日历"
"eng_Latn","advent calendar for teen boy","青少年男孩的降临日历"
"eng_Latn","kid advent calendar","儿童圣诞倒数日历"
"eng_Latn","exit the game advent calendar","退出游戏冒险日历"
"eng_Latn","kitsch advent calendar 2025","2025年媚俗圣诞倒数日历"
"eng_Latn","mini brand advent calendar 2025","2025年迷你品牌圣诞倒数日历"
"eng_Latn","advent calendar stuffers","圣诞倒数日历小礼品"
"eng_Latn","advent puzzle calendar 2025","2025年降临节拼图日历"
"eng_Latn","make up advent calendar","制作圣诞倒数日历"
"eng_Latn","sports advent calendar","运动主题的倒数日历"
"eng_Latn","elf makeup advent calendar","精灵妆容圣诞倒数日历"
"eng_Latn","advent calendar 2025 pokemon","2025年宝可梦降临日历"
"eng_Latn","stationery advent calendar 2025","2025年文具圣诞倒数日历"
"eng_Latn","advent calendar for pets","宠物主题的倒数日历"
"eng_Latn","pandora advent calendar","潘多拉圣诞倒数日历"
"eng_Latn","football advent calendar","足球主题的圣诞倒数日历"
"eng_Latn","womens advent calendar","女士圣诞倒数日历"
"eng_Latn","teen boys advent calendar 2025","2025年青少年男孩冒险日历"
"eng_Latn","advent calendar mini toys","圣诞倒数日历迷你玩具"
"eng_Latn","dachshund advent calendar 2025","2025年腊肠犬主题圣诞倒数日历"
"eng_Latn","candle advent calendar","蜡烛式圣诞倒数日历"
"eng_Latn","advent calendar puzzle 2025","2025年圣诞倒数拼图"
"eng_Latn","soccer advent calendar","足球主题的圣诞倒数日历"
"eng_Latn","tequila advent calendar","龙舌兰酒倒数日历"
"eng_Latn","nail advent calendar 2025","2025年美甲日历"
"eng_Latn","christmas calendar countdown","圣诞日历倒计时"
"eng_Latn","schleich advent calendar 2025","施莱赫2025年圣诞倒数日历"
"eng_Latn","k pop advent calendar 2025","2025年K-pop倒数日历"
"eng_Latn","cologne advent calendar","古龙水降临日历"
"eng_Latn","advent calendar for adults women","成人女性日历本"
"eng_Latn","advent calendar 2025 harry potter","2025年哈利波特主题的倒数日历"
"eng_Latn","beer advent calendar","啤酒倒数日历"
"eng_Latn","advent calendars￼","圣诞倒数日历"
"eng_Latn","advent calendar 2025 perfume","2025年香水倒数日历"
"eng_Latn","advent calendar books","圣诞倒数日历书"
"eng_Latn","bird advent calendar 2025","2025年鸟类主题的倒数日历"
"eng_Latn","advent calendar bags","圣诞倒数日历包"
"eng_Latn","car advent calendar","汽车主题的日历"
"eng_Latn","chocolate advent calendar 2025 for adults","2025年成人巧克力倒数日历"
"eng_Latn","city lego advent calendar","乐高城市系列倒数日历"
"eng_Latn","avent calendar","活动日历"
"eng_Latn","chocolate advent calendar 2025 kids","2025年儿童巧克力倒数日历"
"eng_Latn","refillable advent calendar","可再填充的圣诞倒数日历"
"eng_Latn","teen girls advent calendar 2025","2025年少女款圣诞倒数日历"
"eng_Latn","horse advent calendar","马年倒数日历"
"eng_Latn","train advent calendar","火车主题的圣诞倒数日历"
"eng_Latn","advent calendar 2025 for kids","2025年儿童倒数日历"
"eng_Latn","advent calendar minecraft","《我的世界》圣诞倒数日历"
"eng_Latn","advent calendar craft","圣诞倒数日历手工制作"
"eng_Latn","wine advent calendar 2025 adult","2025年成人葡萄酒倒数日历"
"eng_Latn","diamond art advent calendar","钻石艺术日历"
"eng_Latn","capybara advent calendar","仓鼠主题的倒数日历"
"eng_Latn","puzzle advent calendar 2025 adult","2025年成人拼图日历"
"eng_Latn","rock advent calendar 2025","2025年摇滚日历"
"eng_Latn","advent calendar empty boxes to fill","待填写的空日历盒"
"eng_Latn","dungeons and dragons advent calendar","龙与地下城冒险日历"
"eng_Latn","advent calendar for cats","猫咪的降临日历"
"eng_Latn","cool advent calendars","酷炫的圣诞倒数日历"
"eng_Latn","family advent calendar","家庭圣诞倒数日历"
"eng_Latn","kpop demon hunters advent calendar 2025","2025年K-pop猎魔人倒数日历"
"eng_Latn","wwii aircraft advent calendar","二战飞机日历"
"eng_Latn","advent calendar 2025 for girls","2025年女孩款圣诞倒数日历"
"eng_Latn","hanging advent calendar","悬挂式圣诞倒数日历"
"eng_Latn","advent calendar 2025 for teen girls","2025年少女款圣诞倒数日历"
"eng_Latn","advent calendar 2025 amazon","2025年亚马逊圣诞倒数日历"
"eng_Latn","whiskey advent calendar for adults","成人威士忌倒数日历"
"eng_Latn","advent calendar boxes empty","圣诞倒数日历盒空了"
"eng_Latn","advent calendar tea","圣诞倒数日历茶"
"eng_Latn","bts advent calendar","BTS 圣诞倒数日历"
"eng_Latn","advent calendars for teen boys","青少年男孩的降临日历"
"eng_Latn","bird advent calendar","鸟类主题的倒数日历"
"eng_Latn","bitty pop advent calendar","小块泡泡日历"
"eng_Latn","calendar advent","日历降临"
"eng_Latn","disney princess advent calendar 2025","2025年迪士尼公主倒数日历"
"eng_Latn","blank advent calendar","空白圣诞日历"
"eng_Latn","friends advent calendar","朋友降临日历"
"eng_Latn","religious advent calendar 2025","2025年宗教主题的圣诞节倒数日历"
"eng_Latn","elf on the shelf advent calendar","架子上的小精灵降临日历"
"eng_Latn","lego nativity advent calendar 2025","乐高耶稣诞生倒数日历2025"
"eng_Latn","advent calendar 2025 for boys","2025年男孩款圣诞倒数日历"
"eng_Latn","guitar advent calendar","吉他降临日历"
"eng_Latn","tween girl advent calendar 2025","2025年女孩间谍历险日历"
"eng_Latn","cars advent calendar","汽车主题的倒数日历"
"eng_Latn","peppa pig advent calendar 2025","《小猪佩奇》2025年圣诞倒数日历"
"eng_Latn","advent calendar 2025 skincare","2025年护肤日历"
"eng_Latn","advent calendar disney","迪士尼圣诞倒数日历"
"eng_Latn","dragon advent calendar","龙年倒计时日历"
"eng_Latn","advent calendar sephora","丝芙兰圣诞倒数日历"
"eng_Latn","advent calendar for girls 8-10","8-10岁女孩的降临日历"
"eng_Latn","amazon advent beauty calendar 2025","亚马逊2025年圣诞美丽日历"
"eng_Latn","woobles advent calendar","摇摆的圣诞倒数日历"
"eng_Latn","jurassic world advent calendar","侏罗纪世界倒数日历"
"eng_Latn","advent calendar anime","降临日历动画"
"eng_Latn","pokemon card advent calendar","口袋妖怪卡片日历"
"eng_Latn","advent calendar teen","青少年倒数日历"
"eng_Latn","lego harry potter advent calendar","乐高哈利波特主题的倒数日历"
"eng_Latn","national lampoon's advent calendar","《国家讽刺》的降临日历"
"eng_Latn","advent calendar hot wheels","倒计时日历风火轮玩具"
"eng_Latn","spa advent calendar 2025","2025年水疗日历"
"eng_Latn","toddler advent calendar 2025 girls","2025年女孩款幼儿圣诞倒数日历"
"eng_Latn","peppa pig advent calendar","小猪佩奇圣诞倒数日历"
"eng_Latn","advent calendars kids","儿童圣诞倒数日历"
"eng_Latn","basketball advent calendar","篮球主题的倒数日历"
"eng_Latn","empty advent calendar boxes","空的圣诞日历盒"
"eng_Latn","demon slayer advent calendar 2025","《鬼灭之刃》2025年倒数日历"
"eng_Latn","lindt chocolate advent calendar","瑞士莲巧克力圣诞倒数日历"
"eng_Latn","building block advent calendar 2025","积木式2025年圣诞倒数日历"
"eng_Latn","men's advent calendar","男士圣诞倒数日历"
"eng_Latn","advent calendar squishmallow","圣诞倒数日历软糯球"
"eng_Latn","burts bees advent calendar 2025","2025年伯特蜂日历"
"eng_Latn","couples advent calendar","情侣款圣诞倒数日历"
"eng_Latn","rubber duck advent calendar","橡皮鸭倒数日历"
"eng_Latn","mini brand advent calendar","迷你品牌圣诞倒数日历"
"eng_Latn","survival kit advent calendar","求生包式圣诞倒数日历"
"eng_Latn","sanrio advent calendar 2025","三丽鸥2025年圣诞倒数日历"
"eng_Latn","sonic advent calendar","索尼克主题的倒数日历"
"eng_Latn","advent calendar for toddler boy","男童幼儿倒数日历"
"eng_Latn","stationery advent calendar","文具式圣诞倒数日历"
"eng_Latn","3d printed advent calendar 2025","2025年3D打印圣诞倒数日历"
"eng_Latn","peanuts advent calendar 2025","2025年花生倒数日历"
"eng_Latn","fun advent calendar","有趣的圣诞倒数日历"
"eng_Latn","jurassic park advent calendar 2025","2025年侏罗纪公园主题倒数日历"
"eng_Latn","advent calendar slime","日历黏液"
"eng_Latn","funny advent calendar 2025","2025年趣味圣诞倒数日历"
"eng_Latn","advent calendar fishing","倒计时钓鱼日历"
"eng_Latn","women advent calendar","女士节日日历"
"eng_Latn","sheglam advent calendar","sheglam 圣诞倒数日历"
"eng_Latn","advent calendar roblox","罗布乐思（Roblox）的降临日历"
"eng_Latn","bigfoot advent calendar","大脚怪倒数日历"
"eng_Latn","popcorn advent calendar","爆米花倒数日历"
"eng_Latn","advent calendars candy","圣诞日历糖果"
"eng_Latn","christmas advent calendars for adults","成人圣诞倒数日历"
"eng_Latn","really cool advent calendars","非常酷的圣诞倒数日历"
"eng_Latn","korean skincare advent calendar","韩国护肤日历"
"eng_Latn","charm bracelet advent calendar","手链式圣诞倒数日历"
"eng_Latn","survival kit advent calendar 2025","2025年求生包圣诞倒数日历"
"eng_Latn","advent calendar for babies","婴儿降临日历"
"eng_Latn","mystery advent calendar 2025","2025年神秘降临日历"
"eng_Latn","advent calendar funko","Funko圣诞倒数日历"
"eng_Latn","adult advent calendar 2025 for couples","2025年情侣款成人历险日历"
"eng_Latn","five nights at freddy's advent calendar","《玩具熊的五夜》圣诞倒数日历"
"eng_Latn","reeses advent calendar 2025","2025年reeses圣诞倒数日历"
"eng_Latn","alcohol advent calendar","酒精日历"
"eng_Latn","bibliophile advent calendar","藏书家倒数日历"
"eng_Latn","pokemon card advent calendar 2025","2025年口袋妖怪卡片圣诞倒数日历"
"eng_Latn","train advent calendar 2025","2025年火车主题圣诞倒数日历"
"eng_Latn","nfl advent calendar","美国国家橄榄球联盟（NFL）倒数日历"
"eng_Latn","sugarfina advent calendar 2025","sugarfina 2025年圣诞倒数日历"
"eng_Latn","jesus advent calendar 2025","2025年耶稣降临日历"
"eng_Latn","mens cologne advent calendar 2025","2025年男士古龙水倒数日历"
"eng_Latn","science advent calendar","科学主题的倒数日历"
"eng_Latn","advent calendar needoh","圣诞倒数日历必备品"
"eng_Latn","sanrio advent calendar","三丽鸥圣诞倒数日历"
"eng_Latn","unicorn advent calendar 2025","2025年独角兽主题倒数日历"
"eng_Latn","kids advent calendars","儿童圣诞倒数日历"
"eng_Latn","chapstick advent calendar","唇膏倒数日历"
"eng_Latn","diy empty advent calendar","DIY空日历"
"eng_Latn","porsche advent calendar","保时捷圣诞倒数日历"
"eng_Latn","advent calendar 2025 mini brands","2025年迷你品牌降临日历"
"eng_Latn","hockey advent calendar","冰球主题的圣诞倒数日历"
"eng_Latn","spa advent calendar","水疗日历"
"eng_Latn","baseball card advent calendar","棒球卡倒计时日历"
"eng_Latn","stray kids advent calendar","Stray Kids 圣诞倒数日历"
"eng_Latn","advent calendar amazon","亚马逊的圣诞倒数日历"
"eng_Latn","christian advent calendar for kids","儿童基督教圣诞倒数日历"
"eng_Latn","minecraft lego advent calendar","《我的世界》乐高圣诞倒数日历"
"eng_Latn","jerky advent calendar 2025","2025年肉干圣诞倒数日历"
"eng_Latn","advent calendar for mom","妈妈的倒数日历"
"eng_Latn","book lover advent calendar","爱书者圣诞倒数日历"
"eng_Latn","legos advent calendar 2025","乐高2025年圣诞倒数日历"
"eng_Latn","toy advent calendar","玩具式圣诞倒数日历"
"eng_Latn","airplane advent calendar","飞机主题的倒数日历"
"eng_Latn","bigfoot advent calendar 2025","2025年大脚怪倒数日历"
"eng_Latn","advent chocolate calendar 2025","2025年降临巧克力日历"
"eng_Latn","flower advent calendar","花朵倒数日历"
"eng_Latn","advent calendar for book lovers","图书爱好者的倒数日历"
"eng_Latn","makeup advent calendar 2025 sephora","2025年丝芙兰彩妆倒数日历"
"eng_Latn","simpsons advent calendar","《辛普森一家》圣诞倒数日历"
"eng_Latn","unusual advent calendar for adults","为成年人设计的独特圣诞倒数日历"
"eng_Latn","teenymates advent calendar 2025","2025年teenymates圣诞倒数日历"
"eng_Latn","vegan advent calendar","素食主义者的圣诞倒数日历"
"eng_Latn","horror advent calendar","恐怖主题的倒数日历"
"eng_Latn","topps advent calendar baseball 2025","2025年Topps棒球主题圣诞倒数日历"
"eng_Latn","advent calendar 2025 toddler","2025年幼儿圣诞倒数日历"
"eng_Latn","doorables advent calendar 2025","2025年门饰圣诞倒数日历"
"eng_Latn","advent calendar adults","成人圣诞倒数日历"
"eng_Latn","nail polish advent calendar 2025","2025年指甲油圣诞倒数日历"
"eng_Latn","national park advent calendar","国家公园倒数日历"
"eng_Latn","football card advent calendar 2025","2025年足球卡日历"
"eng_Latn","music advent calendar 2025","2025年音乐降临日历"
"eng_Latn","boys advent calendar 2025 christmas","2025年圣诞男孩款倒数日历"
"eng_Latn","unusual advent calendars","别致的圣诞倒数日历"
"eng_Latn","advent calendar lego 2025","乐高2025年圣诞倒数日历"
"eng_Latn","advent calendar teens","青少年倒数日历"
"eng_Latn","little girl advent calendar 2025","2025年小女孩圣诞倒数日历"
"eng_Latn","national parks advent calendar","国家公园倒数日历"
"eng_Latn","advent calendar 2025 needoh","2025年日历挂饰（需订购）"
"eng_Latn","advent calendar hello kitty","凯蒂猫主题的倒数日历"
"eng_Latn","princess advent calendar","公主降临日历"
"eng_Latn","charm bracelet advent calendar 2025","2025年魅力手链倒数日历"
"eng_Latn","spongebob advent calendar","海绵宝宝倒数日历"
"eng_Latn","25 days of christmas advent calendar","圣诞倒数日历25天"
"eng_Latn","advent calendar for boys 5-7","5-7岁男孩的圣诞倒数日历"
"eng_Latn","advent calendar toddler girl","幼儿女孩圣诞倒数日历"
"eng_Latn","starwars advent calendar 2025","2025年星球大战主题日历"
"eng_Latn","hamilton advent calendar 2025","2025年汉密尔顿倒数日历"
"eng_Latn","coolest advent calendars for adults","最酷的成人圣诞倒数日历"
"eng_Latn","lord of the rings advent calendar","《指环王》主题的倒数日历"
"eng_Latn","advent calendar 2025 minecraft","2025年《我的世界》圣诞倒数日历"
"eng_Latn","gabby dollhouse advent calendar","加布丽埃勒玩具屋圣诞倒数日历"
"eng_Latn","opi advent calendar 2025","2025年opi倒数日历"
"eng_Latn","advent calendar socks","圣诞倒数日历袜"
"eng_Latn","lego harry potter advent calendar 2025","乐高哈利波特2025年历险日历"
"eng_Latn","teenage girl advent calendar 2025","2025年少女主题的圣诞倒数日历"
"eng_Latn","unique advent calendar","独特的圣诞倒数日历"
"eng_Latn","advent calendar fidget","圣诞倒数日历小玩意"
"eng_Latn","axolotl advent calendar 2025","2025年美西钝口螈降临日历"
"eng_Latn","national park advent calendar 2025","2025年国家公园圣诞倒数日历"
"eng_Latn","wera advent calendar 2025","2025年wera圣诞倒数日历"
"eng_Latn","fill your own advent calendar","填写你自己的圣诞倒数日历"
"eng_Latn","pop advent calendar 2025","2025年流行日历"
"eng_Latn","fabric advent calendar","布艺日历"
"eng_Latn","die hard advent calendar","“死忠粉”圣诞倒数日历"
"eng_Latn","liquor advent calendar 2025","2025年酒类节日日历"
"eng_Latn","nail polish advent calendar","指甲油圣诞倒数日历"
"eng_Latn","spiderman advent calendar","蜘蛛侠主题的倒计时日历"
"eng_Latn","the rescuer advent calendar","救援者降临日历"
"eng_Latn","advent calendar boxes to fill","待填写的圣诞倒数日历盒"
"eng_Latn","transformers advent calendar","变形金刚倒计时日历"
"eng_Latn","advent calendar 2024 kids","2024年儿童倒数日历"
"eng_Latn","advent calendar ornaments","圣诞倒数日历装饰品"
"eng_Latn","dog treat advent calendar","狗狗零食日历"
"eng_Latn","duck advent calendar","鸭子主题的倒数日历"
"eng_Latn","lindt chocolate advent calendar 2025","2025年瑞士莲巧克力圣诞倒数日历"
"eng_Latn","build a bear advent calendar 2025","制作2025年小熊历险日历"
"eng_Latn","advent calendar for girls teen","少女款降临日历"
"eng_Latn","advent calendar for women adults","女性成人日历"
"eng_Latn","cow advent calendar 2025","2025年奶牛主题的倒数日历"
"eng_Latn","advent calendar for kids 2025","2025年儿童倒数日历"
"eng_Latn","advent calendar 2025 puzzle","2025年圣诞倒数拼图日历"
"eng_Latn","corgi advent calendar 2025","2025年柯基犬主题圣诞倒数日历"
"eng_Latn","christmas vacation advent calendar 2025","2025年圣诞假期倒数日历"
"eng_Latn","advent calendar funko pop","降临日历Funko Pop"
"eng_Latn","cheese advent calendar","奶酪日历"
"eng_Latn","gemstone advent calendar 2025","2025年宝石主题的圣诞倒数日历"
"eng_Latn","christmas tree advent calendar","圣诞降临历"
"eng_Latn","cookie advent calendar 2025","2025年饼干圣诞倒数日历"
"eng_Latn","gamer advent calendar 2025","2025年游戏玩家历险日历"
"eng_Latn","mario advent calendar","马里奥圣诞倒数日历"
"eng_Latn","toddler advent calendar 2025 boys","2025年男孩款幼儿圣诞倒数日历"
"eng_Latn","nba advent calendar 2025","2025年NBA倒数日历"
"eng_Latn","ulta beauty advent calendar","ULTA美容日历"
"eng_Latn","advent calendar 2025 squishmallows","2025年Squishmallows品牌日历"
"eng_Latn","nutcracker advent calendar","胡桃夹子倒数日历"
"eng_Latn","step 2 advent calendar","第二步圣诞倒数日历"
"eng_Latn","flamingo advent calendar 2025","2025年火烈鸟倒数日历"
"eng_Latn","nespresso advent calendar 2025","2025年Nespresso圣诞倒数日历"
"eng_Latn","d&d advent calendar 2025","2025年D&D（龙与地下城）历险日历"
"eng_Latn","pavoi advent calendar","pavoi 圣诞倒数日历"
"eng_Latn","baseball card advent calendar 2025","2025年棒球卡倒计时日历"
"eng_Latn","diamond art advent calendar 2025","2025年钻石艺术倒数日历"
"eng_Latn","funny advent calendar","有趣的圣诞倒数日历"
"eng_Latn","woman advent calendar 2025","2025年女士圣诞倒数日历"
"eng_Latn","elf on the shelf advent calendar 2025","2025年货架上的小精灵降临日历"
"eng_Latn","build a bear advent calendar","制作一个熊玩偶的圣诞倒数日历"
"eng_Latn","lindt advent calendar 2025 chocolate","瑞士莲2025年圣诞倒数日历巧克力"
"eng_Latn","video game advent calendar","电子游戏历险日历"
"eng_Latn","advent calendar bluey","蓝色圣诞倒数日历"
"eng_Latn","american girl advent calendar","美国女孩圣诞倒数日历"
"eng_Latn","godzilla advent calendar","哥斯拉降临日历"
"eng_Latn","my hero academia advent calendar","我的英雄学院日历"
"eng_Latn","book advent calendar 2025 kids","2025年儿童图书倒数日历"
"eng_Latn","wood advent calendar","木质圣诞倒数日历"
"eng_Latn","hanging advent calendar with pockets","带口袋的悬挂式圣诞倒数日历"
"eng_Latn","pusheen advent calendar 2025","2025年普希恩圣诞倒数日历"
"eng_Latn","murder mystery advent calendar","谋杀悬疑日历"
"eng_Latn","cologne advent calendar 2025","2025年科隆香水倒数日历"
"eng_Latn","tool advent calendar","工具日历"
"eng_Latn","catholic advent calendar","天主教圣诞倒数日历"
"eng_Latn","netflix advent calendar","Netflix 圣诞倒数日历"
"eng_Latn","spidey advent calendar 2025","2025年蜘蛛侠倒数日历"
"eng_Latn","advent calendar coffee","倒计时日历咖啡"
"eng_Latn","tween advent calendar","降临日历之间"
"eng_Latn","hershey advent calendar 2025","好时2025年圣诞倒数日历"
"eng_Latn","candy advent calendar 2025 christmas","2025年圣诞糖果倒数日历"
"eng_Latn","advent calendar for adults men","成人男士的降临日历"
"eng_Latn","barkbox advent calendar","巴克盒子圣诞倒数日历"
"eng_Latn","advent calendar toys","圣诞倒数日历玩具"
"eng_Latn","wwe advent calendar","WWE 圣诞倒数日历"
"eng_Latn","glow recipe advent calendar 2025","2025年glow recipe圣诞倒数日历"
"eng_Latn","unique advent calendars","独特的圣诞倒数日历"
"eng_Latn","fallout advent calendar 2025","2025年辐射降临日历"
"eng_Latn","self care advent calendar 2025","2025年自我关爱日历"
"eng_Latn","animal advent calendar 2025","2025年动物主题的倒数日历"
"eng_Latn","cute advent calendar","可爱的倒数日历"
"eng_Latn","haribo advent calendar","哈瑞宝圣诞倒数日历"
"eng_Latn","jerky advent calendar","肉干日历"
"fra_Latn","pokémon advent calendar","宝可梦倒数日历"
"eng_Latn","advent calendars girls","女孩们的圣诞倒数日历"
"eng_Latn","elf makeup advent calendar 2025","2025年精灵妆容倒数日历"
"eng_Latn","home alone advent calendar","独自在家日历"
"eng_Latn","avent calendar 2025 teen","2025年青少年冒险日历"
"eng_Latn","bts advent calendar 2025","2025年BTS圣诞倒数日历"
"eng_Latn","advent calendar puzzles","圣诞倒数日历拼图"
"eng_Latn","advent calendar stranger things","《怪奇物语》降临日历"
"eng_Latn","advent calendars for women 2025","2025年女士限定款圣诞倒数日历"
"eng_Latn","advent calendar women 2025","2025年女士降临日历"
"eng_Latn","building block advent calendar","积木式圣诞倒数日历"
"eng_Latn","mystery advent calendar","神秘降临日历"
"eng_Latn","pusheen advent calendar","猫咪日历"
"eng_Latn","simpsons advent calendar 2025","《辛普森一家》2025年圣诞倒数日历"
"eng_Latn","hamilton advent calendar","汉密尔顿倒数日历"
"eng_Latn","baking advent calendar","烘焙日历"
"eng_Latn","women's advent calendar 2025","2025年女士圣诞倒数日历"
"eng_Latn","nativity advent calendar 2025 kids","2025年儿童圣诞倒数日历"
"eng_Latn","christmas advent calendars for teens","青少年圣诞倒数日历"
"eng_Latn","advent calendar 2025 sephora","2025年丝芙兰圣诞倒数日历"
"eng_Latn","nutcracker advent calendar 2025","2025年胡桃夹子倒数日历"
"eng_Latn","advent calendar 2025 disney","2025年迪士尼圣诞倒数日历"
"eng_Latn","2025 sea glass advent calendar","2025年海玻璃主题圣诞倒数日历"
"eng_Latn","jurassic world advent calendar 2025","2025年侏罗纪世界倒数日历"
"eng_Latn","avent calendar 2025 kids","2025年儿童活动日历"
"eng_Latn","broadway advent calendar","百老汇圣诞倒数日历"
"eng_Latn","magic the gathering advent calendar","《魔法：集结》降临日历"
"eng_Latn","play doh advent calendar 2025","2025年Play Doh圣诞倒数日历"
"eng_Latn","bookish advent calendar 2025","2025年书香圣诞倒数日历"
"eng_Latn","breyer advent calendar 2025","布雷耶2025年圣诞倒数日历"
"eng_Latn","horror advent calendar 2025","2025年恐怖主题的倒数日历"
"eng_Latn","self care advent calendar","自我关爱日历"
"eng_Latn","cool advent calendars 2025","2025年超酷的圣诞倒数日历"
"eng_Latn","cookie advent calendar","饼干圣诞倒数日历"
"eng_Latn","advent calendar 2025 adult men","2025年成人男士圣诞倒数日历"
"eng_Latn","advent calendar fillers for kids","儿童圣诞倒数日历小礼物"
"eng_Latn","loccitane advent calendar 2025","欧舒丹2025年圣诞倒数日历"
"eng_Latn","2025 advent calendar teens","2025年青少年圣诞倒数日历"
"eng_Latn","advent calendar 2025 teen","2025年青少年款圣诞倒数日历"
"eng_Latn","advent calendar stitch","圣诞倒数日历针织"
"eng_Latn","gamer advent calendar","游戏玩家历险日历"
"fra_Latn","pokémon advent calendar 2025","2025年宝可梦历险日历"
"eng_Latn","diy advent calendar 2025","2025年DIY圣诞倒数日历"
"eng_Latn","advent calendars women","女士圣诞倒数日历"
"eng_Latn","advent calendar toddler boy","男孩幼儿用圣诞倒数日历"
"eng_Latn","advent calendar legos","乐高积木圣诞倒数日历"
"eng_Latn","hotwheels advent calendar","风火轮玩具车历"
"eng_Latn","lip gloss advent calendar","唇彩倒数日历"
"eng_Latn","perfume advent calendar 2025 for women","2025年女士香水倒数日历"
"eng_Latn","vegan advent calendar 2025","2025年纯素食主义圣诞倒数日历"
"eng_Latn","best advent calendars 2025","2025年最佳圣诞倒数日历"
"eng_Latn","advent calendar building blocks","圣诞倒数日历积木"
"eng_Latn","charlotte tilbury advent calendar","夏洛特·蒂尔伯里圣诞倒数日历"
"eng_Latn","stikbot advent calendar 2025","2025年stikbot圣诞倒数日历"
"eng_Latn","topps advent calendar","Topps 圣诞倒数日历"
"eng_Latn","advent calendar cars","倒计时日历汽车"
"eng_Latn","bon maman advent calendar 2025","2025年bon maman圣诞倒数日历"
"eng_Latn","fishing advent calendar 2026","2026年钓鱼日历"
"eng_Latn","mini perfume advent calendar","迷你香水倒数日历"
"eng_Latn","bath and body advent calendar","沐浴和身体护理日历"
"eng_Latn","national geographic advent calendar 2025","2025年国家地理历险日历"
"eng_Latn","socks advent calendar","袜子倒数日历"
"eng_Latn","advent calendar for girls 10-12 years","10-12岁女孩的圣诞倒数日历"
"eng_Latn","animal advent calendar","动物主题的倒数日历"
"eng_Latn","gluten free advent calendar","无麸质圣诞倒数日历"
"eng_Latn","hot cocoa advent calendar","热可可圣诞倒数日历"
"eng_Latn","sesame street advent calendar","芝麻街圣诞倒数日历"
"eng_Latn","whisky advent calendar","威士忌日历"
"eng_Latn","candy advent calendar 2025 kids","2025年儿童糖果倒数日历"
"eng_Latn","disney cars advent calendar 2025","2025年迪士尼汽车主题圣诞倒数日历"
"eng_Latn","advent calendar snacks","圣诞倒数日历小食"
"eng_Latn","lego advent calendar for christmas","乐高圣诞倒数日历"
"eng_Latn","advent calendar for dogs 2025","2025年狗狗主题的倒数日历"
"eng_Latn","luxury advent calendar 2025","2025年豪华圣诞倒数日历"
"eng_Latn","advent calendar 2025 teens","2025年青少年款圣诞倒数日历"
"eng_Latn","advent calendar 2025 girls 8-12","2025年女孩款8-12岁圣诞倒数日历"
"eng_Latn","bath bomb advent calendar","沐浴炸弹日历"
"eng_Latn","kitsch advent calendar","媚俗的圣诞倒数日历"
"eng_Latn","advent calendar christmas","圣诞倒数日历"
"eng_Latn","stem advent calendar 2025","2025年STEM主题圣诞倒数日历"
"eng_Latn","lego advent calendar for boys","男孩乐高圣诞倒数日历"
"eng_Latn","american girl advent calendar 2025","美国女孩2025年圣诞倒数日历"
"eng_Latn","building blocks advent calendar","积木式圣诞倒数日历"
"eng_Latn","fabric advent calendar with pockets","带口袋的布制日历挂饰"
"eng_Latn","advent calendar boy","圣诞倒数日历男孩"
"eng_Latn","socks advent calendar 2025","2025年袜子倒数日历"
"eng_Latn","spongebob advent calendar 2025","2025年海绵宝宝圣诞倒数日历"
"eng_Latn","advent calendar nativity","圣诞倒数日历"
"eng_Latn","my little pony advent calendar","小马宝莉节日日历"
"eng_Latn","sex advent calendar","性爱日历"
"eng_Latn","lindor advent calendar 2025","林多尔2025年圣诞倒数日历"
"eng_Latn","unusual advent calendars for him","为他准备一些特别的圣诞倒数日历"
"eng_Latn","fidget toy advent calendar","减压玩具圣诞倒数日历"
"eng_Latn","advent calendars boys","男孩款圣诞倒数日历"
"eng_Latn","tween advent calendar 2025 girls","2025年女孩间圣诞倒数日历"
"eng_Latn","empty advent calendar 2025","2025年空日历"
"eng_Latn","nascar advent calendar 2025","2025年NASCAR倒数日历"
"eng_Latn","tool advent calendar 2025","2025年工具日历"
"eng_Latn","wine advent calendars for adults","成人葡萄酒圣诞日历"
"eng_Latn","flower advent calendar 2025","2025年花朵倒数日历"
"eng_Latn","advent calendar with chocolate","巧克力主题的倒数日历"
"eng_Latn","kendra scott advent calendar 2025","肯德拉·斯科特2025年圣诞倒数日历"
"eng_Latn","lego advent calendars 2025","乐高2025年圣诞倒数日历"
"eng_Latn","bracelet advent calendar 2025","2025年手链式圣诞倒数日历"
"eng_Latn","batman advent calendar","蝙蝠侠倒数日历"
"eng_Latn","ferrero rocher advent calendar","费列罗巧克力球圣诞倒数日历"
"eng_Latn","needo advent calendar","needo 圣诞倒数日历"
"eng_Latn","play doh advent calendar","Play Doh 圣诞倒数日历"
"eng_Latn","hot wheel advent calendar 2025","2025年风火轮日历"
"eng_Latn","miniverse advent calendar","迷你宇宙降临日历"
"eng_Latn","playdough advent calendar 2025","2025年彩泥日历"
"eng_Latn","2025 lego advent calendar","2025年乐高圣诞倒数日历"
"eng_Latn","axolotl advent calendar","美西钝口螈主题的倒数日历"
"eng_Latn","advent calendar make up","圣诞倒数日历彩妆"
"eng_Latn","childrens advent calendar 2025","2025年儿童圣诞倒数日历"
"eng_Latn","haribo advent calendar 2025","哈瑞宝2025年圣诞倒数日历"
"eng_Latn","lilo and stitch advent calendar 2025","2025年莉萝和史迪奇圣诞倒数日历"
"eng_Latn","liquor advent calendar","酒类节日日历"
"eng_Latn","golf advent calendar for men","男士高尔夫球历"
"eng_Latn","mickey mouse advent calendar","米老鼠主题的圣诞倒数日历"
"eng_Latn","jewelry advent calendars","珠宝圣诞倒数日历"
"eng_Latn","candy advent calendars","糖果主题的圣诞日历"
"eng_Latn","advent calendar girl","圣诞倒数日历女孩"
"eng_Latn","harry potter lego advent calendar 2025","2025年哈利·波特乐高倒数日历"
"eng_Latn","cute advent calendar 2025","2025年可爱圣诞倒数日历"
"eng_Latn","advent book calendar 2025","2025年圣诞书历"
"eng_Latn","adult advent calendar 2025 for men","2025年男士成人历险日历"
"eng_Latn","advent fishing calendar 2025","2025年钓鱼日历"
"eng_Latn","advent calendar 2025 funko pop","2025年funko pop圣诞倒数日历"
"eng_Latn","advent calendar 2025 funko","2025年funko圣诞倒数日历"
"eng_Latn","advent skincare calendar","圣诞护肤日历"
"eng_Latn","religious advent calendar","宗教式圣诞倒数日历"
"eng_Latn","lego christmas advent calendar 2025","乐高2025年圣诞倒数日历"
"eng_Latn","lego marvel advent calendar 2025","乐高漫威2025年圣诞倒数日历"
"eng_Latn","popcorn advent calendar 2025","2025年爆米花倒数日历"
"eng_Latn","advent calendar for toddler","幼儿用圣诞倒数日历"
"eng_Latn","naruto advent calendar","火影忍者降临日历"
"eng_Latn","advent calendar wooden","木质圣诞倒数日历"
"eng_Latn","book ornament advent calendar","书签装饰日历"
"eng_Latn","colitt fishing advent calendar","科利特钓鱼日历"
"eng_Latn","hanukkah advent calendar","光明节倒数日历"
"eng_Latn","stray kids advent calendar 2025","2025年Stray Kids圣诞倒数日历"
"eng_Latn","12 day advent calendar empty","12天圣诞倒数日历已空"
"eng_Latn","advent calendar 2025 slime","2025年黏液主题的倒数日历"
"eng_Latn","christmas advent calendar deals","圣诞倒数日历特惠"
"eng_Latn","tea advent calendar 2025 adult","2025年成人茶礼日历"
"eng_Latn","cool adult advent calendars","酷炫的成人冒险日历"
"eng_Latn","advent calendars under $10","10美元以下的圣诞倒数日历"
"eng_Latn","diamond painting advent calendar 2025","2025年钻石画圣诞倒数日历"
"eng_Latn","gemstone advent calendar","宝石主题的圣诞倒数日历"
"eng_Latn","german advent calendar","德国式圣诞倒数日历"
"eng_Latn","reeses advent calendar","Reese's Advent日历"
"eng_Latn","topps advent calendar 2025","2025年Topps圣诞倒数日历"
"eng_Latn","cryptid advent calendar","神秘生物降临日历"
"eng_Latn","advent calendar for girls 6-8","6-8岁女孩的圣诞倒数日历"
"eng_Latn","advent calendar marvel","漫威降临日历"
"eng_Latn","toddler boy advent calendar","男童幼儿圣诞倒数日历"
"eng_Latn","guitar picks advent calendar","吉他拨片圣诞倒数日历"
"eng_Latn","cat toy advent calendar 2025","2025年猫玩具圣诞倒数日历"
"eng_Latn","gummy advent calendar 2025","2025年软糖圣诞倒数日历"
"eng_Latn","toy story advent calendar 2025","2025年玩具总动员圣诞倒数日历"
"eng_Latn","cool advent calendars for teens","适合青少年的酷炫圣诞倒数日历"
"eng_Latn","bracelet advent calendar","手链式圣诞倒数日历"
"eng_Latn","advent calendar teen boys","青少年男孩圣诞倒数日历"
"eng_Latn","brain teaser advent calendar 2025","2025年脑筋急转弯日历"
"eng_Latn","energy drink advent calendar","能量饮料倒数日历"
"eng_Latn","jelly advent calendar 2025","2025年果冻日历"
"eng_Latn","wera advent calendar","维拉圣诞倒数日历"
"eng_Latn","advent calendars men","男士圣诞倒数日历"
"eng_Latn","bubble skincare advent calendar","泡泡护肤日历"
"eng_Latn","makeup advent calendar for girls","女孩化妆日历"
"eng_Latn","precious moments advent calendar","珍贵时刻降临日历"
"eng_Latn","alcohol advent calendars 2025","2025年酒精饮料圣诞倒数日历"
"eng_Latn","nedo advent calendar 2025","2025年NEDO（日本新能源与工业技术发展机构）倒数日历"
"eng_Latn","squishalongs advent calendar","“squishalongs”的圣诞倒数日历"
"eng_Latn","pet advent calendar 2025","2025年宠物日历"
"eng_Latn","advent calendar 2025 fishing","2025年钓鱼日历"
"eng_Latn","fun advent calendars for adults","适合成人的趣味圣诞倒数日历"
"eng_Latn","cheap advent calendar","便宜的圣诞倒数日历"
"eng_Latn","fun advent calendars","有趣的圣诞倒数日历"
"eng_Latn","makeup advent calendars","彩妆日历"
"eng_Latn","2025 whiskey advent calendar","2025年威士忌日历"
"eng_Latn","book lover advent calendar 2025","2025年爱书者倒数日历"
"eng_Latn","gift advent calendar 2025","2025年礼物降临日历"
"eng_Latn","knife advent calendar","刀具日历"
"eng_Latn","fisher price advent calendar","费雪牌圣诞倒数日历"
"eng_Latn","advent calendar survival kit","圣诞倒数日历生存包"
"eng_Latn","gaming advent calendar","游戏式圣诞倒数日历"
"eng_Latn","japanese advent calendar","日本式圣诞倒数日历"
"eng_Latn","advent calendar teen girls","少女款圣诞倒数日历"
"eng_Latn","fly fishing advent calendar 2025","2025年飞钓日历"
"eng_Latn","whiskey advent calendar 2025 bourbon","2025年威士忌倒数日历 波本威士忌"
"eng_Latn","advent calendar star wars","《星球大战》主题的倒数日历"
"eng_Latn","star wars lego advent calendar","星球大战乐高倒数日历"
"eng_Latn","advent calendars teen girl","少女款圣诞倒数日历"
"eng_Latn","advent calendar 2025 hot wheels","2025年风火轮车模降临日历"
"eng_Latn","advent calendar for teen boys 2025","2025年青少年男孩圣诞倒数日历"
"eng_Latn","paper mache advent calendar box","纸浆圣诞倒数日历盒"
"eng_Latn","toy story advent calendar","《玩具总动员》圣诞倒数日历"
"eng_Latn","matcha advent calendar","抹茶倒数日历"
"eng_Latn","lol advent calendar 2025","2025年英雄联盟圣诞倒数日历"
"eng_Latn","tony chocolonely advent calendar","托尼·乔科洛内利圣诞倒数日历"
"eng_Latn","advent calendars adult","成人版降临日历"
"eng_Latn","advent calendar 2025 toddler girl","2025年女孩幼儿圣诞倒数日历"
"eng_Latn","broadway advent calendar 2025","2025年百老汇圣诞倒数日历"
"eng_Latn","photo advent calendar","照片式圣诞倒数日历"
"eng_Latn","advent calendar 2025 hello kitty","2025年Hello Kitty主题的倒数日历"
"eng_Latn","advent calendar barbie","芭比圣诞倒数日历"
"eng_Latn","advent calendar men 2025","2025年男士降临日历"
"eng_Latn","hunting advent calendar","狩猎主题的倒数日历"
"eng_Latn","mickey mouse advent calendar 2025","2025年米老鼠主题的圣诞倒数日历"
"eng_Latn","nespresso advent calendar","奈斯派索（Nespresso）圣诞倒数日历"
"eng_Latn","rock advent calendar","摇滚主题的倒数日历"
"eng_Latn","mini gifts to put in advent calendar","放在圣诞日历里的小礼物"
"eng_Latn","advent calendar 2025 teen boy","2025年青少年男孩主题的降临日历"
"eng_Latn","gummy advent calendar","软糖式圣诞倒数日历"
"eng_Latn","fuggler advent calendar","“fuggler”圣诞倒数日历"
"eng_Latn","advent calendar 2025 anime","2025年动漫降临日历"
"eng_Latn","advent calendar gifts","圣诞倒数日历礼物"
"eng_Latn","cat toy advent calendar","猫咪玩具圣诞倒数日历"
"eng_Latn","german advent calendar 2025","2025年德国圣诞倒数日历"
"eng_Latn","advent calendar 2025 bluey","2025年蓝色冒险日历"
"eng_Latn","buldak ramen advent calendar","buldak拉面倒数日历"
"eng_Latn","earring advent calendar","耳环圣诞倒数日历"
"eng_Latn","littlest pet shop advent calendar 2025","2025年小小宠物店圣诞倒数日历"
"eng_Latn","preteen advent calendar","青春期前儿童圣诞倒数日历"
"eng_Latn","christmas advent calendars for women","女士圣诞倒数日历"
"eng_Latn","christmas lego advent calendar","乐高圣诞倒数日历"
"eng_Latn","matchbox advent calendar 2025","2025年火柴盒式圣诞倒数日历"
"eng_Latn","stem advent calendar","茎状植物日历"
"eng_Latn","vaseline advent calendar","凡士林日历"
"eng_Latn","countdown calendar","倒计时日历"
"eng_Latn","kpop demon hunter advent calendar 2025","2025年K-pop猎魔人倒数日历"
"eng_Latn","mini advent calendar","迷你圣诞倒数日历"
"eng_Latn","sees candy advent calendar 2025","看到2025年糖果降临日历"
"eng_Latn","12 days advent calendar","12天圣诞倒数日历"
"eng_Latn","advent calendar for college student","大学生圣诞倒数日历"
"eng_Latn","advent calendar 2025 fidget","2025年圣诞倒数日历，解压神器"
"eng_Latn","kinder chocolate advent calendar 2025","2025年金德巧克力圣诞倒数日历"
"eng_Latn","advent calendar art","圣诞倒数日历艺术"
"eng_Latn","advent calendar for 2 year old girl","2岁女孩的圣诞倒数日历"
"eng_Latn","advent calendar kpop demon hunters","Kpop恶魔猎人降临日历"
"eng_Latn","advent calendar stickers","圣诞倒数贴纸"
"eng_Latn","christmas book advent calendar","圣诞书签日历"
"eng_Latn","gluten free advent calendar 2025","2025年无麸质圣诞倒数日历"
"eng_Latn","advent calendar for 2 year old boy","2岁男孩的圣诞倒数日历"
"eng_Latn","advent calendar for wife","给妻子的圣诞倒数日历"
"eng_Latn","fisher price advent calendar 2025","费雪牌2025年圣诞倒数日历"
"eng_Latn","infant advent calendar 2025","2025年婴儿降临日历"
"eng_Latn","jewelry advent calendar for girls","女孩珠宝圣诞倒数日历"
"eng_Latn","magna tiles advent calendar","麦格纳瓷砖圣诞倒数日历"
"eng_Latn","mom advent calendar 2025","2025年妈妈日历"
"eng_Latn","corgi advent calendar","柯基犬主题的倒数日历"
"eng_Latn","legos advent calendar","乐高圣诞倒数日历"
"eng_Latn","teen advent calendar 2025 boys","2025年青少年男孩圣诞倒数日历"
"eng_Latn","advent tea calendar 2025","2025年圣诞茶日历"
"eng_Latn","cat treat advent calendar 2025","2025年猫咪零食圣诞倒数日历"
"eng_Latn","gem advent calendar 2025","2025年宝石日历"
"eng_Latn","ghibli advent calendar","吉卜力（Ghibli）圣诞倒数日历"
"eng_Latn","mini book advent calendar","迷你书式圣诞倒数日历"
"eng_Latn","music advent calendar","音乐降临日历"
"eng_Latn","advent calendar for toddler boys","男童节日历"
"eng_Latn","advent calendar nails","圣诞倒数日历美甲"
"eng_Latn","brain teaser advent calendar","脑筋急转弯日历"
"eng_Latn","crown royal advent calendar 2025","皇冠皇家2025年圣诞倒数日历"
"eng_Latn","advent calendar 2025 ornaments","2025年圣诞倒数日历挂饰"
"eng_Latn","advent calendar for adults 2025","2025年成人日历"
"eng_Latn","felt advent calendar","毛毡圣诞倒数日历"
"eng_Latn","supernatural advent calendar 2025","2025年超自然降临日历"
"eng_Latn","advent calendar 2025 lindt","2025年瑞士莲（Lindt）圣诞倒数日历"
"eng_Latn","murder mystery advent calendar 2025","2025年谋杀悬疑日历"
"eng_Latn","my first advent calendar","我的第一个圣诞倒数日历"
"eng_Latn","christmas puzzle advent calendar 2025","2025年圣诞拼图倒数日历"
"eng_Latn","dachshund advent calendar","腊肠犬主题的圣诞倒数日历"
"eng_Latn","mini perfume advent calendar 2025","2025年迷你香水日历"
"eng_Latn","young man advent calendar","青年人降临日历"
"eng_Latn","advent calendar 2025 for teen boys","2025年青少年男孩圣诞倒数日历"
"eng_Latn","gaming advent calendar 2025","2025年游戏历险日历"
"eng_Latn","advent calendar for 3 year old girl","3岁女孩的降临日历"
"eng_Latn","fallout advent calendar","辐射末日倒数日历"
"eng_Latn","adult chocolate advent calendar","成人巧克力圣诞倒数日历"
"eng_Latn","advent calendar cologne","圣诞倒数日历古龙水"
"eng_Latn","advent calendar for teenage girls","少女款圣诞倒数日历"
"eng_Latn","teenage boy advent calendar 2025","2025年青少年男孩圣诞倒数日历"
"eng_Latn","ucanbe advent calendar","ucanbe 圣诞倒数日历"
"eng_Latn","advent calendar book lover","圣诞日历书爱好者"
"eng_Latn","advent calendar candles","倒数日历蜡烛"
"eng_Latn","baseball advent calendar 2025 boys","2025年棒球主题男孩日历"
"eng_Latn","lego marvel advent calendar","乐高漫威圣诞倒数日历"
"eng_Latn","nyx advent calendar","尼克斯降临日历"
"eng_Latn","gabby's dollhouse advent calendar","加布里的玩具屋圣诞倒数日历"
"eng_Latn","advent calendar 2025 books","2025年倒数日历书籍"
"eng_Latn","christmas tree advent calendar 2025","2025年圣诞树倒数日历"
"eng_Latn","magic advent calendar","魔法降临日历"
"eng_Latn","sex toy advent calendar","性玩具圣诞倒数日历"
"eng_Latn","unicorn advent calendar","独角兽主题的倒数日历"
"eng_Latn","advent calendar 2025 stitch","2025年圣诞倒数日历 缝制"
"eng_Latn","lol advent calendar","英雄联盟圣诞倒数日历"
"eng_Latn","video game advent calendar 2025","2025年电子游戏历险日历"
"eng_Latn","w7 advent calendar","W7 圣诞倒数日历"
"eng_Latn","advent calendars food","美食主题的降临日历"
"eng_Latn","harry potter advent calendar lego","哈利波特乐高倒数日历"
"eng_Latn","medicube advent calendar","medicube 圣诞倒数日历"
"eng_Latn","tony's chocolonely advent calendar","托尼的巧克力冒险日历"
"eng_Latn","coolest advent calendars for men","最酷的男士圣诞倒数日历"
"eng_Latn","advent calendar wicked","邪恶的降临日历"
"eng_Latn","sexy advent calendar for adults","成人性感倒数日历"
"eng_Latn","2025 harry potter advent calendar","2025年哈利·波特主题圣诞倒数日历"
"eng_Latn","advent calendar squishy","黏糊糊的圣诞倒数日历"
"eng_Latn","advent calendar 2026","2026年圣诞倒数日历"
"eng_Latn","advent calendar for 10 year old girl","10岁女孩的圣诞倒数日历"
"eng_Latn","bath and body works advent calendar 2025","2025年沐浴及身体护理产品倒数日历"
"eng_Latn","beef jerky advent calendar","牛肉干圣诞倒数日历"
"eng_Latn","best advent calendars for teens girls","最适合十几岁女孩的圣诞倒数日历"
"eng_Latn","melissa and doug advent calendar","梅丽莎和道格的圣诞倒数日历"
"eng_Latn","playdoh advent calendar","培乐多日历玩具"
"eng_Latn","ww2 advent calendar 2025","2025年二战主题倒数日历"
"eng_Latn","advent calendar 2025 coffee","2025年咖啡主题的倒数日历"
"eng_Latn","sea glass bird advent calendar","海玻璃小鸟倒计时日历"
"eng_Latn","sesame street advent calendar 2025","2025年芝麻街圣诞倒数日历"
"eng_Latn","super mario advent calendar 2025","超级马里奥2025年圣诞倒数日历"
"eng_Latn","amazon advent calendars","亚马逊圣诞倒数日历"
"eng_Latn","christmas ornament advent calendar","圣诞装饰品倒数日历"
"eng_Latn","cooking advent calendar","烹饪日历"
"eng_Latn","nails advent calendar 2025","2025年指甲倒计时日历"
"eng_Latn","advent calendar 2025 boy","2025年男孩款圣诞倒数日历"
"eng_Latn","baby advent calendar 1 year old","1岁宝宝圣诞倒数日历"
"eng_Latn","advent calendar 2025 kids girls","2025年儿童女孩圣诞倒数日历"
"eng_Latn","advent calendar elf","圣诞倒数日历小精灵"
"eng_Latn","ghirardelli advent calendar","吉拉德利巧克力圣诞倒数日历"
"eng_Latn","hanukkah advent calendar 2025","2025年光明节倒数日历"
"eng_Latn","ramen advent calendar","拉面日历"
"eng_Latn","victoria secret advent calendar","维多利亚的秘密圣诞倒数日历"
"eng_Latn","advent calendar 2025 christmas","2025年圣诞倒数日历"
"eng_Latn","diy advent calendar boxes","DIY 圣诞倒数日历盒"
"eng_Latn","small advent calendar fillers","小型圣诞倒数日历填充物"
"eng_Latn","advent calendar for teen girl","少女款圣诞倒数日历"
"eng_Latn","dog toy advent calendar","狗狗玩具圣诞倒数日历"
"eng_Latn","fragrance advent calendar","香氛日历"
"eng_Latn","hot cocoa advent calendar 2025","2025年热可可倒数日历"
"eng_Latn","toddler girl advent calendar","幼儿女孩圣诞倒数日历"
"eng_Latn","advent calendar lindt","瑞士莲圣诞倒数日历"
"eng_Latn","empty advent calendar box","空的圣诞倒数日历盒"
"eng_Latn","advent calendar 3d printed","3D打印的圣诞倒数日历"
"eng_Latn","fly fishing advent calendar","飞钓日历"
"eng_Latn","nedoh advent calendar","内多圣诞倒数日历"
"eng_Latn","taba squishy advent calendar 2025","塔巴黏糊糊的2025年圣诞倒数日历"
"eng_Latn","adult craft advent calendar","成人手工艺品圣诞倒数日历"
"eng_Latn","hummingbird advent calendar","蜂鸟主题的倒数日历"
"eng_Latn","jigsaw puzzle advent calendar 2025","2025年拼图游戏圣诞倒数日历"
"eng_Latn","advent calendar 2025 stranger things","2025年《怪奇物语》主题的倒数日历"
"eng_Latn","teen boys advent calendar","青少年男孩圣诞倒数日历"
"eng_Latn","ulta beauty advent calendar 2025","ULTA美容日历2025"
"eng_Latn","cooking advent calendar 2025","2025年烹饪日历"
"eng_Latn","cryptid advent calendar 2025","2025年神秘生物降临日历"
"eng_Latn","k cup advent calendar 2025","2025年K杯圣诞倒数日历"
"eng_Latn","mlb advent calendar 2025","2025年美国职业棒球大联盟（MLB）倒数日历"
"eng_Latn","advent calendar sports","运动主题的倒数日历"
"eng_Latn","pink advent calendar","粉红色倒数日历"
"eng_Latn","studio ghibli advent calendar 2025","吉卜力工作室2025年圣诞倒数日历"
"eng_Latn","advent calendar 2025 toddler boy","2025年男孩幼儿圣诞倒数日历"
"eng_Latn","couple advent calendar 2025","2025年情侣款圣诞倒数日历"
"eng_Latn","hello kitty creme shop advent calendar makeup","凯蒂猫奶油店圣诞倒数日历化妆品"
"eng_Latn","plant advent calendar","植物日历"
"eng_Latn","food advent calendars","美食历险日历"
"eng_Latn","advent calendar hot chocolate","倒数日历热巧克力"
"eng_Latn","stikbot advent calendar","Stikbot 圣诞倒数日历"
"eng_Latn","gourmet food advent calendars","美食主题的节日日历"
"eng_Latn","dragon ball z advent calendar","龙珠Z倒计时日历"
"eng_Latn","small gifts for advent calendar","为降临日历准备的小礼物"
"eng_Latn","advent calendar golf","高尔夫倒计时日历"
"eng_Latn","jurassic park advent calendar","侏罗纪公园倒数日历"
"eng_Latn","k pop demon hunter advent calendar","K-pop恶魔猎人降临日历"
"eng_Latn","plush advent calendar","毛绒圣诞倒数日历"
"eng_Latn","advent calendar adult women","圣诞倒数日历（适合成年女性）"
"eng_Latn","advent calendar baseball","棒球主题的倒计时日历"
"eng_Latn","advent calendar fillable","可填写的圣诞倒数日历"
"eng_Latn","airplane advent calendar 2025","2025年飞机主题倒数日历"
"eng_Latn","advent calendar for teen girls 2025","2025年少女款圣诞倒数日历"
"eng_Latn","cadbury advent calendar","吉百利圣诞倒数日历"
"eng_Latn","die hard advent calendar 2025","2025年“死忠粉”圣诞倒数日历"
"eng_Latn","hot wheel advent calendar","风火轮冒险日历"
"eng_Latn","preppy advent calendar","学院风圣诞倒数日历"
"eng_Latn","teenager advent calendar 2025","2025年青少年圣诞倒数日历"
"eng_Latn","woobles advent calendar 2025","2025年woobles圣诞倒数日历"
"eng_Latn","advent calendars harry potter","哈利波特主题的圣诞倒数日历"
"eng_Latn","advent calendar for couples 2025","2025年情侣款圣诞倒数日历"
"eng_Latn","beauty advent calendar for girls","女孩的美容日历"
"eng_Latn","coffee advent calendar 2025 adult","2025年成人咖啡日历"
"eng_Latn","k pop demon hunters advent calendar 2025","2025年K-pop猎魔人降临日历"
"eng_Latn","mr beast advent calendar","Mr. Beast 圣诞倒数日历"
"eng_Latn","mr beast advent calendar 2025","2025年Mr. Beast倒数日历"
"eng_Latn","ninja turtle advent calendar","忍者龟主题的倒数日历"
"eng_Latn","advent calendar train","圣诞倒数日历列车"
"eng_Latn","bon maman advent calendar","妈妈圣诞倒数日历"
"eng_Latn","magna-tiles advent calendar","磁性瓷砖日历"
"eng_Latn","makeup advent calendar 2025 ulta","2025年ULTA彩妆倒数日历"
"eng_Latn","empty advent calendars","空的圣诞日历"
"eng_Latn","sticker advent calendar","贴纸式圣诞倒数日历"
"eng_Latn","yarn advent calendar 2025","2025年纱线倒数日历"
"eng_Latn","advent calendar kinder","儿童圣诞倒数日历"
"eng_Latn","dnd dice advent calendar 2025","2025年DND骰子历险日历"
"eng_Latn","advent calendar little people","小人降临日历"
"eng_Latn","sports card advent calendar","运动卡日历"
"eng_Latn","advent calendars pokemon","宝可梦降临日历"
"eng_Latn","lego avent calendar 2025","乐高2025年冒险日历"
"eng_Latn","advent calendar dog","狗狗主题的倒数日历"
"eng_Latn","advent calendar for 5 year old girl","为5岁女孩准备的圣诞倒数日历"
"eng_Latn","advent calendar for gamers","游戏玩家的倒数日历"
"eng_Latn","calendar advent 2025","2025年降临日历"
"eng_Latn","advent calendar for 1 year old","1岁儿童用的圣诞倒数日历"
"eng_Latn","build your own advent calendar","制作你自己的圣诞倒数日历"
"eng_Latn","chicken advent calendar 2025","2025年小鸡历险日历"
"eng_Latn","flower lego advent calendar","乐高花朵造型的圣诞倒数日历"
"eng_Latn","home alone advent calendar 2025","2025年独自在家日历"
"eng_Latn","superhero advent calendar 2025","2025年超级英雄倒数日历"
"eng_Latn","ulta mini brands advent calendar","ulta mini brands advent calendar"
"eng_Latn","advent calendar with pockets","带口袋的倒数日历"
"eng_Latn","baking advent calendar 2025","2025年烘焙主题圣诞倒数日历"
"eng_Latn","magic advent calendar 2025","2025年魔法降临日历"
"eng_Latn","advent calendars for men 2025","2025年男士圣诞倒数日历"
"eng_Latn","advent calendar 2025 elf","2025年精灵降临日历"
"eng_Latn","advent calendar 2025 teen girl","2025年少女款圣诞倒数日历"
"eng_Latn","advent calendar paw patrol","“狗狗巡逻队”圣诞倒数日历"
"eng_Latn","earring advent calendar 2025","2025年耳环倒数日历"
"eng_Latn","italian brainrot advent calendar 2025","2025年意大利脑腐历险日历"
"eng_Latn","kiwico advent calendar","kiwico 圣诞倒数日历"
"eng_Latn","chocolate advent calendars for adults","成人巧克力圣诞倒数日历"
"eng_Latn","christmas countdown calendar for kids","儿童圣诞倒计时日历"
"eng_Latn","advent calendar for baby","婴儿降临日历"
"eng_Latn","advent calendar for family","家庭用圣诞倒数日历"
"eng_Latn","formula 1 advent calendar 2025","2025年F1赛车历"
"eng_Latn","sensory advent calendar 2025","2025年感官历险日历"
"eng_Latn","plush advent calendar 2025","2025年毛绒圣诞倒数日历"
"eng_Latn","advent calendar 2025 cars","2025年汽车主题的圣诞倒数日历"
"eng_Latn","advent calendar for boys age 8","8岁男孩的圣诞倒数日历"
"eng_Latn","godzilla advent calendar 2025","2025年哥斯拉降临日历"
"eng_Latn","the office advent calendar 2025","2025年办公室圣诞倒数日历"
"eng_Latn","advent calendar 2025 girl","2025年女孩款圣诞倒数日历"
"eng_Latn","sock advent calendar 2025 women","2025年女士袜子女士日历"
"eng_Latn","stuffed animal advent calendar","毛绒玩具圣诞倒数日历"
"eng_Latn","advent calendars skincare","护肤日历"
"eng_Latn","advent calendar skin care","护肤日历"
"eng_Latn","advent calendar tween girl","少女款圣诞倒数日历"
"eng_Latn","crystal advent calendar 2025 adult","2025年水晶圣诞倒数日历（成人款）"
"eng_Latn","diy advent calendar box","DIY 圣诞倒数日历盒"
"eng_Latn","coolest advent calendars","最酷的圣诞倒数日历"
"eng_Latn","jigsaw puzzle advent calendar","拼图游戏式圣诞倒数日历"
"eng_Latn","seaglass advent calendar 2025","2025年海玻璃倒数日历"
"eng_Latn","sephora advent calendar 2025 for teen girls","丝芙兰2025年少女款圣诞倒数日历"
"eng_Latn","space advent calendar","太空探险日历"
"eng_Latn","advent calendars perfume","香水降临日历"
"eng_Latn","diy empty advent calendars to fill","自己动手制作空白的待填写的圣诞倒数日历"
"eng_Latn","advent calendar christian","基督降临日历"
"eng_Latn","advent calendar for hunters","猎人的降临日历"
"eng_Latn","advent lego calendar","乐高圣诞日历"
"eng_Latn","charlie brown advent calendar 2025","查理·布朗2025年圣诞倒数日历"
"eng_Latn","knitting advent calendar 2025","2025年针织圣诞倒数日历"
"eng_Latn","little girls advent calendar 2025","2025年小女孩的圣诞倒数日历"
"eng_Latn","advent calendar for 1 year old boy","1岁男孩的圣诞倒数日历"
"eng_Latn","hershey advent calendar","好时巧克力圣诞倒数日历"
"eng_Latn","lip balm advent calendar 2025","2025年润唇膏倒数日历"
"eng_Latn","magnatiles advent calendar 2025","2025年磁性拼图日历"
"eng_Latn","make your own advent calendar kit","制作你自己的圣诞倒数日历套件"
"eng_Latn","unique advent calendars for adults","专为成年人设计的独特圣诞倒数日历"
"eng_Latn","24 day advent calendar for women","女士24天倒数日历"
"eng_Latn","advent calendar soccer","足球主题的倒数日历"
"eng_Latn","furby advent calendar","费比（Furby）圣诞倒数日历"
"eng_Latn","hair advent calendar","美发日历"
"eng_Latn","opi advent calendar","阿片日历"
"eng_Latn","sea glass bird advent calendar 2025","2025年海玻璃小鸟降临日历"
"eng_Latn","target advent calendar 2025","2025年目标日历"
"eng_Latn","advent calendars empty","圣诞日历空空如也"
"eng_Latn","nerdy advent calendar","书呆子式倒数日历"
"eng_Latn","nintendo advent calendar","任天堂圣诞倒数日历"
"eng_Latn","rock around the guitar advent calendar","吉他降临日历摇滚版"
"eng_Latn","studio ghibli advent calendar","吉卜力工作室圣诞倒数日历"
"eng_Latn","tween girl advent calendar","女孩间圣诞倒数日历"
"eng_Latn","advent calendar for 8 year old girl","8岁女孩的圣诞倒数日历"
"eng_Latn","bass fishing advent calendar 2025","2025年鲈鱼垂钓日历"
"eng_Latn","reusable advent calendar with drawers","带抽屉的可重复使用圣诞倒数日历"
"eng_Latn","steal a brainrot advent calendar","偷一个脑腐冒险日历"
"eng_Latn","advent calendars jewelry","珠宝圣诞倒数日历"
"eng_Latn","advent calendars teen boys","青少年男孩的降临日历"
"eng_Latn","amazon advent calendar 2025 beauty","2025年亚马逊美妆产品圣诞倒数日历"
"eng_Latn","snacks advent calendar 2025","2025年零食圣诞倒数日历"
"eng_Latn","sour candy advent calendar 2025","2025年酸味糖果降临日历"
"eng_Latn","toblerone advent calendar","三角巧克力倒数日历"
"eng_Latn","advent calendar 2025 jewelry","2025年珠宝圣诞倒数日历"
"eng_Latn","advent calendar 2025 socks","2025年袜子倒数日历"
"eng_Latn","advent calendar for 4 year old girl","四岁女孩的圣诞倒数日历"
"eng_Latn","burts bees advent calendar","伯特蜂牌圣诞倒数日历"
"eng_Latn","crazy aarons advent calendar 2025","疯狂亚伦2025年圣诞倒数日历"
"eng_Latn","military advent calendar","军事主题的倒计时日历"
"eng_Latn","pokemon funko pop advent calendar","《宝可梦》Funko Pop Advent日历"
"eng_Latn","women's advent calendar","女士圣诞倒数日历"
"eng_Latn","advent calendar football","足球主题的倒计时日历"
"eng_Latn","gabby advent calendar 2025","2025年加布丽埃勒圣诞倒数日历"
"eng_Latn","lego advent nativity calendar 2025","乐高2025年圣诞降临日历"
"eng_Latn","best advent calendars for teens","最适合青少年的圣诞倒数日历"
"eng_Latn","advent calendar crochet","圣诞倒数钩织日历"
"eng_Latn","advent calendar ulta","ULTA的降临日历"
"eng_Latn","christmas lego advent calendar 2025","2025年乐高圣诞倒数日历"
"eng_Latn","mini verse advent calendar","迷你诗篇圣诞倒数日历"
"eng_Latn","walkers advent calendar 2025","2025年沃克斯圣诞倒数日历"
"eng_Latn","advent calendar for teens girls","少女们的降临日历"
"eng_Latn","advent calendar puzzles for adults","成人用降临日历拼图"
"eng_Latn","d&d advent calendar","D&D 冒险日历"
"eng_Latn","diy advent calendar kit","DIY圣诞倒数日历套件"
"eng_Latn","fish advent calendar 2025","2025年鱼类日历"
"eng_Latn","legi advent calendar 2025","2025年legi开箱日历"
"eng_Latn","lotion advent calendar 2025","2025年护肤乳液倒数日历"
"eng_Latn","man advent calendar 2025","2025年男士冒险日历"
"eng_Latn","advent calendar 2025 wicked","2025年邪恶日历"
"eng_Latn","billie eilish advent calendar","比利·艾利什（Billie Eilish）的圣诞倒数日历"
"eng_Latn","dino advent calendar","恐龙主题的圣诞倒数日历"
"eng_Latn","porsche advent calendar 2025","2025年保时捷圣诞倒数日历"
"eng_Latn","sour candy advent calendar","酸味糖果圣诞倒数日历"
"eng_Latn","target advent calendar","目标降临日历"
"eng_Latn","advent book calendar","圣诞书历"
"eng_Latn","advent calendar to fill","待填写的圣诞倒数日历"
"eng_Latn","teenager advent calendar","青少年圣诞倒数日历"
"eng_Latn","artist advent calendar 2025","2025年艺术家降临日历"
"eng_Latn","dog toy advent calendar 2025","2025年狗狗玩具圣诞倒数日历"
"eng_Latn","doll advent calendar","玩偶日历"
"eng_Latn","jam advent calendar","果酱日历"
"eng_Latn","advent calendar 24 days","24天倒数日历"
"eng_Latn","advent calendar beauty 2025","2025年美丽日历"
"eng_Latn","advent calendar girls 10-12","10-12岁女孩的降临日历"
"eng_Latn","advent calendar labubu","“advent calendar labubu”的中文翻译是什么"
"eng_Latn","beer advent calendar 2025 adult","2025年成人啤酒倒数日历"
"eng_Latn","dog advent calendar 2025 toys","2025年狗狗主题日历玩具"
"eng_Latn","cool advent calendars for women","为女性设计的酷炫的倒数日历"
"eng_Latn","squishmallows advent calendars","软糯豆豆人系列圣诞倒数日历"
"eng_Latn","advent calendar dinosaur","恐龙主题的倒数日历"
"eng_Latn","maybelline advent calendar 2025","美宝莲2025年圣诞倒数日历"
"eng_Latn","space advent calendar 2025","2025年太空探险日历"
"eng_Latn","vermont christmas company advent calendar","佛蒙特圣诞公司圣诞倒数日历"
"eng_Latn","wooden nativity advent calendar","木质耶稣诞生倒计时日历"
"eng_Latn","advent calendar 2025 dog","2025年狗狗主题的圣诞倒数日历"
"eng_Latn","calendar advent skincare","日历降临节护肤"
"eng_Latn","hair advent calendar 2025","2025年护发产品倒数日历"
"eng_Latn","lego advent calendar 2025 minecraft","乐高2025年《我的世界》圣诞倒数日历"
"eng_Latn","the rescuer –nativity advent calendar","救世主降临日历"
"eng_Latn","catholic advent calendar 2025","2025年天主教圣诞节倒数日历"
"eng_Latn","christmas building block advent calendar","圣诞积木式倒数日历"
"eng_Latn","disney+advent+calendar","迪士尼+冒险+日历"
"eng_Latn","dnd dice advent calendar","DND骰子圣诞倒数日历"
"eng_Latn","lego advent calendar flowers","乐高圣诞倒数日历花朵"
"eng_Latn","sea glass advent calendar 2026","2026年海玻璃倒数日历"
"eng_Latn","stranger things funko pop advent calendar","《怪奇物语》Funko Pop 圣诞倒数日历"
"eng_Latn","tractor advent calendar 2025","2025年拖拉机主题的倒数日历"
"eng_Latn","advent calendar lego flowers","乐高花朵主题的倒数日历"
"eng_Latn","dodgers advent calendar 2025","2025年道奇队圣诞倒数日历"
"eng_Latn","mens advent calendar 2025 cologne","2025年男士古龙水圣诞倒数日历"
"eng_Latn","miniverse advent calendar 2025","2025年迷你宇宙降临日历"
"eng_Latn","advent calendar candy 2025","2025年糖果倒数日历"
"eng_Latn","advent calendar kpop","Kpop倒计时日历"
"eng_Latn","chapter a day advent calendar book","每日一章的圣诞倒数日历书"
"eng_Latn","game advent calendar","游戏历险日历"
"eng_Latn","lancome advent calendar 2025","兰蔻2025年圣诞倒数日历"
"eng_Latn","lord of the rings advent calendar 2025","《指环王》2025年倒数日历"
"eng_Latn","mini brands books advent calendar","迷你品牌书籍圣诞倒数日历"
"eng_Latn","motorcycle advent calendar","摩托车主题的倒数日历"
"eng_Latn","advent makeup calendar 2025","2025年圣诞彩妆日历"
"eng_Latn","k pop advent calendar","K-pop 圣诞倒数日历"
"eng_Latn","origami advent calendar","折纸圣诞倒数日历"
"eng_Latn","pet advent calendar","宠物主题的日历"
"eng_Latn","romance book advent calendar","浪漫小说倒数日历"
"eng_Latn","sour patch advent calendar 2025","2025年酸甜豆泡泡糖日历"
"eng_Latn","chocolate advent calendars 2025","2025年巧克力圣诞倒数日历"
"eng_Latn","advent calendar 2025 woman","2025年女士降临日历"
"eng_Latn","advent calendar makeup and skincare","圣诞倒数日历彩妆和护肤品"
"eng_Latn","spice advent calendar 2025","2025年香料圣诞倒数日历"
"eng_Latn","advent calendars mini brands","圣诞日历迷你品牌"
"eng_Latn","advent calendar grinch","圣诞倒数日历格林奇"
"eng_Latn","girls makeup advent calendar 2025","2025年女孩化妆日历"
"eng_Latn","homemade advent calendar","自制圣诞倒数日历"
"eng_Latn","tiny things for advent calendar","圣诞倒数日历中的小物件"
"eng_Latn","advent calendar 2025 ulta","2025年ULTA圣诞倒数日历"
"eng_Latn","advent calendar for 3 year old boy","3岁男孩的圣诞倒数日历"
"eng_Latn","advent calendar for girls 3 to 5","3至5岁女孩的降临日历"
"eng_Latn","advent calendar wood","木质圣诞倒数日历"
"eng_Latn","girls advent calendars","女孩款圣诞倒数日历"
"eng_Latn","advent calendar for teenage boys","青少年男孩的降临日历"
"eng_Latn","man advent calendar","男士倒数日历"
"eng_Latn","nhl advent calendar","NHL 节日日历"
"eng_Latn","cool advent calendars for teen boys","适合青少年男孩的酷炫圣诞倒数日历"
"eng_Latn","advent calendar 2025 christian","2025年基督降临日历"
"eng_Latn","advent calendar charm bracelet","圣诞倒数日历手链"
"eng_Latn","advent candy calendar 2025","2025年圣诞糖果日历"
"eng_Latn","fitness advent calendar","健身日历"
"eng_Latn","italian brain rot advent calendar","意大利脑腐日历"
"eng_Latn","mac advent calendar 2025","2025年苹果日历"
"eng_Latn","mcobeauty advent calendar","mcobeauty 节日日历"
"eng_Latn","skin care advent calendars","护肤日历"
"eng_Latn","unique advent calendars 2025","2025年独特圣诞倒数日历"
"eng_Latn","advent calendar art supplies","圣诞倒数日历艺术用品"
"eng_Latn","advent calendar for him","为他准备的圣诞倒数日历"
"eng_Latn","keurig advent calendar","Keurig 圣诞倒数日历"
"eng_Latn","advent calendar books for adults","成人用圣诞倒数日历书"
"eng_Latn","advent calendar cat","圣诞日历猫"
"eng_Latn","jameson advent calendar 2025","詹姆森2025年圣诞倒数日历"
"eng_Latn","munchlings advent calendar","“munchlings”圣诞倒数日历"
"eng_Latn","new dough advent calendar","新面团日历"
"eng_Latn","formula 1 advent calendar","F1赛车倒数日历"
"eng_Latn","jujutsu kaisen advent calendar","柔术凯森圣诞倒数日历"
"eng_Latn","revolution advent calendar 2025","2025年革命倒数日历"
"eng_Latn","coolest advent calendars for kids","最酷的儿童圣诞倒数日历"
"eng_Latn","advent calendar 2025 roblox","2025年Roblox降临日历"
"eng_Latn","mine craft advent calendar 2025","2025年《我的世界》圣诞倒数日历"
"eng_Latn","sports advent calendar for boys","男孩运动主题的倒数日历"
"eng_Latn","advent calendars wicked","邪恶的降临日历"
"eng_Latn","advent calendar 2025 baseball","2025年棒球主题的倒数日历"
"eng_Latn","advent calendar baby","圣诞倒数日历宝宝"
"eng_Latn","advent calendar harry potter 2025","2025年哈利波特主题的倒数日历"
"eng_Latn","advent calendar spa","倒数日历水疗"
"eng_Latn","construction advent calendar 2025","2025年建筑日历"
"eng_Latn","felt advent calendar with pockets","带有小口袋的毛毡圣诞倒数日历"
"eng_Latn","kindness advent calendar","善良日历"
"eng_Latn","l'occitane advent calendar","欧舒丹开运日历"
"eng_Latn","small toys for advent calendar fillers","用于圣诞日历填充的小玩具"
"eng_Latn","stash tea advent calendar","藏茶圣诞倒数日历"
"eng_Latn","advent calendars for kids 2025","2025年儿童圣诞倒数日历"
"eng_Latn","advent calendar escape room","倒数日历密室逃脱"
"eng_Latn","guitar picks advent calendar 2025","2025年吉他拨片圣诞倒数日历"
"eng_Latn","men advent calendar for adults","男士成人日历"
"eng_Latn","metal gods advent calendar 2025","2025年金属之神降临日历"
"eng_Latn","nativity lego advent calendar","乐高圣诞降临日历"
"eng_Latn","sewing advent calendar","缝制式圣诞倒数日历"
"eng_Latn","sol de janeiro advent calendar 2025","2025年1月降临日历"
"eng_Latn","vodka advent calendar 2025","2025年伏特加酒历"
"eng_Latn","advent calendars adults","成人款圣诞倒数日历"
"eng_Latn","dairy free advent calendar","无乳制品的圣诞倒数日历"
"eng_Latn","lego advent calendar set","乐高圣诞倒数日历套装"
"eng_Latn","nails advent calendar","指甲油倒数日历"
"eng_Latn","sour patch kids advent calendar","酸甜豆小孩日历"
"eng_Latn","tractor advent calendar","拖拉机主题的倒数日历"
"eng_Latn","w7 advent calendar 2025","2025年W7圣诞倒数日历"
"eng_Latn","advent calendar 2025 hot chocolate","2025年热巧克力主题的倒数日历"
"eng_Latn","advent calendar for 10 year old boy","10岁男孩的降临日历"
"eng_Latn","advent calendar for teenagers","青少年主题的降临日历"
"eng_Latn","batman advent calendar 2025","2025年蝙蝠侠主题日历"
"eng_Latn","christmas puzzle advent calendar","圣诞拼图式倒数日历"
"eng_Latn","large advent calendar","大型圣诞倒数日历"
"eng_Latn","minnie mouse advent calendar","米妮老鼠圣诞倒数日历"
"eng_Latn","advent calendar for dad","给爸爸的圣诞倒数日历"
"eng_Latn","christmas polaroid advent calendar","圣诞宝丽来（Polaroid）日历"
"eng_Latn","kawaii advent calendar","可爱圣诞倒数日历"
"eng_Latn","lego and friends advent calendar","乐高和朋友历险日历"
"eng_Latn","the grinch advent calendar 2025","2025年格林奇倒数日历"
"eng_Latn","advent calendars for girls 10-12","10-12岁女孩的圣诞倒数日历"
"eng_Latn","bark box advent calendar 2025","2025年树皮盒式圣诞倒数日历"
"eng_Latn","edible advent calendar 2025","2025年可食用式圣诞倒数日历"
"eng_Latn","lego starwars advent calendar 2025","乐高星球大战2025年倒数日历"
"eng_Latn","advent calendar 2025 kpop demon hunters","2025年Kpop恶魔猎人降临日历"
"eng_Latn","advent calendar fillers for adults","成人用圣诞倒数日历填充物"
"eng_Latn","advent calendar for husband","给丈夫的圣诞倒数日历"
"eng_Latn","advent calendar squishmallows","圣诞倒数日历软糯小球"
"eng_Latn","cat treat advent calendar","猫咪零食圣诞倒数日历"
"eng_Latn","spice advent calendar","香料圣诞倒数日历"
"eng_Latn","wood advent calendar with drawers","带抽屉的木质圣诞倒数日历"
"eng_Latn","advent calendar coloring book","圣诞倒数涂色本"
"eng_Latn","advent calendar for 4 year old boy","四岁男孩的圣诞倒数日历"
"eng_Latn","cloth advent calendar with pockets","带口袋的布制日历挂历"
"eng_Latn","dior advent calendar 2025","迪奥2025年圣诞倒数日历"
"eng_Latn","fitness advent calendar 2025","2025年健身日历"
"eng_Latn","lego advent calendar 2024","乐高2024年圣诞倒数日历"
"eng_Latn","best advent calendars for kids","最适合孩子们的圣诞倒数日历"
"eng_Latn","chocolate advent calendars for kids","儿童巧克力圣诞倒数日历"
"eng_Latn","advent calendar books for kids","儿童圣诞倒数日历书"
"eng_Latn","advent calendar refillable","可再填充的圣诞日历"
"eng_Latn","advent calendar sea glass","海玻璃主题的降临日历"
"eng_Latn","custom advent calendar","定制的圣诞倒数日历"
"eng_Latn","advent calendars diy","DIY圣诞倒数日历"
"eng_Latn","advent calendars for boys 8-12","8-12岁男孩的降临日历"
"eng_Latn","fun advent calendars for kids","有趣的儿童圣诞倒数日历"
"eng_Latn","advent calendar 2025 empty","2025年倒计时日历为空"
"eng_Latn","advent calendar 2025 lego flower","2025年乐高花朵主题的倒数日历"
"eng_Latn","advent calendar 2025 snacks","2025年圣诞倒数日历零食"
"eng_Latn","disney cars advent calendar","迪士尼汽车主题的倒数日历"
"eng_Latn","jurassic advent calendar 2025","2025年侏罗纪历险日历"
"eng_Latn","mens cologne advent calendar","男士古龙水圣诞倒数日历"
"eng_Latn","sports card advent calendar 2025","2025年运动卡日历"
"eng_Latn","witchy advent calendar 2025","2025年巫术主题倒数日历"
"eng_Latn","teen boy advent calendars","青少年男孩圣诞倒数日历"
"eng_Latn","advent calendar 2025 craft","2025年手工制作圣诞倒数日历"
"eng_Latn","blank advent calendar boxes","空白圣诞日历盒"
"eng_Latn","golf ball advent calendar 2025","2025年高尔夫球日历"
"eng_Latn","goth advent calendar 2025","2025年哥特式圣诞倒数日历"
"eng_Latn","nativity advent calendar for kids","儿童圣诞倒数日历"
"eng_Latn","sexual advent calendar","性爱日历"
"eng_Latn","truck advent calendar 2025","2025年卡车主题日历"
"eng_Latn","wrestling advent calendar 2025","2025年摔跤日历"
"eng_Latn","ww2 advent calendar","二战主题的倒数日历"
"eng_Latn","advent calendars needoh","“advent calendars needoh”的中文翻译为“圣诞日历需要”"
"eng_Latn","advent calendars squishmallow","降临日历squishmall"
"eng_Latn","advent calendar fidget toys","圣诞倒数日历减压玩具"
"eng_Latn","advent calendar taylor swift","泰勒·斯威夫特圣诞倒数日历"
"eng_Latn","advent calendar with drawers","带抽屉的倒数日历"
"eng_Latn","craft advent calendar for girls","为女孩们制作手工日历"
"eng_Latn","face mask advent calendar","口罩倒数日历"
"eng_Latn","craft advent calendars","手工制作圣诞日历"
"eng_Latn","advent calendar 2024","2024年圣诞倒数日历"
"eng_Latn","advent calendar 2025 whiskey","2025年威士忌倒数日历"
"eng_Latn","gingerbread advent calendar","姜饼主题的圣诞倒数日历"
"eng_Latn","goth advent calendar","哥特式圣诞倒数日历"
"eng_Latn","k cup advent calendar","K杯圣诞倒数日历"
"eng_Latn","usborne advent calendar","厄斯本圣诞倒数日历"
"eng_Latn","ww2 aircraft advent calendar","二战飞机日历"
"eng_Latn","advent calendar 2025 nativity","2025年圣诞倒数日历"
"eng_Latn","advent calendar cats","猫咪主题的圣诞倒数日历"
"eng_Latn","advent calendar crafts","圣诞倒数日历手工艺品"
"eng_Latn","advent calendar for 1 year old girl","1岁女孩的降临日历"
"eng_Latn","advent calendar lip gloss","圣诞倒数日历唇彩"
"eng_Latn","advent calendar littlest pet shop","“小小宠物店”圣诞倒数日历"
"eng_Latn","cow advent calendar","奶牛主题的倒数日历"
"eng_Latn","empty fillable advent calendar","可填写的空日历"
"eng_Latn","medieval cat advent calendar","中世纪猫咪主题的倒数日历"
"eng_Latn","mystery escape room advent calendar","神秘逃生室圣诞倒数日历"
"eng_Latn","teens advent calendar 2025","2025年青少年圣诞倒数日历"
"eng_Latn","advent calendar 2025 golf","2025年高尔夫球日历"
"eng_Latn","advent calendar 2025 skin care","2025年护肤日历"
"eng_Latn","advent calendar boys age 12","12岁男孩的降临日历"
"eng_Latn","advent calendar for her","为她准备的圣诞倒数日历"
"eng_Latn","american girl doll advent calendar","美国女孩玩偶圣诞倒数日历"
"eng_Latn","sticker advent calendar 2025","2025年贴纸式圣诞倒数日历"
"eng_Latn","stuffed animal advent calendar 2025","2025年毛绒玩具圣诞倒数日历"
"eng_Latn","super hero advent calendar 2025","2025年超级英雄降临日历"
"eng_Latn","advent calendar 2025 kids boys","2025年儿童男孩款圣诞倒数日历"
"eng_Latn","advent calendar with hot wheels","带有风火轮玩具车的圣诞日历"
"eng_Latn","kids chocolate advent calendar 2025","2025年儿童巧克力圣诞倒数日历"
"eng_Latn","advent calendar 2025 sports","2025年运动主题的倒数日历"
"eng_Latn","beauty advent calendar 2025 sephora","2025年丝芙兰美妆日历"
"eng_Latn","luxury perfume advent calendar","奢华香水日历礼盒"
"eng_Latn","teeny mates advent calendar 2025","2025年teeny mates圣诞倒数日历"
"eng_Latn","advent calendar 2025 book","2025年圣诞倒数日历书"
"eng_Latn","advent calendar 2025 football","2025年足球主题的倒数日历"
"eng_Latn","advent calendar 2025 labubu","2025年拉布布降临日历"
"eng_Latn","advent calendar jewelry women","圣诞倒数日历珠宝女装"
"eng_Latn","cheap advent calendar 2025","2025年廉价圣诞倒数日历"
"eng_Latn","create your own advent calendar","制作你自己的圣诞倒数日历"
"eng_Latn","how to train your dragon advent calendar","如何训练你的龙 倒数日历"
"eng_Latn","non candy advent calendar","非糖果主题的圣诞倒数日历"
"eng_Latn","poppy playtime advent calendar","罂粟游戏时间倒数日历"
"eng_Latn","vodka advent calendar","伏特加酒历"
"eng_Latn","yankee candle advent calendar 2025","扬基蜡烛2025年圣诞倒数日历"
"eng_Latn","christmas countdown calendar 2025","2025年圣诞倒计时日历"
"eng_Latn","advent calendar alcohol","倒数日历酒"
"eng_Latn","advent calendar religious","宗教主题的降临日历"
"eng_Latn","bluey book advent calendar","蓝色书签式倒数日历"
"eng_Latn","furby advent calendar 2025","2025年furby圣诞倒数日历"
"eng_Latn","wwii aircraft advent calendar 2025","2025年二战飞机日历"
"eng_Latn","advent calendar 2025 for dogs","2025年狗狗主题的倒数日历"
"eng_Latn","advent calendar bath and body works","圣诞倒数日历沐浴及身体护理套装"
"eng_Latn","advent calendar for little girls","小女孩的圣诞倒数日历"
"eng_Latn","lego 2025 advent calendar","乐高2025年圣诞倒数日历"
"eng_Latn","lego frozen advent calendar 2025","乐高冰雪奇缘2025年圣诞倒数日历"
"eng_Latn","mystery tackle box advent calendar","神秘收纳盒式日历"
"eng_Latn","nightmare before christmas advent calendar 2025","2025年圣诞前夜噩梦降临日历"
"eng_Latn","ninja turtle advent calendar 2025","忍者龟2025年倒数日历"
"eng_Latn","teen girls advent calendar","少女冒险日历"
"eng_Latn","witchy advent calendar","巫术主题的倒数日历"
"eng_Latn","reusable advent calendars","可重复使用的圣诞日历"
"eng_Latn","whiskey advent calendars","威士忌主题的日历"
"eng_Latn","3d advent calendar 2025","2025年3D圣诞倒数日历"
"eng_Latn","advent calendar 2025 make up","2025年圣诞倒数日历彩妆套装"
"eng_Latn","advent calendar 2025 star wars","2025年星球大战主题的降临日历"
"eng_Latn","advent calendar for baby girl","女婴降临日历"
"eng_Latn","advent calendar girls 8-10","8-10岁女孩的降临日历"
"eng_Latn","advent puzzle calendar","降临节拼图日历"
"eng_Latn","duplo advent calendar","双面圣诞倒数日历"
"eng_Latn","little boy advent calendar 2025","2025年小男孩圣诞倒数日历"
"eng_Latn","metal gods advent calendar","金属神灵降临日历"
"eng_Latn","nba advent calendar","NBA 节日日历"
"eng_Latn","paper advent calendar","纸质日历挂历"
"eng_Latn","2025 advent calendars","2025年降临日历"
"eng_Latn","advent calendars reusable","可重复使用的圣诞日历"
"eng_Latn","top rated kids advent calendars","最受欢迎的儿童圣诞倒数日历"
"eng_Latn","advent calendar for baby boy","男婴降临日历"
"eng_Latn","advent calendar woman","圣诞倒数日历女士款"
"eng_Latn","chocolate advent calendar adults","巧克力圣诞倒数日历（成人款）"
"eng_Latn","coloring advent calendar 2025","2025年涂色日历"
"eng_Latn","sephora favorites advent calendar","丝芙兰最受欢迎产品圣诞倒数日历"
"eng_Latn","tree hut advent calendar","树屋式圣诞倒数日历"
"eng_Latn","advent calendars for dogs","狗狗的圣诞倒数日历"
"eng_Latn","empty advent calendars bulk","大量空白的圣诞日历"
"eng_Latn","advent calendar ducks","鸭子主题的圣诞倒数日历"
"eng_Latn","advent calendar for boys lego","男孩乐高玩具的倒计时日历"
"eng_Latn","bath and body advent calendar 2025","2025年沐浴及身体护理日历"
"eng_Latn","funny advent calendar for adults","适合成人的趣味圣诞倒数日历"
"eng_Latn","fuzzy sock advent calendar","模糊袜子的圣诞倒数日历"
"eng_Latn","advent calendar bags with numbers","带有数字的倒数日历袋"
"eng_Latn","3d advent calendar","3D圣诞倒数日历"
"eng_Latn","advent calendar fishing lures","圣诞日历钓鱼诱饵"
"eng_Latn","advent calendar for adults naughty","成人版“淘气”圣诞倒数日历"
"eng_Latn","bible advent calendar","圣经降临日历"
"eng_Latn","christ centered advent calendar","以基督为中心的圣诞倒数日历"
"eng_Latn","kids makeup advent calendar","儿童化妆日历"
"eng_Latn","micromallows advent calendar 2025","2025年micromallows圣诞倒数日历"
"eng_Latn","sakerplus advent calendar","sakerplus 圣诞倒数日历"
"eng_Latn","spider man advent calendar 2025","2025年蜘蛛侠倒数日历"
"eng_Latn","book lovers advent calendars","书迷们的圣诞倒数日历"
"eng_Latn","top advent calendars 2025","2025年顶级圣诞倒数日历"
"eng_Latn","advent calendar bracelet","圣诞倒数日历手链"
"eng_Latn","advent calendar brainrot","圣诞倒数日历脑腐"
"eng_Latn","advent calendar nightmare before christmas","圣诞倒数日历《圣诞夜惊魂》"
"eng_Latn","camping advent calendar","露营主题的倒数日历"
"eng_Latn","fidget toy advent calendar 2025","2025年减压玩具圣诞倒数日历"
"eng_Latn","laneige advent calendar 2025","兰芝2025年圣诞倒数日历"
"eng_Latn","mary engelbreit advent calendar","玛丽·恩格尔布雷特圣诞倒数日历"
"eng_Latn","zelda advent calendar","塞尔达历险日历"
"eng_Latn","advent calendar for 7 year old girl","7岁女孩的圣诞倒数日历"
"eng_Latn","advent makeup calendar","圣诞彩妆日历"
"eng_Latn","advent whiskey calendar 2025","2025年降临威士忌日历"
"eng_Latn","fillable advent calendar boxes","可填写的圣诞倒数日历盒"
"eng_Latn","sloth advent calendar 2025","2025年树懒主题圣诞倒数日历"
"eng_Latn","witch advent calendar","巫婆主题的圣诞倒数日历"
"eng_Latn","advent calendar for 6 year old girl","6岁女孩的圣诞倒数日历"
"eng_Latn","advent calendar nativity scene","圣诞倒数日历耶稣诞生场景"
"eng_Latn","building advent calendar","制作圣诞倒数日历"
"eng_Latn","dungeons and dragons advent calendar 2025","2025年龙与地下城历险日历"
"eng_Latn","elf advent calendar makeup","精灵主题的圣诞倒数日历化妆品套装"
"eng_Latn","hummingbird advent calendar 2025","2025年蜂鸟主题倒数日历"
"eng_Latn","lip advent calendar","唇部护理日历"
"eng_Latn","religious advent calendar for kids","儿童宗教主题的圣诞倒数日历"
"eng_Latn","softball advent calendar 2025","2025年垒球圣诞倒数日历"
"eng_Latn","advent calendar 2025 chocolate lindt","2025年瑞士莲巧克力倒数日历"
"eng_Latn","advent calendar football cards","圣诞倒数日历足球卡"
"eng_Latn","advent calendar for boys age 3","3岁男孩的圣诞倒数日历"
"eng_Latn","advent calendar for moms","妈妈们的倒数日历"
"eng_Latn","bluey advent calendar books","蓝精灵历险日历书"
"eng_Latn","fisher price little people advent calendar","费雪牌小人历险日历"
"eng_Latn","jewelry advent calendar for women","女士珠宝圣诞倒数日历"
"eng_Latn","beauty advent calendars for teen girls","少女美妆圣诞倒数日历"
"eng_Latn","chocolate advent calendar 2025 pack","2025年巧克力降临日历套装"
"eng_Latn","hey clay advent calendar","嘿，黏土日历"
"eng_Latn","nascar advent calendar","纳斯卡赛车日历"
"eng_Latn","netflix advent calendar 2025","2025年Netflix圣诞倒数日历"
"eng_Latn","tiny gifts for advent calendar","为圣诞倒数日历准备的小礼物"
"eng_Latn","advent calendars fidgets","圣诞倒数日历小玩意"
"eng_Latn","advent calendar fortnite","《堡垒之夜》的倒数日历"
"eng_Latn","art advent calendar 2025 adult","2025年成人艺术日历"
"eng_Latn","herbal tea advent calendar","草本茶倒数日历"
"eng_Latn","lego flowers advent calendar","乐高花朵倒数日历"
"eng_Latn","lip balm advent calendar","润唇膏圣诞倒数日历"
"eng_Latn","paper advent calendar 2025","2025年纸质日历"
"eng_Latn","popular advent calendar 2025","2025年热门圣诞倒数日历"
"eng_Latn","advent calendar princess","公主降临日历"
"eng_Latn","advent calendar wine","倒酒日历"
"eng_Latn","cross stitch advent calendar","十字绣圣诞倒数日历"
"eng_Latn","ghirardelli advent calendar 2025","2025年吉拉德利巧克力圣诞倒数日历"
"eng_Latn","holiday advent calendar 2025","2025年节日倒数日历"
"eng_Latn","pop advent calendar","流行日历"
"eng_Latn","supernatural advent calendar","超自然降临日历"
"eng_Latn","advent calendar 2025 soccer","2025年足球主题的倒数日历"
"eng_Latn","advent calendar perfume for women","女士香水倒数日历"
"eng_Latn","champagne advent calendar","香槟倒数日历"
"eng_Latn","mha advent calendar","MHA 倒数日历"
"eng_Latn","thomas the train advent calendar 2025","2025年托马斯小火车圣诞倒数日历"
"eng_Latn","twinings tea advent calendar 2025","2025年唐宁茶礼盒"
"eng_Latn","advent calendar spiderman","圣诞倒数日历蜘蛛侠版"
"eng_Latn","kids christmas advent calendar","儿童圣诞倒数日历"
"eng_Latn","little pet shop advent calendar","小宠物店圣诞倒数日历"
"eng_Latn","national lampoon advent calendar","国家讽刺日历"
"eng_Latn","star trek advent calendar 2025","2025年《星际迷航》圣诞倒数日历"
"eng_Latn","teenage advent calendar","青少年圣诞倒数日历"
"eng_Latn","advent calendar for 8 year old boy","8岁男孩的圣诞倒数日历"
"eng_Latn","advent calendar hanging","挂着的圣诞倒数日历"
"eng_Latn","advent calendar pokemon 2025","2025年宝可梦降临日历"
"eng_Latn","crafting advent calendar","制作圣诞倒数日历"
"eng_Latn","demon hunters advent calendar","恶魔猎人降临日历"
"eng_Latn","jurassic world rebirth advent calendar","侏罗纪世界重生倒计时日历"
"eng_Latn","advent calendars anime","降临日历动漫"
"eng_Latn","advent calendar 2025 barbie","2025年芭比降临日历"
"eng_Latn","baby doll advent calendar","芭比娃娃圣诞倒数日历"
"eng_Latn","coraline advent calendar","卡洛琳圣诞倒数日历"
"eng_Latn","kids chocolate advent calendar","儿童巧克力圣诞倒数日历"
"eng_Latn","kinder joy advent calendar 2025","2025年儿童欢乐圣诞倒数日历"
"eng_Latn","make up advent calendar 2025 ulta","2025年ULTA美妆日历"
"eng_Latn","military advent calendar 2025","2025年军事历险日历"
"eng_Latn","topps holiday advent calendar","Topps假日倒数日历"
"eng_Latn","advent calendar 2025 family","2025年家庭版圣诞倒数日历"
"eng_Latn","advent calendar for 9 year old girl","9岁女孩的圣诞倒数日历"
"eng_Latn","advent calendar kit","圣诞倒数日历套装"
"eng_Latn","burt's bees advent calendar","伯特蜂牌圣诞倒数日历"
"eng_Latn","godiva advent calendar","歌蒂梵圣诞倒数日历"
"eng_Latn","high end advent calendar 2025","2025年高端圣诞倒数日历"
"eng_Latn","lego advent calendar boys","乐高男孩圣诞倒数日历"
"eng_Latn","lets battle advent calendar","让我们来一场战斗的历险日历"
"eng_Latn","naughty advent calendar for adults","成人版趣味圣诞倒数日历"
"eng_Latn","transformers advent calendar 2025","2025年变形金刚倒数日历"
"eng_Latn","2025 disney advent calendar","2025年迪士尼圣诞倒数日历"
"eng_Latn","advent beauty calendar","圣诞美丽日历"
"eng_Latn","advent calendar 2025 dinosaurs","2025年恐龙主题的降临日历"
"eng_Latn","advent calendar for boys hot wheels","男孩风火轮玩具的降临日历"
"eng_Latn","bourbon advent calendar 2025 adult","2025年波本威士忌倒数日历（成人版）"
"eng_Latn","transformer advent calendar","变压器倒数日历"
"eng_Latn","advent calendar tree","圣诞倒数日历树"
"eng_Latn","faith based advent calendar","基于信仰的圣诞倒数日历"
"eng_Latn","fisherman advent calendar 2025","2025年渔夫主题倒数日历"
"eng_Latn","lindor advent calendar","林多尔圣诞倒数日历"
"eng_Latn","nedo advent calendar","Nedo 圣诞倒数日历"
"eng_Latn","pixar cars advent calendar 2025","皮克斯汽车2025年圣诞倒数日历"
"eng_Latn","teenage advent calendar 2025","2025年青少年历险日历"
"eng_Latn","fishing advent calendars","钓鱼主题的日历"
"eng_Latn","advent calendar 2025 candles","2025年倒数日历蜡烛"
"eng_Latn","advent calendar 2025 girls tweens","2025年女孩青少年款圣诞倒数日历"
"eng_Latn","advent calendar clearance sale","倒数日历清仓特卖"
"eng_Latn","advent calendar for teen","青少年倒数日历"
"eng_Latn","duplo advent calendar 2025","2025年双倍惊喜日历"
"eng_Latn","fillable advent calendar 2025","可填写的2025年倒计时日历"
"eng_Latn","gold advent calendar 2025","2025年黄金日历"
"eng_Latn","nativity scene advent calendar","耶稣诞生场景的降临日历"
"eng_Latn","tween boy advent calendar 2025","2025年男孩款圣诞倒数日历"
"eng_Latn","warhammer advent calendar","战锤历险日历"
"eng_Latn","advent calendars for couples","情侣款圣诞倒数日历"
"eng_Latn","advent calendar 2025 kinder","2025年kinder圣诞倒数日历"
"eng_Latn","advent calendar 2025 squishy","2025年黏糊糊的降临日历"
"eng_Latn","advent calendar 2025 tween girls","2025年少女款圣诞倒数日历"
"eng_Latn","advent calendar with candy","带糖果的圣诞倒数日历"
"eng_Latn","alcohol advent calendar for adults","成人酒精日历"
"eng_Latn","charlotte tilbury advent calendar 2025","夏洛特·蒂尔伯里2025年圣诞倒数日历"
"eng_Latn","demon hunter advent calendar 2025","2025年恶魔猎人降临日历"
"eng_Latn","gummy candy advent calendar 2025","2025年软糖糖果倒数日历"
"eng_Latn","kids makeup advent calendar 2025","2025年儿童化妆日历"
"eng_Latn","personalized advent calendar","个性化圣诞倒数日历"
"eng_Latn","star trek advent calendar","《星际迷航》倒数日历"
"eng_Latn","walkers shortbread advent calendar","沃克斯（Walkers）短饼圣诞倒数日历"
"eng_Latn","advent calendar dark chocolate","倒数日历黑巧克力"
"eng_Latn","essence advent calendar","精华降临日历"
"eng_Latn","kit kat advent calendar","奇巧巧克力圣诞倒数日历"
"eng_Latn","korean skin care advent calendar","韩式护肤日历"
"eng_Latn","licorice advent calendar 2025","2025年甘草降临日历"
"eng_Latn","men's cologne advent calendar","男士古龙水倒数日历"
"eng_Latn","milkbone advent calendar 2025","2025年milkbone圣诞倒数日历"
"eng_Latn","mini advent calendar fillers","迷你圣诞倒数日历填充物"
"eng_Latn","nakatomi plaza advent calendar","中富广场圣诞倒数日历"
"eng_Latn","plant advent calendar 2025","2025年植物日历"
"eng_Latn","advent calendar 2025 art","2025年艺术主题的倒数日历"
"eng_Latn","advent calendar 2025 grinch","2025年格林奇圣诞倒数日历"
"eng_Latn","cosmetic advent calendar 2025","2025年化妆品圣诞倒数日历"
"eng_Latn","witch advent calendar 2025","2025年巫婆降临日历"
"eng_Latn","kids advent calendars on sale","儿童圣诞倒数日历特价销售"
"eng_Latn","countdown to christmas calendar","圣诞倒计时日历"
"eng_Latn","advent calendar 2025 nails","2025年美甲日历"
"eng_Latn","advent calendar bath bomb","圣诞倒数日历沐浴球"
"eng_Latn","advent calendar for 2 year old","2岁儿童用的倒数日历"
"eng_Latn","advent calendar jigsaw puzzle","圣诞倒数日历拼图"
"eng_Latn","champagne advent calendar 2025","2025年香槟倒数日历"
"eng_Latn","guitar player advent calendar","吉他手降临日历"
"eng_Latn","jewelry advent calendar 2025 for women","2025年女士珠宝圣诞倒数日历"
"eng_Latn","tea christmas advent calendar","茶圣诞倒数日历"
"eng_Latn","advent calendars coffee","圣诞日历咖啡"
"eng_Latn","alcohol advent calendars","酒精饮料圣诞倒数日历"
"eng_Latn","advent calendar ￼","圣诞倒数日历"
"eng_Latn","building blocks advent calendar 2025","积木式圣诞倒数日历2025"
"eng_Latn","five nights freddy advent calendar","五夜弗雷迪圣诞倒数日历"
"eng_Latn","girly advent calendar","少女风圣诞倒数日历"
"eng_Latn","infant advent calendar","婴儿降临日历"
"eng_Latn","kuromi advent calendar","黑米圣诞倒数日历"
"eng_Latn","lindt teddy advent calendar","瑞士莲泰迪熊主题圣诞倒数日历"
"eng_Latn","little girl advent calendar","小女孩的圣诞倒数日历"
"eng_Latn","matchbox advent calendar","火柴盒式圣诞倒数日历"
"eng_Latn","cool advent calendars for boys","适合男孩的酷炫圣诞倒数日历"
"eng_Latn","advent calendar 2025 legos","2025年乐高玩具圣诞倒数日历"
"eng_Latn","bath advent calendar","沐浴日历"
"eng_Latn","charlie brown advent calendar","查理·布朗圣诞倒数日历"
"eng_Latn","fragrance advent calendar 2025","2025年香氛日历"
"eng_Latn","mini verse advent calendar 2025","2025年迷你诗篇圣诞倒数日历"
"eng_Latn","pug advent calendar 2025","2025年巴哥犬主题日历"
"eng_Latn","sensory advent calendar","感官体验日历"
"eng_Latn","3d printed animals advent calendar","3D打印动物主题的日历"
"eng_Latn","advent calendar 2025 couples","2025年情侣款圣诞倒数日历"
"eng_Latn","advent calendar crystals","水晶圣诞倒数日历"
"eng_Latn","advent calendar toys fillers","圣诞日历玩具填充物"
"eng_Latn","alcohol advent calendar 2025 for adults","2025年成人酒精日历"
"eng_Latn","big foot advent calendar 2025","2025年大脚怪倒数日历"
"eng_Latn","christmas village advent calendar","圣诞村倒数日历"
"eng_Latn","dad advent calendar 2025","2025年爸爸的降临日历"
"eng_Latn","halloween advent calendar 2025","2025年万圣节倒数日历"
"eng_Latn","m&m advent calendar 2025","2025年M&M巧克力豆日历"
"eng_Latn","puzzle advent calendar for adults","成人拼图日历"
"eng_Latn","whiskey advent calendar 2026","2026年威士忌倒数日历"
"eng_Latn","white chocolate advent calendar","白巧克力圣诞倒数日历"
"eng_Latn","advent calendar 2025 dark chocolate","2025年降临日历黑巧克力"
"eng_Latn","advent calendar boys age 10","10岁男孩的降临日历"
"eng_Latn","advent calendar funny","圣诞倒数日历，趣味十足"
"eng_Latn","flamingo advent calendar","火烈鸟主题的倒数日历"
"eng_Latn","girly advent calendar 2025","2025年少女风历险日历"
"eng_Latn","herbal tea advent calendar 2025","2025年草本茶日历"
"eng_Latn","jesus advent calendar","耶稣降临日历"
"eng_Latn","keychain advent calendar","钥匙扣式倒数日历"
"eng_Latn","musical advent calendar","音乐圣诞倒数日历"
"eng_Latn","organic advent calendar","有机日历"
"eng_Latn","pavoi advent calendar 2025","2025年pavoi圣诞倒数日历"
"eng_Latn","tarot advent calendar 2025","2025年塔罗牌降临日历"
"eng_Latn","disney advent calendars","迪士尼圣诞倒数日历"
"eng_Latn","empty advent calendars to fill 12 days","12天待填满的空圣诞日历"
"eng_Latn","advent calendar 2025 cats","2025年猫咪主题的倒数日历"
"eng_Latn","advent calendar filler","圣诞日历填充物"
"eng_Latn","advent calendar for woman","女士降临日历"
"eng_Latn","advent calendar’s","“advent calendar”的中文翻译是“降临日历”"
"eng_Latn","advent nativity calendar","降临节圣诞日历"
"eng_Latn","advent perfume calendar 2025","2025年圣诞香水日历"
"eng_Latn","bath advent calendar 2025","2025年沐浴日历"
"eng_Latn","family christmas advent calendar","家庭圣诞倒数日历"
"eng_Latn","frog advent calendar","青蛙主题的倒数日历"
"eng_Latn","gummy candy advent calendar","软糖式糖果圣诞倒数日历"
"eng_Latn","kindness advent calendar 2025","2025年善意降临日历"
"eng_Latn","magnatile advent calendar","磁性日历"
"eng_Latn","monster jam mini advent calendar","怪物果酱迷你圣诞倒数日历"
"eng_Latn","my little pony advent calendar 2025","2025年小马宝莉（My Little Pony）圣诞倒数日历"
"eng_Latn","spidey advent calendar","蜘蛛侠倒数日历"
"eng_Latn","wooden advent calendar with doors","带门可翻开的木质圣诞倒数日历"
"eng_Latn","advent calendars hello kitty","凯蒂猫主题的降临日历"
"eng_Latn","advent calendars whiskey","威士忌降临日历"
"eng_Latn","christmas avent calendar 2025","2025年圣诞倒数日历"
"eng_Latn","24 days of beauty advent calendar","24天美丽倒数日历"
"eng_Latn","advent calendar fillers for teens","青少年用的圣诞倒数日历填充物"
"eng_Latn","advent calendar for college girl","大学生女孩的圣诞倒数日历"
"eng_Latn","advent calendar mystery","圣诞倒数日历谜题"
"eng_Latn","advent calendar photo holder","圣诞倒数日历照片架"
"eng_Latn","five nights of freddy advent calendar 2025","2025年五夜弗雷迪降临日历"
"eng_Latn","gothic advent calendar 2025","2025年哥特式圣诞倒数日历"
"eng_Latn","lure advent calendar 2025","2025年诱饵倒数日历"
"eng_Latn","milk chocolate advent calendar 2025","2025年牛奶巧克力倒数日历"
"eng_Latn","advent calendars slime","黏液主题的降临日历"
"eng_Latn","2025 pokemon advent calendar","2025年宝可梦降临日历"
"eng_Latn","advent calendar science","圣诞日历科学"
"eng_Latn","embroidery advent calendar","刺绣圣诞倒数日历"
"eng_Latn","essence advent calendar 2025","2025年精华降临日历"
"eng_Latn","john deere advent calendar 2025","约翰迪尔2025年圣诞倒数日历"
"eng_Latn","lego advent calendar 2025 adult","乐高2025年成人版圣诞倒数日历"
"eng_Latn","male advent calendar 2025","2025年男士日历"
"eng_Latn","mickey advent calendar","米奇圣诞倒数日历"
"eng_Latn","wwii advent calendar","二战倒数日历"
"eng_Latn","advent calendar 2025 marvel","2025年漫威降临日历"
"eng_Latn","advent calendar for 5 year old boy","5岁男孩的圣诞倒数日历"
"eng_Latn","advent calendar for artists","艺术家们的倒数日历"
"eng_Latn","around the world advent calendar","世界各地圣诞倒数日历"
"eng_Latn","camping advent calendar 2025","2025年露营主题的倒数日历"
"eng_Latn","cat advent calendar for kids","儿童猫咪主题的倒数日历"
"eng_Latn","hersheys advent calendar 2025","好时2025年圣诞倒数日历"
"eng_Latn","lego advent calendar 2025 star wars","乐高2025年星球大战主题圣诞倒数日历"
"eng_Latn","marvel funko pop advent calendar","漫威Funko Pop Advent日历"
"eng_Latn","religious advent calendar 2025 kids","2025年儿童宗教圣诞倒数日历"
"eng_Latn","squish mallow advent calendar 2025","2025年软糯棉花糖倒数日历"
"eng_Latn","sugarfina advent calendar","Sugarfina 圣诞倒数日历"
"eng_Latn","best selling advent calendars","最畅销的圣诞日历"
"eng_Latn","advent calendar 2025 3d printed","2025年3D打印的圣诞倒数日历"
"eng_Latn","advent calendar 2025 crochet","2025年钩针编织圣诞倒数日历"
"eng_Latn","advent calendar for adult men","成年男士的圣诞倒数日历"
"eng_Latn","advent calendar snoopy","圣诞倒数日历史努比"
"eng_Latn","hot wheels muscle car advent calendar","风火轮肌肉车主题的圣诞倒数日历"
"eng_Latn","revolve advent calendar 2025","2025年旋转式圣诞倒数日历"
"eng_Latn","2 year old advent calendar 2025","2025年2岁儿童圣诞倒数日历"
"eng_Latn","advent calendar 2025 alcohol","2025年酒精饮料圣诞倒数日历"
"eng_Latn","advent calendar blank","空白日历本"
"eng_Latn","advent calendar christmas tree","圣诞倒数日历树"
"eng_Latn","bourbon advent calendar for adults","成人波本威士忌倒数日历"
"eng_Latn","motorcycle advent calendar 2025","2025年摩托车历险日历"
"eng_Latn","tmnt advent calendar","《忍者神龟》倒数日历"
"eng_Latn","tony's chocolate advent calendar 2025","托尼2025年巧克力降临日历"
"eng_Latn","advent calendars funko pop","降临日历 Funko Pop"
"eng_Latn","advent calendar 2025 book lovers","2025年爱书者日历"
"eng_Latn","advent calendar 2025 for toddlers","2025年幼儿圣诞倒数日历"
"eng_Latn","advent calendar whiskey","威士忌日历"
"eng_Latn","do it yourself advent calendar","自己动手制作的圣诞倒数日历"
"eng_Latn","gold jewelry advent calendar 2025","2025年金饰圣诞倒数日历"
"eng_Latn","halloween advent calendar","万圣节倒数日历"
"eng_Latn","seaglass christmas tree advent calendar","海玻璃圣诞树倒数日历"
"eng_Latn","shark advent calendar 2025","2025年鲨鱼主题倒数日历"
"eng_Latn","advent calendars for teens 2025","2025年青少年圣诞倒数日历"
"eng_Latn","harry potter advent calendars","哈利·波特主题的圣诞日历"
"eng_Latn","makeup avent calendar 2025","2025年化妆品活动日历"
"eng_Latn","dad advent calendar","爸爸的降临日历"
"eng_Latn","harry potter funko pop advent calendar","哈利·波特Funko Pop Advent日历"
"eng_Latn","plushie advent calendar","毛绒玩具日历"
"eng_Latn","advent calendars minecraft","《我的世界》圣诞倒数日历"
"eng_Latn","advent calendar for guys","男士的倒数日历"
"eng_Latn","advent calendar one piece","《海贼王》降临日历"
"eng_Latn","disney advent calendar 2025 kids","2025年迪士尼儿童版圣诞倒数日历"
"eng_Latn","kcup advent calendar 2025","2025年kcup圣诞倒数日历"
"eng_Latn","mickey advent calendar 2025","2025年米奇圣诞倒数日历"
"eng_Latn","mom advent calendar","妈妈惊喜日历"
"eng_Latn","traditional advent calendar 2025","2025年传统圣诞倒数日历"
"eng_Latn","universal yums advent calendar 2025","2025年环球美食降临日历"
"eng_Latn","whiskey advent calendar 2025 with alcohol","2025年含酒精威士忌日历"
"eng_Latn","advent calendar basketball","圣诞倒数日历篮球"
"eng_Latn","advent calendar family","家庭版降临日历"
"eng_Latn","bible advent calendar 2025","2025年圣经降临日历"
"eng_Latn","cool advent calendar","酷炫的倒数日历"
"eng_Latn","cross stitch advent calendar 2025","2025年十字绣圣诞倒数日历"
"eng_Latn","golden retriever advent calendar 2025","2025年金毛寻回犬主题的倒数日历"
"eng_Latn","hair care advent calendar","护发日历"
"eng_Latn","high end chocolate advent calendar","高端巧克力圣诞倒数日历"
"eng_Latn","japanese advent calendar 2025","2025年日本圣诞倒数日历"
"eng_Latn","jellycat advent calendar 2025","2025年jellycat圣诞倒数日历"
"eng_Latn","lilo and stitch advent calendar","莉萝和史迪奇圣诞倒数日历"
"eng_Latn","make it mini advent calendar","把它做成迷你圣诞倒数日历"
"eng_Latn","meat stick advent calendar","肉棒式圣诞倒数日历"
"eng_Latn","advent calendars 2025 adults","2025年成人款圣诞倒数日历"
"eng_Latn","advent calendars funko","Funko的降临日历"
"eng_Latn","advent calendars sephora","丝芙兰（Sephora）的圣诞倒数日历"
"eng_Latn","advent calendar 2025 brainrot","2025年脑腐降临日历"
"eng_Latn","advent calendar 2025 toys","2025年玩具降临日历"
"eng_Latn","advent calendar for adult women","成年女性节日日历"
"eng_Latn","flower bouquet advent calendar","花束式倒数日历"
"eng_Latn","jack daniels advent calendar","杰克丹尼尔斯圣诞倒数日历"
"eng_Latn","lego advent calendar￼","乐高圣诞倒数日历"
"eng_Latn","swear bear advent calendar","“熊熊发誓”倒数日历"
"eng_Latn","luxury chocolate advent calendars","豪华巧克力圣诞倒数日历"
"eng_Latn","advent calendar 4 year old boy","四岁男孩的圣诞倒数日历"
"eng_Latn","advent calendar animals","圣诞倒数日历动物"
"eng_Latn","advent calendar jewelry adult","成人珠宝日历"
"eng_Latn","advent calendar monster jam","怪物果酱日历"
"eng_Latn","beef advent calendar","牛肉日历"
"eng_Latn","chicken advent calendar","鸡肉主题的日历"
"eng_Latn","couple advent calendar","情侣款圣诞倒数日历"
"eng_Latn","snacks advent calendar","零食圣诞倒数日历"
"eng_Latn","adult woman advent calendar 2025","2025年成年女性主题的倒数日历"
"eng_Latn","advent calendar mario","马里奥主题的倒数日历"
"eng_Latn","advent calendar playmobil","摩比世界（Playmobil）圣诞倒数日历"
"eng_Latn","building advent calendar 2025","2025年建筑日历"
"eng_Latn","canvas advent calendar","画布式圣诞倒数日历"
"eng_Latn","chocolate advent calendar 2025 lindt","2025年瑞士莲巧克力圣诞倒数日历"
"eng_Latn","korean advent calendar","韩式圣诞倒数日历"
"eng_Latn","mustang advent calendar 2025","2025年野马主题倒数日历"
"eng_Latn","peppa advent calendar 2025","佩奇2025年圣诞倒数日历"
"eng_Latn","photo advent calendar with pockets","带口袋的照片日历"
"eng_Latn","press on nails advent calendar","压钉式圣诞倒数日历"
"eng_Latn","sewing advent calendar 2025","2025年缝制式圣诞倒数日历"
"eng_Latn","shower steamer advent calendar","淋浴蒸汽机圣诞倒数日历"
"eng_Latn","advent calendars for teens girls","少女们的圣诞倒数日历"
"eng_Latn","best advent calendars for men","男士最佳圣诞倒数日历"
"eng_Latn","3d print advent calendar","3D打印圣诞倒数日历"
"eng_Latn","advent calendar 2025 baby","2025年宝宝降临日历"
"eng_Latn","advent calendar 2025 paw patrol","2025年狗狗巡逻队主题的倒数日历"
"eng_Latn","advent calendar photo board for pictures - instant photo hanging display, reusable christmas countdo","照片板式圣诞倒数日历 - 即时照片悬挂展示，可重复使用的圣诞倒计时器"
"eng_Latn","baby girl advent calendar 2025","2025年女婴降临日历"
"eng_Latn","cocktail advent calendar 2025","2025年鸡尾酒倒数日历"
"eng_Latn","fish advent calendar","鱼主题的倒数日历"
"eng_Latn","food advent calendar 2025 for adults","2025年成人美食日历"
"eng_Latn","high end makeup advent calendar","高端化妆品圣诞倒数日历"
"eng_Latn","kids candy advent calendar 2025","2025年儿童糖果圣诞倒数日历"
"eng_Latn","lego ornament advent calendar","乐高装饰品圣诞倒数日历"
"eng_Latn","loccitane advent calendar","欧舒丹圣诞倒数日历"
"eng_Latn","super mario advent calendar","超级马里奥圣诞倒数日历"
"eng_Latn","teenage girl advent calendar","少女主题的圣诞倒数日历"
"eng_Latn","amazon advent calendars 2025","2025年亚马逊圣诞倒数日历"
"eng_Latn","christmas advent calendars for boys","男孩的圣诞倒计时日历"
"eng_Latn","fidget advent calendars","减压日历"
"eng_Latn","12 days of christmas advent calendar empty","圣诞倒数日历12天已空"
"eng_Latn","4 year old advent calendar 2025","2025年4岁儿童圣诞倒数日历"
"eng_Latn","advent calendar 2025 boys teen","2025年男孩青少年款圣诞倒数日历"
"eng_Latn","advent calendar for 6 year old boy","为6岁男孩准备的圣诞倒数日历"
"eng_Latn","advent calendar for teens boys","青少年男孩的降临日历"
"eng_Latn","advent calendar fun","圣诞倒数日历的乐趣"
"eng_Latn","advent calendar monster trucks","圣诞倒数日历怪物卡车"
"eng_Latn","arcane advent calendar","神秘冒险日历"
"eng_Latn","bass fishing advent calendar","鲈鱼垂钓日历"
"eng_Latn","cinnamoroll advent calendar","肉桂卷降临日历"
"eng_Latn","elf beauty advent calendar 2025","2025年精灵之美圣诞倒数日历"
"eng_Latn","ferrero rocher advent calendar 2025","费列罗2025年圣诞倒数日历"
"eng_Latn","hair care advent calendar 2025","2025年护发日历"
"eng_Latn","lego advent calendar 2025 marvel","乐高2025年漫威主题圣诞倒数日历"
"eng_Latn","little people princess advent calendar","小人国公主降临日历"
"eng_Latn","stationary advent calendar","固定式圣诞倒数日历"
"eng_Latn","the book lovers advent calendar","书迷们的圣诞倒数日历"
"eng_Latn","advent calendars toddler","幼儿用降临日历"
"eng_Latn","christmas advent calendars for girls","女孩们的圣诞降临日历"
"eng_Latn","1 year old advent calendar","1岁儿童用的圣诞倒数日历"
"eng_Latn","2 year old advent calendar","2岁儿童用的圣诞倒数日历"
"eng_Latn","advent calendar for cats 2025","2025年猫咪降临日历"
"eng_Latn","advent calendar minecraft 2025","2025年《我的世界》圣诞倒数日历"
"eng_Latn","dodgers advent calendar","道奇队圣诞倒数日历"
"eng_Latn","food advent calendar for adults","成人美食历"
"eng_Latn","funko pokemon advent calendar","Funko 宝可梦 圣诞倒数日历"
"eng_Latn","gummy bear advent calendar","小熊软糖日历"
"eng_Latn","large empty advent calendar boxes","大型空置的圣诞倒数日历盒"
"eng_Latn","lipgloss advent calendar","唇彩倒数日历"
"eng_Latn","my hero academia advent calendar 2025","我的英雄学院2025年倒数日历"
"eng_Latn","nintendo advent calendar 2025","任天堂2025年圣诞倒数日历"
"eng_Latn","scotch advent calendar 2025","2025年苏格兰威士忌日历"
"eng_Latn","anime advent calendars","动漫主题的圣诞倒数日历"
"eng_Latn","cool advent calendars for adults","适合成人的酷炫圣诞倒数日历"
"eng_Latn","toddler advent calendars","幼儿圣诞倒数日历"
"eng_Latn","advent calendar 2025 for teen","2025年青少年倒数日历"
"eng_Latn","advent calendar 2025 religious","2025年宗教主题的圣诞倒数日历"
"eng_Latn","advent calendar for 9 year old boy","9岁男孩的降临日历"
"eng_Latn","baby advent calendar 2025 boys","2025年男孩款婴儿降临日历"
"eng_Latn","bark advent calendar for dogs","狗狗吠声倒计时日历"
"eng_Latn","nyx advent calendar 2025","2025年尼克斯降临日历"
"eng_Latn","stick bot advent calendar 2025","2025年棒形机器人圣诞倒数日历"
"eng_Latn","advent calendars chocolate 2025","2025年巧克力圣诞倒数日历"
"eng_Latn","teen advent calendars","青少年冒险日历"
"eng_Latn","weird advent calendars 2025","2025年奇特降临日历"
"eng_Latn","aaron's thinking putty advent calendar","亚伦的思维橡皮泥圣诞倒数日历"
"eng_Latn","big foot advent calendar","大脚怪主题的倒数日历"
"eng_Latn","chocolate advent christmas calendar","巧克力降临圣诞日历"
"eng_Latn","coloring advent calendar","涂色日历"
"eng_Latn","flower lego advent calendar 2025","2025年乐高花朵主题倒数日历"
"eng_Latn","magnatile advent calendar 2025","2025年磁性日历"
"eng_Latn","mini books advent calendar 2025","2025年迷你书历"
"eng_Latn","squish a longs advent calendar","压扁一个长款圣诞倒数日历"
"eng_Latn","tonys advent calendar","托尼的圣诞倒数日历"
"eng_Latn","advent calendars teens","青少年款圣诞倒数日历"
"eng_Latn","advent calendar 12 days","12天倒数日历"
"eng_Latn","advent calendar sanrio","三丽鸥圣诞倒数日历"
"eng_Latn","advent calendar stationery","圣诞倒数日历文具"
"eng_Latn","ford mustang advent calendar 2025","福特野马2025年日历"
"eng_Latn","minnie mouse advent calendar 2025","米妮老鼠2025年圣诞倒数日历"
"eng_Latn","nhl advent calendar 2025","2025年NHL（美国国家冰球联盟）倒数日历"
"eng_Latn","sexy advent calendar 2025","2025年性感圣诞倒数日历"
"eng_Latn","best kids advent calendars 2025","2025年最佳儿童圣诞倒数日历"
"eng_Latn","advent calendar empty box","圣诞倒数日历空盒"
"eng_Latn","board game advent calendar","棋盘游戏圣诞倒数日历"
"eng_Latn","ebt advent calendar","电子版圣诞倒数日历"
"eng_Latn","griswold advent calendar 2025","格里斯沃尔德2025年圣诞倒数日历"
"eng_Latn","ninjago advent calendar","《忍者神龟》圣诞倒数日历"
"eng_Latn","tea forte advent calendar 2025","2025年茶福特（Tea Forte）圣诞倒数日历"
"eng_Latn","tween girls advent calendar 2025","2025年女孩间圣诞倒数日历"
"eng_Latn","advent calendars teen girls","少女款圣诞倒数日历"
"eng_Latn","perfume advent calendars","香水圣诞倒数日历"
"eng_Latn","24 days of christmas advent calendar","圣诞倒数日历24天"
"eng_Latn","adult women advent calendar","成年女性主题的圣诞倒数日历"
"eng_Latn","advent calendar 10 year old boy","10岁男孩的降临日历"
"eng_Latn","advent calendar items","圣诞倒数日历商品"
"eng_Latn","advent calendar perfumes","香水日历"
"eng_Latn","advent christmas calendar","圣诞降临日历"
"eng_Latn","arts and crafts advent calendar","工艺品圣诞倒数日历"
"eng_Latn","billie eilish advent calendar 2025","比利·艾利什2025年圣诞倒数日历"
"eng_Latn","disney munchlings advent calendar","迪士尼小食历"
"eng_Latn","frog advent calendar 2025","2025年青蛙主题倒数日历"
"eng_Latn","milk bone advent calendar 2025","2025年牛奶骨头日历"
"eng_Latn","miraculous advent calendar","神奇的降临日历"
"eng_Latn","motocross advent calendar 2025","2025年摩托车越野赛倒数日历"
"eng_Latn","nat geo advent calendar","国家地理频道（Nat Geo）的圣诞倒数日历"
"eng_Latn","lego advent calendars for kids","儿童乐高圣诞倒数日历"
"eng_Latn","tiny gifts for advent calendars","圣诞日历小礼品"
"eng_Latn","advent calendar box empty","圣诞倒数日历盒空了"
"eng_Latn","advent calendar game","倒计时日历游戏"
"eng_Latn","advent calendar photo board for pictures","用于张贴照片的倒计时日历照片板"
"eng_Latn","advent calendar taba squishy","降临日历 塔巴 软糯"
"eng_Latn","callaway advent calendar","卡拉威圣诞倒数日历"
"eng_Latn","detroit lions advent calendar 2025","底特律雄狮队2025年圣诞倒数日历"
"eng_Latn","doorable advent calendar 2025","2025年可开门式圣诞倒数日历"
"eng_Latn","international snack advent calendar","国际小吃历险日历"
"eng_Latn","maybelline advent calendar","美宝莲节日倒数日历"
"eng_Latn","puppy advent calendar 2025","2025年小狗主题的倒数日历"
"eng_Latn","rudolph advent calendar 2025","2025年鲁道夫圣诞倒数日历"
"eng_Latn","sheglam advent calendar 2025","2025年sheglam圣诞倒数日历"
"eng_Latn","teen boy advent calendar 2025 cologne","2025年青少年男孩香水日历"
"eng_Latn","wicked for good advent calendar","“wicked for good”圣诞倒数日历"
"eng_Latn","unique advent calendars for teens","青少年专属的独特圣诞倒数日历"
"eng_Latn","advent calendar 2025 jewelry adult","2025年成人珠宝主题降临日历"
"eng_Latn","advent calendar 2025 kpop","2025年K-pop倒计时日历"
"eng_Latn","advent calendar for teenage boy","青少年男孩的圣诞倒数日历"
"eng_Latn","advent calendar nee doh","圣诞倒数日历需要"
"eng_Latn","army advent calendar 2025","2025年军队冒险日历"
"eng_Latn","calico critters advent calendar","印花小动物倒数日历"
"eng_Latn","gardening advent calendar 2025","2025年园艺日历"
"eng_Latn","hans gruber advent calendar","汉斯·格鲁伯降临日历"
"eng_Latn","kids advent calendar 2025 lego","2025年乐高儿童圣诞倒数日历"
"eng_Latn","lego christmas tree advent calendar","乐高圣诞树倒数日历"
"eng_Latn","putty advent calendar","油灰式日历"
"eng_Latn","sour patch advent calendar","酸甜豆夹心饼干圣诞倒数日历"
"eng_Latn","transformer advent calendar 2025","2025年变压器倒数日历"
"eng_Latn","wooden reusable advent calendar","可重复使用的木质圣诞倒数日历"
"eng_Latn","advent calendars disney","迪士尼圣诞倒数日历"
"eng_Latn","book advent calendars","书籍圣诞倒数日历"
"eng_Latn","2025 advent calendar boys","2025年男孩款圣诞倒数日历"
"eng_Latn","3 year old advent calendar 2025","2025年3岁儿童圣诞倒数日历"
"eng_Latn","advent calendar fabric","圣诞倒数日历布"
"eng_Latn","advent calendar red bull","红牛倒数日历"
"eng_Latn","bitty pop advent calendar 2025","2025年bitty pop圣诞倒数日历"
"eng_Latn","dino advent calendar 2025","2025年恐龙主题圣诞倒数日历"
"eng_Latn","elf cosmetics advent calendar","elf化妆品圣诞倒数日历"
"eng_Latn","gourmet advent calendar 2025","2025年美食日历"
"eng_Latn","hersheys advent calendar","好时巧克力圣诞倒数日历"
"eng_Latn","holiday advent calendar","假日倒数日历"
"eng_Latn","luxury advent calendar","豪华圣诞倒数日历"
"eng_Latn","medieval cat advent calendar 2025","2025年中世纪猫咪主题圣诞倒数日历"
"eng_Latn","office advent calendar 2025","2025年办公室圣诞倒数日历"
"eng_Latn","press on nail advent calendar","按压式指甲彩绘日历"
"eng_Latn","2025 advent calendars for women","2025年女士圣诞倒数日历"
"eng_Latn","advent calendar for adults tea","成人茶的降临日历"
"eng_Latn","advent calendar girls teen","少女款降临日历"
"eng_Latn","advent calendar teen boys 2025","2025年青少年男孩圣诞倒数日历"
"eng_Latn","advent calendar to fill yourself","待填写的圣诞倒数日历"
"eng_Latn","christmas ornament advent calendar 2025","2025年圣诞装饰品倒数日历"
"eng_Latn","craft advent calendar for adults","为成年人设计的工艺品日历"
"eng_Latn","dragon ball z advent calendar 2025","2025年龙珠Z降临日历"
"eng_Latn","haba advent calendar","Haba 圣诞倒数日历"
"eng_Latn","katseye advent calendar","凯特斯耶圣诞倒数日历"
"eng_Latn","national lampoon christmas advent calendar","国家讽刺杂志圣诞倒数日历"
"eng_Latn","shark advent calendar","鲨鱼主题的倒数日历"
"eng_Latn","toy advent calendar 2025 kids","2025年儿童玩具圣诞倒数日历"
"eng_Latn","tea advent calendars","茶礼盒日历"
"eng_Latn","advent calendar survival","倒数日历生存"
"eng_Latn","avengers advent calendar 2025","2025年复仇者联盟倒数日历"
"eng_Latn","baby doll advent calendar 2025","2025年芭比娃娃圣诞倒数日历"
"eng_Latn","best advent calendar","最佳圣诞倒数日历"
"eng_Latn","clinique advent calendar 2025","倩碧2025年圣诞倒数日历"
"eng_Latn","cocktail advent calendar","鸡尾酒日历"
"eng_Latn","reusable advent calendar for kids","儿童可重复使用的圣诞倒数日历"
"eng_Latn","advent calendars amazon","亚马逊的降临日历"
"eng_Latn","kid advent calendars","儿童圣诞倒数日历"
"eng_Latn","25 day advent calendar","25天倒数日历"
"eng_Latn","advent calendar 2025 for couples","2025年情侣款圣诞倒数日历"
"eng_Latn","advent calendar 2025 taylor swift","2025年泰勒·斯威夫特圣诞倒数日历"
"eng_Latn","advent calendar for boys minecraft","男孩版《我的世界》圣诞倒数日历"
"eng_Latn","advent calendar for readers","读者日历"
"eng_Latn","advent christmas calendar 2025","2025年圣诞节倒计时日历"
"eng_Latn","dirt bike advent calendar","越野自行车历险日历"
"eng_Latn","game advent calendar 2025","2025年游戏历险日历"
"eng_Latn","the office advent calendar","办公室圣诞倒数日历"
"eng_Latn","advent calendar holder","圣诞倒数日历架"
"eng_Latn","advent calendar milk chocolate","圣诞倒数日历牛奶巧克力"
"eng_Latn","advent calendar music","圣诞倒数日历音乐"
"eng_Latn","bark advent calendar 2025","2025年树皮主题的倒数日历"
"eng_Latn","d and d advent calendar","《龙与地下城》历险日历"
"eng_Latn","dc advent calendar","DC圣诞倒数日历"
"eng_Latn","dr squatch advent calendar","“Dr. Squatch”日历"
"eng_Latn","gymnastics advent calendar","体操日历"
"eng_Latn","harry potter advent calendar 2025 adult","2025年哈利·波特成人版圣诞倒数日历"
"eng_Latn","legends of rock and metal advent calendar","摇滚与金属乐传奇人物降临日历"
"eng_Latn","monster high advent calendar","怪物高校圣诞倒数日历"
"eng_Latn","puppy advent calendar","小狗主题的倒数日历"
"eng_Latn","puzzle advent calendar 2025 kids","2025年儿童拼图日历"
"eng_Latn","shortbread advent calendar 2025","2025年酥饼圣诞倒数日历"
"eng_Latn","squish mellow advent calendar","压扁香甜圣诞倒数日历"
"eng_Latn","starbucks advent calendar 2025","星巴克2025年圣诞倒数日历"
"eng_Latn","tech deck advent calendar","科技甲板圣诞倒数日历"
"eng_Latn","whiskey advent calendar 2025 for adults","2025年成人威士忌倒数日历"
"eng_Latn","advent calendars fishing","钓鱼主题的降临日历"
"eng_Latn","advent calendars for babies","婴儿降临日历"
"eng_Latn","best+advent+calendars","最佳+降临+日历"
"eng_Latn","advent calendar candle","倒数日历蜡烛"
"eng_Latn","advent calendar earrings","倒计时日历耳环"
"eng_Latn","advent calendar fishing lures 2025","2025年钓鱼诱饵日历"
"eng_Latn","advent calendar for men cologne","男士古龙水倒数日历"
"eng_Latn","advent calendar pockets","倒数日历口袋"
"eng_Latn","best advent calendar 2025 adult","2025年最佳成人版圣诞倒数日历"
"eng_Latn","reese's advent calendar","Reese's 巧克力日历"
"eng_Latn","yarn advent calendar","毛线编织日历"
"eng_Latn","coffee advent calendars","咖啡主题的圣诞日历"
"eng_Latn","avent calendar 2025 sephora","2025年丝芙兰活动日历"
"eng_Latn","adult advent calendar coffee","成人版圣诞倒数日历咖啡"
"eng_Latn","advent calendar 3d printed animals","3D打印动物主题的降临日历"
"eng_Latn","advent calendar 4 year old girl","圣诞倒数日历 4岁女孩款"
"eng_Latn","advent calendar dnd","降临日历dnd"
"eng_Latn","advent calendar fidgets","圣诞倒数日历小玩意"
"eng_Latn","art supply advent calendar","艺术用品倒数日历"
"eng_Latn","body shop advent calendar 2025","2025年美体店圣诞倒数日历"
"eng_Latn","christmas advent calendar puzzle","圣诞倒数日历拼图"
"eng_Latn","mac advent calendar","苹果日历"
"eng_Latn","mco beauty advent calendar","MCO美容日历"
"eng_Latn","pocket advent calendar","口袋式圣诞倒数日历"
"eng_Latn","protein advent calendar","蛋白质倒数日历"
"eng_Latn","thinking putty advent calendar","“思考”主题的黏土日历"
"eng_Latn","boys advent calendars","男孩款圣诞倒数日历"
"eng_Latn","lindt advent calendars","瑞士莲圣诞倒数日历"
"eng_Latn","beauty avent calendar 2025","2025年美丽冒险日历"
"eng_Latn","advent calendar 2025 puzzle adult","2025年成人拼图式圣诞倒数日历"
"eng_Latn","advent calendar fnaf","《玩具熊的五夜后宫》倒计时日历"
"eng_Latn","advent calendar for 12 year old girl","12岁女孩的圣诞倒数日历"
"eng_Latn","advent calendar for young women","年轻女性的圣诞倒数日历"
"eng_Latn","aircraft advent calendar 2025","2025年飞机降临日历"
"eng_Latn","beauty advent calendar 25 days","25天美丽日历"
"eng_Latn","breyer advent calendar","布雷耶圣诞倒数日历"
"eng_Latn","elf advent calendar 2025 makeup","2025年精灵主题圣诞倒数日历化妆品套装"
"eng_Latn","elmo advent calendar 2025","2025年ELMO降临日历"
"eng_Latn","golden retriever advent calendar","金毛寻回犬主题的倒数日历"
"eng_Latn","marvel lego advent calendar 2025","漫威乐高2025年圣诞倒数日历"
"eng_Latn","men cologne advent calendar 2025","2025年男士古龙水降临日历"
"eng_Latn","pink advent calendar 2025","2025年粉色圣诞倒数日历"
"eng_Latn","rubik's cube advent calendar","魔方倒数日历"
"eng_Latn","teenymates nfl advent calendar","teenymates nfl 圣诞倒数日历"
"eng_Latn","2024 advent calendars","2024年圣诞倒数日历"
"eng_Latn","advent calendars with chocolate","巧克力主题的圣诞倒数日历"
"eng_Latn","advent calendar 2025 cat","2025年猫主题的圣诞倒数日历"
"eng_Latn","advent calendar for 11 year old girl","11岁女孩的圣诞倒数日历"
"eng_Latn","advent calendar for adults chocolate","成人巧克力倒数日历"
"eng_Latn","advent calendar for tweens","青少年倒数日历"
"eng_Latn","advent calendar numbers","倒数日历数字"
"eng_Latn","advent calendar self care","倒数日历自我关怀"
"eng_Latn","cat lovers advent calendar 2025","2025年猫咪爱好者圣诞倒数日历"
"eng_Latn","dior advent calendar","迪奥圣诞倒数日历"
"eng_Latn","kids book advent calendar","儿童图书圣诞倒数日历"
"eng_Latn","lego advent calendar minecraft","乐高“我的世界”主题圣诞倒数日历"
"eng_Latn","spider man advent calendar","蜘蛛侠倒数日历"
"eng_Latn","toy advent calendar for girls","女孩玩具圣诞倒数日历"
"eng_Latn","trader joes advent calendar 2025","Trader Joe's 2025年圣诞倒数日历"
"eng_Latn","volleyball advent calendar 2025","2025年排球日历"
"eng_Latn","best chocolate advent calendars","最好的巧克力圣诞倒数日历"
"eng_Latn","boy advent calendars","男孩款圣诞倒数日历"
"eng_Latn","advent calendar 2025 beauty sephora","2025年丝芙兰美妆日历"
"eng_Latn","advent calendar adult men","圣诞倒数日历（成人款）"
"eng_Latn","advent calendar diy kit","圣诞倒数日历DIY套件"
"eng_Latn","advent calendar dogs","狗狗主题的倒数日历"
"eng_Latn","baby advent calendar 2025 girls","2025年女孩款婴儿降临日历"
"eng_Latn","beauty advent christmas calendar","美丽降临圣诞日历"
"eng_Latn","car advent calendar for boys","男孩汽车主题的倒数日历"
"eng_Latn","clay advent calendar","黏土日历"
"eng_Latn","funky pop advent calendar","时髦流行日历"
"eng_Latn","ice fishing advent calendar 2025","2025年冰钓日历"
"eng_Latn","mens socks advent calendar 2025","2025年男士袜子倒数日历"
"eng_Latn","mini gifts for diy advent calendar","DIY圣诞倒数日历小礼品"
"eng_Latn","naruto advent calendar 2025","《火影忍者》2025年圣诞倒数日历"
"eng_Latn","needo advent calendar 2025","2025年needo圣诞倒数日历"
"eng_Latn","nido advent calendar","鸟巢式圣诞倒数日历"
"eng_Latn","nuts advent calendar 2025","2025年坚果主题圣诞倒数日历"
"eng_Latn","stranger things funko advent calendar","《怪奇物语》Funko圣诞倒数日历"
"eng_Latn","wicked for good advent calendar 2025","2025年wicked for good圣诞倒数日历"
"eng_Latn","yankee candle advent calendar","扬基蜡烛倒数日历"
"eng_Latn","advent calendar 2025 24 days","2025年倒数日历，24天"
"eng_Latn","christmas advent calendar for kids","儿童圣诞倒数日历"
"eng_Latn","christmas story advent calendar 2025","2025年圣诞故事降临日历"
"eng_Latn","cologne sampler advent calendar","古龙水试用装圣诞倒数日历"
"eng_Latn","dairy free advent calendar 2025","2025年无乳制品圣诞倒数日历"
"eng_Latn","eagles advent calendar 2025","2025年老鹰降临日历"
"eng_Latn","fishing advent calendar for men","男士钓鱼主题日历"
"eng_Latn","funko bitty pop advent calendar","Funko Bitty Pop 圣诞倒数日历"
"eng_Latn","gourmet chocolate advent calendar 2025","2025年美食巧克力倒数日历"
"eng_Latn","grabie advent calendar 2025","2025年Grabie圣诞倒数日历"
"eng_Latn","jam advent calendar bonne maman","“jam advent calendar bonne maman”的中文翻译是“好妈妈果酱圣诞倒数日历”"
"eng_Latn","sakerplus advent calendar building blocks","sakerplus 圣诞倒数积木"
"eng_Latn","swedish candy advent calendar","瑞典糖果圣诞倒数日历"
"eng_Latn","tarot advent calendar","塔罗牌降临日历"
"eng_Latn","tea advent calendar 2025 adult women","2025年成人女性茶礼盒日历"
"eng_Latn","wall advent calendar","挂壁式圣诞倒数日历"
"eng_Latn","advent calendar building blocks 2025","2025年圣诞倒数日历积木"
"eng_Latn","advent calendar candy for kids","儿童节日倒数日历糖果"
"eng_Latn","advent calendar sonic","索尼克降临日历"
"eng_Latn","advent calendar toy","圣诞倒数日历玩具"
"eng_Latn","advent wine calendar 2025","2025年圣诞酒历"
"eng_Latn","aircraft advent calendar","飞机主题的倒数日历"
"eng_Latn","barbie advent calendar 2025 girls","2025年芭比女孩圣诞倒数日历"
"eng_Latn","dragon ball advent calendar","龙珠降临历"
"eng_Latn","exit game advent calendar","退出游戏圣诞倒数日历"
"eng_Latn","fire truck advent calendar 2025","2025年消防车主题日历"
"eng_Latn","football card advent calendar","足球卡日历"
"eng_Latn","precious moments nativity advent calendar","珍贵时刻圣诞降临日历"
"eng_Latn","sloth advent calendar","树懒主题的圣诞倒数日历"
"eng_Latn","vermont advent calendars","佛蒙特州圣诞倒数日历"
"eng_Latn","advent calendar 10 year old girl","10岁女孩的降临日历"
"eng_Latn","advent calendar 2025 diy","2025年DIY圣诞倒数日历"
"eng_Latn","advent calendar 8 year old girl","圣诞倒数日历 8岁女孩"
"eng_Latn","advent calendar brain teaser","圣诞倒数日历脑筋急转弯"
"eng_Latn","advent calendar drawers","圣诞倒数日历抽屉"
"eng_Latn","advent calendar ebt eligible","符合电子支付税（EBT）资格的圣诞倒数日历"
"eng_Latn","advent calendar for toddler girl","幼儿女孩的降临日历"
"eng_Latn","advent calendar tools","倒计时日历工具"
"eng_Latn","beauty blast advent calendar","美妆惊喜日历"
"eng_Latn","calendar advent barbie","日历降临芭比"
"eng_Latn","cat advent calendar 2025 treats","2025年猫咪日历小礼品"
"eng_Latn","cult beauty advent calendar","美妆日历"
"eng_Latn","knife advent calendar 2025","2025年刀具日历"
"eng_Latn","l'occitane advent calendar 2025","欧舒丹2025年圣诞倒数日历"
"eng_Latn","micromallow advent calendar 2025","2025年锦葵降临日历"
"eng_Latn","summer fridays advent calendar","夏日周五倒数日历"
"eng_Latn","teenage girls advent calendar 2025","2025年少女主题的圣诞倒数日历"
"eng_Latn","toblerone advent calendar 2025","2025年三角巧克力圣诞倒数日历"
"eng_Latn","western advent calendar","西方圣诞倒数日历"
"eng_Latn","zelda advent calendar 2025","塞尔达2025年圣诞倒数日历"
"eng_Latn","best beauty advent calendars 2025","2025年最佳美容日历"
"eng_Latn","book advent calendars for adults","成人书籍圣诞倒数日历"
"eng_Latn","funko advent calendars","Funko Advent日历"
"eng_Latn","advent calendar 25 days","25天倒数日历"
"eng_Latn","advent calendar for boys 2025","2025年男孩款圣诞倒数日历"
"eng_Latn","advent calendar wall hanging","圣诞倒数日历挂饰"
"eng_Latn","avengers advent calendar","复仇者联盟倒数日历"
"eng_Latn","baby's first advent calendar","宝宝的第一个圣诞倒数日历"
"eng_Latn","farm advent calendar","农场主题的倒数日历"
"eng_Latn","gel nail advent calendar 2025","2025年凝胶美甲倒数日历"
"eng_Latn","gold jewelry advent calendar","黄金珠宝圣诞倒数日历"
"eng_Latn","katseye advent calendar 2025","2025年“katseye”圣诞倒数日历"
"eng_Latn","kids advent calendar 2025 candy","2025年儿童圣诞倒数日历糖果"
"eng_Latn","silver jewelry advent calendar 2025","2025年银饰圣诞倒数日历"
"eng_Latn","small items for advent calendar","圣诞日历小物品"
"eng_Latn","teen girl advent calendar 2025 sephora","2025年丝芙兰少女冒险日历"
"eng_Latn","woman advent calendar","女士日历"
"eng_Latn","luxury advent calendars","豪华圣诞倒数日历"
"eng_Latn","advent calendar 2025 snoopy","2025年史努比主题的倒数日历"
"eng_Latn","advent calendar for babies 2025","2025年婴儿降临日历"
"eng_Latn","advent calendar for book lovers 2025","2025年图书爱好者倒数日历"
"eng_Latn","advent calendar for dog","狗狗的降临日历"
"eng_Latn","art supply advent calendar 2025","2025年艺术用品倒数日历"
"eng_Latn","artist advent calendar","艺术家降临日历"
"eng_Latn","beauty advent calendar 2025 adult","2025年成人美妆日历"
"eng_Latn","christian advent calendar 2025 kids","2025年儿童基督教圣诞倒数日历"
"eng_Latn","christmas advent calendar book","圣诞倒数日历书"
"eng_Latn","harry potter christmas advent calendar","哈利·波特圣诞倒数日历"
"eng_Latn","lego advent calendar star wars","乐高星球大战主题的圣诞倒数日历"
"eng_Latn","luxury advent calendar for women","女士奢华圣诞倒数日历"
"eng_Latn","mermaid advent calendar 2025","2025年美人鱼主题倒数日历"
"eng_Latn","minibrands advent calendar 2025","2025年迷你品牌圣诞倒数日历"
"eng_Latn","our generation advent calendar","我们这一代人的降临日历"
"eng_Latn","pokemon cards advent calendar 2025","2025年口袋妖怪卡片圣诞倒数日历"
"eng_Latn","rum advent calendar 2025","2025年朗姆酒日历"
"eng_Latn","slime advent calendar for girls","女孩专用黏液冒险日历"
"eng_Latn","vintage advent calendar","复古圣诞倒数日历"
"eng_Latn","young adult advent calendar 2025","2025年青年成人历险日历"
"eng_Latn","best kid advent calendars","最好的儿童圣诞日历"
"eng_Latn","mens advent calendars","男士圣诞倒数日历"
"eng_Latn","action figure advent calendar","可动人形圣诞倒数日历"
"eng_Latn","advent calendar 2 year old girl","2岁女孩的圣诞倒数日历"
"eng_Latn","advent calendar 2025 dogs","2025年狗狗主题的倒数日历"
"eng_Latn","advent calendar 3 year old","3岁儿童用的圣诞倒数日历"
"eng_Latn","advent calendar hot sauce","倒计时日历辣椒酱"
"eng_Latn","advent calendar premium chocolate","圣诞倒数日历高级巧克力"
"eng_Latn","coffee pod advent calendar 2025","2025年咖啡胶囊倒数日历"
"eng_Latn","fill your own advent calendar 2025","填写你自己的2025年圣诞倒数日历"
"eng_Latn","gilmore girl advent calendar","吉尔摩女孩圣诞倒数日历"
"eng_Latn","hair accessories advent calendar 2025","2025年发饰圣诞倒数日历"
"eng_Latn","lego flowers advent calendar 2025","乐高2025年花朵主题圣诞倒数日历"
"eng_Latn","penguin advent calendar","企鹅主题的倒数日历"
"eng_Latn","toddler boys advent calendar 2025","2025年男孩幼儿圣诞倒数日历"
"eng_Latn","christian advent calendars","基督教圣诞节倒数日历"
"eng_Latn","dog advent calendars","狗狗主题的圣诞日历"
"eng_Latn","whiskey avent calendar","威士忌主题的日历"
"eng_Latn","advent calendar 2025 empty boxes","2025年圣诞倒数日历空盒"
"eng_Latn","advent calendar 2025 kids candy","2025年儿童糖果降临日历"
"eng_Latn","advent calendar 2025 wine","2025年葡萄酒降临日历"
"eng_Latn","advent calendar for children","儿童圣诞倒数日历"
"eng_Latn","advent ornament calendar 2025","2025年圣诞装饰日历"
"eng_Latn","bodyshop advent calendar","美体店圣诞倒数日历"
"eng_Latn","dubai chocolate advent calendar","迪拜巧克力圣诞倒数日历"
"eng_Latn","jewelry advent calendar 2025 for teens","2025年青少年珠宝主题倒数日历"
"eng_Latn","l occitane advent calendar","欧舒丹圣诞倒数日历"
"eng_Latn","ninja turtles advent calendar","忍者龟主题的倒数日历"
"eng_Latn","percy jackson advent calendar","珀西·杰克逊圣诞倒数日历"
"eng_Latn","stuffy advent calendar 2025","2025年趣味日历"
"eng_Latn","teacher advent calendar 2025","2025年教师节日历"
"eng_Latn","trading card advent calendar 2025","2025年集换式卡牌圣诞倒数日历"
"eng_Latn","wife advent calendar 2025","2025年妻子降临日历"
"eng_Latn","advent calendars stranger things","《怪奇物语》主题的降临日历"
"eng_Latn","make up advent calendars","制作圣诞倒数日历"
"eng_Latn","1 year old advent calendar 2025","2025年1岁儿童圣诞倒数日历"
"eng_Latn","advent calendar 2025 amazon beauty","2025年亚马逊美妆日历"
"eng_Latn","advent calendar couples","情侣款圣诞倒数日历"
"eng_Latn","advent calendar hello kitty 2025","2025年凯蒂猫倒数日历"
"eng_Latn","best men's advent calendar","最佳男士圣诞倒数日历"
"eng_Latn","golf ball advent calendar","高尔夫球日历"
"eng_Latn","hot wheels 2025 advent calendar","风火轮2025年圣诞倒数日历"
"eng_Latn","hot wheels advent calendar 2025 kids","2025年风火轮儿童款节日日历"
"eng_Latn","porsche 911 advent calendar","保时捷911倒数日历"
"eng_Latn","sock advent calendar 2025 men","2025年男士袜子的倒数日历"
"eng_Latn","western advent calendar 2025","2025年西方圣诞倒数日历"
"eng_Latn","advent calendars stitch","圣诞日历缝制"
"eng_Latn","needoh advent calendars","needoh 圣诞倒数日历"
"eng_Latn","3d printer advent calendar","3D打印机圣诞倒数日历"
"eng_Latn","advent calendar 2025 spiderman","2025年蜘蛛侠主题的倒数日历"
"eng_Latn","advent calendar chapstick","日历造型唇膏"
"eng_Latn","bubble advent calendar 2025","2025年泡泡日历"
"eng_Latn","college advent calendar 2025","2025年大学圣诞倒数日历"
"eng_Latn","kcup advent calendar","kcup 圣诞倒数日历"
"eng_Latn","madelaine chocolate advent calendar","玛德琳巧克力圣诞倒数日历"
"eng_Latn","no whey advent calendar","无乳清日历"
"eng_Latn","playdough advent calendar","彩泥圣诞倒数日历"
"eng_Latn","advent calendars tea","茶主题的圣诞倒数日历"
"eng_Latn","gaming advent calendars","游戏式冒险日历"
"eng_Latn","kids advent calendars 2025","2025年儿童圣诞倒数日历"
"eng_Latn","10 year old girl advent calendar 2025","2025年10岁女孩圣诞倒数日历"
"eng_Latn","advent calendar 2025 fortnite","2025年《堡垒之夜》圣诞倒数日历"
"eng_Latn","advent calendar national geographic","国家地理日历"
"eng_Latn","advent calendar ornaments 2025","2025年圣诞倒数日历挂饰"
"eng_Latn","advent calendar playdoh","日历造型彩泥"
"eng_Latn","buffalo trace 250th anniversary advent calendar","水牛足迹250周年倒数日历"
"eng_Latn","crafting advent calendar 2025","制作2025年圣诞倒数日历"
"eng_Latn","crazy aarons advent calendar","疯狂亚伦斯圣诞倒数日历"
"eng_Latn","elsa advent calendar 2025","艾尔莎2025年圣诞倒数日历"
"eng_Latn","football advent calendar for boys","男孩足球主题的倒数日历"
"eng_Latn","hot sauce advent calendar 2025 adult","2025年成人热辣酱汁倒数日历"
"eng_Latn","makeup and skincare advent calendar","彩妆和护肤日历"
"eng_Latn","stitch funko pop advent calendar","缝制Funko Pop圣诞倒数日历"
"eng_Latn","adult advent calendars 2025","2025年成人版圣诞倒数日历"
"eng_Latn","advent calendars teen","青少年款圣诞倒数日历"
"eng_Latn","12 day advent calendar women","12天女性降临日历"
"eng_Latn","advent calendar 2025 little people","2025年小矮人降临日历"
"eng_Latn","advent calendar for young men","青年男士的降临日历"
"eng_Latn","advent calendar house","圣诞倒数日历屋"
"eng_Latn","advent calendar make your own","自制的圣诞倒数日历"
"eng_Latn","advent fishing calendar","圣诞钓鱼日历"
"eng_Latn","bubble advent calendar","泡泡倒数日历"
"eng_Latn","construction advent calendar","建筑日历"
"eng_Latn","dirt bike advent calendar 2025","2025年越野车冒险日历"
"eng_Latn","disney doorables advent calendar 2025","迪士尼2025年门可张贴式圣诞倒数日历"
"eng_Latn","gel nail polish advent calendar","凝胶指甲油圣诞倒数日历"
"eng_Latn","jellycat advent calendar","Jellycat 圣诞倒数日历"
"eng_Latn","mini toys for advent calendar fillers","用于圣诞日历填充的迷你玩具"
"eng_Latn","mustang advent calendar","野马主题的倒数日历"
"eng_Latn","starwars advent calendar","星球大战主题的倒计时日历"
"eng_Latn","toddler book advent calendar 2025","2025年幼儿图书圣诞倒数日历"
"eng_Latn","advent calendars for book lovers","为书籍爱好者准备的圣诞倒数日历"
"eng_Latn","religious advent calendars","宗教主题的圣诞倒数日历"
"eng_Latn","advent calendar capybara","水豚主题的圣诞倒数日历"
"eng_Latn","advent calendar puzzles for adults 2025","2025年成人用圣诞倒数拼图"
"eng_Latn","christmas advent calendar 2025 candy","2025年圣诞倒数日历糖果"
"eng_Latn","disney advent calendar 2025 for adults","2025年迪士尼成人版圣诞倒数日历"
"eng_Latn","fishing lures advent calendar 2025","2025年钓鱼诱饵倒数日历"
"eng_Latn","gingerbread advent calendar 2025","2025年姜饼主题的圣诞倒数日历"
"eng_Latn","gnome advent calendar 2025 large","2025年大型精灵历险日历"
"eng_Latn","husband advent calendar 2025","2025年丈夫降临日历"
"eng_Latn","jewlery advent calendar","珠宝首饰圣诞倒数日历"
"eng_Latn","korean skin care advent calendar 2025","2025年韩国护肤日历"
"eng_Latn","lego disney advent calendar 2025","乐高迪士尼2025年圣诞倒数日历"
"eng_Latn","nut advent calendar","坚果主题的日历"
"eng_Latn","science experiment advent calendar","科学实验日历"
"eng_Latn","silver jewelry advent calendar","银饰圣诞倒数日历"
"eng_Latn","sprunki advent calendar","斯普伦基圣诞倒数日历"
"eng_Latn","adult toy advent calendars","成人玩具圣诞倒数日历"
"eng_Latn","advent calendars books","圣诞日历书"
"eng_Latn","advent calendars for adults 2025","2025年成人版圣诞倒数日历"
"eng_Latn","slime advent calendars","黏液主题的圣诞日历"
"eng_Latn","2025 christmas countdown calendar","2025年圣诞倒计时日历"
"eng_Latn","advent calendar 2025 basketball","2025年篮球主题的圣诞倒数日历"
"eng_Latn","advent calendar 2025 cologne men","2025年科隆男士日历"
"eng_Latn","advent calendar 2025 spa","2025年水疗日历"
"eng_Latn","advent calendar guitar","圣诞倒数日历吉他"
"eng_Latn","advent calendar magna tiles","圣诞倒数日历磁贴"
"eng_Latn","basketball card advent calendar 2025","2025年篮球卡牌日历"
"eng_Latn","buffalo bills advent calendar 2025","2025年水牛城比尔队倒数日历"
"eng_Latn","crayola advent calendar","克雷奥拉牌圣诞倒数日历"
"eng_Latn","guitar pic advent calendar","吉他图片日历"
"eng_Latn","movie advent calendar","电影倒数日历"
"eng_Latn","south park advent calendar","南方公园圣诞倒数日历"
"eng_Latn","sport advent calendar 2025","2025年运动主题日历"
"eng_Latn","stranger things advent calendar funko","《怪奇物语》圣诞倒数日历 Funko"
"eng_Latn","tequila advent calendar for adults","成人龙舌兰酒圣诞倒数日历"
"eng_Latn","wings of fire advent calendar","火翼飞龙历险日历"
"eng_Latn","kids avent calendar","儿童冒险日历"
"eng_Latn","advent calendar 1 year old","1岁儿童用的圣诞倒数日历"
"eng_Latn","advent calendar 2025 nightmare before christmas","2025年圣诞倒数日历《圣诞夜惊魂》"
"eng_Latn","advent calendar for 11 year old boy","11岁男孩的圣诞倒数日历"
"eng_Latn","advent calendar man","圣诞倒数日历男"
"eng_Latn","arteza advent calendar","阿特萨（arteza）圣诞倒数日历"
"eng_Latn","bathbomb advent calendar 2025","2025年沐浴炸弹日历"
"eng_Latn","buffalo bills advent calendar","水牛城比尔队倒数日历"
"eng_Latn","children advent calendar 2025","2025年儿童圣诞倒数日历"
"eng_Latn","doll advent calendar 2025","2025年玩偶日历"
"eng_Latn","exit the game advent calendar 2025","退出2025年游戏历险日历"
"eng_Latn","gym advent calendar","健身房倒数日历"
"eng_Latn","imaginext advent calendar","Imaginext 圣诞倒数日历"
"eng_Latn","ipsy advent calendar","ipsy 圣诞倒数日历"
"eng_Latn","jelly belly advent calendar","果冻肚历险日历"
"eng_Latn","milwaukee advent calendar","密尔沃基圣诞倒数日历"
"eng_Latn","mini perfumes advent calendar","迷你香水日历"
"eng_Latn","miraculous ladybug advent calendar","神奇瓢虫降临日历"
"eng_Latn","rubber ducky advent calendar 2025","2025年橡皮鸭倒数日历"
"eng_Latn","advent calendars hot wheels","降临日历 风火轮玩具"
"eng_Latn","christmas advent calendars chocolate","圣诞倒数日历巧克力"
"eng_Latn","empty 12 day advent calendars to fill","12个待填满的空日历"
"eng_Latn","wicked advent calendars","邪恶的降临日历"
"eng_Latn","pokemon avent calendar 2025","2025年口袋妖怪冒险日历"
"eng_Latn","advent calendar 2025 jewelry women","2025年珠宝女装降临日历"
"eng_Latn","advent calendar cookies","圣诞倒数饼干"
"eng_Latn","advent calendar lps","倒计时日历 LPS"
"eng_Latn","advent calendar makeup 2025","2025年圣诞倒数日历彩妆"
"eng_Latn","advent calendar polly pocket","波莉口袋圣诞倒数日历"
"eng_Latn","beard advent calendar 2025","2025年胡子日历"
"eng_Latn","breyer horse advent calendar 2025","布雷耶马2025年倒数日历"
"eng_Latn","christmas advent calendar lego sets","圣诞倒计时日历乐高套装"
"eng_Latn","clinique advent calendar","倩碧圣诞倒数日历"
"eng_Latn","korean beauty advent calendar","韩国美妆日历"
"eng_Latn","lotr advent calendar","《指环王》主题的圣诞倒数日历"
"eng_Latn","pop mart advent calendar","pop mart 圣诞倒数日历"
"eng_Latn","softball advent calendar","垒球主题的倒数日历"
"eng_Latn","tween boys advent calendar 2025","2025年男孩间圣诞倒数日历"
"eng_Latn","twinings advent calendar","唐宁茶室圣诞倒数日历"
"eng_Latn","wizard of oz advent calendar","《绿野仙踪》圣诞倒数日历"
"eng_Latn","advent calendars woman","女士圣诞倒数日历"
"eng_Latn","advent calendar crafts for kids","儿童手工圣诞倒数日历"
"eng_Latn","advent calendar dragon","圣诞倒数日历龙"
"eng_Latn","advent calendar for 12 year old boy","12岁男孩的圣诞倒数日历"
"eng_Latn","advent calendar for 3 year old","3岁儿童用的圣诞倒数日历"
"eng_Latn","advent calendar for 7 year old boy","7岁男孩的圣诞倒数日历"
"eng_Latn","advent calendar games","倒数日历游戏"
"eng_Latn","advent calendar jam","果酱日历"
"eng_Latn","anatomy advent calendar","解剖学日历"
"eng_Latn","candy advent calendar 2025 adult","2025年成人糖果日历"
"eng_Latn","children's advent calendar 2025","2025年儿童圣诞倒数日历"
"eng_Latn","drawing advent calendar","绘制圣诞倒数日历"
"eng_Latn","farm advent calendar 2025","2025年农场历险日历"
"eng_Latn","flower knows advent calendar","花知晓倒数日历"
"eng_Latn","funko pop pokemon advent calendar","Funko Pop 宝可梦 圣诞倒数日历"
"eng_Latn","gingerbread house advent calendar","姜饼屋式圣诞倒数日历"
"eng_Latn","homemade advent calendar kit","自制圣诞倒数日历套件"
"eng_Latn","large advent calendar to fill","要填满的大型圣诞倒数日历"
"eng_Latn","lightning mcqueen advent calendar","闪电麦昆圣诞倒数日历"
"eng_Latn","sonic the hedgehog advent calendar","刺猬索尼克倒数日历"
"eng_Latn","girl advent calendars","女孩主题的圣诞倒数日历"
"eng_Latn","luxury advent calendars for women","女士豪华圣诞倒数日历"
"eng_Latn","avent calendar 2025 boys","2025年男孩冒险日历"
"eng_Latn","12 day advent calendar 2025","2025年12天倒数日历"
"eng_Latn","a christmas story advent calendar","圣诞故事降临日历"
"eng_Latn","advent calendar 2025 squishmallow","2025年Squishmallow品牌日历"
"eng_Latn","advent calendar dior","迪奥圣诞倒数日历"
"eng_Latn","advent calendar for adults food","成人食品的倒计时日历"
"eng_Latn","advent calendar for christmas","圣诞倒数日历"
"eng_Latn","beauty advent calendar 2025 ulta","2025年ULTA美妆日历"
"eng_Latn","candy of the world advent calendar","世界糖果日历"
"eng_Latn","cat advent calendar for adults","成人猫咪主题的倒数日历"
"eng_Latn","christmas reusable advent calendar","圣诞可重复使用倒数日历"
"eng_Latn","drink advent calendar","饮品历险日历"
"eng_Latn","jolly rancher advent calendar 2025","2025年快乐农场主日历"
"eng_Latn","kids book advent calendar 2025","2025年儿童图书圣诞倒数日历"
"eng_Latn","ravensburger advent calendar","拉文斯堡圣诞倒数日历"
"eng_Latn","roblox advent calendar 2025 boys","2025年Roblox男孩冒险日历"
"eng_Latn","sasquatch advent calendar 2025","2025年大脚怪降临日历"
"eng_Latn","skincare advent calendar for teens","青少年护肤日历"
"eng_Latn","spa advent calendar for adults","成人水疗日历"
"eng_Latn","world cup advent calendar","世界杯倒数日历"
"eng_Latn","advent calendars for tween girls","少女们的圣诞倒数日历"
"eng_Latn","advent calendars puzzle","圣诞日历拼图"
"eng_Latn","clearance advent calendars","清仓圣诞倒数日历"
"eng_Latn","fun advent calendars for teens","适合青少年的趣味圣诞倒数日历"
"eng_Latn","lego star wars advent calendars","乐高星球大战主题的日历"
"eng_Latn","puzzle advent calendars","拼图式圣诞倒数日历"
"eng_Latn","weirdest advent calendars","最奇特的圣诞倒数日历"
"eng_Latn","fishing avent calendar 2025","2025年钓鱼活动日历"
"eng_Latn","advent calendar 2025 bath bomb","2025年降临日历沐浴球"
"eng_Latn","advent calendar 2025 boys 10","2025年男孩款10岁儿童日历"
"eng_Latn","advent calendar for girls 2025","2025年女孩版圣诞倒数日历"
"eng_Latn","advent calendar girls age 6","6岁女孩的降临日历"
"eng_Latn","advent calendar photo board","圣诞倒数日历照片板"
"eng_Latn","arts and crafts advent calendar 2025","2025年工艺品圣诞倒数日历"
"eng_Latn","basketball card advent calendar","篮球卡牌日历"
"eng_Latn","buffalo trace whiskey advent calendar 2025","水牛径威士忌2025年倒数日历"
"eng_Latn","christmas story advent calendar","圣诞故事倒计时日历"
"eng_Latn","f1 car advent calendar","F1赛车日历"
"eng_Latn","fahlo advent calendar","法洛圣诞倒数日历"
"eng_Latn","ferrero advent calendar","费列罗圣诞倒数日历"
"eng_Latn","international candy advent calendar","国际糖果倒数日历"
"eng_Latn","lol doll advent calendar","英雄联盟玩偶圣诞倒数日历"
"eng_Latn","minibrands advent calendar","迷你品牌圣诞倒数日历"
"eng_Latn","reading advent calendar","阅读圣诞倒数日历"
"eng_Latn","swear bear advent calendar 2025","2025年“熊熊发誓”圣诞倒数日历"
"eng_Latn","adult advent calendar 2025 alcohol","2025年成人酒精日历"
"eng_Latn","advent calendar 2025 dnd","2025年DND降临日历"
"eng_Latn","advent calendar 2025 perfume women","2025年圣诞倒数日历女士香水"
"eng_Latn","advent calendar cheap","倒数日历便宜"
"eng_Latn","advent calendar decor","圣诞倒数日历装饰"
"eng_Latn","advent calendar demon slayer","《恶魔高校》降临日历"
"eng_Latn","advent calendar mom","妈妈版圣诞倒数日历"
"eng_Latn","advent calendar stickers 1-24","圣诞倒数贴纸1-24"
"eng_Latn","chap stick advent calendar 2025","2025年唇膏日历"
"eng_Latn","elf cosmetic advent calendar","精灵主题化妆品日历"
"eng_Latn","fisherman advent calendar","渔夫主题的倒数日历"
"eng_Latn","fortnite advent calendar 2025 boys","2025年男孩版《堡垒之夜》圣诞倒数日历"
"eng_Latn","giant advent calendar","巨型圣诞倒数日历"
"eng_Latn","kawaii advent calendar 2025","2025年可爱圣诞倒数日历"
"eng_Latn","kitty advent calendar 2025","2025年凯蒂猫倒数日历"
"eng_Latn","korean advent calendar 2025","2025年韩式圣诞倒数日历"
"eng_Latn","paper mache advent calendar","纸浆圣诞倒数日历"
"eng_Latn","pug advent calendar","巴哥犬主题的倒数日历"
"eng_Latn","starbucks advent calendar","星巴克圣诞倒数日历"
"eng_Latn","superhero advent calendar","超级英雄降临日历"
"eng_Latn","wrestling advent calendar","摔跤日历"
"eng_Latn","24 day advent calendar for teen girls","少女款24天圣诞倒数日历"
"eng_Latn","advent calendar for man","男士圣诞倒数日历"
"eng_Latn","emotional support plush advent calendar","情感支持毛绒玩具日历"
"eng_Latn","lol doll advent calendar 2025","2025年英雄联盟玩偶圣诞倒数日历"
"eng_Latn","marvel lego advent calendar","漫威乐高圣诞倒数日历"
"eng_Latn","nativity set advent calendar","耶稣诞生场景的降临日历"
"eng_Latn","nee-doh advent calendar","“nee-doh”圣诞倒数日历"
"eng_Latn","schylling needoh advent calendar","希林纳德欧圣诞倒数日历"
"eng_Latn","scooby doo advent calendar","史酷比历险日历"
"eng_Latn","world war 2 advent calendar","二战倒数日历"
"eng_Latn","advent calendars ￼","圣诞倒数日历"
"eng_Latn","high end advent calendars","高端圣诞倒数日历"
"eng_Latn","pokemon advent calendars","口袋妖怪主题的日历"
"eng_Latn","avent calendar 2025 adult","2025年成人活动日历"
"eng_Latn","advent calendar horse","圣诞倒数日历马"
"eng_Latn","advent calendar nail polish","圣诞倒数日历指甲油"
"eng_Latn","advent calendar ramen","拉面日历"
"eng_Latn","alani advent calendar","阿兰尼圣诞倒数日历"
"eng_Latn","back to the future advent calendar","回到未来倒数日历"
"eng_Latn","beauty advent calendar￼","美妆日历"
"eng_Latn","christian advent calendar for adults","成人基督教圣诞倒数日历"
"eng_Latn","dove chocolate advent calendar 2025","2025年多芬巧克力圣诞倒数日历"
"eng_Latn","earrings advent calendar","耳环倒数日历"
"eng_Latn","escape advent calendar","逃脱冒险日历"
"eng_Latn","essential oil advent calendar 2025","2025年精油日历"
"eng_Latn","game of thrones advent calendar","《权力的游戏》倒数日历"
"eng_Latn","gem stone advent calendar 2025","2025年宝石历险日历"
"eng_Latn","kinder egg advent calendar","奇趣蛋历险日历"
"eng_Latn","lego starwars advent calendar","乐高星球大战倒数日历"
"eng_Latn","needoh christmas advent calendar","needoh圣诞倒数日历"
"eng_Latn","turtle advent calendar","乌龟主题的倒数日历"
"eng_Latn","wicked advent calendar 2025 premium","2025年高级版邪恶降临日历"
"eng_Latn","advent calendars for teenage girls","少女们的圣诞倒数日历"
"eng_Latn","advent calendar 2025 f1","2025年F1赛车日历"
"eng_Latn","advent calendar 5 year old girl","圣诞倒数日历，适合5岁女孩"
"eng_Latn","advent calendar diamond art","钻石艺术日历"
"eng_Latn","advent calendar for tween boys","男孩们的圣诞倒数日历"
"eng_Latn","advent calendar frozen","圣诞倒数日历已冻结"
"eng_Latn","advent calendar gamer","倒计时日历游戏玩家"
"eng_Latn","advent calendar rocks","圣诞倒数日历棒极了"
"eng_Latn","amazon 12 days of beauty advent calendar","亚马逊12天美妆惊喜日历"
"eng_Latn","aphmau advent calendar","aphmau 圣诞倒数日历"
"eng_Latn","baby first advent calendar 2025","2025年宝宝第一本圣诞倒数日历"
"eng_Latn","best teen advent calendar","最佳青少年圣诞倒数日历"
"eng_Latn","bourbon advent calendar us","美国波本威士忌倒数日历"
"eng_Latn","cardboard advent calendar","纸板圣诞倒数日历"
"eng_Latn","christmas sock advent calendar","圣诞袜倒数日历"
"eng_Latn","classroom advent calendar 2025","2025年教室圣诞倒数日历"
"eng_Latn","craft advent calendar 2025 adult","2025年手工日历（成人版）"
"eng_Latn","crystals advent calendar 2025","2025年水晶降临日历"
"eng_Latn","e.l.f. advent calendar 2025","2025年e.l.f. 圣诞倒数日历"
"eng_Latn","face mask advent calendar 2025","2025年口罩倒数日历"
"eng_Latn","fishing advent calendar 2025 freshwater","2025年淡水钓鱼日历"
"eng_Latn","football cards advent calendar 2025","2025年足球卡日历"
"eng_Latn","gin advent calendar","杜松子酒圣诞倒数日历"
"eng_Latn","jelly belly advent calendar 2025","2025年果冻肚历险日历"
"eng_Latn","movie advent calendar 2025","2025年电影倒数日历"
"eng_Latn","nat geo advent calendar 2025","2025年国家地理频道（Nat Geo）圣诞倒数日历"
"eng_Latn","plane advent calendar 2025","2025年飞机主题日历"
"eng_Latn","squish mellow advent calendar 2025","2025年“squish mellow”圣诞倒数日历"
"eng_Latn","super hero advent calendar","超级英雄降临日历"
"eng_Latn","truck advent calendar","卡车主题的倒计时日历"
"eng_Latn","advent calendars for adult women","成年女性的圣诞倒数日历"
"eng_Latn","beauty advent calendars for teens","青少年美妆圣诞倒数日历"
"eng_Latn","skincare advent calendars","护肤日历"
"eng_Latn","wine advent calendars","葡萄酒主题的日历"
"eng_Latn","toddler avent calendar","幼儿活动日历"
"eng_Latn","2025 hot wheels advent calendar","2025年风火轮（Hot Wheels）圣诞倒数日历"
"eng_Latn","advent calendar 5 year old boy","圣诞倒数日历 5岁男孩款"
"eng_Latn","advent calendar hockey","冰球主题的倒数日历"
"eng_Latn","advent calendar kids girls","圣诞倒数日历儿童款女孩款"
"eng_Latn","advent calendar stuffers kids","儿童圣诞日历玩具"
"eng_Latn","advent calendar toys girls","女孩圣诞倒数日历玩具"
"eng_Latn","advent calendar tween","儿童降临日历"
"eng_Latn","advent calendar video games","电子游戏圣诞倒数日历"
"eng_Latn","boys lego advent calendar 2025","2025年男孩乐高圣诞倒数日历"
"eng_Latn","coin advent calendar 2025","2025年硬币降临日历"
"eng_Latn","elf cosmetics advent calendar 2025","elf 2025年化妆品倒数日历"
"eng_Latn","gardening advent calendar","园艺主题的圣诞倒数日历"
"eng_Latn","gym advent calendar 2025","2025年健身房倒数日历"
"eng_Latn","kuromi advent calendar 2025","2025年kuromi圣诞倒数日历"
"eng_Latn","ladies advent calendar 2025","2025年女士圣诞倒数日历"
"eng_Latn","advent calendars soccer","足球主题的降临日历"
"eng_Latn","hello kitty avent calendar","凯蒂猫冒险日历"
"eng_Latn","grinch countdown calendar","圣诞怪杰倒计时日历"
"eng_Latn","12 day empty advent calendar","12天空白的圣诞倒数日历"
"eng_Latn","adult women advent calendar 2025","2025年成年女性主题的圣诞倒数日历"
"eng_Latn","advent calendar for grandma","给奶奶的圣诞倒数日历"
"eng_Latn","advent calendar fragrance","倒数日历香氛"
"eng_Latn","advent calendar unique","独特的倒数日历"
"eng_Latn","books advent calendar","书籍降临日历"
"eng_Latn","faith based advent calendar 2025","2025年信仰主题的降临日历"
"eng_Latn","history advent calendar","历史主题的圣诞倒数日历"
"eng_Latn","k-pop advent calendar 2025","2025年韩国流行音乐倒数日历"
"eng_Latn","little girls advent calendar","小女孩的圣诞倒数日历"
"eng_Latn","make your own advent calendar 2025","制作你自己的2025年倒数日历"
"eng_Latn","mochi advent calendar 2025","2025年麻糬日历"
"eng_Latn","nurse advent calendar 2025","2025年护士降临日历"
"eng_Latn","pokemon cards advent calendar","口袋妖怪卡片圣诞倒数日历"
"eng_Latn","tony chocolate advent calendar","托尼巧克力倒数日历"
"eng_Latn","wooden advent calendar 2025","2025年木质圣诞倒数日历"
"eng_Latn","advent calendars 2025 for kids","2025年儿童款圣诞倒数日历"
"eng_Latn","disney advent calendars for kids","迪士尼儿童圣诞日历"
"eng_Latn","10 year old boy advent calendar 2025","2025年10岁男孩圣诞倒数日历"
"eng_Latn","aaron's putty advent calendar","亚伦的油灰日历"
"eng_Latn","advent calendar 2025 gilmore girls","2025年《吉尔莫女孩》圣诞倒数日历"
"eng_Latn","advent calendar cosmetics","日历式化妆品"
"eng_Latn","advent calendar emotional support","倒数日历情感支持"
"eng_Latn","advent calendar for boy","男孩的圣诞倒数日历"
"eng_Latn","advent calendar for kids chocolate","儿童巧克力主题的倒数日历"
"eng_Latn","advent calendar toddler christmas","幼儿圣诞倒数日历"
"eng_Latn","bobs burgers advent calendar","“波巴”汉堡圣诞倒数日历"
"eng_Latn","cloth advent calendar","布制日历挂历"
"eng_Latn","countdown to christmas advent calendar","圣诞倒计时日历"
"eng_Latn","disney puzzle advent calendar","迪士尼拼图日历"
"eng_Latn","kitkat advent calendar","奇巧圣诞倒数日历"
"eng_Latn","kosmos advent calendar","宇宙降临日历"
"eng_Latn","lego advent calendar marvel","乐高漫威主题的圣诞倒数日历"
"eng_Latn","panda advent calendar","熊猫主题的倒数日历"
"eng_Latn","pickle advent calendar 2025","2025年腌菜日历"
"eng_Latn","sephora favorites advent calendar 2025","丝芙兰2025年最受欢迎产品圣诞倒数日历"
"eng_Latn","sour patch kids advent calendar 2025","2025年酸甜豆小孩历险日历"
"eng_Latn","tiny advent calendar fillers","小小的圣诞倒数日历填充物"
"eng_Latn","tree advent calendar","圣诞树日历"
"eng_Latn","christmas advent calendars for teen girls","少女们的圣诞倒数日历"
"eng_Latn","activity advent calendar 2025","2025年活动日历"
"eng_Latn","advent calendar 2025 highland cow","2025年高地奶牛主题的倒数日历"
"eng_Latn","advent calendar beer","倒计时日历啤酒"
"eng_Latn","advent calendar cute","圣诞倒数日历，好可爱"
"eng_Latn","advent calendar socks women","圣诞倒数日历女袜"
"eng_Latn","dinosaur advent calendar for boys","男孩专用恐龙主题圣诞倒数日历"
"eng_Latn","gun advent calendar","枪支主题的倒数日历"
"eng_Latn","history advent calendar 2025","2025年历史日历"
"eng_Latn","ipsy advent calendar 2025","2025年ipsy圣诞倒数日历"
"eng_Latn","kiko milano advent calendar","Kiko Milano 圣诞倒数日历"
"eng_Latn","lindt teddy bear advent calendar 2025","2025年瑞士莲泰迪熊倒数日历"
"eng_Latn","mtg advent calendar","万智牌（Magic: The Gathering）圣诞倒数日历"
"eng_Latn","need doh advent calendar","需要日历"
"eng_Latn","pen advent calendar","笔式日历"
"eng_Latn","robot advent calendar","机器人降临日历"
"eng_Latn","rock and roll advent calendar 2025","2025年摇滚乐降临日历"
"eng_Latn","skz advent calendar","SKZ 圣诞倒数日历"
"eng_Latn","spider-man advent calendar","蜘蛛侠倒数日历"
"eng_Latn","sugar free advent calendar","无糖圣诞倒数日历"
"eng_Latn","ww11 aircraft advent calendar","WW11飞机倒数日历"
"eng_Latn","advent calendars nails","美甲日历"
"eng_Latn","diy advent calendars","DIY 圣诞倒数日历"
"eng_Latn","wooden advent calendars","木质圣诞倒数日历"
"eng_Latn","advent calendar bags to fill","待填写的圣诞日历袋"
"eng_Latn","advent calendar stuffed animals","圣诞倒数日历毛绒玩具"
"eng_Latn","advent calendar teenage girl","少女主题的倒计时日历"
"eng_Latn","advent kids calendar 2025","2025年圣诞儿童日历"
"eng_Latn","adventure advent calendar 2025","2025年冒险日历"
"eng_Latn","american girl doll advent calendar 2025","美国女孩玩偶2025年圣诞倒数日历"
"eng_Latn","baseball cards advent calendar 2025","2025年棒球卡倒计时日历"
"eng_Latn","benefit advent calendar 2025","2025年福利降临日历"
"eng_Latn","blippi advent calendar","Blippi 圣诞倒数日历"
"eng_Latn","caramel advent calendar","焦糖日历"
"eng_Latn","healthy advent calendar","健康主题的圣诞倒数日历"
"eng_Latn","kentucky bourbon advent calendar","肯塔基波旁威士忌圣诞倒数日历"
"eng_Latn","little tikes advent calendar","小提克斯圣诞倒数日历"
"eng_Latn","our generation advent calendar 2025","我们这一代2025年降临日历"
"eng_Latn","pickle advent calendar","腌菜日历"
"eng_Latn","revolve advent calendar","旋转式圣诞倒数日历"
"eng_Latn","skin care advent calendar for teens","青少年护肤日历"
"eng_Latn","thames and kosmos advent calendar","泰晤士河与宇宙历险日历"
"eng_Latn","turtle advent calendar 2025","2025年乌龟主题的倒数日历"
"eng_Latn","tween girls advent calendar","女孩间冒险日历"
"eng_Latn","advent calendars for moms","妈妈们的圣诞倒数日历"
"eng_Latn","advent calendars kpop demon hunters","圣诞倒数日历 kpop 恶魔猎人"
"eng_Latn","best advent calendars for women","最适合女性的圣诞倒数日历"
"eng_Latn","traditional advent calendars","传统的圣诞倒数日历"
"eng_Latn","12 day advent calendar kids","12天儿童圣诞倒数日历"
"eng_Latn","3d printed dragon advent calendar","3D打印的龙形圣诞倒数日历"
"eng_Latn","adopt me advent calendar 2025","2025年“领养我”圣诞倒数日历"
"eng_Latn","advent calendar f1","F1赛车日历"
"eng_Latn","burt's bees advent calendar 2025","伯特蜂2025年圣诞倒数日历"
"eng_Latn","cat themed advent calendar 2025","2025年猫咪主题的倒数日历"
"eng_Latn","childrens advent calendar","儿童圣诞倒数日历"
"eng_Latn","christmas empty advent calendar","圣诞空日历"
"eng_Latn","friends lego advent calendar 2025","2025年乐高朋友系列圣诞倒数日历"
"eng_Latn","kids craft advent calendar","儿童手工艺圣诞倒数日历"
"eng_Latn","lego advent calendar 2025 nativity","乐高2025年圣诞倒数日历"
"eng_Latn","lovery advent calendar","爱情降临日历"
"eng_Latn","muppet advent calendar","木偶降临日历"
"eng_Latn","muscle car advent calendar","肌肉车主题的倒数日历"
"eng_Latn","name brand advent calendar 2025","2025年知名品牌圣诞倒数日历"
"eng_Latn","pandora advent calendar 2025","潘多拉2025年圣诞倒数日历"
"eng_Latn","step2 advent calendar","第二步圣诞倒数日历"
"eng_Latn","toddler christmas advent calendar","幼儿圣诞倒数日历"
"eng_Latn","venchi advent calendar","venchi 圣诞倒数日历"
"eng_Latn","volleyball advent calendar","排球日历"
"eng_Latn","weird advent calendar","奇怪的圣诞倒数日历"
"eng_Latn","advent calendars puzzles","圣诞日历拼图"
"eng_Latn","advent calendar 2025 sea glass","2025年海玻璃主题的圣诞倒数日历"
"eng_Latn","advent calendar for 13 year old boy","13岁男孩的圣诞倒数日历"
"eng_Latn","advent calendar under 10 dollars","10美元以下的圣诞倒数日历"
"eng_Latn","baby boy advent calendar 2025","2025年男婴降临日历"
"eng_Latn","cat advent calendar 2025 for kids","2025年儿童猫主题倒数日历"
"eng_Latn","cat themed advent calendar","猫咪主题的倒数日历"
"eng_Latn","christmas advent calendar 2025 adults","2025年圣诞倒数日历（成人版）"
"eng_Latn","gel polish advent calendar","凝胶指甲油圣诞倒数日历"
"eng_Latn","harney and sons advent calendar","哈尼父子圣诞倒数日历"
"eng_Latn","japan advent calendar","日本圣诞倒数日历"
"eng_Latn","lego advent calendar for adults","乐高成人版圣诞倒数日历"
"eng_Latn","liquor advent calendar 2025 adult","2025年成人酒历"
"eng_Latn","magna tile advent calendar","麦格纳瓷砖圣诞倒数日历"
"eng_Latn","mechanic advent calendar 2025","2025年机械师降临日历"
"eng_Latn","national lampoon's christmas vacation advent calendar","《国家讽刺周刊》圣诞假期倒数日历"
"eng_Latn","non chocolate advent calendar","非巧克力主题的圣诞倒数日历"
"eng_Latn","schleich horse advent calendar 2025","2025年施莱希马术日历"
"eng_Latn","sock advent calendar 2025 kids","2025年儿童袜袜日历"
"eng_Latn","spices advent calendar","香料日历"
"eng_Latn","stitch advent calendar for girls","女孩针织圣诞倒数日历"
"eng_Latn","super kitties advent calendar","超级猫咪降临日历"
"eng_Latn","vegan chocolate advent calendar","纯素巧克力圣诞倒数日历"
"eng_Latn","￼advent calendar","圣诞倒数日历"
"eng_Latn","24 day beauty advent calendar","24天美丽倒数日历"
"eng_Latn","adult men advent calendar 2025","2025年成年男性冒险日历"
"eng_Latn","advent building blocks calendar 2025","2025年降临节积木日历"
"eng_Latn","advent calendar 2025 chapstick","2025年唇膏倒数日历"
"eng_Latn","advent calendar 2025 pokemon cards","2025年宝可梦卡牌圣诞倒数日历"
"eng_Latn","advent calendar 3 year old girl","3岁女孩的降临日历"
"eng_Latn","advent calendar cards","圣诞倒数日历卡"
"eng_Latn","advent calendar crafts for adults","成人用圣诞倒数日历手工艺品"
"eng_Latn","advent calendar for girls makeup","女孩化妆日历"
"eng_Latn","advent calendar for kids girls","儿童女孩的圣诞倒数日历"
"eng_Latn","advent calendar for music lovers","音乐爱好者的倒数日历"
"eng_Latn","advent calendar plushies","圣诞倒数日历毛绒玩偶"
"eng_Latn","arteza advent calendar 2025","2025年arteza圣诞倒数日历"
"eng_Latn","disney book advent calendar 2025","2025年迪士尼图书圣诞倒数日历"
"eng_Latn","fun advent calendar 2025 for adults","2025年成人趣味圣诞倒数日历"
"eng_Latn","giant advent calendar 2025","2025年巨型圣诞倒数日历"
"eng_Latn","hotwheel advent calendar","风火轮冒险日历"
"eng_Latn","lego marvel advent calendar 2021","乐高漫威2021年圣诞倒数日历"
"eng_Latn","luxury beauty advent calendar 2025","2025年奢华美容日历"
"eng_Latn","neuhaus advent calendar 2025","纽豪斯2025年圣诞倒数日历"
"eng_Latn","origami advent calendar 2025","2025年折纸圣诞倒数日历"
"eng_Latn","racing advent calendar","赛车主题的倒数日历"
"eng_Latn","spices advent calendar 2025","2025年香料倒数日历"
"eng_Latn","spidey and friends advent calendar","蜘蛛侠和他的朋友们圣诞倒数日历"
"eng_Latn","walker shortbread advent calendar","沃克牌短饼圣诞倒数日历"
"eng_Latn","advent calendars christmas kids","圣诞儿童降临日历"
"eng_Latn","advent calendars lego 2025","乐高2025年圣诞倒数日历"
"eng_Latn","3d printed animal advent calendar","3D打印动物主题日历"
"eng_Latn","advent calendar 3 year old boy","3岁男孩的降临日历"
"eng_Latn","advent calendar car","圣诞倒数日历车"
"eng_Latn","advent calendar socks men","男士圣诞倒数日历袜"
"eng_Latn","body care advent calendar 2025","2025年身体护理日历"
"eng_Latn","earrings advent calendar 2025","2025年耳环圣诞倒数日历"
"eng_Latn","energy drink advent calendar 2025","2025年能量饮料倒数日历"
"eng_Latn","epump-advent-calendar-fishing-adult","电动泵-降临日历-钓鱼-成人"
"eng_Latn","funko pop stranger things advent calendar","Funko Pop《怪奇物语》圣诞倒数日历"
"eng_Latn","krabby patty advent calendar","蟹堡王历险日历"
"eng_Latn","lego star wars advent calendar 2024","乐高星球大战2024年倒数日历"
"eng_Latn","make up advent calendar 2025 sephora","2025年丝芙兰化妆包圣诞倒数日历"
"eng_Latn","mcobeauty advent calendar 2025","mcobeauty 2025年节日日历"
"eng_Latn","metal advent calendar","金属日历"
"eng_Latn","painting advent calendar","绘画式圣诞倒数日历"
"eng_Latn","punch box advent calendar","打孔盒式圣诞倒数日历"
"eng_Latn","spa advent calendar for women","女士水疗日历"
"eng_Latn","survival advent calendar for men","男士生存历险日历"
"eng_Latn","adult advent calendars for couples","情侣款成人圣诞倒数日历"
"eng_Latn","12 day beauty advent calendar","12天美丽降临日历"
"eng_Latn","advent calendar 2025 bracelet","2025年降临日历手链"
"eng_Latn","advent calendar 2025 lip gloss","2025年圣诞倒数日历唇彩"
"eng_Latn","advent calendar 2025 mario","2025年马里奥降临日历"
"eng_Latn","advent calendar 2025 teens girls","2025年少女款圣诞倒数日历"
"eng_Latn","advent calendar doorables","圣诞倒数日历小礼盒"
"eng_Latn","advent calendar gilmore girls","《吉尔莫女孩》圣诞倒数日历"
"eng_Latn","advent calendar hunting","圣诞倒数日历狩猎"
"eng_Latn","advent calendar sol de janeiro","一月太阳降临日历"
"eng_Latn","advent pocket calendar","圣诞口袋日历"
"eng_Latn","craft advent calendar girls","手工制作女孩日历"
"eng_Latn","elmo advent calendar","ELMO 圣诞倒数日历"
"eng_Latn","finger puppet advent calendar 2025","2025年手指木偶圣诞倒数日历"
"eng_Latn","heavy metal advent calendar","重金属主题的倒数日历"
"eng_Latn","hogwarts advent calendar 2025","2025年霍格沃茨圣诞倒数日历"
"eng_Latn","nut advent calendar 2025","2025年坚果日历"
"eng_Latn","nuts advent calendar","坚果主题的倒计时日历"
"eng_Latn","organic advent calendar 2025","2025年有机日历"
"eng_Latn","pixar advent calendar","皮克斯圣诞倒数日历"
"eng_Latn","pocket knife advent calendar","小折刀式圣诞倒数日历"
"eng_Latn","soccer card advent calendar 2025","2025年足球卡日历"
"eng_Latn","starwars lego advent calendar 2025","2025年星球大战乐高倒数日历"
"eng_Latn","stranger thing advent calendar","《怪奇物语》圣诞倒数日历"
"eng_Latn","24 day alcohol advent calendar","24天酒精日历"
"eng_Latn","adult christmas advent calendar","成人圣诞倒数日历"
"eng_Latn","advent calendar 2025 music","2025年音乐降临日历"
"eng_Latn","advent calendar boys age 8","8岁男孩的降临日历"
"eng_Latn","advent calendar building set","降临节日历积木套装"
"eng_Latn","advent calendar elf on the shelf","圣诞倒数日历，架子上的小精灵"
"eng_Latn","advent calendar hair accessories","圣诞倒数日历发饰"
"eng_Latn","advent calendar sephora 2025","丝芙兰2025年倒数日历"
"eng_Latn","advent calendar spongebob","海绵宝宝主题的倒计时日历"
"eng_Latn","advent tea calendar","圣诞茶日历"
"eng_Latn","bug advent calendar","臭虫历险日历"
"eng_Latn","cocomelon advent calendar","cocomelon 圣诞倒数日历"
"eng_Latn","crafts advent calendar","手工制作圣诞倒数日历"
"eng_Latn","dog advent calendar treats","狗狗日历小礼品"
"eng_Latn","drunk elephant advent calendar","醉象日历"
"eng_Latn","gnomes advent calendar 2025","2025年侏儒历险日历"
"eng_Latn","little pet shop advent calendar 2025","2025年小宠物店圣诞倒数日历"
"eng_Latn","magnetic advent calendar","磁性圣诞倒数日历"
"eng_Latn","meat advent calendar 2025","2025年肉类主题的倒数日历"
"eng_Latn","owl advent calendar 2025","2025年猫头鹰降临日历"
"eng_Latn","popmart advent calendar","popmart 圣诞倒数日历"
"eng_Latn","pre teen advent calendar","青少年前期的圣诞倒数日历"
"eng_Latn","sharing kindness advent calendar","分享善意的圣诞倒数日历"
"eng_Latn","tools advent calendar","工具日历"
"eng_Latn","topps baseball advent calendar 2025","2025年Topps棒球日历"
"eng_Latn","beauty advent calendars for women","女士美容日历"
"eng_Latn","kids christmas advent calendars 2025","2025年儿童圣诞倒数日历"
"eng_Latn","advent calendar 2025 dragon","2025年龙年倒数日历"
"eng_Latn","advent calendar 2025 ducks","2025年鸭子主题的圣诞倒数日历"
"eng_Latn","advent calendar 2025 jam","2025年果酱日历"
"eng_Latn","advent calendar 2025 playmobil","2025年Playmobil圣诞倒数日历"
"eng_Latn","advent calendar 2025 princess","2025年公主主题的倒数日历"
"eng_Latn","advent calendar bath","日历式沐浴"
"eng_Latn","advent calendar flowers","倒计时日历花"
"eng_Latn","advent calendar for adults lego","乐高成人版倒数日历"
"eng_Latn","advent calendar for girlfriend","给女朋友的圣诞倒数日历"
"eng_Latn","advent calendar mens cologne","男士古龙水降临日历"
"eng_Latn","advent calendar paper","圣诞倒数日历纸"
"eng_Latn","advent calendar toddlers","幼儿圣诞倒数日历"
"eng_Latn","best chocolate advent calendar 2025","2025年最佳巧克力倒数日历"
"eng_Latn","catholic advent calendar for kids","儿童天主教圣诞倒数日历"
"eng_Latn","children's advent calendar","儿童圣诞倒数日历"
"eng_Latn","elephant advent calendar","大象主题的日历"
"eng_Latn","escape advent calendar 2025","2025年逃脱历"
"eng_Latn","healthy advent calendar 2025","2025年健康日历"
"eng_Latn","hogwarts advent calendar","霍格沃茨圣诞倒数日历"
"eng_Latn","k-pop demon hunters advent calendar","K-pop猎魔人倒数日历"
"eng_Latn","kinder bueno advent calendar 2025","2025年kinder bueno圣诞倒数日历"
"eng_Latn","kiwico advent calendar 2025","kiwico 2025年圣诞倒数日历"
"eng_Latn","minion advent calendar","小黄人倒数日历"
"eng_Latn","plane advent calendar","飞机主题的日历"
"eng_Latn","preschool advent calendar","学前儿童圣诞倒数日历"
"eng_Latn","succulent advent calendar 2025","2025年多肉植物倒数日历"
"eng_Latn","teen jewelry advent calendar","青少年珠宝主题的倒数日历"
"eng_Latn","teeny mates advent calendar","迷你伴侣圣诞倒数日历"
"eng_Latn","teenymates advent calendar","teenymates 圣诞倒数日历"
"eng_Latn","touchland advent calendar","触地式圣诞倒数日历"
"eng_Latn","twinings tea advent calendar","唐宁茶圣诞倒数日历"
"eng_Latn","advent calendars nativity","圣诞日历 耶稣诞生"
"eng_Latn","advent calendars socks","圣诞袜日历"
"eng_Latn","24 empty advent calendar boxes","24个空的圣诞日历盒"
"eng_Latn","advent calendar 2025 crystals","2025年水晶圣诞倒数日历"
"eng_Latn","advent calendar 2025 makeup sephora","2025年丝芙兰彩妆圣诞倒数日历"
"eng_Latn","advent calendar 2025 mens cologne","2025年男士古龙水降临日历"
"eng_Latn","advent calendar 2025 stationery","2025年圣诞倒数日历文具"
"eng_Latn","advent calendar catholic","天主教圣诞倒数日历"
"eng_Latn","advent calendar girls age 4","4岁女孩的降临日历"
"eng_Latn","d and d advent calendar 2025","2025年《龙与地下城》圣诞倒数日历"
"eng_Latn","diy advent calendar boxes to fill 12 days","手工制作12天可填满的圣诞倒数日历盒"
"eng_Latn","essential oil advent calendar","精油日历"
"eng_Latn","fuzzy socks advent calendar","模糊袜子的倒数日历"
"eng_Latn","heavy metal advent calendar 2025","2025年重金属主题日历"
"eng_Latn","jigsaw advent calendar 2025","2025年拼图式圣诞倒数日历"
"eng_Latn","legi advent calendar","法律知识日历"
"eng_Latn","little people big dreams advent calendar","小人，大梦，圣诞倒数日历"
"eng_Latn","magic trick advent calendar 2025","2025年魔法奇趣圣诞倒数日历"
"eng_Latn","make your own advent calendar box","制作你自己的圣诞倒数日历盒"
"eng_Latn","mini brands kawaii advent calendar","迷你品牌可爱圣诞倒数日历"
"eng_Latn","nut free advent calendar","无坚果圣诞倒数日历"
"eng_Latn","plouise advent calendar 2025","2025年plouise倒数日历"
"eng_Latn","reese advent calendar","瑞茜（Reese）倒数日历"
"eng_Latn","revolution advent calendar","革命倒计时日历"
"eng_Latn","rituals advent calendar 2025","2025年仪式降临日历"
"eng_Latn","skin care advent calendar 2025 bubble","2025年护肤日历 泡泡款"
"eng_Latn","squishmas 2025 advent calendar","“squishmas 2025”圣诞倒数日历"
"eng_Latn","straw topper advent calendar","稻草人装饰品倒数日历"
"eng_Latn","teen makeup advent calendar 2025","2025年青少年彩妆倒数日历"
"eng_Latn","teenager girl advent calendar 2025","2025年少女款圣诞倒数日历"
"eng_Latn","wall hanging advent calendar","壁挂式圣诞倒数日历"
"eng_Latn","wizard of oz advent calendar 2025","2025年《绿野仙踪》圣诞倒数日历"
"eng_Latn","advent calendars beauty products","圣诞日历美容产品"
"eng_Latn","advent calendars bluey","蓝色版圣诞倒数日历"
"eng_Latn","stitch advent calendars","针织圣诞日历"
"eng_Latn","adult male advent calendar 2025","2025年成年男性冒险日历"
"eng_Latn","advent calendar for girl","女孩的降临日历"
"eng_Latn","advent calendar friends","倒数日历之友"
"eng_Latn","advent calendar horror","恐怖降临日历"
"eng_Latn","advent calendar pokemon cards","宝可梦卡片日历"
"eng_Latn","advent calendar with ornaments","带装饰物的圣诞倒数日历"
"eng_Latn","advent golf calendar 2025","2025年圣诞高尔夫日历"
"eng_Latn","alcohol advent calendar 2025 adult","2025年成人酒精日历"
"eng_Latn","beetles gel polish advent calendar 2025","2025年甲虫牌凝胶指甲油圣诞倒数日历"
"eng_Latn","birthday advent calendar","生日倒计时日历"
"eng_Latn","christian christmas advent calendar","基督教圣诞节倒数日历"
"eng_Latn","christmas chocolate advent calendar","圣诞巧克力倒数日历"
"eng_Latn","drawing advent calendar 2025","2025年抽奖式圣诞倒数日历"
"eng_Latn","frozen lego advent calendar 2025","2025年乐高冰冻日历"
"eng_Latn","gem advent calendar","宝石主题的圣诞倒数日历"
"eng_Latn","guys advent calendar 2025","2025年男士圣诞倒数日历"
"eng_Latn","horror movie advent calendar 2025","2025年恐怖电影倒数日历"
"eng_Latn","kids nativity advent calendar","儿童耶稣诞生倒数日历"
"eng_Latn","licorice advent calendar","甘草日历"
"eng_Latn","make up advent calendar￼","制作圣诞倒数日历"
"eng_Latn","paw patrol advent calendar 2025 kids","2025年狗狗巡逻队儿童倒数日历"
"eng_Latn","pixar cars advent calendar","皮克斯汽车主题的倒数日历"
"eng_Latn","plus plus advent calendar","双倍惊喜的圣诞倒数日历"
"eng_Latn","protein advent calendar 2025","2025年蛋白质倒数日历"
"eng_Latn","sea turtle advent calendar 2025","2025年海龟主题倒数日历"
"eng_Latn","seed advent calendar","种子日历"
"eng_Latn","teacher advent calendar","教师节倒数日历"
"eng_Latn","animal advent calendars","动物主题的节日日历"
"eng_Latn","funko pop advent calendars","Funko Pop 圣诞倒数日历"
"eng_Latn","24 day fishing advent calendar","24天钓鱼日历"
"eng_Latn","advent calendar 2025 cheap","2025年圣诞倒数日历 廉价"
"eng_Latn","advent calendar 2025 cologne","2025年科隆圣诞倒数日历"
"eng_Latn","advent calendar chocolates","倒数日历巧克力"
"eng_Latn","advent calendar dice","圣诞倒数日历骰子"
"eng_Latn","advent calendar for teen girls skincare","少女护肤日历"
"eng_Latn","advent calendar mini","迷你圣诞倒数日历"
"eng_Latn","advent calendar tea 2025","2025年圣诞倒数日历茶"
"eng_Latn","art advent calendar for kids","儿童艺术日历"
"eng_Latn","blue advent calendar","蓝色倒数日历"
"eng_Latn","coin advent calendar","硬币式圣诞倒数日历"
"eng_Latn","griswold advent calendar","格里斯沃尔德圣诞倒数日历"
"eng_Latn","japan advent calendar 2025","2025年日本圣诞倒数日历"
"eng_Latn","lego friends christmas advent calendar","乐高朋友圣诞倒数日历"
"eng_Latn","pukka tea advent calendar 2025","2025年普卡茶倒数日历"
"eng_Latn","reese's advent calendar 2025","2025年Reese's Advent日历"
"eng_Latn","succulent advent calendar","多肉植物倒数日历"
"eng_Latn","advent calendars 2025 chocolate","2025年巧克力主题的降临日历"
"eng_Latn","cool advent calendars for kids","为孩子们准备的酷炫的圣诞倒数日历"
"eng_Latn","weird advent calendars","奇怪的圣诞日历"
"eng_Latn","elf avent calendar 2025","2025年精灵冒险日历"
"eng_Latn","slime avent calendar","黏液冒险日历"
"eng_Latn","3d print advent calendar 2025","2025年3D打印圣诞倒数日历"
"eng_Latn","adults advent calendar 2025","2025年成人历险日历"
"eng_Latn","advent calendar 2 year old boy","2岁男孩的降临日历"
"eng_Latn","advent calendar 2025 escape room","2025年逃脱室主题的倒数日历"
"eng_Latn","advent calendar college girl","大学生女孩的圣诞倒数日历"
"eng_Latn","advent calendar cooking","倒数日历烹饪"
"eng_Latn","advent calendar gabby's dollhouse","加布丽埃勒玩具屋的降临日历"
"eng_Latn","advent calendar with chocolate 2025","2025年巧克力倒数日历"
"eng_Latn","art supplies advent calendar","艺术用品倒数日历"
"eng_Latn","body shop advent calendar","美体店圣诞倒数日历"
"eng_Latn","boys advent calendar 2025 sports","2025年男孩运动主题的圣诞倒数日历"
"eng_Latn","cat lovers advent calendar","爱猫人士的圣诞倒数日历"
"eng_Latn","college advent calendar","大学圣诞倒数日历"
"eng_Latn","funko stranger things advent calendar","Funko《怪奇物语》主题日历"
"eng_Latn","jewelry advent calendar for teens","青少年珠宝圣诞倒数日历"
"eng_Latn","lotion advent calendar","护肤液倒数日历"
"eng_Latn","magnet advent calendar","磁性日历挂历"
"eng_Latn","makeup advent calendar for teens","青少年化妆日历"
"eng_Latn","meeden advent calendar","meeden 圣诞倒数日历"
"eng_Latn","motocross advent calendar","摩托车越野赛倒数日历"
"eng_Latn","shopkins advent calendar","Shopkins 圣诞倒数日历"
"eng_Latn","soccer advent calendar for boys","男孩足球主题的倒数日历"
"eng_Latn","sponge bob advent calendar 2025","海绵宝宝2025年倒数日历"
"eng_Latn","star wars funko pop advent calendar","星球大战Funko Pop Advent日历"
"eng_Latn","victoria secret advent calendar 2025","维多利亚的秘密2025年圣诞倒数日历"
"eng_Latn","white chocolate advent calendar 2025","2025年白巧克力圣诞倒数日历"
"eng_Latn","advent calendars 24 days","24天圣诞倒数日历"
"eng_Latn","cat advent calendars","猫咪主题的圣诞倒数日历"
"eng_Latn","cheap advent calendars for teen girls","适合少女们的廉价圣诞倒数日历"
"eng_Latn","adult advent calendar for women","女士成人圣诞倒数日历"
"eng_Latn","advent calendar 2025 fishing lure","2025年钓鱼诱饵主题的圣诞倒数日历"
"eng_Latn","advent calendar 2025 sonic","2025年索尼克降临日历"
"eng_Latn","advent calendar 6 year old girl","6岁女孩的圣诞倒数日历"
"eng_Latn","advent calendar peppa pig","小猪佩奇圣诞倒数日历"
"eng_Latn","advent calendar teen girl 2025","2025年少女款圣诞倒数日历"
"eng_Latn","advent nativity calendar 2025","2025年圣诞降临日历"
"eng_Latn","best advent calendar 2025 girls","2025年最佳女孩款圣诞倒数日历"
"eng_Latn","candy advent calendar for kids","儿童糖果倒数日历"
"eng_Latn","chocolate advent calendar for kids","儿童巧克力圣诞倒数日历"
"eng_Latn","cinnamoroll advent calendar 2025","2025年肉桂卷冒险日历"
"eng_Latn","coffee advent calendar 2025 k cup","2025年K杯咖啡倒数日历"
"eng_Latn","e l f cosmetics advent calendar","e l f 化妆品倒数日历"
"eng_Latn","f1 racing advent calendar 2025","2025年F1赛车日历"
"eng_Latn","harley davidson advent calendar 2025","哈雷戴维森2025年圣诞倒数日历"
"eng_Latn","ice fishing advent calendar","冰钓日历"
"eng_Latn","jameson whiskey advent calendar","詹姆森威士忌倒数日历"
"eng_Latn","jeep advent calendar 2025","2025年吉普车历险日历"
"eng_Latn","jelly advent calendar","果冻式圣诞倒数日历"
"eng_Latn","lancome advent calendar","兰蔻圣诞倒数日历"
"eng_Latn","milka advent calendar","米尔卡（Milka）圣诞倒数日历"
"eng_Latn","minecraft advent calendar lego","《我的世界》乐高版圣诞倒数日历"
"eng_Latn","owl advent calendar","猫头鹰主题的倒数日历"
"eng_Latn","scotch advent calendar","苏格兰威士忌日历"
"eng_Latn","sports cards advent calendar 2025","2025年运动卡倒计时日历"
"eng_Latn","the rescuer nativity advent calendar","救世主诞生历"
"eng_Latn","toy advent calendar for boys","男孩玩具圣诞倒数日历"
"eng_Latn","trinket advent calendar","小饰品圣诞倒数日历"
"eng_Latn","tsum tsum advent calendar","Tsum Tsum 圣诞倒数日历"
"eng_Latn","wednesday advent calendar","星期三的降临日历"
"eng_Latn","wednesday advent calendar 2025","2025年星期三降临日历"
"eng_Latn","weird advent calendar 2025","2025年诡异降临日历"
"eng_Latn","advent calendars for christmas","圣诞倒数日历"
"eng_Latn","christmas advent calendars for men","男士圣诞倒数日历"
"eng_Latn","german advent calendars","德国式圣诞倒数日历"
"eng_Latn","avent calendar 2025 teen girl","2025年青少年女孩冒险日历"
"eng_Latn","diy avent calendar","DIY 冒险日历"
"eng_Latn","countdown calendar for kids","儿童倒计时日历"
"eng_Latn","3 year old advent calendar","3岁儿童用的圣诞倒数日历"
"eng_Latn","advent calendar 2025 guitar","2025年吉他主题的倒数日历"
"eng_Latn","advent calendar 2025 train","2025年火车主题的倒数日历"
"eng_Latn","advent calendar disney princess","迪士尼公主降临日历"
"eng_Latn","advent calendar for college boy","大学生男孩的圣诞倒数日历"
"eng_Latn","advent calendar jerky","圣诞倒数日历肉干"
"eng_Latn","ballet advent calendar","芭蕾舞者降临日历"
"eng_Latn","blind box advent calendar","盲盒式圣诞倒数日历"
"eng_Latn","chocolate christmas advent calendar","巧克力圣诞倒数日历"
"eng_Latn","crafty advent calendar 2025","2025年精巧的圣诞倒数日历"
"eng_Latn","fishing lures advent calendar","钓鱼诱饵倒数日历"
"eng_Latn","girls advent calendar 2025 age 8","2025年女孩圣诞倒数日历，适合8岁儿童"
"eng_Latn","k beauty advent calendar 2025","2025年k beauty圣诞倒数日历"
"eng_Latn","kids lego advent calendar 2025","2025年乐高儿童历险日历"
"eng_Latn","lip advent calendar 2025","2025年唇部护理日历"
"eng_Latn","mini barbieland advent calendar","迷你芭比乐园圣诞倒数日历"
"eng_Latn","mushroom advent calendar","蘑菇主题的倒数日历"
"eng_Latn","nike advent calendar 2025","2025年耐克圣诞倒数日历"
"eng_Latn","opi nail polish advent calendar 2025","2025年opi指甲油圣诞倒数日历"
"eng_Latn","organic tea advent calendar 2025","2025年有机茶日历"
"eng_Latn","sea glass advent calendar trees","海玻璃圣诞倒数日历树"
"eng_Latn","socks advent calendar 2025 women","2025年女士袜子女士日历"
"eng_Latn","tony's advent calendar","托尼的圣诞倒数日历"
"eng_Latn","travel advent calendar 2025","2025年旅行日历"
"eng_Latn","usborne advent calendar 2025","2025年厄斯本圣诞倒数日历"
"eng_Latn","advent calendars for adults men","成人男士的降临日历"
"eng_Latn","minecraft advent calendars","《我的世界》圣诞倒数日历"
"eng_Latn","book avent calendar","预订冒险日历"
"eng_Latn","activity advent calendar","活动日历"
"eng_Latn","advent calendar 2025 horse","2025年马年倒数日历"
"eng_Latn","advent calendar decoration","圣诞倒数日历装饰"
"eng_Latn","advent calendar eos","“advent calendar eos”的中文翻译为“倒计时日历结束”"
"eng_Latn","advent calendar for mom 2025","2025年妈妈惊喜日历"
"eng_Latn","advent calendar for toddlers 2025","2025年幼儿用圣诞倒数日历"
"eng_Latn","advent calendar for two year old","两岁儿童用的圣诞倒数日历"
"eng_Latn","advent calendar perfume 2025","2025年香水日历"
"eng_Latn","beard advent calendar","胡须日历"
"eng_Latn","best puzzle advent calendar","最佳拼图式日历"
"eng_Latn","book advent calendar 2025 adult women","2025年成人女性书籍降临日历"
"eng_Latn","book advent calendar for kids","儿童图书倒数日历"
"eng_Latn","car advent calendar 2025 adult","2025年成人汽车日历"
"eng_Latn","child advent calendar 2025","2025年儿童降临日历"
"eng_Latn","christmas craft advent calendar","圣诞手工艺品降临日历"
"eng_Latn","empty beer advent calendar box","空啤酒日历盒"
"eng_Latn","fake nail advent calendar","假指甲倒数日历"
"eng_Latn","girls makeup advent calendar","女孩化妆日历"
"eng_Latn","jack daniels advent calendar 2025","杰克丹尼尔斯2025年圣诞倒数日历"
"eng_Latn","jewelry advent calendar 2025 adult","2025年成人珠宝节日历"
"eng_Latn","l occitane advent calendar 2025","欧舒丹2025年圣诞倒数日历"
"eng_Latn","lipstick advent calendar 2025","2025年口红倒数日历"
"eng_Latn","luxury makeup advent calendar","奢华彩妆日历"
"eng_Latn","magna tile advent calendar 2025","麦格纳瓷砖2025年圣诞倒数日历"
"eng_Latn","meri meri advent calendar","meri meri 圣诞倒数日历"
"eng_Latn","minecraft advent calendar for boys","男孩版《我的世界》圣诞倒数日历"
"eng_Latn","nail care advent calendar","指甲护理日历"
"eng_Latn","ocean advent calendar","海洋探险日历"
"eng_Latn","pokemon funko advent calendar","宝可梦Funko圣诞倒数日历"
"eng_Latn","preppy advent calendar 2025","2025年预科生圣诞倒数日历"
"eng_Latn","preschool advent calendar 2025","2025年学前班圣诞倒数日历"
"eng_Latn","advent calendars cars","圣诞日历车"
"eng_Latn","advent calendars ornaments","圣诞倒数日历装饰品"
"eng_Latn","cute advent calendars","可爱的圣诞倒数日历"
"eng_Latn","cute advent calendars for teen girls","少女们喜爱的可爱圣诞倒数日历"
"eng_Latn","teen girl advent calendars","少女主题的圣诞倒数日历"
"eng_Latn","womens advent calendars","女士圣诞倒数日历"
"eng_Latn","avent calendar 2025 makeup","2025年化妆日历"
"eng_Latn","2025 seaglass advent calendar","2025年海玻璃主题圣诞倒数日历"
"eng_Latn","advent calendar 2025 cookies","2025年圣诞倒数日历饼干"
"eng_Latn","advent calendar bath and body","圣诞日历沐浴和身体护理产品"
"eng_Latn","advent calendar envelopes","圣诞倒数日历信封"
"eng_Latn","advent calendar hotwheels","倒计时日历风火轮"
"eng_Latn","advent calendar jurassic world","侏罗纪世界主题的倒计时日历"
"eng_Latn","basketball advent calendar for boys","男孩篮球主题的倒数日历"
"eng_Latn","beetles gel polish advent calendar","甲虫牌凝胶指甲油圣诞倒数日历"
"eng_Latn","body spray advent calendar 2025","2025年身体喷雾日历"
"eng_Latn","christmas photo advent calendar","圣诞照片日历"
"eng_Latn","coloring book advent calendar","涂色本圣诞倒数日历"
"eng_Latn","dance advent calendar 2025","2025年舞蹈圣诞倒数日历"
"eng_Latn","disney lego advent calendar 2025","2025年迪士尼乐高圣诞倒数日历"
"eng_Latn","diy advent calendar to fill","待填写的DIY圣诞倒数日历"
"eng_Latn","fish lure advent calendar 2025","2025年鱼饵日历"
"eng_Latn","girl teen advent calendar 2025","2025年少女青少年圣诞倒数日历"
"eng_Latn","kids advent calendar boys","儿童圣诞倒数日历男孩款"
"eng_Latn","lego advent calendar 2025 flower","乐高2025年圣诞倒数日历花"
"eng_Latn","magic the gathering advent calendar 2025","《魔法：集结》2025年降临日历"
"eng_Latn","nativity advent calendar 2025 adult","2025年成人耶稣诞生倒数日历"
"eng_Latn","nerdy advent calendar 2025","2025年书呆子式圣诞倒数日历"
"eng_Latn","nfl football advent calendar 2025","2025年美国国家橄榄球联盟足球圣诞倒数日历"
"eng_Latn","nurse advent calendar","护士主题的倒数日历"
"eng_Latn","play mobil advent calendar 2025","2025年Mobil Advent日历"
"eng_Latn","soda advent calendar","苏打水倒数日历"
"eng_Latn","squishmellow advent calendar","“Squishmellow”品牌圣诞倒数日历"
"eng_Latn","teen beauty advent calendar","少女美妆日历"
"eng_Latn","advent calendars baseball","棒球主题的圣诞倒数日历"
"eng_Latn","nativity advent calendars","圣诞降临日历"
"eng_Latn","advent calendar 2025 bonne maman","2025年bonne maman圣诞倒数日历"
"eng_Latn","advent calendar 2025 fidget toy","2025年圣诞倒数日历减压玩具"
"eng_Latn","advent calendar 2025 jesus","2025年耶稣降临日历"
"eng_Latn","advent calendar baking","圣诞倒数烘焙"
"eng_Latn","advent calendar boys age 5","5岁男孩的降临日历"
"eng_Latn","advent calendar for fisherman","渔民的倒数日历"
"eng_Latn","advent calendar national parks","国家公园主题的倒数日历"
"eng_Latn","advent squishmallow calendar","“advent squishmallow日历”"
"eng_Latn","army advent calendar","军队主题的圣诞倒数日历"
"eng_Latn","bath bombs advent calendar 2025","2025年沐浴炸弹倒数日历"
"eng_Latn","bird advent calendar 2025 adult","2025年成人版小鸟主题日历"
"eng_Latn","blush bar advent calendar","腮红棒倒数日历"
"eng_Latn","book lovers advent calendar 2025 adult","2025年成人书迷日历"
"eng_Latn","charm advent calendar","魅力降临日历"
"eng_Latn","custom advent calendar box","定制的圣诞倒数日历盒"
"eng_Latn","dad jokes advent calendar 2025","2025年爸爸笑话圣诞倒数日历"
"eng_Latn","door county coffee advent calendar","门县咖啡圣诞倒数日历"
"eng_Latn","elf beauty advent calendar","精灵之美圣诞倒数日历"
"eng_Latn","emo advent calendar","Emo主题的圣诞倒数日历"
"eng_Latn","gourmet advent calendar","美食主题的倒数日历"
"eng_Latn","k beauty advent calendar","k beauty 圣诞倒数日历"
"eng_Latn","kinder chocolate advent calendar","金德巧克力圣诞倒数日历"
"eng_Latn","loreal paris advent calendar","欧莱雅巴黎圣诞倒数日历"
"eng_Latn","mini advent calendar 2025","2025年迷你圣诞倒数日历"
"eng_Latn","nerd advent calendar","书呆子主题的倒数日历"
"eng_Latn","outdoor advent calendar","户外探险日历"
"eng_Latn","seed advent calendar 2025","2025年种子倒数日历"
"eng_Latn","sprunki advent calendar 2025","2025年sprunki圣诞倒数日历"
"eng_Latn","tech advent calendar 2025","2025年科技日历"
"eng_Latn","whiskey christmas advent calendar 2025","2025年威士忌圣诞倒数日历"
"eng_Latn","advent calendars elf","圣诞倒数日历小精灵"
"eng_Latn","advent calendars star wars","星球大战主题的降临日历"
"eng_Latn","cheap advent calendars","便宜的降临日历"
"eng_Latn","empty advent calendars to fill large","空空如也的圣诞日历，亟待填满"
"eng_Latn","advent calendar 2025 nativity set","2025年圣诞倒数日历套装"
"eng_Latn","advent calendar kid","圣诞倒数日历儿童款"
"eng_Latn","advent calendar popcorn","倒计时日历爆米花"
"eng_Latn","advent sea glass calendar","降临节海玻璃日历"
"eng_Latn","best bourbon advent calendar","最好的波旁威士忌圣诞倒数日历"
"eng_Latn","cadburys advent calendar 2025","吉百利2025年圣诞倒数日历"
"eng_Latn","fidget advent calendar 2025 for adults","2025年成人用减压圣诞倒数日历"
"eng_Latn","girls lego advent calendar 2025","2025年女孩乐高圣诞倒数日历"
"eng_Latn","harry potter 2025 advent calendar","哈利·波特2025年倒数日历"
"eng_Latn","hot coco advent calendar 2025","2025年热可可降临日历"
"eng_Latn","kids christian advent calendar","儿童基督教圣诞倒数日历"
"eng_Latn","lego advent calendar 2025 harry potter","乐高2025年哈利波特主题圣诞倒数日历"
"eng_Latn","lego duplo advent calendar","乐高得宝圣诞倒数日历"
"eng_Latn","luxury advent calendar for men","男士奢华圣诞倒数日历"
"eng_Latn","rubber ducks advent calendar 2025","2025年橡皮鸭倒数日历"
"eng_Latn","shower steamer advent calendar 2025","2025年淋浴蒸汽机圣诞倒数日历"
"eng_Latn","tatcha advent calendar","塔查（Tatcha）圣诞倒数日历"
"eng_Latn","tech advent calendar","科技主题的圣诞倒数日历"
"eng_Latn","weed advent calendar","除草日历"
"eng_Latn","wobbles advent calendar 2025","2025年摇摆式圣诞倒数日历"
"eng_Latn","workout advent calendar","健身日历"
"eng_Latn","wwii advent calendar 2025","2025年二战主题日历"
"eng_Latn","advent calendars empty to fill","待填满的空历险日历"
"eng_Latn","advent calendars make up","圣诞倒数日历"
"eng_Latn","best adult advent calendars 2025","2025年最佳成人冒险日历"
"eng_Latn","empty advent calendars to fill cardboard","空着的圣诞日历，用来装纸板"
"eng_Latn","boys avent calendar 2025","2025年男孩冒险日历"
"eng_Latn","advent calendar 2025 for toddler girl","2025年幼儿女孩圣诞倒数日历"
"eng_Latn","advent calendar 2025 teen girls jewelry","2025年少女珠宝降临日历"
"eng_Latn","advent calendar for boyfriend","给男朋友的倒数日历"
"eng_Latn","advent calendar for multiple kids","多子女家庭用的圣诞倒数日历"
"eng_Latn","advent calendar stem","倒计时日历杆"
"eng_Latn","advent survival calendar","圣诞生存日历"
"eng_Latn","baby shark advent calendar 2025","2025年小鲨鱼倒数日历"
"eng_Latn","cat lover advent calendar","爱猫人士的倒数日历"
"eng_Latn","chess advent calendar","国际象棋主题的圣诞倒数日历"
"eng_Latn","creative advent calendar 2025","2025年创意圣诞倒数日历"
"eng_Latn","disney frozen advent calendar 2025","迪士尼2025年冰雪奇缘倒数日历"
"eng_Latn","edible advent calendar","可食用的圣诞倒数日历"
"eng_Latn","elf sleigh the day advent calendar","精灵雪橇日历"
"eng_Latn","empty advent calendar 12 day","空白的12天圣诞倒数日历"
"eng_Latn","friends tv show advent calendar","《老友记》电视剧圣诞倒数日历"
"eng_Latn","girls beauty advent calendar 2025","2025年女孩美丽倒数日历"
"eng_Latn","jewelry advent calendar 2025 gold","2025年黄金珠宝圣诞倒数日历"
"eng_Latn","little boys advent calendar 2025","2025年小男孩圣诞倒数日历"
"eng_Latn","mini monster truck advent calendar","迷你怪物卡车倒数日历"
"eng_Latn","outdoor advent calendar 2025","2025年户外探险日历"
"eng_Latn","picture advent calendar 2025","2025年图片式圣诞倒数日历"
"eng_Latn","skyrim advent calendar","《上古卷轴5：天际》圣诞倒数日历"
"eng_Latn","sock advent calendar women","女士袜子的倒数日历"
"eng_Latn","vogue advent calendar","《Vogue》圣诞倒数日历"
"eng_Latn","advent calendars for gamers","游戏玩家的圣诞日历"
"eng_Latn","nail advent calendars","美甲日历"
"eng_Latn","2025 christmas advent calendar","2025年圣诞倒数日历"
"eng_Latn","5 year old girl advent calendar","5岁女孩的圣诞倒数日历"
"eng_Latn","advent calendar 2025 for girls 10-12 years old","2025年10-12岁女孩专用圣诞倒数日历"
"eng_Latn","advent calendar 2025 horror","2025年恐怖主题的降临日历"
"eng_Latn","advent calendar 2025 national geographic","2025年国家地理日历"
"eng_Latn","advent calendar 2025 science","2025年科学主题的倒数日历"
"eng_Latn","advent calendar clue","圣诞倒数日历线索"
"eng_Latn","advent calendar girls age 7","7岁女孩的降临日历"
"eng_Latn","advent calendar ideas","圣诞倒数日历创意"
"eng_Latn","advent calendar jesus","耶稣降临日历"
"eng_Latn","advent calendar nfl","美国国家橄榄球联盟（NFL）的圣诞倒数日历"
"eng_Latn","advent jewelry calendar","圣诞珠宝日历"
"eng_Latn","best candy advent calendar 2025","2025年最佳糖果倒数日历"
"eng_Latn","bonnie maman advent calendar 2025","邦妮妈妈2025年圣诞倒数日历"
"eng_Latn","build a car advent calendar","制作一个汽车主题的日历"
"eng_Latn","cats advent calendar 2025","2025年猫咪主题的圣诞倒数日历"
"eng_Latn","chemistry advent calendar","化学主题的倒数日历"
"eng_Latn","college girl advent calendar 2025","2025年大学女生圣诞倒数日历"
"eng_Latn","gaming advent calendar for teen boys","青少年男孩游戏历"
"eng_Latn","german chocolate advent calendar","德国巧克力圣诞倒数日历"
"eng_Latn","grinch advent calendar 2025 kids","2025年格林奇儿童倒数日历"
"eng_Latn","gudetama advent calendar","gudetama 圣诞倒数日历"
"eng_Latn","gummy bear advent calendar 2025","2025年小熊软糖倒数日历"
"eng_Latn","hazbin hotel advent calendar","哈兹宾酒店圣诞倒数日历"
"eng_Latn","jack skellington advent calendar","杰克·斯凯灵顿倒数日历"
"eng_Latn","jurassic advent calendar","侏罗纪主题的倒数日历"
"eng_Latn","jurassic world rebirth advent calendar 2025","侏罗纪世界重生2025年倒数日历"
"eng_Latn","knee dough advent calendar","面糊日历"
"eng_Latn","lego advent calendar nativity","乐高圣诞倒数日历耶稣诞生"
"eng_Latn","lego minifigure advent calendar","乐高人偶圣诞倒数日历"
"eng_Latn","lionel racing advent calendar","莱昂内尔赛车日历"
"eng_Latn","little boy advent calendar","小男孩圣诞倒数日历"
"eng_Latn","mermaid advent calendar","美人鱼主题的倒数日历"
"eng_Latn","milwaukee advent calendar 2025","2025年密尔沃基圣诞倒数日历"
"eng_Latn","money advent calendar","金钱降临日历"
"eng_Latn","my first advent calendar step 2","我的第一个圣诞倒数日历第二步"
"eng_Latn","pokemon advent calendar 2025 cards","2025年口袋妖怪倒数日历卡牌"
"eng_Latn","religious advent calendar for adults","成人宗教节日倒数日历"
"eng_Latn","travel advent calendar","旅行日历"
"eng_Latn","young girls advent calendar","少女降临日历"
"eng_Latn","advent calendars 3d printed","3D打印的圣诞日历"
"eng_Latn","advent calendars fidget","圣诞日历让人心烦意乱"
"eng_Latn","12 day advent calendar teen girl","12天圣诞倒数日历少女款"
"eng_Latn","2025 advent calendar girls","2025年女孩降临日历"
"eng_Latn","3d animal advent calendar","3D动物主题日历"
"eng_Latn","5 year old boy advent calendar 2025","2025年5岁男孩圣诞倒数日历"
"eng_Latn","8 year old girl advent calendar","8岁女孩的圣诞倒数日历"
"eng_Latn","advent calendar 2025 hunting","2025年圣诞倒数日历狩猎"
"eng_Latn","advent calendar 2025 kids chocolate","2025年儿童巧克力圣诞倒数日历"
"eng_Latn","advent calendar 7 year old girl","7岁女孩的降临日历"
"eng_Latn","advent calendar 9 year old girl","圣诞倒数日历 9岁女孩"
"eng_Latn","advent calendar fillers for toddlers","幼儿用的圣诞日历填充物"
"eng_Latn","advent calendar for boys chocolate","男孩巧克力主题的倒数日历"
"eng_Latn","advent calendar for preteeens","为青春期前儿童准备的圣诞倒数日历"
"eng_Latn","advent calendar hair","圣诞倒数日历发型"
"eng_Latn","advent calendar magic","圣诞倒数日历的魔力"
"eng_Latn","advent calendar mini verse","圣诞倒数日历小诗"
"eng_Latn","advent calendar polaroid","宝丽来圣诞倒数日历"
"eng_Latn","advent calendar teenage boy","青少年男孩的降临日历"
"eng_Latn","advent calendar treats","圣诞倒数日历小礼品"
"eng_Latn","best advent calendar for tween girl","最适合小女孩的圣诞倒数日历"
"eng_Latn","charm advent calendar 2025","2025年魅力降临日历"
"eng_Latn","christmas advent calendar for girls","女孩圣诞倒数日历"
"eng_Latn","cigar advent calendar 2025","2025年雪茄降临日历"
"eng_Latn","dance advent calendar","舞蹈圣诞倒数日历"
"eng_Latn","dungeon and dragons advent calendar","龙与地下城冒险日历"
"eng_Latn","felt christmas tree advent calendar","毛绒圣诞树倒数日历"
"eng_Latn","french bulldog advent calendar","法国斗牛犬主题的倒数日历"
"eng_Latn","guy advent calendar 2025","2025年男士冒险日历"
"eng_Latn","hazbin hotel advent calendar 2025","哈兹宾酒店2025年圣诞倒数日历"
"eng_Latn","heavy equipment advent calendar","重型设备倒数日历"
"eng_Latn","journal advent calendar 2025","2025年日记本圣诞倒数日历"
"eng_Latn","kinetic sand advent calendar","动态沙粒日历"
"eng_Latn","lego advent calendar 2025 city","乐高2025年城市系列圣诞倒数日历"
"eng_Latn","lego mini figure advent calendar 2025","乐高迷你人偶2025年圣诞倒数日历"
"eng_Latn","light up advent calendar","点亮圣诞倒数日历"
"eng_Latn","matcha advent calendar 2025","2025年抹茶倒数日历"
"eng_Latn","math advent calendar","数学日历"
"eng_Latn","mini perfume advent calendar 2025 adult","2025年迷你香水倒数日历（成人款）"
"eng_Latn","muscle car advent calendar 2025","2025年肌肉车倒数日历"
"eng_Latn","opossum advent calendar","负鼠降临日历"
"eng_Latn","penguin advent calendar 2025","2025年企鹅历险日历"
"eng_Latn","picture advent calendar","图片式圣诞倒数日历"
"eng_Latn","possum advent calendar","负鼠降临日历"
"eng_Latn","protein bar advent calendar","蛋白棒倒数日历"
"eng_Latn","real sea glass advent calendar","真正的海玻璃圣诞倒数日历"
"eng_Latn","red bull advent calendar￼","红牛圣诞倒数日历"
"eng_Latn","saltwater fishing advent calendar","海钓日历"
"eng_Latn","skateboard advent calendar","滑板主题的倒计时日历"
"eng_Latn","squish advent calendar","压扁式圣诞倒数日历"
"eng_Latn","stash tea advent calendar 2025","2025年藏茶日历"
"eng_Latn","2025 beauty advent calendars","2025年美妆圣诞倒数日历"
"eng_Latn","advent calendars 2025 for women","2025年女士圣诞倒数日历"
"eng_Latn","advent calendars squishy","黏糊糊的圣诞倒数日历"
"eng_Latn","whiskey advent calendars 2025","2025年威士忌日历"
"eng_Latn","25 days of beauty advent calendar","25天美丽惊喜日历"
"eng_Latn","adult advent calendar 2025 chocolate","2025年成人巧克力圣诞倒数日历"
"eng_Latn","advent calendar 2025 emotional support","2025年情感支持日历"
"eng_Latn","advent calendar 2025 one piece","2025年海贼王主题的倒计时日历"
"eng_Latn","advent calendar 2025 polly pocket","2025年波莉口袋圣诞倒数日历"
"eng_Latn","advent calendar 2025 survival kit","2025年降临日历生存套装"
"eng_Latn","advent calendar 2025 toddlers","2025年幼儿圣诞倒数日历"
"eng_Latn","advent calendar for dogs with treats","狗狗零食圣诞倒数日历"
"eng_Latn","advent calendar for teens 2025","2025年青少年倒数日历"
"eng_Latn","advent calendar gifts for women","女性圣诞倒数日历礼物"
"eng_Latn","advent calendar stuffers for teens","青少年用的圣诞倒数日历小礼品"
"eng_Latn","anthropologie advent calendar 2025","2025年人类学日历"
"eng_Latn","belgian chocolate advent calendar","比利时巧克力圣诞倒数日历"
"eng_Latn","brawl stars advent calendar","《荒野乱斗》圣诞倒数日历"
"eng_Latn","deer hunting advent calendar 2025","2025年猎鹿日历"
"eng_Latn","dinosaur advent calendar 2025 kids","2025年恐龙主题儿童历险日历"
"eng_Latn","diy advent calendar 12 days","DIY 12天倒数日历"
"eng_Latn","elf sleigh the holidays advent calendar","精灵雪橇假日降临日历"
"eng_Latn","figurine advent calendar","雕像式圣诞倒数日历"
"eng_Latn","glass advent calendar","玻璃制圣诞倒数日历"
"eng_Latn","gourmet chocolate advent calendar","美食巧克力倒数日历"
"eng_Latn","gum advent calendar","口香糖日历"
"eng_Latn","jolly rancher advent calendar","乔利牧场主圣诞倒数日历"
"eng_Latn","kids toy advent calendar","儿童玩具圣诞倒数日历"
"eng_Latn","messi advent calendar 2025","2025年梅西降临日历"
"eng_Latn","pin advent calendar","针插式圣诞倒数日历"
"eng_Latn","rudolph advent calendar","鲁道夫圣诞倒数日历"
"eng_Latn","toy car advent calendar","玩具车圣诞倒数日历"
"eng_Latn","trader joe's advent calendar","Trader Joe's 圣诞倒数日历"
"eng_Latn","advent calendars barbie","芭比降临日历"
"eng_Latn","advent calendars for tweens","青少年用的圣诞倒数日历"
"eng_Latn","baseball advent calendars","棒球主题的圣诞日历"
"eng_Latn","24 days of fishing advent calendar","24天钓鱼日历"
"eng_Latn","adult lego advent calendar 2025","2025年成人乐高圣诞倒数日历"
"eng_Latn","advent calendar baby girl","女婴降临日历"
"eng_Latn","advent calendar felt","圣诞倒数日历毛毡"
"eng_Latn","advent calendar for adults alcohol","成人酒精饮料倒数日历"
"eng_Latn","advent calendar kids lego","乐高儿童倒数日历"
"eng_Latn","advent calendar mini perfume","圣诞倒数日历迷你香水"
"eng_Latn","advent calendar puzzle for kids","儿童用倒数日历拼图"
"eng_Latn","advent calendar simpsons","《辛普森一家》圣诞倒数日历"
"eng_Latn","advent calendar skincare 2025","2025年护肤日历"
"eng_Latn","advent photo calendar","圣诞照片日历"
"eng_Latn","chocolate advent calendar for adults","成人巧克力倒数日历"
"eng_Latn","cool boys advent calendar","酷男孩降临日历"
"eng_Latn","dark chocolate advent calendar 2025 for adults","2025年成人黑巧克力圣诞倒数日历"
"eng_Latn","five nights at freddy's advent calendar 2025","2025年《玩具熊的五夜》圣诞倒数日历"
"eng_Latn","golfer advent calendar 2025","2025年高尔夫球手历险日历"
"eng_Latn","gothic advent calendar","哥特式圣诞倒数日历"
"eng_Latn","hair accessories advent calendar","发饰圣诞倒数日历"
"eng_Latn","kitchen advent calendar 2025","2025年厨房倒数日历"
"eng_Latn","knitting advent calendar","针织圣诞倒数日历"
"eng_Latn","milk chocolate advent calendar","牛奶巧克力倒数日历"
"eng_Latn","mind craft advent calendar 2025","2025年心灵手工艺历"
"eng_Latn","minecraft advent calendar 2025 kids","2025年儿童版《我的世界》圣诞倒数日历"
"eng_Latn","nail advent calendar for teen girls","少女美甲倒数日历"
"eng_Latn","nutella advent calendar","能多益巧克力酱圣诞倒数日历"
"eng_Latn","pet advent calendar 2025 dog","2025年宠物日历：狗狗版"
"eng_Latn","poppy playtime advent calendar 2025","2025年poppy playtime圣诞倒数日历"
"eng_Latn","saker plus advent calendar","猎隼+圣诞倒数日历"
"eng_Latn","sees advent calendar 2025","看到2025年圣诞倒数日历"
"eng_Latn","smurf advent calendar 2025","2025年蓝精灵倒数日历"
"eng_Latn","survival gear advent calendar","求生装备圣诞倒数日历"
"eng_Latn","tank advent calendar","坦克日历"
"eng_Latn","toddler girls advent calendar 2025","2025年女童幼儿圣诞倒数日历"
"eng_Latn","tony's chocolate advent calendar","托尼的巧克力圣诞倒数日历"
"eng_Latn","advent calendars for children","儿童圣诞日历"
"eng_Latn","advent calendars for toddler girls","为幼儿女孩准备的圣诞倒数日历"
"eng_Latn","advent calendars girls teen","少女款青少年降临日历"
"eng_Latn","candy advent calendars for kids","儿童糖果圣诞日历"
"eng_Latn","christmas advent calendars lego","乐高圣诞倒计时日历"
"eng_Latn","highest rated advent calendars","评分最高的圣诞倒数日历"
"eng_Latn","avent calendar 2025 christmas kids","2025年圣诞儿童活动日历"
"eng_Latn","avent calendar makeup","冒险日历化妆"
"eng_Latn","perfume avent calendar","香水冒险日历"
"eng_Latn","24 days advent calendar","24天倒数日历"
"eng_Latn","24 empty advent calendar","24个空白的圣诞倒数日历"
"eng_Latn","advent calendar 2025 12 days","2025年倒数日历 12天"
"eng_Latn","advent calendar 2025 fidgets","2025年倒数日历减压小物"
"eng_Latn","advent calendar 2025 gamer","2025年游戏玩家日历"
"eng_Latn","advent calendar 2025 mystery","2025年神秘降临日历"
"eng_Latn","advent calendar 2025 nail polish","2025年圣诞倒数日历指甲油"
"eng_Latn","advent calendar for 13 year old girl","13岁女孩的圣诞倒数日历"
"eng_Latn","advent calendar for crafters","手工艺者用的倒数日历"
"eng_Latn","advent calendar for kids boys","儿童男孩圣诞倒数日历"
"eng_Latn","advent calendar glow recipe","圣诞倒数日历发光食谱"
"eng_Latn","advent calendar guitar picks","圣诞倒数日历吉他拨片"
"eng_Latn","advent calendar highland cow","高地奶牛主题的倒计时日历"
"eng_Latn","advent calendar lego friends","乐高好友系列圣诞倒数日历"
"eng_Latn","advent calendar nuts","坚果主题的圣诞倒数日历"
"eng_Latn","among us advent calendar","我们之间的圣诞倒数日历"
"eng_Latn","anime advent calendar 2025 adult","2025年成人动漫降临日历"
"eng_Latn","baseball advent calendar for boys","男孩棒球主题的倒数日历"
"eng_Latn","best advent calendar for teen boy","最适合十几岁男孩的圣诞倒数日历"
"eng_Latn","blank advent calendar to fill yourself","空白日历本，任你填写"
"eng_Latn","british advent calendar","英国式圣诞倒数日历"
"eng_Latn","christmas advent calendar lego","乐高圣诞倒数日历"
"eng_Latn","crochet society advent calendar","钩针编织协会圣诞倒数日历"
"eng_Latn","diy advent calendar bags","DIY 圣诞倒数日历袋"
"eng_Latn","empty advent calendar boxes bulk","批量空圣诞日历盒"
"eng_Latn","estee lauder advent calendar","雅诗兰黛节日日历"
"eng_Latn","experiment a day science advent calendar","每日实验科学日历"
"eng_Latn","fishing tackle advent calendar 2025","2025年钓鱼用具圣诞倒数日历"
"eng_Latn","haircare advent calendar","护发产品倒数日历"
"eng_Latn","hyland cow advent calendar 2025","海兰奶牛2025年倒数日历"
"eng_Latn","jewelry advent calendar for teen girls","少女珠宝圣诞倒数日历"
"eng_Latn","jewlery advent calendar 2025","2025年珠宝圣诞倒数日历"
"eng_Latn","kids advent calendar 2025 chocolate","2025年儿童巧克力圣诞倒数日历"
"eng_Latn","large wooden advent calendar","大型木质圣诞倒数日历"
"eng_Latn","lol surprise advent calendar","惊喜圣诞倒数日历"
"eng_Latn","luxury perfume advent calendar 2025","2025年豪华香水圣诞倒数日历"
"eng_Latn","mini book ornament advent calendar","迷你书饰圣诞倒数日历"
"eng_Latn","moana advent calendar","莫阿纳倒计时日历"
"eng_Latn","mystery advent calendar for adults","成人神秘降临日历"
"eng_Latn","national geographic gemstone advent calendar","国家地理宝石主题的圣诞倒数日历"
"eng_Latn","play dough advent calendar 2025","2025年彩泥日历"
"eng_Latn","playmobil junior advent calendar","摩比世界儿童历险日历"
"eng_Latn","reese advent calendar 2025","2025年Reese倒数日历"
"eng_Latn","resin animal advent calendar","树脂动物主题的倒数日历"
"eng_Latn","scripture advent calendar","圣经降临日历"
"eng_Latn","silly goose advent calendar","傻鹅历险日历"
"eng_Latn","spiderman advent calendar for boys","男孩专用蜘蛛侠倒数日历"
"eng_Latn","squish advent calendar 2025","2025年“压扁”主题圣诞倒数日历"
"eng_Latn","sticker dolly dressing advent calendar","贴纸娃娃服装日历"
"eng_Latn","the body shop advent calendar 2025","the body shop 2025年圣诞倒数日历"
"eng_Latn","toddler advent calendar fillers","幼儿圣诞倒数日历填充物"
"eng_Latn","tree hut advent calendar 2025","2025年树屋主题倒数日历"
"eng_Latn","trolls advent calendar","巨魔降临日历"
"eng_Latn","crochet advent calendars","钩针编织的圣诞倒数日历"
"eng_Latn","empty fillable advent calendars","可填写的空白圣诞日历"
"eng_Latn","acts of kindness advent calendar","善意行为倒数日历"
"eng_Latn","advent calendar 2025 kids lego","2025年乐高儿童版降临日历"
"eng_Latn","advent calendar for dads","父亲节倒数日历"
"eng_Latn","advent calendar for elderly","老年人用节日日历"
"eng_Latn","advent calendar mini books","圣诞倒数日历迷你书"
"eng_Latn","advent calendar star wars 2025","2025年星球大战降临日历"
"eng_Latn","advent+calendar+beauty","降临+日历+美丽"
"eng_Latn","bath bomb advent calendar 2025 girls","2025年女孩款浴盐日历"
"eng_Latn","books are magic advent calendar","书籍是神奇的圣诞倒数日历"
"eng_Latn","bunny advent calendar","兔子主题的倒数日历"
"eng_Latn","d&d dice advent calendar 2025","2025年D&D骰子历险日历"
"eng_Latn","diagon alley advent calendar","对角巷圣诞倒数日历"
"eng_Latn","empty christmas advent calendar","空白的圣诞倒数日历"
"eng_Latn","fishing advent calendar 2025 adult","2025年钓鱼主题成人日历"
"eng_Latn","kurt adler advent calendar","库尔特·阿德勒圣诞倒数日历"
"eng_Latn","labubu clothes advent calendar","labubu 服装倒数日历"
"eng_Latn","lingerie advent calendar women","女士内衣圣诞倒数日历"
"eng_Latn","lipgloss advent calendar 2025","2025年唇彩倒数日历"
"eng_Latn","miniature advent calendar","微型圣诞倒数日历"
"eng_Latn","moana advent calendar 2025","2025年莫阿纳日历"
"eng_Latn","nativity scene advent calendar 2025","2025年耶稣诞生场景降临日历"
"eng_Latn","nido advent calendar￼","鸟巢式圣诞倒数日历"
"eng_Latn","ornament advent calendar 2025 kids","2025年儿童装饰品圣诞倒数日历"
"eng_Latn","police advent calendar 2025","2025年警察历险日历"
"eng_Latn","preteen girl advent calendar","青春期前女孩的圣诞倒数日历"
"eng_Latn","snowman advent calendar 2025","2025年雪人倒数日历"
"eng_Latn","sonny angel advent calendar","Sonny Angel 圣诞倒数日历"
"eng_Latn","stationary advent calendar 2025","2025年固定式圣诞倒数日历"
"eng_Latn","step 2 advent calendar house","第二步：圣诞倒数日历屋"
"eng_Latn","top rated advent calendar 2025","2025年最受欢迎的倒数日历"
"eng_Latn","watercolor advent calendar 2025","2025年水彩画圣诞倒数日历"
"eng_Latn","wooden christmas advent calendar","木制圣诞倒数日历"
"eng_Latn","yesstyle advent calendar 2025","yesstyle 2025年圣诞倒数日历"
"eng_Latn","advent calendars alcohol","酒精主题的降临日历"
"eng_Latn","advent calendars skin care","护肤日历"
"eng_Latn","advent calendars to fill","待填写的圣诞日历"
"eng_Latn","advent calendars with candy","带有糖果的节日日历"
"eng_Latn","nail avent calendar","钉子式日历"
"eng_Latn","needoh avent calendar","“needoh avent calendar”的中文翻译是什么"
"eng_Latn","advent calendar 2025 catholic","2025年天主教圣诞倒数日历"
"eng_Latn","advent calendar 2025 hockey","2025年冰球主题的倒计时日历"
"eng_Latn","advent calendar 2025 mom","2025年妈妈款圣诞倒数日历"
"eng_Latn","advent calendar bonne maman","“bonne maman”圣诞倒数日历"
"eng_Latn","advent calendar cheese","奶酪日历"
"eng_Latn","advent calendar dark chocolate 2025","2025年倒数日历黑巧克力"
"eng_Latn","advent calendar for adult","成人用圣诞倒数日历"
"eng_Latn","advent calendar jigsaw puzzle 2025","2025年圣诞倒数拼图"
"eng_Latn","advent calendar kids 2025","2025年儿童降临日历"
"eng_Latn","advent calendar kids boys","儿童男孩圣诞倒数日历"
"eng_Latn","advent calendar lotion","倒数日历润肤乳"
"eng_Latn","advent calendar netflix","Netflix的倒数日历"
"eng_Latn","advent calendar trinkets","圣诞倒数日历小饰品"
"eng_Latn","advent coffee calendar 2025","2025年圣诞咖啡日历"
"eng_Latn","advent whiskey calendar","圣诞威士忌日历"
"eng_Latn","bible verse advent calendar","圣经经文圣诞倒数日历"
"eng_Latn","clay advent calendar 2025","2025年黏土日历"
"eng_Latn","cocoa advent calendar","可可日历"
"eng_Latn","cooking advent calendar 2025 adult","2025年烹饪日历（成人版）"
"eng_Latn","dodger advent calendar 2025","2025年躲闪者历险日历"
"eng_Latn","fuzzy socks advent calendar 2025","2025年模糊袜子倒数日历"
"eng_Latn","gabby doll house advent calendar 2025","2025年加布丽埃勒娃娃屋圣诞倒数日历"
"eng_Latn","gel nail advent calendar","凝胶美甲日历"
"eng_Latn","german chocolate advent calendar 2025","2025年德国巧克力圣诞倒数日历"
"eng_Latn","girls jewelry advent calendar 2025","2025年女孩珠宝圣诞倒数日历"
"eng_Latn","guy advent calendar","男士圣诞倒数日历"
"eng_Latn","high end advent calendar","高端圣诞倒数日历"
"eng_Latn","horror movie advent calendar","恐怖电影主题的圣诞倒数日历"
"eng_Latn","huntrix advent calendar","huntrix 圣诞倒数日历"
"eng_Latn","kendra scott advent calendar 2024","肯德拉·斯科特2024年圣诞倒数日历"
"eng_Latn","lego advent calendar 2025 friends","乐高2025年朋友系列圣诞倒数日历"
"eng_Latn","lego advent calendar harry potter","乐高哈利波特主题的圣诞倒数日历"
"eng_Latn","mechanic advent calendar","机械式倒数日历"
"eng_Latn","mini plush advent calendar 2025","2025年迷你毛绒圣诞倒数日历"
"eng_Latn","pen advent calendar 2025","2025年笔式日历"
"eng_Latn","premium makeup advent calendar","高端彩妆圣诞倒数日历"
"eng_Latn","purple advent calendar","紫色圣诞倒数日历"
"eng_Latn","ramen advent calendar 2025","2025年拉面倒数日历"
"eng_Latn","snap ebt eligible advent calendar","符合Snap EBT资格的圣诞倒数日历"
"eng_Latn","sock advent calendar men","男士袜子倒数日历"
"eng_Latn","workout advent calendar 2025","2025年健身日历"
"eng_Latn","xmas advent calendar 2025","2025年圣诞倒数日历"
"eng_Latn","advent calendars boy","男孩的降临日历"
"eng_Latn","advent calendars for cats","猫咪主题的圣诞倒数日历"
"eng_Latn","advent calendars for young men","为年轻男士准备的圣诞倒数日历"
"eng_Latn","2025 squishmallow advent calendar","2025年软糯小球冒险日历"
"eng_Latn","advent calendar 2025 nfl","2025年美国国家橄榄球联盟（NFL）倒数日历"
"eng_Latn","advent calendar 2025 self care","2025年倒数日历，自我关怀"
"eng_Latn","advent calendar coffee pods","圣诞倒数日历咖啡胶囊"
"eng_Latn","advent calendar for 4 year old","4岁儿童用的圣诞倒数日历"
"eng_Latn","advent calendar for bonne maman","“bonne maman”的降临日历"
"eng_Latn","advent calendar k pop demon hunters","“K-pop恶魔猎人”降临日历"
"eng_Latn","advent calendar preschool","幼儿园圣诞倒数日历"
"eng_Latn","advent jewelry calendar 2025","2025年圣诞珠宝日历"
"eng_Latn","bbq advent calendar 2025","2025年烧烤日历"
"eng_Latn","best fishing advent calendar 2025","2025年最佳钓鱼日历"
"eng_Latn","book themed advent calendar","以书籍为主题的倒数日历"
"eng_Latn","boys sports advent calendar 2025","2025年男孩运动主题日历"
"eng_Latn","chocolate advent calendar￼","巧克力倒数日历"
"eng_Latn","christmas fishing advent calendar","圣诞钓鱼日历"
"eng_Latn","cool advent calendar 2025","酷炫的2025年倒数日历"
"eng_Latn","divine chocolate advent calendar","神圣巧克力降临日历"
"eng_Latn","gel nail polish advent calendar 2025","2025年凝胶指甲油圣诞倒数日历"
"eng_Latn","jelly cat advent calendar 2025","2025年果冻猫降临日历"
"eng_Latn","loose leaf tea advent calendar","活页茶日历"
"eng_Latn","lush advent calendar 2025","2025年奢华圣诞倒数日历"
"eng_Latn","mco beauty advent calendar 2025","2025年mco美容日历"
"eng_Latn","model car advent calendar","模型车倒计时日历"
"eng_Latn","perfume advent calendar for women","女士香水倒数日历"
"eng_Latn","potion advent calendar","魔法药水降临日历"
"eng_Latn","raccoon advent calendar","浣熊主题的倒数日历"
"eng_Latn","sees candy advent calendar","看到糖果降临日历"
"eng_Latn","soccer card advent calendar","足球卡日历"
"eng_Latn","steelers advent calendar 2025","2025年钢人队倒数日历"
"eng_Latn","tank advent calendar 2025","2025年坦克主题日历"
"eng_Latn","thomas advent calendar 2025","2025年托马斯倒数日历"
"eng_Latn","twilight advent calendar","暮光降临日历"
"eng_Latn","twilight advent calendar 2025","2025年暮光降临日历"
"eng_Latn","ucanbe makeup advent calendar 2025","ucanbe 2025年化妆日历"
"eng_Latn","advent calendars football","足球主题的降临日历"
"eng_Latn","bourbon advent calendars","波旁威士忌圣诞倒数日历"
"eng_Latn","pokemon advent calendars 2025","2025年口袋妖怪主题的日历"
"eng_Latn","retirement countdown calendar","退休倒计时日历"
"eng_Latn","advent calendar 2025 bath and body","2025年沐浴与身体护理日历"
"eng_Latn","advent calendar 2025 boys 5","2025年男孩款倒数日历5"
"eng_Latn","advent calendar 2025 taba squishy","2025年塔巴黏糊糊的降临日历"
"eng_Latn","advent calendar baby boy","男婴降临日历"
"eng_Latn","advent calendar book romance","圣诞倒数日历浪漫小说"
"eng_Latn","advent calendar for little boys","小男孩的圣诞倒数日历"
"eng_Latn","advent calendar pink","粉红色倒数日历"
"eng_Latn","advent calendar with books","带书的圣诞倒数日历"
"eng_Latn","bath & body works advent calendar","沐浴及身体护理用品圣诞倒数日历"
"eng_Latn","beef stick advent calendar","牛肉棒日历"
"eng_Latn","bonne maman jam advent calendar 2025","2025年Bonne Maman果酱圣诞倒数日历"
"eng_Latn","classroom advent calendar","教室圣诞倒数日历"
"eng_Latn","creative advent calendar","创意圣诞倒数日历"
"eng_Latn","dove chocolate advent calendar","多芬巧克力圣诞倒数日历"
"eng_Latn","gabby's dollhouse advent calendar 2025","加布丽埃勒的玩具屋圣诞倒数日历2025"
"eng_Latn","gilmore girl advent calendar 2025","2025年吉尔摩女孩倒数日历"
"eng_Latn","girls jewelry advent calendar","女孩珠宝圣诞倒数日历"
"eng_Latn","golfers advent calendar 2025","2025年高尔夫球手历险日历"
"eng_Latn","grabie advent calendar","“grabie advent calendar”的中文翻译是什么"
"eng_Latn","guitar lovers advent calendar","吉他爱好者倒数日历"
"eng_Latn","gun advent calendar 2025","2025年枪支倒数日历"
"eng_Latn","jigsaw advent calendar","拼图式圣诞倒数日历"
"eng_Latn","loose leaf tea advent calendar 2025","2025年活页茶日历"
"eng_Latn","mochi advent calendar","麻糬倒数日历"
"eng_Latn","moriah elizabeth advent calendar 2025","2025年莫里亚·伊丽莎白圣诞倒数日历"
"eng_Latn","numi tea advent calendar 2025","2025年numi茶日历"
"eng_Latn","plouise advent calendar","plouise 圣诞倒数日历"
"eng_Latn","pokemon 2025 advent calendar","《宝可梦》2025年倒数日历"
"eng_Latn","popcorn advent calendar 2025 for adults","2025年成人爆米花倒数日历"
"eng_Latn","putty advent calendar 2025","2025年putty圣诞倒数日历"
"eng_Latn","rare beauty advent calendar","稀有之美降临日历"
"eng_Latn","strawberry shortcake advent calendar","草莓酥饼圣诞倒数日历"
"eng_Latn","the grinch advent calendar","圣诞怪杰倒数日历"
"eng_Latn","whiskey advent calendar￼","威士忌倒数日历"
"eng_Latn","ysl advent calendar 2025","YSL 2025年圣诞倒数日历"
"eng_Latn","advent calendars christmas chocolate","圣诞巧克力降临日历"
"eng_Latn","advent calendars for kids candy","儿童糖果的降临日历"
"eng_Latn","candy advent calendars 2025","2025年糖果主题的圣诞倒数日历"
"eng_Latn","cool kids advent calendars","酷炫儿童圣诞倒数日历"
"eng_Latn","6 year old girl advent calendar","6岁女孩的圣诞倒数日历"
"eng_Latn","advent calendar 2025 brain teaser","2025年倒数日历脑筋急转弯"
"eng_Latn","advent calendar 2025 funny","2025年趣味倒数日历"
"eng_Latn","advent calendar beauty products","圣诞倒数日历美容产品"
"eng_Latn","advent calendar dinosaurs","恐龙主题的倒数日历"
"eng_Latn","advent calendar for men funny","男士趣味圣诞倒数日历"
"eng_Latn","advent calendar lets battle","圣诞倒数日历，准备开战"
"eng_Latn","advent calendar number stickers","倒数日历数字贴纸"
"eng_Latn","advent calendar paw patrol 2025","2025年狗狗巡逻队倒数日历"
"eng_Latn","advent calendar space","倒计时日历空间"
"eng_Latn","advent sock calendar 2025","2025年圣诞袜日历"
"eng_Latn","animal crossing advent calendar","动物之森圣诞倒数日历"
"eng_Latn","bark advent calendar","树皮日历"
"eng_Latn","best advent calendar 2025 for women","2025年女性最佳圣诞倒数日历"
"eng_Latn","best advent calendar for 2 year old","最适合2岁孩子的圣诞倒数日历"
"eng_Latn","cat lover advent calendar 2025","2025年爱猫人士日历"
"eng_Latn","christmas advent calendar puzzles","圣诞倒数日历拼图"
"eng_Latn","dallas cowboys advent calendar 2025","达拉斯牛仔队2025年圣诞倒数日历"
"eng_Latn","emotional support pals advent calendar","情感支持伙伴降临日历"
"eng_Latn","empty wooden advent calendar","空木制圣诞倒数日历"
"eng_Latn","exit game advent calendar 2025","2025年退出游戏历险日历"
"eng_Latn","firefighter advent calendar 2025","2025年消防员主题圣诞倒数日历"
"eng_Latn","incense advent calendar","香薰倒数日历"
"eng_Latn","krampus advent calendar","克朗普斯降临日历"
"eng_Latn","lego advent calendar 2026","乐高2026年圣诞倒数日历"
"eng_Latn","lego advent calendar for girls","乐高女孩版圣诞倒数日历"
"eng_Latn","mens sock advent calendar","男士袜子倒数日历"
"eng_Latn","possum advent calendar 2025","负鼠历险日历2025"
"eng_Latn","revolve beauty advent calendar","旋转美容降临日历"
"eng_Latn","schleich horse advent calendar","施莱希马术日历"
"eng_Latn","south park advent calendar 2025","《南方公园》2025年圣诞倒数日历"
"eng_Latn","sport advent calendar","运动主题的倒计时日历"
"eng_Latn","tmnt advent calendar 2025","《忍者神龟》2025年历"
"eng_Latn","toddler advent calendar boys","幼儿男孩圣诞倒数日历"
"eng_Latn","truffle advent calendar","松露日历"
"eng_Latn","tween boy advent calendar","男孩款圣诞倒数日历"
"eng_Latn","universal yum advent calendar","万能美味降临日历"
"eng_Latn","advent calendars girl","女孩的降临日历"
"eng_Latn","dnd advent calendars","DND（龙与地下城）冒险日历"
"eng_Latn","fillable advent calendars","可填写的圣诞日历"
"eng_Latn","wicked avent calendar","邪恶的冒险日历"
"eng_Latn","12 empty advent calendar boxes","12个空的圣诞日历盒"
"eng_Latn","2025 advent calendar chocolate","2025年巧克力圣诞倒数日历"
"eng_Latn","activity advent calendar 2025 kids","2025年儿童活动日历"
"eng_Latn","advent calendar 2025 gabby dollhouse","2025年加布丽埃勒玩具屋圣诞倒数日历"
"eng_Latn","advent calendar 6 year old boy","6岁男孩的降临日历"
"eng_Latn","advent calendar blocks","倒数日历块"
"eng_Latn","advent calendar chocolate lindt","瑞士莲巧克力圣诞倒数日历"
"eng_Latn","advent calendar cloth","圣诞倒数日历布"
"eng_Latn","advent calendar for 16 year old boy","16岁男孩的降临日历"
"eng_Latn","advent calendar for boys pokemon","男孩宝可梦主题的倒数日历"
"eng_Latn","advent calendar for car lovers","汽车爱好者的倒数日历"
"eng_Latn","advent calendar for cat","猫咪的降临日历"
"eng_Latn","advent calendar for teachers","教师日历"
"eng_Latn","advent calendar for teen girls sephora","丝芙兰少女款圣诞倒数日历"
"eng_Latn","advent calendar gaming","倒数日历游戏"
"eng_Latn","advent calendar gnomes","圣诞倒数日历小矮人"
"eng_Latn","advent calendar legos 2025","2025年乐高圣诞倒数日历"
"eng_Latn","advent calendar romance book","圣诞倒数日历浪漫小说"
"eng_Latn","advent calendar skin care 2025","2025年护肤日历"
"eng_Latn","advent fishing lure calendar 2025","2025年垂钓诱饵日历"
"eng_Latn","advent wine calendar for adults","成人圣诞红酒日历"
"eng_Latn","beetles nail advent calendar","甲虫指甲倒计时日历"
"eng_Latn","book advent calendar kids","儿童书籍圣诞倒数日历"
"eng_Latn","disney little people advent calendar","迪士尼小矮人历险日历"
"eng_Latn","doorable advent calendar","可挂式圣诞倒数日历"
"eng_Latn","drink advent calendar 2025","2025年饮品倒数日历"
"eng_Latn","face care advent calendar","面部护理日历"
"eng_Latn","garden advent calendar","花园主题的倒数日历"
"eng_Latn","hershey chocolate advent calendar 2025","好时巧克力2025年圣诞倒数日历"
"eng_Latn","hiking advent calendar 2025","2025年徒步旅行日历"
"eng_Latn","lego advent calendar 2025 kids","乐高2025年儿童圣诞倒数日历"
"eng_Latn","lindt christmas advent calendar 2025","瑞士莲2025年圣诞倒数日历"
"eng_Latn","monster advent calendar","怪物冒险日历"
"eng_Latn","mushroom advent calendar 2025","2025年蘑菇主题日历"
"eng_Latn","play dough advent calendar","彩泥日历"
"eng_Latn","polar express advent calendar","极地特快圣诞倒数日历"
"eng_Latn","rick and morty advent calendar 2025","《瑞克和莫蒂》2025年倒数日历"
"eng_Latn","rum advent calendar","朗姆酒圣诞倒数日历"
"eng_Latn","stick bot advent calendar","棒形机器人圣诞倒数日历"
"eng_Latn","the simpsons advent calendar","《辛普森一家》圣诞倒数日历"
"eng_Latn","tokidoki advent calendar","tokidoki 圣诞倒数日历"
"eng_Latn","tool advent calendar for men","男士工具日历"
"eng_Latn","tools advent calendar 2025","2025年工具倒数日历"
"eng_Latn","traditional advent calendar","传统圣诞倒数日历"
"eng_Latn","truffle advent calendar 2025","2025年松露日历"
"eng_Latn","advent calendars book","预订圣诞倒数日历"
"eng_Latn","advent calendars hot chocolate","降临日历热巧克力"
"eng_Latn","advent calendars wooden","木质圣诞倒数日历"
"eng_Latn","best advent calendars for adults","最适合成人的圣诞倒数日历"
"eng_Latn","car advent calendars","汽车主题的日历"
"eng_Latn","christmas advent calendars candy","圣诞降临日历糖果"
"eng_Latn","wooden advent calendars to fill","待填写的木质圣诞日历"
"eng_Latn","minecraft avent calendar","《我的世界》冒险日历"
"eng_Latn","2025 beauty advent calendar","2025年美妆日历"
"eng_Latn","4 year old boy advent calendar","四岁男孩的圣诞倒数日历"
"eng_Latn","911 porsche advent calendar","911 保时捷倒数日历"
"eng_Latn","advent calendar 2025 animals","2025年动物主题的倒数日历"
"eng_Latn","advent calendar 2025 crafts","2025年手工制作圣诞倒数日历"
"eng_Latn","advent calendar 2025 demon slayer","2025年《鬼灭之刃》降临日历"
"eng_Latn","advent calendar 2025 fnaf","2025年五指山冒险乐园（Fnaf）圣诞倒数日历"
"eng_Latn","advent calendar 2025 teen girls skincare","2025年少女护肤日历"
"eng_Latn","advent calendar baseball cards","倒计时日历棒球卡"
"eng_Latn","advent calendar christmas vacation","圣诞假期倒数日历"
"eng_Latn","advent calendar for cat lovers","猫咪爱好者的倒数日历"
"eng_Latn","advent calendar for teen girls jewelry","少女珠宝节日倒数日历"
"eng_Latn","advent calendar for video gamers","电子游戏玩家的倒数日历"
"eng_Latn","advent calendar women beauty","女性美容日历"
"eng_Latn","aviation advent calendar 2025","2025年航空日历"
"eng_Latn","best makeup advent calendar 2025","2025年最佳彩妆倒数日历"
"eng_Latn","best toddler advent calendar","最佳幼儿圣诞倒数日历"
"eng_Latn","bibliophile advent calendar 2025","2025年藏书家倒数日历"
"eng_Latn","big advent calendar","大型圣诞倒数日历"
"eng_Latn","dino advent calendar 2025 kids","2025年儿童恐龙主题圣诞倒数日历"
"eng_Latn","fidget toys advent calendar","减压玩具圣诞倒数日历"
"eng_Latn","gamers advent calendar 2025","2025年游戏玩家冒险日历"
"eng_Latn","halo advent calendar","光环降临日历"
"eng_Latn","hiking advent calendar","徒步旅行日历"
"eng_Latn","k pop demon hunter advent calendar 2025","2025年K-Pop恶魔猎人降临日历"
"eng_Latn","keychain advent calendar 2025","2025年钥匙扣式倒数日历"
"eng_Latn","large empty advent calendar","大型空置的圣诞倒数日历"
"eng_Latn","lego advent calendar 2025 boys","乐高2025年男孩款圣诞倒数日历"
"eng_Latn","lightning mcqueen advent calendar 2025","2025年闪电麦昆倒数日历"
"eng_Latn","marshmallow advent calendar","棉花糖主题的圣诞倒数日历"
"eng_Latn","mtg advent calendar 2025","2025年MTG（万智牌）历险日历"
"eng_Latn","nail art advent calendar","美甲艺术日历"
"eng_Latn","necklace advent calendar","项链式圣诞倒数日历"
"eng_Latn","non candy advent calendar 2025","2025年非糖果圣诞倒数日历"
"eng_Latn","pixar advent calendar 2025","皮克斯2025年圣诞倒数日历"
"eng_Latn","rubber ducks advent calendar","橡皮鸭倒数日历"
"eng_Latn","small advent calendar","小型圣诞倒数日历"
"eng_Latn","snack advent calendar for adults","成人零食圣诞倒数日历"
"eng_Latn","stash advent calendar","隐藏式圣诞倒数日历"
"eng_Latn","tiny advent calendar stuffers","小小的圣诞日历装饰品"
"eng_Latn","w7 beauty blast advent calendar 2025","w7 2025年美丽绽放倒数日历"
"eng_Latn","womens advent calendar 2025 beauty","2025年女士美容圣诞倒数日历"
"eng_Latn","advent calendars 2025 kids","2025年儿童款圣诞倒数日历"
"eng_Latn","advent calendars art","圣诞日历艺术"
"eng_Latn","advent calendars boys 8-12","8-12岁男孩的圣诞倒数日历"
"eng_Latn","advent calendars craft","制作圣诞日历"
"eng_Latn","advent calendars for tween boys","为青少年男孩准备的圣诞倒数日历"
"eng_Latn","candy advent calendars for teens","青少年糖果主题的圣诞倒数日历"
"eng_Latn","christmas advent calendars makeup","圣诞倒数日历化妆品"
"eng_Latn","sex advent calendars","性爱日历"
"eng_Latn","unique advent calendars for men","男士专属的独特圣诞倒数日历"
"eng_Latn","kids christmas calendar countdown","儿童圣诞倒计时日历"
"eng_Latn","12 day advent calendar box empty","12天圣诞倒数日历盒已空"
"eng_Latn","4 year old advent calendar","4岁儿童用的圣诞倒数日历"
"eng_Latn","5 year old advent calendar","5岁儿童用的圣诞倒数日历"
"eng_Latn","7 year old girl advent calendar 2025","2025年7岁女孩圣诞倒数日历"
"eng_Latn","advent calendar 2025 lps","2025年LPS圣诞倒数日历"
"eng_Latn","advent calendar 2025 monster truck","2025年怪物卡车主题的圣诞倒数日历"
"eng_Latn","advent calendar 2025 sanrio","2025年三丽鸥圣诞倒数日历"
"eng_Latn","advent calendar amazon beauty","亚马逊美妆日历"
"eng_Latn","advent calendar birds","圣诞日历小鸟"
"eng_Latn","advent calendar boys age 4","4岁男孩的圣诞倒数日历"
"eng_Latn","advent calendar chapstick 24 days","24天唇膏日历"
"eng_Latn","advent calendar elf makeup","圣诞倒数日历精灵妆容"
"eng_Latn","advent calendar for golfers","高尔夫球手日历"
"eng_Latn","advent puzzle calendar for adults","成人用节日拼图日历"
"eng_Latn","breyer horse advent calendar","布雷耶马日历"
"eng_Latn","chocolate candy advent calendar 2025","2025年巧克力糖果倒数日历"
"eng_Latn","crazy aaron's advent calendar","疯狂亚伦的圣诞倒数日历"
"eng_Latn","dc advent calendar 2025","2025年DC日历"
"eng_Latn","disney pixar cars advent calendar 2025","迪士尼皮克斯汽车2025年圣诞倒数日历"
"eng_Latn","disney storybook advent calendar","迪士尼故事书主题的倒数日历"
"eng_Latn","doggie advent calendar 2025","2025年狗狗主题日历"
"eng_Latn","evry jewels advent calendar","“evry jewels advent calendar”的中文翻译为“艾芙丽珠宝圣诞倒数日历”"
"eng_Latn","fidget advent calendar for boys","男孩专用解压日历"
"eng_Latn","fishing advent calendar￼","钓鱼主题的倒计时日历"
"eng_Latn","frenchie advent calendar 2025","2025年法国冒险日历"
"eng_Latn","funko pop advent calendar 2025 stranger things","Funko Pop 2025年《怪奇物语》主题圣诞倒数日历"
"eng_Latn","geode advent calendar 2025","2025年大地历（或地球历）圣诞倒数日历"
"eng_Latn","griswold lego advent calendar","格里斯沃尔德乐高圣诞倒数日历"
"eng_Latn","kneedoh advent calendar","kneedoh 圣诞倒数日历"
"eng_Latn","korean skincare advent calendar 2025","2025年韩国护肤日历"
"eng_Latn","lego boys advent calendar","乐高男孩圣诞倒数日历"
"eng_Latn","mini brands christmas advent calendar","迷你品牌圣诞倒数日历"
"eng_Latn","minion advent calendar 2025","2025年小黄人降临日历"
"eng_Latn","musical advent calendar 2025","2025年音乐圣诞倒数日历"
"eng_Latn","nativity advent calendar wooden","木质圣诞倒数日历"
"eng_Latn","ocean advent calendar 2025","2025年海洋探险日历"
"eng_Latn","oreo advent calendar","奥利奥圣诞倒数日历"
"eng_Latn","photography advent calendar 2025","2025年摄影日历"
"eng_Latn","race car advent calendar","赛车主题的倒数日历"
"eng_Latn","rubber ducky advent calendar","橡皮鸭倒数日历"
"eng_Latn","seinfeld advent calendar","《宋飞正传》圣诞倒数日历"
"eng_Latn","sports cards advent calendar","运动卡牌圣诞倒数日历"
"eng_Latn","stash advent calendar 2025","2025年藏宝日历"
"eng_Latn","teen beauty advent calendar 2025","2025年少女美妆日历"
"eng_Latn","tonies advent calendar","托尼的圣诞倒数日历"
"eng_Latn","world wrestling entertainment advent calendar","世界摔跤娱乐公司圣诞倒数日历"
"eng_Latn","advent calendars for toddlers 2025","2025年幼儿用降临日历"
"eng_Latn","golf advent calendars","高尔夫球历险日历"
"eng_Latn","nee doh advent calendars","“nee doh advent calendars”的中文翻译是什么"
"eng_Latn","countdown christmas calendar","倒计时圣诞日历"
"eng_Latn","3 year old boy advent calendar 2025","2025年3岁男孩圣诞倒数日历"
"eng_Latn","6 year old boy advent calendar","6岁男孩的圣诞倒数日历"
"eng_Latn","adult advent calendar 2025 women","2025年女士成人历险日历"
"eng_Latn","advent calendar 2025 art supplies","2025年艺术用品降临日历"
"eng_Latn","advent calendar 2025 cosmetics","2025年化妆品圣诞倒数日历"
"eng_Latn","advent calendar 2025 for adult women","2025年成年女性圣诞倒数日历"
"eng_Latn","advent calendar 2025 makeup elf","2025年化妆精灵降临日历"
"eng_Latn","advent calendar diamond painting","圣诞倒数日历钻石画"
"eng_Latn","advent calendar nutcracker","圣诞倒数日历胡桃夹子"
"eng_Latn","advent calendar pusheen","圣诞日历小猫咪"
"eng_Latn","bunny advent calendar 2025","2025年兔子主题圣诞倒数日历"
"eng_Latn","calendar advent make up","日历降临妆容"
"eng_Latn","calico critter advent calendar","印花小动物日历"
"eng_Latn","calico critters advent calendar 2023","2023年布偶动物降临日历"
"eng_Latn","christmas advent calendar chocolate","圣诞倒数日历巧克力"
"eng_Latn","crafty advent calendar","精巧的圣诞倒数日历"
"eng_Latn","dog treats advent calendar 2025","2025年狗狗零食圣诞倒数日历"
"eng_Latn","embroidery advent calendar 2025","2025年刺绣圣诞倒数日历"
"eng_Latn","firetruck advent calendar 2025","2025年消防车主题的倒数日历"
"eng_Latn","gadget advent calendar 2025","2025年小玩意儿倒数日历"
"eng_Latn","hello kitty and friends advent calendar","凯蒂猫和朋友们圣诞倒数日历"
"eng_Latn","husband advent calendar","丈夫降临日历"
"eng_Latn","international advent calendar","国际圣诞倒数日历"
"eng_Latn","italian braineot advent calendar","意大利脑力冒险日历"
"eng_Latn","jesus advent calendar for kids","儿童耶稣降临日历"
"eng_Latn","kpop demon advent calendar","Kpop恶魔降临日历"
"eng_Latn","lacrosse advent calendar","长曲棍球主题的倒数日历"
"eng_Latn","lego ornament advent calendar 2025","乐高装饰品圣诞倒数日历2025"
"eng_Latn","mens fragrance advent calendar","男士香水倒数日历"
"eng_Latn","mens socks advent calendar","男士袜子倒数日历"
"eng_Latn","micromellow advent calendar","微醇香日历"
"eng_Latn","national lampoons advent calendar","国家讽刺画历"
"eng_Latn","niederegger advent calendar","尼德雷格圣诞倒数日历"
"eng_Latn","nintendo switch advent calendar","任天堂Switch圣诞倒数日历"
"eng_Latn","nut free chocolate advent calendar","无坚果巧克力圣诞倒数日历"
"eng_Latn","plain advent calendar","普通降临日历"
"eng_Latn","roger la borde advent calendar","罗杰·拉博德圣诞倒数日历"
"eng_Latn","seaglass bird advent calendar","海玻璃小鸟日历"
"eng_Latn","sex advent calendar 2025","2025年性爱日历"
"eng_Latn","simpson advent calendar 2025","辛普森2025年圣诞倒数日历"
"eng_Latn","skittles advent calendar 2025","2025年彩虹糖日历"
"eng_Latn","squishmallow advent calendar 2025 squish a long","2025年软糖豆豆降临日历，软糖豆豆长款"
"eng_Latn","teen advent calendar girl","青少年历险日历女孩"
"eng_Latn","ww2 aircraft advent calendar 2025","2025年二战飞机日历"
"eng_Latn","advent calendars christian","基督教的降临日历"
"eng_Latn","advent calendars for little girls","小女孩的降临日历"
"eng_Latn","advent calendars for teens boys","青少年男孩的降临日历"
"eng_Latn","advent calendars legos","乐高积木圣诞倒数日历"
"eng_Latn","advent calendars ulta","ULTA 圣诞倒数日历"
"eng_Latn","funko pops advent calendars","Funko Pop 圣诞倒数日历"
"eng_Latn","perfume advent calendars 2025","2025年香水圣诞倒数日历"
"eng_Latn","stitch avent calendar","缝制月历"
"eng_Latn","'advent calendar","“倒计时日历”"
"eng_Latn","18 inch doll advent calendar","18英寸玩偶圣诞倒数日历"
"eng_Latn","2025 topps advent calendar","2025年Topps圣诞倒数日历"
"eng_Latn","advent calendar 11 year old girl","11岁女孩的降临日历"
"eng_Latn","advent calendar 2025 4 year old boys","2025年四岁男孩圣诞倒数日历"
"eng_Latn","advent calendar 2025 charm bracelet","2025年圣诞倒数日历手链"
"eng_Latn","advent calendar 2025 chocolate kids","2025年儿童巧克力主题的降临日历"
"eng_Latn","advent calendar exit","倒数日历退出"
"eng_Latn","advent calendar for boys sports","男孩运动主题的倒数日历"
"eng_Latn","advent calendar for young adults","为年轻人设计的倒数日历"
"eng_Latn","advent calendar lip balm","日历造型润唇膏"
"eng_Latn","advent calendar plush","圣诞日历毛绒玩具"
"eng_Latn","advent calendar schleich","施莱赫圣诞降临日历"
"eng_Latn","advent calendar transformers","变形金刚降临日历"
"eng_Latn","beauty advent calendar 2025 teen girls","2025年少女美妆日历"
"eng_Latn","beauty advent calendar luxury","美妆奢华日历"
"eng_Latn","bldr hello kitty advent calendar","bldr凯蒂猫圣诞倒数日历"
"eng_Latn","body and earth advent calendar","身体与地球倒数日历"
"eng_Latn","calico critters advent calendar 2025","2025年印花小动物圣诞倒数日历"
"eng_Latn","candy for advent calendar","圣诞倒数日历糖果"
"eng_Latn","cardboard advent calendar box","纸板圣诞倒数日历盒"
"eng_Latn","christmas advent calendar 2025 for family","2025年家庭圣诞倒数日历"
"eng_Latn","christmas advent calendar bracelet set","圣诞倒数日历手链套装"
"eng_Latn","colitt - fishing advent calendar","colitt - 钓鱼日历"
"eng_Latn","crystals advent calendar","水晶降临日历"
"eng_Latn","dad joke advent calendar","爸爸笑话圣诞倒数日历"
"eng_Latn","dubai chocolate advent calendar 2025","2025年迪拜巧克力圣诞倒数日历"
"eng_Latn","duke cannon advent calendar","公爵大炮降临日历"
"eng_Latn","eurographics advent calendar","欧洲图形学协会圣诞倒数日历"
"eng_Latn","gabby advent calendar","加布丽埃勒圣诞倒数日历"
"eng_Latn","games advent calendar","游戏式圣诞倒数日历"
"eng_Latn","girls advent calendar age 8","8岁女孩的圣诞倒数日历"
"eng_Latn","griswold christmas advent calendar","格里斯沃尔德圣诞倒数日历"
"eng_Latn","kids advent calendar girls","儿童女孩款圣诞倒数日历"
"eng_Latn","kiwi co advent calendar","奇异果公司圣诞倒数日历"
"eng_Latn","kiwi co advent calendar 2025","奇异果公司2025年圣诞倒数日历"
"eng_Latn","lindor chocolate advent calendar","林多巧克力圣诞倒数日历"
"eng_Latn","magnetic tiles advent calendar","磁性瓷砖倒数日历"
"eng_Latn","manga advent calendar 2025","2025年漫画降临日历"
"eng_Latn","matchbox car advent calendar 2025","2025年火柴盒汽车主题日历"
"eng_Latn","milkbone advent calendar","milkbone 圣诞倒数日历"
"eng_Latn","monster energy advent calendar","怪物能量饮料日历"
"eng_Latn","ninjago advent calendar 2025","2025年《忍者神龟》圣诞倒数日历"
"eng_Latn","paintable advent calendar","可涂色的圣诞倒数日历"
"eng_Latn","pop funko advent calendar 2025","Pop Funko 2025年圣诞倒数日历"
"eng_Latn","pukka advent calendar 2025","2025年纯正圣诞倒数日历"
"eng_Latn","science advent calendar for boys","男孩科学历险日历"
"eng_Latn","sees advent calendar","看到降临日历"
"eng_Latn","spicy advent calendar","辣味冒险日历"
"eng_Latn","squishies advent calendar 2025","2025年软糖豆豆日历"
"eng_Latn","tactical advent calendar","战术型倒数日历"
"eng_Latn","tech deck advent calendar 2025","2025年科技甲板倒数日历"
"eng_Latn","terrys chocolate orange advent calendar","特里巧克力橙子倒数日历"
"eng_Latn","topps advent calendar baseball","Topps 棒球主题圣诞倒数日历"
"eng_Latn","toy advent christmas calendar","玩具圣诞倒数日历"
"eng_Latn","trucks advent calendar","卡车主题的倒数日历"
"eng_Latn","ulta advent calendar 2025 christmas","2025年圣诞倒数日历"
"eng_Latn","vegan chocolate advent calendar 2025","2025年纯素巧克力圣诞倒数日历"
"eng_Latn","whisky advent calendar for adults","成人威士忌日历"
"eng_Latn","advent calendars for 10 year old girls","10岁女孩的圣诞倒数日历"
"eng_Latn","advent calendars sports","运动主题的降临日历"
"eng_Latn","bluey advent calendars","蓝色冒险日历"
"eng_Latn","candle advent calendars","蜡烛式圣诞倒数日历"
"eng_Latn","cute advent calendars for girls","为女孩们准备的可爱圣诞倒数日历"
"eng_Latn","family advent calendars","家庭圣诞倒数日历"
"eng_Latn","hot wheels advent calendars for boys","男孩风火轮玩具车历"
"eng_Latn","squishmallow advent calendars","软糯小球冒险日历"
"eng_Latn","teen girls advent calendars","少女款圣诞倒数日历"
"eng_Latn","'chocolate advent calendar'","“巧克力倒数日历”"
"eng_Latn","12 days of christmas advent calendar kids","12天圣诞倒数日历儿童版"
"eng_Latn","3d dragon advent calendar","3D龙历险日历"
"eng_Latn","3d dragon advent calendar 2025","2025年3D龙历险日历"
"eng_Latn","advent calendar 2025 adult chocolate","2025年成人巧克力圣诞倒数日历"
"eng_Latn","advent calendar 2025 cheese","2025年奶酪主题的倒数日历"
"eng_Latn","advent calendar 2025 clue","2025年圣诞倒数日历线索"
"eng_Latn","advent calendar 2025 for cats","2025年猫咪主题的倒数日历"
"eng_Latn","advent calendar 2025 mens","2025年男士圣诞倒数日历"
"eng_Latn","advent calendar arts and crafts","圣诞倒数日历手工艺品"
"eng_Latn","advent calendar for gamers 2025","2025年游戏玩家日历"
"eng_Latn","advent calendar gems","圣诞倒数日历珍品"
"eng_Latn","advent calendar reeses","Reese's Advent日历"
"eng_Latn","advent calendar spices","圣诞倒数日历香料"
"eng_Latn","advent calendar tween boy","男孩款降临日历"
"eng_Latn","advent calendar unicorn","独角兽主题的倒计时日历"
"eng_Latn","advent calendar vegan","素食主义者的倒数日历"
"eng_Latn","advent calendar with toys","玩具降临日历"
"eng_Latn","art advent calendar for teens","青少年艺术日历"
"eng_Latn","beauty advent calendar women","女士美容日历"
"eng_Latn","butterfly advent calendar","蝴蝶主题的倒数日历"
"eng_Latn","crafting advent calendar for adults","为成年人制作圣诞倒数日历"
"eng_Latn","demon hunter advent calendar","恶魔猎人倒数日历"
"eng_Latn","ebt eligible advent calendar","符合EBT条件的圣诞倒数日历"
"eng_Latn","eos advent calendar 2025 train","2025年Eos列车倒数日历"
"eng_Latn","felt advent calendar for toddlers","幼儿用毛毡圣诞倒数日历"
"eng_Latn","ferrero rocher chocolate advent calendar","费列罗巧克力圣诞倒数日历"
"eng_Latn","fun adult advent calendar 2025","2025年趣味成人历险日历"
"eng_Latn","grilling advent calendar","烧烤日历"
"eng_Latn","heavy equipment advent calendar 2025","2025年重型设备倒数日历"
"eng_Latn","kit kat advent calendar 2025","奇巧2025年圣诞倒数日历"
"eng_Latn","light up village rotating advent calendar","点亮村庄旋转式圣诞倒数日历"
"eng_Latn","mini brands book advent calendar","迷你品牌书式圣诞倒数日历"
"eng_Latn","mini ornament advent calendar 2025","2025年迷你装饰品圣诞倒数日历"
"eng_Latn","miniatures advent calendar","微缩模型圣诞倒数日历"
"eng_Latn","nasa advent calendar","美国国家航空航天局（NASA）圣诞倒数日历"
"eng_Latn","needle advent calendar","针刺式日历"
"eng_Latn","neuhaus advent calendar","诺豪斯圣诞倒数日历"
"eng_Latn","nutella advent calendar 2025","2025年能多益巧克力酱圣诞倒数日历"
"eng_Latn","sephora advent calendar￼","丝芙兰圣诞倒数日历"
"eng_Latn","stitch a day advent embroidery calendar","每天一针，绣制降临节日历"
"eng_Latn","xbox advent calendar 2025","2025年Xbox圣诞倒数日历"
"eng_Latn","ysl advent calendar","YSL 圣诞倒数日历"
"eng_Latn","advent calendars at amazon","亚马逊的圣诞倒数日历"
"eng_Latn","advent calendars makeup and skincare","圣诞日历彩妆和护肤品"
"eng_Latn","advent calendars taba squishy","降临日历塔巴黏糊糊的"
"eng_Latn","art advent calendars","艺术主题的圣诞倒数日历"
"eng_Latn","food advent calendars for adults","成人食品冒险日历"
"eng_Latn","empty avent calendar","清空活动日历"
"eng_Latn","holiday countdown calendar","假日倒计时日历"
"eng_Latn","kinder countdown calendar","儿童倒计时日历"
"eng_Latn","xmas calendar countdown","圣诞倒计时日历"
"eng_Latn","2025 aircraft advent calendar world war ii plane","2025年飞机降临日历：二战飞机"
"eng_Latn","6 year old girl advent calendar 2025","2025年6岁女孩圣诞倒数日历"
"eng_Latn","8 year old girl advent calendar 2025","2025年8岁女孩圣诞倒数日历"
"eng_Latn","adult alcohol advent calendar 2025","2025年成人酒精日历"
"eng_Latn","advent calendar 2025 eos","2025年圣诞节倒数日历"
"eng_Latn","advent calendar bitty pop","圣诞倒数日历小糖果"
"eng_Latn","advent calendar diy box","DIY倒数日历盒"
"eng_Latn","advent calendar for men grooming","男士美容日历"
"eng_Latn","advent calendar horses","圣诞倒数日历马"
"eng_Latn","advent calendar trucks","圣诞日历卡车"
"eng_Latn","art supplies advent calendar 2025","2025年艺术用品倒数日历"
"eng_Latn","baby girl advent calendar","女婴降临日历"
"eng_Latn","bead advent calendar","珠珠历险日历"
"eng_Latn","cosmetic advent calendar","化妆品节日日历"
"eng_Latn","fairy advent calendar 2025","2025年童话历险日历"
"eng_Latn","firefighter advent calendar","消防员主题的倒数日历"
"eng_Latn","flaviar whiskey advent calendar 2025","Flaviar 2025年威士忌圣诞倒数日历"
"eng_Latn","football cards advent calendar","足球卡日历"
"eng_Latn","gift card advent calendar 2025","2025年礼品卡圣诞倒数日历"
"eng_Latn","harry potter advent calendar￼","哈利·波特主题的圣诞倒数日历"
"eng_Latn","interactive advent calendar","互动式圣诞倒数日历"
"eng_Latn","interactive advent calendar 2025","2025年互动式圣诞倒数日历"
"eng_Latn","journal advent calendar","日记本圣诞倒数日历"
"eng_Latn","keurig coffee advent calendar 2025","Keurig 2025年咖啡倒数日历"
"eng_Latn","lego botanical advent calendar","乐高植物探险日历"
"eng_Latn","manga advent calendar","漫画圣诞倒数日历"
"eng_Latn","musical theater advent calendar","音乐剧主题的圣诞倒数日历"
"eng_Latn","nasa advent calendar 2025","2025年美国宇航局（NASA）圣诞倒数日历"
"eng_Latn","nativity advent calendar with story","带故事的圣诞降临日历"
"eng_Latn","philadelphia eagles advent calendar 2025","费城老鹰队2025年圣诞倒数日历"
"eng_Latn","pokemon tcg advent calendar","《宝可梦》集换式卡牌游戏（TCG）圣诞倒数日历"
"eng_Latn","press on nail advent calendar 2025","2025年指甲压印式圣诞倒数日历"
"eng_Latn","rare beauty advent calendar 2025","2025年稀有之美降临日历"
"eng_Latn","scooby doo advent calendar 2025","史酷比2025年圣诞倒数日历"
"eng_Latn","snickers advent calendar","士力架圣诞倒数日历"
"eng_Latn","soap advent calendar","肥皂日历"
"eng_Latn","spa day advent calendar","水疗日历"
"eng_Latn","squish mellow advent calendar￼","软糯香甜圣诞倒数日历"
"eng_Latn","storybook advent calendar 2025","2025年故事书圣诞倒数日历"
"eng_Latn","topps baseball advent calendar","Topps棒球日历"
"eng_Latn","vending machine advent calendar","自动售货机式圣诞倒数日历"
"eng_Latn","wasgij advent calendar 2025","2025年wasgij圣诞倒数日历"
"eng_Latn","wufers dog advent calendar","“wufers”牌狗狗主题日历"
"eng_Latn","ww2 plane advent calendar","二战飞机主题的倒计时日历"
"eng_Latn","adult advent calendars for women","女士成人历险日历"
"eng_Latn","advent calendars for dogs 2025","2025年狗狗日历"
"eng_Latn","advent calendars for families","家庭用圣诞倒数日历"
"eng_Latn","advent calendars kpop","Kpop的降临日历"
"eng_Latn","advent calendars roblox","罗布乐思（Roblox）的降临日历"
"eng_Latn","labubu avent calendar","拉布布冒险日历"
"eng_Latn","advent calendar 2025 10 year old girl","2025年10岁女孩的圣诞倒数日历"
"eng_Latn","advent calendar 2025 capybara","2025年水豚主题圣诞倒数日历"
"eng_Latn","advent calendar 2025 chocolate cadbury","2025年吉百利巧克力圣诞倒数日历"
"eng_Latn","advent calendar 2025 college girl","2025年女大学生倒数日历"
"eng_Latn","advent calendar 2025 spongebob","2025年海绵宝宝主题的降临日历"
"eng_Latn","advent calendar 2025 with chocolates","2025年带巧克力的圣诞倒数日历"
"eng_Latn","advent calendar christmas 2025","2025年圣诞倒数日历"
"eng_Latn","advent calendar edible","可食用的圣诞倒数日历"
"eng_Latn","advent calendar for baseball lovers","棒球爱好者的倒数日历"
"eng_Latn","advent calendar for boys candy","男孩糖果的降临日历"
"eng_Latn","advent calendar makeup sephora","丝芙兰（Sephora）的圣诞倒数日历彩妆"
"eng_Latn","advent calendar mens","男士圣诞倒数日历"
"eng_Latn","advent calendar mickey mouse","米老鼠主题的倒数日历"
"eng_Latn","advent calendar victoria secret","维多利亚的秘密圣诞倒数日历"
"eng_Latn","advent calendar wooden box","圣诞倒数日历木盒"
"eng_Latn","alice in wonderland advent calendar","《爱丽丝梦游仙境》主题的圣诞倒数日历"
"eng_Latn","benefit advent calendar","福利圣诞倒数日历"
"eng_Latn","bible verse advent calendar 2025","2025年圣经经文圣诞日历"
"eng_Latn","bibliophile advent calendar for booklovers","为书迷们准备的藏书家日历"
"eng_Latn","christmas advent calendar for boys","男孩专用圣诞倒数日历"
"eng_Latn","christmas countdown advent calendar","圣诞倒计时日历"
"eng_Latn","christmas gnome advent calendar","圣诞小矮人降临日历"
"eng_Latn","christmas nativity advent calendar","圣诞耶稣诞生降临日历"
"eng_Latn","collitt fishing advent calendar","科利特钓鱼日历"
"eng_Latn","elf on shelf advent calendar 2025","2025年货架上的小精灵降临日历"
"eng_Latn","fairy advent calendar","精灵降临日历"
"eng_Latn","gilmore girls advent calendar 2026","2026年吉尔摩女孩圣诞倒数日历"
"eng_Latn","harley davidson advent calendar","哈雷戴维森圣诞倒数日历"
"eng_Latn","hershey kiss advent calendar 2025","好时巧克力2025年圣诞倒数日历"
"eng_Latn","joyin advent calendar 2025","2025年joyin圣诞倒数日历"
"eng_Latn","k-pop advent calendar","韩国流行音乐圣诞倒数日历"
"eng_Latn","kids lego advent calendar","儿童乐高圣诞倒数日历"
"eng_Latn","lego advent calendar sets","乐高圣诞倒数日历套装"
"eng_Latn","lingerie advent calendar for adults","成人内衣圣诞倒数日历"
"eng_Latn","mclaren advent calendar","迈凯伦（McLaren）圣诞倒数日历"
"eng_Latn","mha advent calendar 2025","2025年MHA（注：MHA可能为特定品牌或活动缩写，具体含义需根据上下文确定）倒数日历"
"eng_Latn","milka advent calendar 2025","2025年米尔卡（Milka）圣诞倒数日历"
"eng_Latn","mochi squishy advent calendar","麻糬软糯日历"
"eng_Latn","nhl hockey advent calendar 2025","2025年NHL冰球圣诞倒数日历"
"eng_Latn","panda advent calendar 2025","2025年熊猫主题倒数日历"
"eng_Latn","scrunchie advent calendar","发圈式倒数日历"
"eng_Latn","slytherin advent calendar","斯莱特林圣诞倒数日历"
"eng_Latn","spa advent calendar for girls","女孩专用SPA日历"
"eng_Latn","summer fridays advent calendar 2025","2025年夏季星期五倒数日历"
"eng_Latn","vampire diaries advent calendar","《吸血鬼日记》圣诞倒数日历"
"eng_Latn","watercolor advent calendar","水彩画圣诞倒数日历"
"eng_Latn","wings of fire advent calendar 2025","2025年火翼飞龙倒数日历"
"eng_Latn","advent calendars for toddler boys","男童款圣诞倒数日历"
"eng_Latn","advent calendars lip gloss","圣诞日历唇彩"
"eng_Latn","christmas advent calendars for toddlers","幼儿圣诞倒数日历"
"eng_Latn","clearance advent calendars beauty","清仓特惠日历 美容"
"eng_Latn","sephora advent calendars","丝芙兰圣诞倒数日历"
"eng_Latn","spa advent calendars","水疗日历"
"eng_Latn","tool advent calendars","工具型圣诞倒数日历"
"eng_Latn","24 advent calendar","24格圣诞倒数日历"
"eng_Latn","5 year old girl advent calendar 2025","2025年5岁女孩圣诞倒数日历"
"eng_Latn","advent calendar 2025 monster jam","2025年怪物果酱降临日历"
"eng_Latn","advent calendar 2025 play doh","2025年Play-Doh玩具日历"
"eng_Latn","advent calendar boxes bulk","批量装圣诞日历盒"
"eng_Latn","advent calendar for guitar players","吉他手日历"
"eng_Latn","advent calendar italian brainrot","圣诞日历意大利脑残"
"eng_Latn","advent calendar little girls","小女孩的降临日历"
"eng_Latn","advent calendar stickers 1-25","倒数日历贴纸1-25"
"eng_Latn","advent food calendar 2025","2025年节庆食品日历"
"eng_Latn","air dry clay advent calendar","风干黏土日历"
"eng_Latn","amazon advent calendar beauty","亚马逊美妆日历"
"eng_Latn","aphmau advent calendar 2025","aphmau 2025年圣诞倒数日历"
"eng_Latn","book advent calendar adult","成人书籍圣诞倒数日历"
"eng_Latn","boys advent calendar 2025 hot wheels","2025年男孩风火轮玩具圣诞倒数日历"
"eng_Latn","brio advent calendar 2025","2025年brio圣诞倒数日历"
"eng_Latn","cat ornament advent calendar 2025","2025年猫装饰品圣诞倒数日历"
"eng_Latn","coffee pod advent calendar","咖啡胶囊倒数日历"
"eng_Latn","crafts advent calendar 2025","2025年手工艺品圣诞倒数日历"
"eng_Latn","crossword advent calendar 2025","2025年填字游戏圣诞倒数日历"
"eng_Latn","crown royal advent calendar","皇冠皇家圣诞倒数日历"
"eng_Latn","fake nails advent calendar","假指甲倒数日历"
"eng_Latn","farm animal advent calendar 2025","2025年农场动物主题日历"
"eng_Latn","female advent calendar 2025","2025年女性日历"
"eng_Latn","ford mustang advent calendar","福特野马主题的日历"
"eng_Latn","gymnastics advent calendar 2025","2025年体操倒计时日历"
"eng_Latn","hallmark advent calendar","标志性降临日历"
"eng_Latn","highland cow advent calendar 2026","2026年高地奶牛主题日历"
"eng_Latn","kinder egg advent calendar 2025","2025年儿童蛋历险日历"
"eng_Latn","lakrids advent calendar","Lakrids 圣诞倒数日历"
"eng_Latn","lindt teddy bear advent calendar","瑞士莲泰迪熊倒数日历"
"eng_Latn","m&m advent calendar","M&M巧克力豆日历"
"eng_Latn","madeline advent calendar","玛德琳降临日历"
"eng_Latn","male advent calendar","男士圣诞倒数日历"
"eng_Latn","matchbox cars advent calendar 2025","2025年火柴盒汽车主题日历"
"eng_Latn","mini gifts for advent calendar","圣诞倒数日历小礼品"
"eng_Latn","moomin advent calendar","姆明圣诞倒数日历"
"eng_Latn","neo dough advent calendar","新面团降临日历"
"eng_Latn","paris advent calendar 2025","2025年巴黎圣诞倒数日历"
"eng_Latn","rick and morty advent calendar","《瑞克和莫蒂》圣诞倒数日历"
"eng_Latn","santa advent calendar","圣诞老人降临日历"
"eng_Latn","stress ball advent calendar","减压球式倒数日历"
"eng_Latn","train advent calendar for boys","男孩火车主题的圣诞倒数日历"
"eng_Latn","whole family advent calendar","全家福圣诞倒数日历"
"eng_Latn","ww ii aircraft advent calendar","二战飞机日历"
"eng_Latn","advent calendars cologne","科隆香氛日历"
"eng_Latn","mens avent calendar","男士冒险日历"
"eng_Latn","24 day advent calendar 2025","2025年24天倒数日历"
"eng_Latn","7 year old boy advent calendar 2025","2025年7岁男孩圣诞倒数日历"
"eng_Latn","99 nights in the forest advent calendar","森林探险日历99夜"
"eng_Latn","advent calendar 2025 bath and body works","2025年沐浴与身体护理用品日历"
"eng_Latn","advent calendar 2025 coffee pods","2025年圣诞倒数日历咖啡胶囊"
"eng_Latn","advent calendar 2025 ebt eligible","2025年圣诞倒数日历，符合企业所得税（EBT）优惠条件"
"eng_Latn","advent calendar 2025 for girls 6-8","2025年女孩6-8岁圣诞倒数日历"
"eng_Latn","advent calendar 2025 for toddler boys","2025年男童幼儿日历"
"eng_Latn","advent calendar 2025 hot sauce","2025年辣椒酱倒数日历"
"eng_Latn","advent calendar 2025 mini perfume","2025年圣诞倒数日历迷你香水"
"eng_Latn","advent calendar 2025 vermont christmas company","2025年佛蒙特圣诞公司倒数日历"
"eng_Latn","advent calendar axolotl","美西钝口螈降临日历"
"eng_Latn","advent calendar book lovers","圣诞日历书爱好者"
"eng_Latn","advent calendar building","倒数日历制作"
"eng_Latn","advent calendar chocolate kids","儿童巧克力倒数日历"
"eng_Latn","advent calendar christmas ornaments","圣诞倒数日历装饰品"
"eng_Latn","advent calendar dungeons and dragons","“龙与地下城”主题的降临日历"
"eng_Latn","advent calendar for seniors","老年人圣诞倒数日历"
"eng_Latn","advent calendar lego minecraft","乐高《我的世界》主题日历"
"eng_Latn","advent calendar sports cards","圣诞日历运动卡"
"eng_Latn","advent calendar squishies","圣诞日历软胶玩具"
"eng_Latn","advent calendar stuffers for men","男士圣诞倒数日历礼盒"
"eng_Latn","advent fishing lure calendar","垂钓诱饵日历"
"eng_Latn","assorted chocolate advent calendar","什锦巧克力圣诞倒数日历"
"eng_Latn","children advent calendar christmas","儿童圣诞倒数日历"
"eng_Latn","christmas jewelry advent calendar for girls","女孩圣诞珠宝主题倒数日历"
"eng_Latn","cigar advent calendar","雪茄日历"
"eng_Latn","cowboy advent calendar 2025","2025年牛仔主题倒数日历"
"eng_Latn","foodie advent calendar 2025","2025年美食家倒数日历"
"eng_Latn","friends tv show advent calendar 2025","《老友记》电视剧2025年圣诞倒数日历"
"eng_Latn","gem stone advent calendar","宝石主题的倒数日历"
"eng_Latn","hello kitty and friends advent calendar 2025","2025年凯蒂猫与朋友们圣诞倒数日历"
"eng_Latn","jameson advent calendar","詹姆森圣诞倒数日历"
"eng_Latn","john deere advent calendar","约翰迪尔（John Deere）圣诞倒数日历"
"eng_Latn","keurig 24 cups of cheer advent calendar","Keurig 24杯欢乐圣诞倒数日历"
"eng_Latn","kinder bueno advent calendar","金德布诺圣诞倒数日历"
"eng_Latn","kitty advent calendar","猫咪主题的倒数日历"
"eng_Latn","kiwi advent calendar","奇异鸟（kiwi）主题的倒数日历"
"eng_Latn","lego train advent calendar 2025","乐高火车2025年圣诞倒数日历"
"eng_Latn","makeup advent calendar 2025 kids","2025年儿童彩妆倒数日历"
"eng_Latn","nature advent calendar","自然主题的倒数日历"
"eng_Latn","sinful advent calendar","罪恶感满满的圣诞倒数日历"
"eng_Latn","spooky advent calendar","诡异的圣诞倒数日历"
"eng_Latn","stranger things advent calendar￼","《怪奇物语》圣诞倒数日历"
"eng_Latn","thanksgiving advent calendar","感恩节倒数日历"
"eng_Latn","tiny toys for advent calendar","圣诞日历中的小玩具"
"eng_Latn","tops advent calendar 2025","2025年tops倒数日历"
"eng_Latn","unique advent calendar 2025 for adults","2025年成人专用独特圣诞倒数日历"
"eng_Latn","warhammer advent calendar 2025","2025年战锤历险日历"
"eng_Latn","wooden advent calendar nativity scene","木质圣诞倒数日历耶稣诞生场景"
"eng_Latn","ww2 tank advent calendar","二战坦克主题的倒数日历"
"eng_Latn","advent calendars for teen boys 2025","2025年青少年男孩的降临日历"
"eng_Latn","advent calendars religious","宗教主题的降临日历"
"eng_Latn","mini brands advent calendars","迷你品牌圣诞倒数日历"
"eng_Latn","snack advent calendars","零食圣诞倒数日历"
"eng_Latn","advent calendar 12 year old boy","12岁男孩的圣诞倒数日历"
"eng_Latn","advent calendar 2025 boys 9","2025年男孩款圣诞倒数日历9"
"eng_Latn","advent calendar 2025 with candy","2025年带糖果的圣诞倒数日历"
"eng_Latn","advent calendar boys 2025","2025年男孩款圣诞倒数日历"
"eng_Latn","advent calendar ebt","倒计时日历电子版"
"eng_Latn","advent calendar figurines","圣诞倒数日历小雕像"
"eng_Latn","advent calendar for families","家庭用圣诞倒数日历"
"eng_Latn","advent kids calendar","降临节儿童日历"
"eng_Latn","books advent calendar 2025","2025年书籍降临日历"
"eng_Latn","caramel advent calendar 2025","2025年焦糖倒数日历"
"eng_Latn","cheese advent calendar for adults","成人奶酪日历"
"eng_Latn","couples advent calendar for adults","成人情侣款圣诞倒数日历"
"eng_Latn","dairy free chocolate advent calendar","无乳制品巧克力圣诞倒数日历"
"eng_Latn","disney puzzle advent calendar 2025","2025年迪士尼拼图日历"
"eng_Latn","earring advent calendar for girls","女孩耳环圣诞倒数日历"
"eng_Latn","educational advent calendar","教育日历"
"eng_Latn","elf on shelf advent calendar","货架上的小精灵降临日历"
"eng_Latn","fine art advent calendar","艺术主题的倒数日历"
"eng_Latn","golfers advent calendar","高尔夫球手冒险日历"
"eng_Latn","harry and david advent calendar","哈利和大卫的圣诞倒数日历"
"eng_Latn","kbeauty advent calendar","韩国美妆品牌 Advent Calendar"
"eng_Latn","kids craft advent calendar 2025","2025年儿童手工艺圣诞倒数日历"
"eng_Latn","lakrids by bulow advent calendar","“Bulow”牌拉克里兹巧克力圣诞倒数日历"
"eng_Latn","lego advent calendar flower","乐高圣诞倒数日历花"
"eng_Latn","lego train advent calendar","乐高火车主题的倒数日历"
"eng_Latn","lip smackers advent calendar","唇膏试用装倒数日历"
"eng_Latn","make it mini advent calendar 2025","将其制作成2025年迷你圣诞倒数日历"
"eng_Latn","nerf advent calendar","nerf 圣诞倒数日历"
"eng_Latn","playstation advent calendar","PlayStation 圣诞倒数日历"
"eng_Latn","sasquatch advent calendar","大脚怪倒数日历"
"eng_Latn","skin care advent calendar￼","护肤日历"
"eng_Latn","teenage boys advent calendar","青少年男孩圣诞倒数日历"
"eng_Latn","the murder mystery advent calendar","谋杀悬疑日历"
"eng_Latn","tiny gifts for advent calendar adults","为成年人准备的圣诞倒数日历小礼物"
"eng_Latn","toddler boy christmas advent calendar","男童圣诞倒数日历"
"eng_Latn","unfinished advent calendar","未完成的圣诞倒数日历"
"eng_Latn","ww2 airplane advent calendar","二战飞机主题的倒数日历"
"eng_Latn","young adult advent calendar","青年成人圣诞倒数日历"
"eng_Latn","yum earth advent calendar","Yum Earth 节日日历"
"eng_Latn","advent calendars candles","圣诞倒数日历蜡烛"
"eng_Latn","advent calendars for him","为他准备的圣诞倒数日历"
"eng_Latn","advent calendars for teenage boys","青少年男孩的降临日历"
"eng_Latn","paper advent calendars","纸质日历"
"eng_Latn","advent calendar 2025 3 year old girl","2025年3岁女孩的圣诞倒数日历"
"eng_Latn","advent calendar 2025 bourbon","2025年波本威士忌降临日历"
"eng_Latn","advent calendar 2025 girls 5","2025年女孩款倒数日历5"
"eng_Latn","advent calendar 7 year old boy","圣诞倒数日历 7岁男孩款"
"eng_Latn","advent calendar empty to fill","待填写的空日历"
"eng_Latn","advent calendar fill your own","自填式圣诞倒数日历"
"eng_Latn","advent calendar for one year old","一岁儿童用的圣诞倒数日历"
"eng_Latn","advent calendar korean skincare","韩式护肤日历"
"eng_Latn","advent pokemon calendar 2025","2025年宝可梦降临日历"
"eng_Latn","art advent calendar for adults","成人艺术日历"
"eng_Latn","bark box advent calendar","树皮盒式圣诞倒数日历"
"eng_Latn","best advent calendar for teen boys","最适合青少年男孩的圣诞倒数日历"
"eng_Latn","best golf advent calendar 2025","2025年最佳高尔夫日历"
"eng_Latn","bike advent calendar","自行车历险日历"
"eng_Latn","bluey christmas advent calendar 2025","2025年蓝色圣诞倒数日历"
"eng_Latn","boy advent calendar 2025 sports","2025年男孩运动主题圣诞倒数日历"
"eng_Latn","boys toy advent calendar","男孩玩具圣诞倒数日历"
"eng_Latn","chai advent calendar","柴火日历"
"eng_Latn","christmas jewelry advent calendar","圣诞珠宝倒数日历"
"eng_Latn","flower bouquet advent calendar 2025","2025年花束倒数日历"
"eng_Latn","formula one advent calendar","一级方程式赛车倒数日历"
"eng_Latn","fuggler advent calendar 2025","2025年福格勒圣诞倒数日历"
"eng_Latn","jelly bean advent calendar","软糖豆圣诞倒数日历"
"eng_Latn","journaling advent calendar","日记式圣诞倒数日历"
"eng_Latn","kirby advent calendar","柯比（Kirby）圣诞倒数日历"
"eng_Latn","la bubu advent calendar 2025","2025年la bubu倒数日历"
"eng_Latn","lure advent calendar","诱人冒险日历"
"eng_Latn","micromallow advent calendar","锦葵图案的倒数日历"
"eng_Latn","ms rachel advent calendar 2025","2025年Rachel女士倒数日历"
"eng_Latn","nativity lego advent calendar 2025","2025年乐高圣诞倒数日历"
"eng_Latn","naughty advent calendar","淘气圣诞倒数日历"
"eng_Latn","race car advent calendar 2025","2025年赛车主题日历"
"eng_Latn","reading advent calendar 2025","2025年阅读日历"
"eng_Latn","retro games coding advent calendar","复古游戏编程倒数日历"
"eng_Latn","reusable advent calendar box","可重复使用的圣诞倒数日历盒"
"eng_Latn","sea glass christmas tree advent calendar 2025","2025年海玻璃圣诞树倒数日历"
"eng_Latn","simpson advent calendar","辛普森一家圣诞倒数日历"
"eng_Latn","summer friday advent calendar","夏日周五倒数日历"
"eng_Latn","swedish candy advent calendar 2025","2025年瑞典糖果圣诞倒数日历"
"eng_Latn","wednesday addams advent calendar","星期三·亚当斯圣诞倒数日历"
"eng_Latn","advent calendars for kids girls","儿童女孩的降临日历"
"eng_Latn","advent calendars for mom","妈妈专属的降临日历"
"eng_Latn","advent calendars nightmare before christmas","圣诞前夜降临日历噩梦"
"eng_Latn","grinch advent calendars","圣诞怪杰主题的倒数日历"
"eng_Latn","harry potter advent calendars 2025","2025年哈利·波特主题的圣诞倒数日历"
"eng_Latn","squishy advent calendars","软糯的圣诞倒数日历"
"eng_Latn","baby avent calendar","婴儿活动日历"
"eng_Latn","fishing avent calendar","钓鱼冒险日历"
"eng_Latn","lego avent calendar","乐高冒险日历"
"eng_Latn","adult advent calendar 2025 men","2025年男士成人历险日历"
"eng_Latn","advent calendar 2025 16 year old girl","2025年16岁女孩的降临日历"
"eng_Latn","advent calendar 2025 adult food","2025年成人食品降临日历"
"eng_Latn","advent calendar 2025 beer","2025年啤酒倒数日历"
"eng_Latn","advent calendar 2025 cute","2025年可爱圣诞倒数日历"
"eng_Latn","advent calendar 2025 for mom","2025年妈妈专属的节日日历"
"eng_Latn","advent calendar 2025 for teens girls","2025年青少年女孩圣诞倒数日历"
"eng_Latn","advent calendar 2025 lego friends","2025年乐高朋友系列倒数日历"
"eng_Latn","advent calendar 2025 pop funko","2025年pop funko圣诞倒数日历"
"eng_Latn","advent calendar 4 year old","4岁儿童用的圣诞倒数日历"
"eng_Latn","advent calendar batman","蝙蝠侠降临日历"
"eng_Latn","advent calendar container","倒计时日历容器"
"eng_Latn","advent calendar fillers for boys","男孩用的圣诞倒数日历填充物"
"eng_Latn","advent calendar for 18 year old girl","18岁女孩的降临日历"
"eng_Latn","advent calendar for adults coffee","成人咖啡主题的倒数日历"
"eng_Latn","advent calendar religious 2025","2025年宗教主题的降临日历"
"eng_Latn","advent calendar rubber duck","圣诞倒数日历橡胶鸭"
"eng_Latn","advent calendar tween girls","女孩间圣诞倒数日历"
"eng_Latn","advent dog calendar 2025","2025年圣诞狗狗日历"
"eng_Latn","alphabet advent calendar","字母表式圣诞倒数日历"
"eng_Latn","beach glass advent calendar","海滩玻璃日历"
"eng_Latn","bear advent calendar 2025","2025年熊主题日历"
"eng_Latn","beauty advent calendar 24 days","24天美丽日历"
"eng_Latn","cat ornament advent calendar","猫咪装饰品倒数日历"
"eng_Latn","chocolate kids advent calendar","巧克力儿童倒数日历"
"eng_Latn","christmas socks advent calendar","圣诞袜倒数日历"
"eng_Latn","coraline advent calendar 2025","2025年卡洛琳圣诞倒数日历"
"eng_Latn","dove advent calendar","多芬圣诞倒数日历"
"eng_Latn","fabric christmas advent calendar","布制圣诞倒数日历"
"eng_Latn","fidget advent calendar for girls","女孩专用解压日历"
"eng_Latn","fisher price little people advent calendar 2025","费雪牌小人历2025"
"eng_Latn","fnaf funko pop advent calendar","FNAF Funko Pop Advent Calendar"
"eng_Latn","fossil advent calendar","化石主题的圣诞倒数日历"
"eng_Latn","gearhead advent calendar","齿轮头圣诞倒数日历"
"eng_Latn","godiva chocolate advent calendar 2025","歌帝梵2025年巧克力圣诞倒数日历"
"eng_Latn","golfing advent calendar 2025","2025年高尔夫球日历"
"eng_Latn","greek mythology advent calendar","希腊神话主题的倒数日历"
"eng_Latn","harry potter advent calendar 2026","2026年哈利·波特主题圣诞倒数日历"
"eng_Latn","hello kitty advent calendar 2025 girls","2025年女孩款凯蒂猫倒数日历"
"eng_Latn","hogokids advent calendar","hogokids 圣诞倒数日历"
"eng_Latn","irish advent calendar","爱尔兰主题的倒数日历"
"eng_Latn","korean beauty advent calendar 2025","2025年韩国美妆日历"
"eng_Latn","lego advent 2025 calendar","乐高2025年圣诞日历"
"eng_Latn","lego advent calendar for kids","儿童乐高圣诞倒数日历"
"eng_Latn","marshmallow advent calendar 2025","2025年棉花糖降临日历"
"eng_Latn","mens sock advent calendar 2025","2025年男士袜子倒数日历"
"eng_Latn","nativity advent calendar lego","乐高耶稣诞生倒计时日历"
"eng_Latn","schleich harry potter advent calendar","施莱希哈利·波特主题圣诞倒数日历"
"eng_Latn","sea glass tree advent calendar","海玻璃树日历"
"eng_Latn","sexy advent calendar","性感圣诞倒数日历"
"eng_Latn","skittles advent calendar","彩虹糖圣诞倒数日历"
"eng_Latn","slim advent calendar 2025","2025年超薄圣诞倒数日历"
"eng_Latn","stem advent calendar for boys","男孩专用STEM主题日历"
"eng_Latn","teenage mutant ninja turtles advent calendar","忍者神龟历险日历"
"eng_Latn","through the window puzzle advent calendar","透过窗户的拼图式圣诞倒数日历"
"eng_Latn","trivia advent calendar","琐事日历"
"eng_Latn","wooden nativity advent calendar 2025","2025年木质耶稣诞生倒计时日历"
"eng_Latn","xbox advent calendar","Xbox 圣诞倒数日历"
"eng_Latn","advent calendars labubu","labubu的降临日历"
"eng_Latn","advent calendars lindt","瑞士莲（Lindt）圣诞倒数日历"
"eng_Latn","advent calendars toys","圣诞倒数玩具日历"
"eng_Latn","baby advent calendars","婴儿降临日历"
"eng_Latn","funny advent calendars","有趣的圣诞倒数日历"
"eng_Latn","makeup avent calendar","彩妆活动日历"
"eng_Latn","kids christmas countdown calendar","儿童圣诞倒计时日历"
"eng_Latn","49ers advent calendar 2025","2025年49人队倒数日历"
"eng_Latn","8 year old boy advent calendar","8岁男孩的圣诞倒数日历"
"eng_Latn","9 year old boy advent calendar 2025","2025年9岁男孩圣诞倒数日历"
"eng_Latn","advent calendar 2025 4 year old girl","2025年圣诞倒数日历，适合4岁女孩"
"eng_Latn","advent calendar 2025 car","2025年汽车主题的圣诞倒数日历"
"eng_Latn","advent calendar 2025 puzzles","2025年倒数日历拼图"
"eng_Latn","advent calendar canvas","倒计时日历画布"
"eng_Latn","advent calendar cookie","圣诞倒数饼干"
"eng_Latn","advent calendar football 2025","2025年足球日历"
"eng_Latn","advent calendar for boys age 4","4岁男孩的圣诞倒数日历"
"eng_Latn","advent calendar gummy candy","圣诞倒数日历软糖"
"eng_Latn","advent calendar hair products","倒计时日历护发产品"
"eng_Latn","advent calendar pop funko","降临日历 pop funko"
"eng_Latn","advent calendar superhero","超级英雄降临日历"
"eng_Latn","advent calendar toys for kids","儿童圣诞倒数日历玩具"
"eng_Latn","advent craft calendar","降临节工艺日历"
"eng_Latn","adventure advent calendar","冒险主题的倒数日历"
"eng_Latn","barebells advent calendar","裸铃铛圣诞倒数日历"
"eng_Latn","boyfriend advent calendar","男友降临日历"
"eng_Latn","build your own advent calendar 2025","制作你自己的2025年圣诞倒数日历"
"eng_Latn","canvas advent calendar blank","空白画布式圣诞倒数日历"
"eng_Latn","christian kids advent calendar","基督徒儿童圣诞倒数日历"
"eng_Latn","christmas advent calendar for teen girls","少女款圣诞倒数日历"
"eng_Latn","christmas advent calendar wall hanging","圣诞倒计时日历挂饰"
"eng_Latn","christmas movie advent calendar","圣诞电影倒数日历"
"eng_Latn","crayola advent calendar 2025","克雷奥拉2025年圣诞倒数日历"
"eng_Latn","crazy aaron's putty advent calendar","疯狂亚伦的黏土日历"
"eng_Latn","crazy aaron's thinking putty advent calendar","疯狂亚伦的思维黏土圣诞倒数日历"
"eng_Latn","dentist advent calendar 2025","2025年牙医日历"
"eng_Latn","disney stitch advent calendar 2025","迪士尼史迪奇2025年圣诞倒数日历"
"eng_Latn","diy christmas advent calendar","DIY圣诞倒数日历"
"eng_Latn","dragonball z advent calendar 2025","《龙珠Z》2025年倒计时日历"
"eng_Latn","fancy chocolate advent calendar","精美的巧克力圣诞倒数日历"
"eng_Latn","fresh cut paper advent calendar 2025","2025年新鲜剪纸式圣诞倒数日历"
"eng_Latn","hershey kisses advent calendar 2025","2025年好时巧克力吻降临日历"
"eng_Latn","hollow knight advent calendar","空洞骑士圣诞倒数日历"
"eng_Latn","hunters advent calendar","猎人历险日历"
"eng_Latn","joyin advent calendar","joyin 圣诞倒数日历"
"eng_Latn","kitten advent calendar 2025","2025年小猫主题倒数日历"
"eng_Latn","lego car advent calendar 2025","乐高汽车2025年圣诞倒数日历"
"eng_Latn","meat advent calendar","肉类主题的倒数日历"
"eng_Latn","mechanical ornaments advent calendar","机械装饰品圣诞倒数日历"
"eng_Latn","milk bone advent calendar","牛奶骨头形状的倒数日历"
"eng_Latn","mini ornament advent calendar","迷你装饰品圣诞倒数日历"
"eng_Latn","my littlest pet shop advent calendar","我的小宠物店圣诞倒数日历"
"eng_Latn","nerd advent calendar 2025","2025年书呆子历险日历"
"eng_Latn","painting advent calendar 2025","2025年绘画日历"
"eng_Latn","poly pocket advent calendar 2025","2025年聚口袋式圣诞倒数日历"
"eng_Latn","rocks advent calendar 2025","2025年摇滚日历"
"eng_Latn","small gifts for advent calendar kids","为圣诞日历儿童准备的小礼物"
"eng_Latn","star wars advent calendar for adults","《星球大战》成人版倒数日历"
"eng_Latn","step 2 my first advent calendar","步骤2 我的第一个圣诞倒数日历"
"eng_Latn","things to put in advent calendar","放入圣诞日历中的物品"
"eng_Latn","toddler book advent calendar","幼儿图书圣诞倒数日历"
"eng_Latn","tween boys advent calendar","男孩间圣诞倒数日历"
"eng_Latn","wax melt advent calendar","蜡融化日历"
"eng_Latn","wife advent calendar","妻子降临日历"
"eng_Latn","wolf advent calendar","狼主题的倒数日历"
"eng_Latn","advent calendars baby","圣诞日历宝贝"
"eng_Latn","advent calendars cheap","便宜的降临日历"
"eng_Latn","advent calendars little people","“小矮人”主题的降临日历"
"eng_Latn","dark chocolate advent calendars","黑巧克力圣诞倒数日历"
"eng_Latn","elf advent calendars","精灵主题的圣诞倒数日历"
"eng_Latn","fun advent calendars for toddlers","适合幼儿的趣味圣诞倒数日历"
"eng_Latn","soccer advent calendars","足球主题的圣诞日历"
"eng_Latn","sports advent calendars","运动主题的圣诞日历"
"eng_Latn","toy advent calendars","玩具圣诞日历"
"eng_Latn","'chocolate advent calendar","“巧克力圣诞倒数日历”"
"eng_Latn","12 days of hot sauce advent calendar","12天热辣酱汁降临日历"
"eng_Latn","24 day advent calendar girls","24天女孩降临日历"
"eng_Latn","advent calendar 2025 baby boy","2025年男婴降临日历"
"eng_Latn","advent calendar 2025 beauty products","2025年美妆产品圣诞倒数日历"
"eng_Latn","advent calendar 2025 christmas tree","2025年圣诞树日历"
"eng_Latn","advent calendar 2025 mini","2025年迷你圣诞倒数日历"
"eng_Latn","advent calendar 2025 rocks","2025年圣诞倒数日历太棒了"
"eng_Latn","advent calendar 2025 survival","2025年圣诞倒数日历生存指南"
"eng_Latn","advent calendar college boy","圣诞倒数日历 大学生男孩款"
"eng_Latn","advent calendar for girls jewelry","女孩珠宝主题的倒数日历"
"eng_Latn","advent calendar for teen girls makeup","少女化妆日历"
"eng_Latn","advent calendar gifts for girls","女孩的圣诞倒数日历礼物"
"eng_Latn","advent calendar lindt chocolate","林德巧克力倒数日历"
"eng_Latn","advent calendar press on nails","美甲日历贴片"
"eng_Latn","advent calendar snacks 2025","2025年圣诞倒数日历小食"
"eng_Latn","advent calendar teens girls","少女款圣诞倒数日历"
"eng_Latn","beatles advent calendar","披头士降临日历"
"eng_Latn","biblical advent calendar","圣经降临日历"
"eng_Latn","buddy the elf advent calendar","精灵巴迪圣诞倒数日历"
"eng_Latn","candy around the world advent calendar 2025","2025年全球糖果倒数日历"
"eng_Latn","catrice advent calendar","卡特丽斯（catrice）圣诞倒数日历"
"eng_Latn","christmas advent calendar 2025 women","2025年圣诞倒数日历（女士款）"
"eng_Latn","christmas book advent calendar 2025","2025年圣诞图书倒数日历"
"eng_Latn","cocoa advent calendar 2025","2025年可可日历"
"eng_Latn","customizable advent calendar","可定制的圣诞倒数日历"
"eng_Latn","dog advent calendar toys","狗狗主题的圣诞倒数日历玩具"
"eng_Latn","dragonball advent calendar","龙珠降临日历"
"eng_Latn","fifa advent calendar 2025","2025年FIFA倒数日历"
"eng_Latn","fnaf advent calendar funko","FNAF 节日倒数日历 Funko"
"eng_Latn","french bulldog advent calendar 2025","2025年法国斗牛犬主题的倒数日历"
"eng_Latn","gravity falls advent calendar","《重力坠落》圣诞倒数日历"
"eng_Latn","hot chocolate advent calendar 24 days","热巧克力24天倒数日历"
"eng_Latn","imaginext advent calendar 2025","imaginext 2025年圣诞倒数日历"
"eng_Latn","journaling advent calendar 2025","2025年日记式圣诞倒数日历"
"eng_Latn","key chain advent calendar","钥匙扣式倒数日历"
"eng_Latn","kids jewelry advent calendar","儿童珠宝圣诞倒数日历"
"eng_Latn","messi advent calendar","梅西降临日历"
"eng_Latn","mini brands food advent calendar","迷你品牌食品历险日历"
"eng_Latn","mini squishmallow advent calendar","迷你软糖豆人日历"
"eng_Latn","pig advent calendar","小猪主题的倒数日历"
"eng_Latn","playstation advent calendar 2025","2025年PlayStation圣诞倒数日历"
"eng_Latn","positive crochet animals advent calendar","正面钩织动物图案的倒数日历"
"eng_Latn","premium advent calendar 2025","2025年高级圣诞倒数日历"
"eng_Latn","soda advent calendar 2025","2025年苏打水倒数日历"
"eng_Latn","sugar free advent calendar 2025","2025年无糖圣诞倒数日历"
"eng_Latn","teenage boys advent calendar 2025","2025年青少年男孩圣诞倒数日历"
"eng_Latn","teenager boy advent calendar 2025","2025年青少年男孩圣诞倒数日历"
"eng_Latn","advent calendars christmas women","圣诞倒数日历 女性"
"eng_Latn","advent calendars for college girls","大学生女孩的圣诞倒数日历"
"eng_Latn","advent calendars for her","为她准备的圣诞倒数日历"
"eng_Latn","advent calendars marvel","“漫威”降临日历"
"eng_Latn","advent calendars snoopy","史努比主题的圣诞倒数日历"
"eng_Latn","christmas advent calendars for teen boys","青少年男孩的圣诞倒数日历"
"eng_Latn","stranger things advent calendars","《怪奇物语》圣诞倒数日历"
"eng_Latn","whisky advent calendars","威士忌圣诞日历"
"eng_Latn","10 year old boy advent calendar","10岁男孩的圣诞倒数日历"
"eng_Latn","12 day advent calendar for men","男士12天倒数日历"
"eng_Latn","2024 advent calendar","2024年圣诞倒数日历"
"eng_Latn","2025 nativity advent calendar","2025年圣诞降临日历"
"eng_Latn","5 nights at freddy's advent calendar","“弗雷迪的5夜降临日历”"
"eng_Latn","6 year old advent calendar","6岁儿童圣诞倒数日历"
"eng_Latn","advent calendar 2025 boys 6","2025年男孩款圣诞倒数日历 6"
"eng_Latn","advent calendar 2025 friends","2025年朋友降临日历"
"eng_Latn","advent calendar 2025 girls 6","2025年女孩款圣诞倒数日历6"
"eng_Latn","advent calendar 2025 hershey","2025年好时（Hershey）圣诞倒数日历"
"eng_Latn","advent calendar 2025 women perfume","2025年降临日历女士香水"
"eng_Latn","advent calendar build","倒数日历制作"
"eng_Latn","advent calendar cadbury","吉百利圣诞倒数日历"
"eng_Latn","advent calendar dad","圣诞倒数日历爸爸"
"eng_Latn","advent calendar face mask","日历式口罩"
"eng_Latn","advent calendar for 14 year old boy","14岁男孩的圣诞倒数日历"
"eng_Latn","advent calendar for infants","婴儿用降临日历"
"eng_Latn","advent calendar for plant lovers","植物爱好者的倒数日历"
"eng_Latn","advent calendar for tween girl","少女款降临日历"
"eng_Latn","advent calendar keychains","圣诞倒数日历钥匙扣"
"eng_Latn","advent calendar lord of the rings","《指环王》降临日历"
"eng_Latn","advent calendar my little pony","《小马宝莉》降临日历"
"eng_Latn","advent calendar womens","女士圣诞倒数日历"
"eng_Latn","advent candy calendar","圣诞糖果日历"
"eng_Latn","amazon advent calendar 2025 skincare","2025年亚马逊护肤日历"
"eng_Latn","bark dog advent calendar","吠叫的狗日历"
"eng_Latn","bldr advent calendar","建筑师日历"
"eng_Latn","boys advent calendar 2025 lego","2025年乐高男孩冒险日历"
"eng_Latn","brainrot christmas advent calendar","脑腐圣诞倒数日历"
"eng_Latn","brawl stars advent calendar 2025","《荒野乱斗》2025年圣诞倒数日历"
"eng_Latn","byers choice advent calendar","拜尔斯之选圣诞倒数日历"
"eng_Latn","cadbury heroes advent calendar","吉百利英雄降临日历"
"eng_Latn","candy advent calendar for teens","青少年糖果倒数日历"
"eng_Latn","cat advent calendar 2025 for humans","2025年猫咪主题人类日历"
"eng_Latn","chanukah advent calendar","光明节倒数日历"
"eng_Latn","christian chocolate advent calendar","基督教巧克力圣诞倒数日历"
"eng_Latn","christmas advent calendar candy","圣诞倒数日历糖果"
"eng_Latn","christmas advent calendar￼","圣诞倒数日历"
"eng_Latn","classic broadway shows advent calendar","经典百老汇剧目倒计时日历"
"eng_Latn","crochet society advent calendar 2025","2025年钩织协会圣诞倒数日历"
"eng_Latn","espresso advent calendar","意式浓缩咖啡降临日历"
"eng_Latn","farm animal advent calendar","农场动物主题的倒数日历"
"eng_Latn","felt nativity advent calendar","毛毡耶稣降临日历"
"eng_Latn","foodie advent calendar","美食家倒数日历"
"eng_Latn","french advent calendar","法式圣诞倒数日历"
"eng_Latn","funko pop harry potter advent calendar","Funko Pop哈利·波特主题的圣诞倒数日历"
"eng_Latn","golf advent calendar 2025 adult men","2025年高尔夫日历挂历 成人男士款"
"eng_Latn","guinea pig advent calendar","豚鼠降临日历"
"eng_Latn","hatsune miku advent calendar","初音未来圣诞倒数日历"
"eng_Latn","hershey kiss advent calendar","好时巧克力吻降临日历"
"eng_Latn","hotwheel advent calendar 2025","2025年Hotwheel日历"
"eng_Latn","jelly bean advent calendar 2025","2025年软糖豆历险日历"
"eng_Latn","kinder joy advent calendar","奇趣欢乐圣诞倒数日历"
"eng_Latn","lego pokemon advent calendar 2025","乐高精灵宝可梦2025年历"
"eng_Latn","makeup advent calendar for kids","儿童化妆日历"
"eng_Latn","makeup christmas advent calendar","彩妆圣诞倒数日历"
"eng_Latn","mini brand book advent calendar","迷你品牌书历"
"eng_Latn","mini items for advent calendar","圣诞倒数日历小礼品"
"eng_Latn","mlp advent calendar","多层感知器（MLP）倒数日历"
"eng_Latn","nee doh advent calendar 2025 kids","2025年nee doh儿童圣诞倒数日历"
"eng_Latn","p louise advent calendar","路易丝倒数日历"
"eng_Latn","pig advent calendar 2025","2025年小猪主题日历"
"eng_Latn","pocket knife advent calendar 2025","2025年小折刀圣诞倒数日历"
"eng_Latn","power ranger advent calendar","电力战士降临日历"
"eng_Latn","pregnancy advent calendar","怀孕倒计时日历"
"eng_Latn","ravensburger advent calendar 2025","2025年瑞文斯堡圣诞倒数日历"
"eng_Latn","ring advent calendar 2025","2025年环形日历"
"eng_Latn","rock and roll advent calendar","摇滚乐圣诞倒数日历"
"eng_Latn","romance book advent calendar 2025","2025年浪漫小说倒数日历"
"eng_Latn","seasoning advent calendar","调味品降临日历"
"eng_Latn","squishmallow calendar advent","软糯日历降临"
"eng_Latn","sticker dolly advent calendar","贴纸小推车式圣诞倒数日历"
"eng_Latn","theater advent calendar 2025","2025年剧院圣诞倒数日历"
"eng_Latn","toy advent calendar for kids","儿童玩具圣诞倒数日历"
"eng_Latn","vermont chocolate advent calendar","佛蒙特巧克力倒数日历"
"eng_Latn","whiskey advent calendar 2025 flavia","2025年威士忌倒数日历弗拉维亚"
"eng_Latn","woobles advent calendar 2025 crochet","2025年“woobles”钩织圣诞倒数日历"
"eng_Latn","advent calendars 2025 girls","2025年女孩款圣诞倒数日历"
"eng_Latn","advent calendars dinosaur","恐龙主题的降临日历"
"eng_Latn","advent calendars dog","“advent calendars dog”的中文翻译为“狗狗降临日历”"
"eng_Latn","advent calendars for boys age 6","6岁男孩的圣诞倒数日历"
"eng_Latn","cute advent calendars for teens","适合青少年的可爱圣诞倒数日历"
"eng_Latn","women advent calendars","女士圣诞倒数日历"
"eng_Latn","beauty avent calendar","美丽冒险日历"
"eng_Latn","christmas avent calendar","圣诞活动日历"
"eng_Latn","2025 kids advent calendar","2025儿童圣诞倒数日历"
"eng_Latn","4 year old girl advent calendar","四岁女孩的圣诞倒数日历"
"eng_Latn","adult advent calendar 2025 food","2025年成人食品主题的倒数日历"
"eng_Latn","adult craft advent calendar 2025","2025年成人手工艺日历"
"eng_Latn","adult naughty advent calendar 2025","2025年成人趣味圣诞倒数日历"
"eng_Latn","advent calendar 2025 dice","2025年骰子降临日历"
"eng_Latn","advent calendar 2025 for boys age 8","2025年8岁男孩专用圣诞倒数日历"
"eng_Latn","advent calendar 2025 popcorn","2025年爆米花主题的圣诞倒数日历"
"eng_Latn","advent calendar 2025 reeses","2025年Reese's巧克力日历"
"eng_Latn","advent calendar beef jerky","牛肉干圣诞倒数日历"
"eng_Latn","advent calendar book for adults","成人用倒数日历本"
"eng_Latn","advent calendar boxes empty large","大型空置的圣诞倒数日历盒"
"eng_Latn","advent calendar cat lover","爱猫人士的圣诞倒数日历"
"eng_Latn","advent calendar for girls 10-12","10-12岁女孩的降临日历"
"eng_Latn","advent calendar for three year old","三岁儿童用的圣诞倒数日历"
"eng_Latn","alani advent calendar 2025","2025年阿兰尼（Alani）圣诞倒数日历"
"eng_Latn","beauty advent calendar for teens","青少年美妆日历"
"eng_Latn","buffalo trace advent calendar￼","水牛足迹倒数日历"
"eng_Latn","christmas advent calendar squishmallow","圣诞倒数日历软糯球"
"eng_Latn","coffee advent calendar k cup","咖啡日历 k杯"
"eng_Latn","dog christmas advent calendar","狗狗圣诞倒数日历"
"eng_Latn","dr pepper advent calendar","胡椒博士日历"
"eng_Latn","drummer advent calendar","鼓手降临日历"
"eng_Latn","empty advent calendar to fill yourself","空空的降临日历，等着你来填满"
"eng_Latn","engineering advent calendar","工程日历"
"eng_Latn","equestrian advent calendar 2025","2025年马术日历"
"eng_Latn","fabric hanging advent calendar","布艺挂式圣诞倒数日历"
"eng_Latn","fnaf funko advent calendar","《五夜后宫》Funko圣诞倒数日历"
"eng_Latn","fun advent calendar for women","女性趣味倒数日历"
"eng_Latn","glass bird advent calendar","玻璃小鸟降临日历"
"eng_Latn","gold advent calendar","黄金日历"
"eng_Latn","golf christmas advent calendar","高尔夫圣诞倒数日历"
"eng_Latn","guitar lover advent calendar","吉他爱好者倒数日历"
"eng_Latn","jam and jelly advent calendar 2025","2025年果酱和果冻日历"
"eng_Latn","large dog advent calendar 2025","2025年大型狗狗主题日历"
"eng_Latn","legend of zelda advent calendar","塞尔达传说日历"
"eng_Latn","legends of rock advent calendar","摇滚传奇历险日历"
"eng_Latn","lindt chocolate advent calendar 2025 for adults","2025年瑞士莲巧克力成人版圣诞倒数日历"
"eng_Latn","mens golf advent calendar 2025","2025年男子高尔夫球赛历"
"eng_Latn","mens luxury advent calendar","男士豪华圣诞倒数日历"
"eng_Latn","most popular advent calendar 2025","2025年最受欢迎的倒数日历"
"eng_Latn","name brand makeup advent calendar 2025","2025年知名品牌化妆品圣诞倒数日历"
"eng_Latn","neodough advent calendar","新面团倒数日历"
"fra_Latn","pokémon card advent calendar","口袋妖怪卡片日历"
"eng_Latn","popmart advent calendar 2025","popmart 2025年圣诞倒数日历"
"eng_Latn","puzzles advent calendar 2025","2025年拼图日历"
"eng_Latn","skincare advent calendar for girls","女孩护肤日历"
"eng_Latn","socks advent calendar men","男士袜子倒数日历"
"eng_Latn","spiritual advent calendar 2025","2025年灵修日历"
"eng_Latn","steal a brainrot advent calendar 2025","偷走一个2025年的脑腐历险日历"
"eng_Latn","wine advent calendar 2025 for women","2025年女士红酒倒数日历"
"eng_Latn","yugioh advent calendar","游戏王历险日历"
"eng_Latn","2025 advent calendars for teens","2025年青少年款圣诞倒数日历"
"eng_Latn","advent calendars for girls age 6","6岁女孩的降临日历"
"eng_Latn","advent calendars taylor swift","泰勒·斯威夫特的圣诞倒数日历"
"eng_Latn","saker plus advent calendars","猎隼牌+圣诞倒数日历"
"eng_Latn","trader joe's advent calendars","Trader Joe's 圣诞倒数日历"
"eng_Latn","avent calendar for men","男士日历"
"eng_Latn","advent calendar 2025 for babies","2025年婴儿主题的降临日历"
"eng_Latn","advent calendar 2025 liquor","2025年酒类节日日历"
"eng_Latn","advent calendar 2025 peppa pig","2025年小猪佩奇圣诞倒数日历"
"eng_Latn","advent calendar 2025 redbull","2025年红牛圣诞倒数日历"
"eng_Latn","advent calendar 2025 tree","2025年圣诞倒数日历树"
"eng_Latn","advent calendar 8 year old boy","8岁男孩的降临日历"
"eng_Latn","advent calendar 9 year old boy","9岁男孩的圣诞倒数日历"
"eng_Latn","advent calendar bible verses","圣诞倒数日历圣经经文"
"eng_Latn","advent calendar books 2025","2025年倒数日历本"
"eng_Latn","advent calendar drinks","倒数日历饮品"
"eng_Latn","advent calendar for 5 year old","5岁儿童用的圣诞倒数日历"
"eng_Latn","advent calendar for attorney","律师的倒数日历"
"eng_Latn","advent calendar for boys soccer","男孩足球主题的倒数日历"
"eng_Latn","advent calendar for classroom","教室用圣诞倒数日历"
"eng_Latn","advent calendar for kids lego","乐高儿童倒数日历"
"eng_Latn","advent calendar for nerds","书呆子们的倒数日历"
"eng_Latn","advent calendar for newborn","新生儿降临日历"
"eng_Latn","advent calendar for young girls","少女款圣诞倒数日历"
"eng_Latn","advent calendar nintendo","任天堂倒数日历"
"eng_Latn","advent calendar tree ornaments","圣诞倒数日历树装饰品"
"eng_Latn","advent sock calendar","圣诞袜日历"
"eng_Latn","bead advent calendar 2025","2025年珠珠倒数日历"
"eng_Latn","biblical advent calendar for kids","儿童圣经降临日历"
"eng_Latn","bookmark advent calendar","书签式圣诞倒数日历"
"eng_Latn","british advent calendar 2025","2025年英国圣诞倒数日历"
"eng_Latn","buffalo trace advent calendar for adults","水牛足迹成人日历"
"eng_Latn","candy advent calendar for boys","男孩糖果倒数日历"
"eng_Latn","chemistry advent calendar 2025","2025年化学日历"
"eng_Latn","children advent calendar","儿童圣诞倒数日历"
"eng_Latn","chocolate advent calendar kids","儿童巧克力倒数日历"
"eng_Latn","christmas advent calendar kids","圣诞倒数日历儿童版"
"eng_Latn","christmas charm bracelet advent calendar","圣诞魅力手链倒数日历"
"eng_Latn","city lego advent calendar 2025","2025年乐高城市系列倒数日历"
"eng_Latn","clue advent calendar secrets under snowfall","雪下藏匿的线索圣诞倒数日历秘密"
"eng_Latn","doctor who advent calendar","神秘博士圣诞倒数日历"
"eng_Latn","engineering advent calendar 2025","2025年工程日历"
"eng_Latn","fannie may advent calendar","范妮五月降临日历"
"eng_Latn","fidgets advent calendar","小玩意儿圣诞倒数日历"
"eng_Latn","garden advent calendar 2025","2025年花园主题圣诞倒数日历"
"eng_Latn","godiva chocolate advent calendar","歌帝梵巧克力圣诞倒数日历"
"eng_Latn","grinch christmas advent calendar 2025","2025年圣诞怪杰倒数日历"
"eng_Latn","harry potter advent calendar 2025 boys","2025年哈利·波特男孩版圣诞倒数日历"
"eng_Latn","house advent calendar","房屋历险日历"
"eng_Latn","japanese snack advent calendar","日本小吃圣诞倒数日历"
"eng_Latn","kid girl advent calendar 2025","2025年儿童女孩圣诞倒数日历"
"eng_Latn","kosmos exit advent calendar","科斯莫斯出口倒数日历"
"eng_Latn","lacrosse advent calendar 2025","2025年长曲棍球主题的圣诞倒数日历"
"eng_Latn","let's battle advent calendar","让我们来一场战斗，迎接圣诞倒数日历"
"eng_Latn","medical advent calendar","医疗日历"
"eng_Latn","monster trucks advent calendar 2025","2025年怪物卡车倒数日历"
"eng_Latn","nativity advent calendar for adults","成人用圣诞倒数日历"
"eng_Latn","one piece anime advent calendar","海贼王动漫降临日历"
"eng_Latn","parrot advent calendar 2025","2025年鹦鹉主题圣诞倒数日历"
"eng_Latn","play-doh advent calendar","彩泥日历"
"eng_Latn","potty training advent calendar","如厕训练日历"
"eng_Latn","refillable advent calendar large","可重复填充的大型圣诞倒数日历"
"eng_Latn","snowman advent calendar","雪人日历"
"eng_Latn","squishmallow advent calendar 2025 christmas","2025年圣诞节软糖豆豆人冒险日历"
"eng_Latn","storybook advent calendar","故事书式圣诞倒数日历"
"eng_Latn","superman advent calendar","超人降临日历"
"eng_Latn","thomas advent calendar","托马斯圣诞倒数日历"
"eng_Latn","world advent calendar","世界圣诞倒数日历"
"eng_Latn","advent calendars adult women","成人女性圣诞倒数日历"
"eng_Latn","advent calendars golf","高尔夫球日历"
"eng_Latn","christmas advent calendars 2025","2025年圣诞倒计时日历"
"eng_Latn","craft advent calendars for teen girls","为少女们制作精美的圣诞倒数日历"
"eng_Latn","empty advent calendars to fill pink","空空的圣诞日历，等待粉色的填充"
"eng_Latn","jewelry advent calendars for kids","儿童珠宝主题的圣诞倒数日历"
"eng_Latn","makeup advent calendars 2025","2025年彩妆日历"
"eng_Latn","cat avent calendar","猫历险日历"
"eng_Latn","2025 advent calendar lego","2025年乐高圣诞倒数日历"
"eng_Latn","24 day advent calendar for boys","男孩专用24天倒数日历"
"eng_Latn","24 day tea advent calendar","24天茶礼日历"
"eng_Latn","advent calendar 2025 cadbury","2025年吉百利圣诞倒数日历"
"eng_Latn","advent calendar 2025 fun","2025年趣味圣诞倒数日历"
"eng_Latn","advent calendar 2025 girls makeup","2025年女孩化妆日历"
"eng_Latn","advent calendar 2025 gnome","2025年侏儒降临日历"
"eng_Latn","advent calendar 2025 magna tiles","2025年玛格纳瓷砖圣诞倒数日历"
"eng_Latn","advent calendar for boys baseball","男孩棒球日历"
"eng_Latn","advent calendar for dogs with toys","狗狗玩具圣诞倒数日历"
"eng_Latn","advent calendar for fishermen","渔民的降临日历"
"eng_Latn","advent calendar for men lego","乐高男士限定版倒数日历"
"eng_Latn","advent calendar for tween","儿童倒数日历"
"eng_Latn","advent calendar gummies","圣诞倒数日历软糖"
"eng_Latn","advent calendar kendra scott","肯德拉·斯科特圣诞倒数日历"
"eng_Latn","advent calendar nightmare before","圣诞倒数日历《噩梦之前》"
"eng_Latn","advent calendar peanuts","花生形状的倒数日历"
"eng_Latn","advent calendar with food","带食物的倒数日历"
"eng_Latn","advent calendar wooden drawers","木质抽屉式圣诞倒数日历"
"eng_Latn","advent calendar wwe","WWE（世界摔角娱乐）的降临日历"
"eng_Latn","advent craft calendar 2025","2025年圣诞工艺日历"
"eng_Latn","advent toy calendar 2025","2025年圣诞玩具日历"
"eng_Latn","baby boy advent calendar","男婴降临日历"
"eng_Latn","beach advent calendar 2025","2025年海滩主题倒数日历"
"eng_Latn","bitty pops funko advent calendar","Bitty Pops Funko 圣诞倒数日历"
"eng_Latn","blank wooden advent calendar","空白木质圣诞倒数日历"
"eng_Latn","book advent calendar for adults","成人书籍圣诞倒数日历"
"eng_Latn","book themed advent calendar 2025","2025年书籍主题的倒数日历"
"eng_Latn","cat advent calendar treats","猫咪日历小礼品"
"eng_Latn","cat puzzle advent calendar","猫拼图日历"
"eng_Latn","christmas advent calendar 2025 boys","2025年圣诞倒数日历男孩款"
"eng_Latn","christmas duck advent calendar 2025","2025年圣诞鸭子降临日历"
"eng_Latn","deadpool advent calendar","死侍主题的倒数日历"
"eng_Latn","decorative advent calendar","装饰性圣诞倒数日历"
"eng_Latn","empty advent calendar to fill","空白的待填写的圣诞倒数日历"
"eng_Latn","expecting mom advent calendar","准妈妈待产日历"
"eng_Latn","extra large empty advent calendar","超大空日历"
"eng_Latn","funko bitty pop advent calendar 2025","Funko Bitty Pop 2025年圣诞倒数日历"
"eng_Latn","honey advent calendar 2025","2025年蜂蜜日历"
"eng_Latn","hotel chocolat advent calendar","巧克力酒店圣诞倒数日历"
"eng_Latn","jesse tree advent calendar","耶稣树圣诞倒数日历"
"eng_Latn","large dog advent calendar","大型狗狗主题的倒数日历"
"eng_Latn","pop up advent calendar","弹出式圣诞倒数日历"
"eng_Latn","press on nails advent calendar 2025","2025年压花指甲倒计时日历"
"eng_Latn","romance advent calendar book","浪漫爱情倒数日历书"
"eng_Latn","shortbread advent calendar","酥饼式圣诞倒数日历"
"eng_Latn","stanley advent calendar 2025","斯坦利2025年圣诞倒数日历"
"eng_Latn","story book advent calendar 2025","2025年故事书圣诞倒数日历"
"eng_Latn","stranger things advent calendar funko pop","《怪奇物语》圣诞倒数日历 Funko Pop 玩偶"
"eng_Latn","stress ball advent calendar 2025","2025年减压球日历"
"eng_Latn","teen advent calendar boy","青少年男孩的历险日历"
"eng_Latn","teen girl advent calendar 2025 ulta","2025年ULTA少女圣诞倒数日历"
"eng_Latn","theater advent calendar","剧院式圣诞倒数日历"
"eng_Latn","tween beauty advent calendar","美丽降临日历"
"eng_Latn","vermont christmas advent calendar","佛蒙特圣诞倒数日历"
"eng_Latn","wooden train advent calendar","木质火车日历"
"eng_Latn","zuru advent calendar","zuru 圣诞倒数日历"
"eng_Latn","2025 advent calendars for adults","2025年成人款圣诞倒数日历"
"eng_Latn","advent calendars christmas candy","圣诞倒数日历 圣诞糖果"
"eng_Latn","advent calendars crystals","水晶圣诞倒数日历"
"eng_Latn","advent calendars for teen girls 2025","2025年少女款圣诞倒数日历"
"eng_Latn","advent calendars for teenagers","青少年主题的降临日历"
"eng_Latn","advent calendars grinch","圣诞倒数日历格林奇版"
"eng_Latn","advent calendars paw patrol","“狗狗巡逻队”主题的圣诞倒数日历"
"eng_Latn","advent calendars toddler girl","女童幼儿圣诞倒数日历"
"eng_Latn","christmas puzzle advent calendars","圣诞拼图式倒数日历"
"eng_Latn","craft advent calendars for kids","为孩子们制作手工日历"
"eng_Latn","skincare avent calendar","护肤日历"
"eng_Latn","disney countdown calendar","迪士尼倒计时日历"
"eng_Latn","hanging christmas countdown calendar","悬挂式圣诞倒计时日历"
"eng_Latn","24 day advent calendar for men","男士24天倒数日历"
"eng_Latn","24 day wine advent calendar","24天葡萄酒倒数日历"
"eng_Latn","25 day beauty advent calendar","25天美丽倒数日历"
"eng_Latn","3d printed dragon advent calendar 2025","2025年3D打印龙形圣诞倒数日历"
"eng_Latn","3d whiskey advent calendar 2025","2025年3D威士忌日历"
"eng_Latn","8 year old boy advent calendar 2025","2025年8岁男孩圣诞倒数日历"
"eng_Latn","advent calendar 2 year old","2岁儿童用的圣诞倒数日历"
"eng_Latn","advent calendar 2025 bookish","2025年书香日历"
"eng_Latn","advent calendar 2025 candle","2025年圣诞倒数日历蜡烛"
"eng_Latn","advent calendar 2025 chocolate godiva","2025年Godiva巧克力圣诞倒数日历"
"eng_Latn","advent calendar 2025 diamond art","2025年钻石艺术主题的倒数日历"
"eng_Latn","advent calendar 2025 horses","2025年马年圣诞倒数日历"
"eng_Latn","advent calendar bible","圣诞日历圣经"
"eng_Latn","advent calendar countdown","倒计时日历"
"eng_Latn","advent calendar for 17 year old girl","17岁女孩的降临日历"
"eng_Latn","advent calendar for autistic kids","自闭症儿童日历"
"eng_Latn","advent calendar for boys age 9","9岁男孩的圣诞倒数日历"
"eng_Latn","advent calendar for preschoolers","学龄前儿童用的圣诞倒数日历"
"eng_Latn","advent calendar for toddlers girls","幼儿女孩的圣诞倒数日历"
"eng_Latn","advent calendar for women skincare","女性护肤日历"
"eng_Latn","advent calendar gifts for kids","儿童圣诞倒数日历礼物"
"eng_Latn","advent calendar kids books","圣诞倒数日历儿童书籍"
"eng_Latn","advent calendar lego star wars","乐高星球大战主题的倒计时日历"
"eng_Latn","advent calendar luxury","豪华版降临日历"
"eng_Latn","advent calendar preppy","圣诞倒数日历，预科生风格"
"eng_Latn","advent wall calendar","圣诞挂历"
"eng_Latn","baby book advent calendar","宝宝书历式日历"
"eng_Latn","ballet advent calendar 2025","2025年芭蕾舞者降临日历"
"eng_Latn","bear advent calendar","熊图案的倒数日历"
"eng_Latn","best fishing advent calendar","最佳钓鱼主题日历"
"eng_Latn","best teen boy advent calendar","最佳青少年男孩圣诞倒数日历"
"eng_Latn","body care advent calendar","身体护理日历"
"eng_Latn","buffalo trace bourbon advent calendar","水牛足迹波本威士忌圣诞倒数日历"
"eng_Latn","butter slime advent calendar 2025","黄油黏液2025年倒数日历"
"eng_Latn","cheer advent calendar","欢乐倒数日历"
"eng_Latn","christian advent calendar 2025 adult","2025年基督教圣诞倒数日历（成人版）"
"eng_Latn","christmas advent calendar 2025 girls","2025年女孩圣诞倒数日历"
"eng_Latn","christmas tree lego advent calendar","乐高圣诞树倒数日历"
"eng_Latn","colitt fishing advent calendar 2025","2025年科利特钓鱼日历"
"eng_Latn","college student advent calendar 2025","2025年大学生圣诞倒数日历"
"eng_Latn","cozy advent calendar","温馨的圣诞倒数日历"
"eng_Latn","diagon alley advent calendar 2025","2025年对角巷圣诞倒数日历"
"eng_Latn","dogs advent calendar 2025","2025年狗狗主题的倒数日历"
"eng_Latn","estee lauder advent calendar 2025","雅诗兰黛2025年圣诞倒数日历"
"eng_Latn","fantasy advent calendar","奇幻冒险日历"
"eng_Latn","figurine advent calendar 2025","2025年雕像式圣诞倒数日历"
"eng_Latn","flower advent calendar lego","乐高花朵倒数日历"
"eng_Latn","gift card advent calendar","礼品卡圣诞倒数日历"
"eng_Latn","gnomes advent calendar","侏儒历险日历"
"eng_Latn","hair accessory advent calendar","发饰圣诞倒数日历"
"eng_Latn","hatchimals advent calendar","hatchimals 圣诞倒数日历"
"eng_Latn","hockey advent calendar for boys","男孩冰球主题的倒数日历"
"eng_Latn","kaboom advent calendar","“卡布姆”圣诞倒数日历"
"eng_Latn","kids beauty advent calendar 2025","2025年儿童美妆圣诞倒数日历"
"eng_Latn","kids puzzle advent calendar 2025","2025年儿童拼图日历"
"eng_Latn","la dodgers advent calendar 2025","洛杉矶道奇队2025年圣诞倒数日历"
"eng_Latn","lip product advent calendar","唇部护理产品倒数日历"
"eng_Latn","lububu advent calendar 2025","2025年lububu圣诞倒数日历"
"eng_Latn","makeup advent calendar 2025, 24 days christmas holiday xmas countdown calendar beauty make up surpri","2025年彩妆日历，24天圣诞假期倒数日历，美丽彩妆惊喜"
"eng_Latn","marzipan advent calendar","杏仁糖浆日历"
"eng_Latn","mini building blocks advent calendar","迷你积木式圣诞倒数日历"
"eng_Latn","mini funko pop advent calendar","迷你Funko Pop Advent日历"
"eng_Latn","money advent calendar 2025","2025年金钱降临日历"
"eng_Latn","nfl funko pop advent calendar","美国国家橄榄球联盟Funko Pop Advent日历"
"eng_Latn","non candy advent calendar for kids","儿童非糖果圣诞倒数日历"
"eng_Latn","oreo advent calendar 2025","2025年奥利奥圣诞倒数日历"
"eng_Latn","peppa advent calendar","佩奇圣诞倒数日历"
"eng_Latn","raccoon advent calendar 2025","2025年浣熊主题倒数日历"
"eng_Latn","rubix cube advent calendar","Rubix魔方倒数日历"
"eng_Latn","silly goose advent calendar 2025","2025年傻鹅历险日历"
"eng_Latn","tarte advent calendar 2025","2025年塔特（Tarte）圣诞倒数日历"
"eng_Latn","teens advent calendar","青少年冒险日历"
"eng_Latn","treat advent calendar 2025","2025年圣诞倒数日历"
"eng_Latn","ultra beauty advent calendar","超美圣诞倒数日历"
"eng_Latn","vermont advent calendar 2025","2025年佛蒙特州圣诞倒数日历"
"eng_Latn","womens socks advent calendar","女士袜子倒数日历"
"eng_Latn","yugioh advent calendar 2025","2025年游戏王历险日历"
"eng_Latn","advent calendars cats","猫咪主题的圣诞倒数日历"
"eng_Latn","advent calendars cute","圣诞日历真可爱"
"eng_Latn","advent calendars under 10","10美元以下的圣诞倒数日历"
"eng_Latn","chocolate advent calendars 2024","2024年巧克力降临日历"
"eng_Latn","christmas advent calendars￼","圣诞倒计时日历"
"eng_Latn","christmas+advent+calendars+for+kids","圣诞节+降临节+日历+儿童"
"eng_Latn","cool advent calendars for men","男士酷炫的倒数日历"
"eng_Latn","11 year old boy advent calendar","11岁男孩的圣诞倒数日历"
"eng_Latn","2025 chocolate advent calendar","2025年巧克力圣诞倒数日历"
"eng_Latn","4 year old girl advent calendar 2025","2025年4岁女孩圣诞倒数日历"
"eng_Latn","advent calendar 12 year old girl","12岁女孩的降临日历"
"eng_Latn","advent calendar 2025 adult women beauty","2025年成人女性美容日历"
"eng_Latn","advent calendar 2025 for family","2025年家庭用圣诞倒数日历"
"eng_Latn","advent calendar 2025 littlest pet shop","2025年小小宠物店圣诞倒数日历"
"eng_Latn","advent calendar 2025 teen boys cologne","2025年降临日历 青少年男孩古龙水"
"eng_Latn","advent calendar card","圣诞倒数日历卡"
"eng_Latn","advent calendar d&d","d&d 降临日历"
"eng_Latn","advent calendar for 2 kids","为两个孩子准备的圣诞倒数日历"
"eng_Latn","advent calendar girls 2025","2025年女孩降临日历"
"eng_Latn","advent calendar hershey","好时（Hershey）圣诞倒数日历"
"eng_Latn","advent calendar hot wheels 2025","2025年风火轮玩具日历"
"eng_Latn","advent calendar k pop","圣诞倒数日历 k pop"
"eng_Latn","advent calendar maybelline","美宝莲圣诞倒数日历"
"eng_Latn","advent calendar milka","米卡牌历险日历"
"eng_Latn","advent calendar plants","倒数日历植物"
"eng_Latn","advent calendar pouches","圣诞倒数日历袋"
"eng_Latn","advent calendar science experiments","圣诞倒数日历科学实验"
"eng_Latn","advent calendar with alcohol","含酒精的圣诞倒数日历"
"eng_Latn","amazon makeup advent calendar","亚马逊化妆日历"
"eng_Latn","beauty advent calendar for teen girls","少女美妆日历"
"eng_Latn","beyblade advent calendar","陀螺玩具圣诞倒数日历"
"eng_Latn","christmas picture advent calendar","圣诞照片日历"
"eng_Latn","d & d advent calendar 2025","2025年D&D历险日历"
"eng_Latn","dirtbike advent calendar 2025","2025年越野车历险日历"
"eng_Latn","disney book advent calendar","迪士尼图书圣诞倒数日历"
"eng_Latn","divine dark chocolate advent calendar","神圣的黑巧克力降临日历"
"eng_Latn","doggy advent calendar","狗狗主题的倒数日历"
"eng_Latn","dogman advent calendar 2025","2025年狗人降临日历"
"eng_Latn","earring advent calendar 2025 for women","2025年女士耳环圣诞倒数日历"
"eng_Latn","emotional support pals advent calendar 2025","2025年情感支持伙伴降临日历"
"eng_Latn","empty 12 day advent calendar","空白的12天圣诞倒数日历"
"eng_Latn","fidget toys advent calendar 2025","2025年减压玩具圣诞倒数日历"
"eng_Latn","franzis advent calendar","弗朗西斯圣诞倒数日历"
"eng_Latn","gel polish advent calendar 2025","2025年凝胶指甲油圣诞倒数日历"
"eng_Latn","girls make up advent calendar 2025","2025年女孩主题的倒数日历"
"eng_Latn","gourmet candy advent calendar","美食糖果日历"
"eng_Latn","hello kitty holiday advent calendar","凯蒂猫假日倒数日历"
"eng_Latn","honey advent calendar","蜂蜜主题的倒数日历"
"eng_Latn","hunter advent calendar 2025","2025年猎人历险日历"
"eng_Latn","jewelry advent christmas calendar","珠宝圣诞倒数日历"
"eng_Latn","lankybox advent calendar","“lankybox”圣诞倒数日历"
"eng_Latn","lego succulent advent calendar","乐高多肉植物圣诞倒数日历"
"eng_Latn","lindor chocolate advent calendar 2025","林多尔2025年巧克力倒数日历"
"eng_Latn","liquor advent calendar for adults","成人酒类节日日历"
"eng_Latn","lps advent calendar 2024","2024年LPS圣诞倒数日历"
"eng_Latn","magnet advent calendar 2025","2025年磁铁日历"
"eng_Latn","men's cologne advent calendar 2025","2025年男士古龙水倒数日历"
"eng_Latn","mini funko pop advent calendar 2025","2025年迷你Funko Pop Advent日历"
"eng_Latn","mini monster jam advent calendar","迷你怪物果酱日历"
"eng_Latn","movinpe advent calendar","“Movinpe”圣诞倒数日历"
"eng_Latn","musician advent calendar","音乐家降临日历"
"eng_Latn","national lampoon's advent calendar 2025","《国家讽刺周刊》2025年圣诞倒数日历"
"eng_Latn","nativity advent calendar building blocks","圣诞倒计时日历积木"
"eng_Latn","night mare before christmas advent calendar 2025","2025年圣诞前夜噩梦降临日历"
"eng_Latn","old fashioned advent calendar","老式圣诞倒数日历"
"eng_Latn","olivia rodrigo advent calendar","奥利维亚·罗德里戈（Olivia Rodrigo）的圣诞倒数日历"
"eng_Latn","philadelphia eagles advent calendar","费城老鹰队倒数日历"
"eng_Latn","pj mask advent calendar 2025","2025年睡衣面具圣诞倒数日历"
"eng_Latn","pocket advent calendar 2025","2025年口袋式圣诞倒数日历"
"eng_Latn","pokemon lego advent calendar","《宝可梦》乐高日历"
"eng_Latn","police advent calendar","警察主题的倒数日历"
"eng_Latn","precious moments advent calendar 2025","2025年珍贵时刻降临日历"
"eng_Latn","red wine advent calendar","红酒倒数日历"
"eng_Latn","reusable advent calendar 2025","2025年可重复使用的圣诞倒数日历"
"eng_Latn","runners advent calendar 2025","2025年跑步者倒数日历"
"eng_Latn","sephora advent calendar 2024","丝芙兰2024年圣诞倒数日历"
"eng_Latn","slime christmas advent calendar","史莱姆圣诞倒数日历"
"eng_Latn","squishalongs advent calendar 2025","2025年“squishalongs”圣诞倒数日历"
"eng_Latn","stone advent calendar","石制圣诞倒数日历"
"eng_Latn","strawberry shortcake advent calendar 2025","2025年草莓酥饼降临日历"
"eng_Latn","super kitties advent calendar 2025","2025年超级猫咪倒数日历"
"eng_Latn","the advent calendar","圣诞倒数日历"
"eng_Latn","themed advent calendar 2025","2025年主题式圣诞倒数日历"
"eng_Latn","toddler christmas advent calendar 2025","2025年幼儿圣诞倒数日历"
"eng_Latn","twix advent calendar 2025","2025年Twix圣诞倒数日历"
"eng_Latn","unique advent calendar for women","专为女性打造的独特圣诞倒数日历"
"eng_Latn","unusual advent calendar","特别的圣诞倒数日历"
"eng_Latn","walkers shortbread advent calendar 2025","沃克斯（Walkers）2025年酥饼圣诞倒数日历"
"eng_Latn","wolf advent calendar 2025","2025年狼历险日历"
"eng_Latn","world cup advent calendar 2025","2025年世界杯倒计时日历"
"eng_Latn","advent calendars box","圣诞倒数日历盒"
"eng_Latn","advent calendars lego flowers","乐高花朵主题的降临日历"
"eng_Latn","hanging advent calendars to fill","悬挂待填写的圣诞倒数日历"
"eng_Latn","sea glass advent calendars","海玻璃圣诞倒数日历"
"eng_Latn","wicked avent calendar 2025 christmas","2025年邪恶冒险日历圣诞节"
"eng_Latn","12 days empty advent calendar","12天空白圣诞倒数日历"
"eng_Latn","3-d printed advent calendar","3D打印的圣诞倒数日历"
"eng_Latn","9 year old girl advent calendar 2025","2025年9岁女孩圣诞倒数日历"
"eng_Latn","a christmas story advent calendar 2025","2025年圣诞故事降临日历"
"eng_Latn","advent calendar 2023","2023年圣诞倒数日历"
"eng_Latn","advent calendar 2025 adults women","2025年圣诞倒数日历（成人女士款）"
"eng_Latn","advent calendar 2025 building blocks","2025年积木式日历"
"eng_Latn","advent calendar 2025 doorables","2025年节日日历 互动门贴"
"eng_Latn","advent calendar 2025 edible","2025年可食用圣诞倒数日历"
"eng_Latn","advent calendar 2025 for tween girls","2025年少女款圣诞倒数日历"
"eng_Latn","advent calendar 2025 mini verse","2025年圣诞倒数日历迷你诗"
"eng_Latn","advent calendar 2025 socks women","2025年圣诞倒数日历女士袜子"
"eng_Latn","advent calendar 2025 stem","2025年stem主题的倒数日历"
"eng_Latn","advent calendar 2025 teen girls skincare and makeup","2025年少女护肤与化妆日历"
"eng_Latn","advent calendar dragons","圣诞日历龙"
"eng_Latn","advent calendar for girls mini brands","女孩迷你品牌圣诞倒数日历"
"eng_Latn","advent calendar for hunters 2025","2025年猎人日历"
"eng_Latn","advent calendar for nurses","护士节倒数日历"
"eng_Latn","advent calendar funko pop 2025","2025年Funko Pop Advent日历"
"eng_Latn","advent calendar goth","哥特式降临日历"
"eng_Latn","advent calendar liquor","倒计时日历酒"
"eng_Latn","advent calendar loreal","欧莱雅倒数日历"
"eng_Latn","advent calendar naruto","火影忍者降临日历"
"eng_Latn","advent calendar sensory","感官体验式圣诞倒数日历"
"eng_Latn","advent skin care calendar 2025","2025年节日护肤日历"
"eng_Latn","artskills advent calendar","艺术技能日历"
"eng_Latn","barbieland advent calendar","芭比乐园圣诞倒数日历"
"eng_Latn","baseball cards advent calendar","棒球卡圣诞倒数日历"
"eng_Latn","beauty advent calendar for women","女士美容日历"
"eng_Latn","beauty products advent calendar 2025","2025年美容产品倒数日历"
"eng_Latn","bird ornament advent calendar","鸟类装饰品倒数日历"
"eng_Latn","bracelet making advent calendar","手链制作日历"
"eng_Latn","burt bees advent calendar","伯特蜜蜂倒数日历"
"eng_Latn","cheap makeup advent calendar","廉价的彩妆日历"
"eng_Latn","christmas ornaments advent calendar","圣诞装饰品降临日历"
"eng_Latn","christmas socks advent calendar 2025","2025年圣诞袜倒数日历"
"eng_Latn","cocomelon advent calendar 2025","2025年cocomelon圣诞倒数日历"
"eng_Latn","d n d advent calendar","DND 圣诞倒数日历"
"eng_Latn","dark romance advent calendar","暗黑浪漫圣诞倒数日历"
"eng_Latn","dolly parton advent calendar 2025","多莉·帕顿2025年圣诞倒数日历"
"eng_Latn","eagles advent calendar","老鹰降临日历"
"eng_Latn","freeze dried advent calendar","冻干式圣诞倒数日历"
"eng_Latn","french advent calendar 2025","2025年法国圣诞倒数日历"
"eng_Latn","girls advent calendar 2025 barbie","2025年女孩芭比圣诞倒数日历"
"eng_Latn","guitar themed advent calendar","吉他主题的圣诞倒数日历"
"eng_Latn","harley advent calendar 2025","哈雷2025年圣诞倒数日历"
"eng_Latn","hunters advent calendar 2025","2025年猎人冒险日历"
"eng_Latn","italian advent calendar 2025","2025年意大利式圣诞倒数日历"
"eng_Latn","joke advent calendar 2025","2025年笑话日历"
"eng_Latn","kpop advent calendar 2025 girls","2025年Kpop女孩降临日历"
"eng_Latn","lego advent calendar christmas","乐高圣诞倒数日历"
"eng_Latn","mens advent calendar cologne","男士古龙水圣诞倒数日历"
"eng_Latn","mini advent calendar fillers for kids","儿童迷你圣诞倒数日历小玩具"
"eng_Latn","name brand advent calendar","名牌圣诞倒数日历"
"eng_Latn","ne doh advent calendar","圣诞倒数日历"
"eng_Latn","paint advent calendar","涂色日历"
"eng_Latn","poly pocket advent calendar","多口袋式圣诞倒数日历"
"eng_Latn","religious advent calendar 2025 adult","2025年成人宗教降临日历"
"eng_Latn","rescuer –nativity advent calendar","救援者-圣诞降临日历"
"eng_Latn","robot advent calendar 2025","2025年机器人降临日历"
"eng_Latn","she glam advent calendar","她格莱姆美妆日历"
"eng_Latn","skincare and makeup advent calendar","护肤和化妆日历"
"eng_Latn","steelers advent calendar","钢人队倒数日历"
"eng_Latn","topps baseball card advent calendar 2025","2025年Topps棒球卡圣诞倒数日历"
"eng_Latn","toys advent calendar 2025","2025年玩具圣诞倒数日历"
"eng_Latn","vintage advent calendar 2025","2025年复古圣诞倒数日历"
"eng_Latn","wera tools advent calendar","wera工具圣诞倒数日历"
"eng_Latn","world candy advent calendar","世界糖果倒数日历"
"eng_Latn","advent calendars basketball","篮球主题的降临日历"
"eng_Latn","advent calendars book lovers","爱书人士的降临日历"
"eng_Latn","advent calendars redbull","红牛（Red Bull）的圣诞倒数日历"
"eng_Latn","advent calendars snacks","圣诞倒数日历零食"
"eng_Latn","advent calendars wine","葡萄酒主题的圣诞倒数日历"
"eng_Latn","advent calendars wood","木质圣诞倒数日历"
"eng_Latn","christmas advent calendars for kids candy","儿童糖果圣诞倒数日历"
"eng_Latn","fishing advent calendars 2025","2025年钓鱼主题的圣诞倒数日历"
"eng_Latn","funny advent calendars for adults","适合成人的趣味圣诞倒数日历"
"eng_Latn","star wars advent calendars","星球大战主题的圣诞日历"
"eng_Latn","unique advent calendars for kids","专为儿童设计的独特圣诞倒数日历"
"eng_Latn","vegan chocolate advent calendars","纯素巧克力圣诞倒数日历"
"eng_Latn","jewelry avent calendar","珠宝主题的日历"
"eng_Latn","1000 piece advent calendar puzzle","1000片式圣诞倒数拼图"
"eng_Latn","24 day advent calendar for girls","女孩专用24天倒数日历"
"eng_Latn","3d printed animal advent calendar 2025","2025年3D打印动物主题日历"
"eng_Latn","advent calendar 2025 baking","2025年烘焙主题的倒数日历"
"eng_Latn","advent calendar 2025 hot cocoa","2025年热可可降临日历"
"eng_Latn","advent calendar 2025 jurassic world","2025年侏罗纪世界主题的倒计时日历"
"eng_Latn","advent calendar boys age 6","6岁男孩的降临日历"
"eng_Latn","advent calendar bracelet 2025","2025年降临日历手链"
"eng_Latn","advent calendar cologne for men","男士古龙水日历"
"eng_Latn","advent calendar for women perfume","女士香水倒数日历"
"eng_Latn","advent calendar gemstone","宝石日历"
"eng_Latn","advent calendar german","德语版圣诞倒数日历"
"eng_Latn","advent calendar gilmore girls 2025","《吉尔莫女孩》2025年圣诞倒数日历"
"eng_Latn","advent calendar girls crafts","圣诞倒数日历女孩手工艺品"
"eng_Latn","advent calendar hamilton","汉密尔顿圣诞倒数日历"
"eng_Latn","advent calendar items for kids","儿童圣诞倒数日历物品"
"eng_Latn","advent calendar men snacks","圣诞倒数日历男士零食"
"eng_Latn","advent calendar nail","圣诞倒数日历美甲"
"eng_Latn","advent calendar reusable fabric","可重复使用的布制圣诞倒数日历"
"eng_Latn","advent calendar the office","办公室的倒数日历"
"eng_Latn","advent calendar unusual","非同寻常的降临日历"
"eng_Latn","beatles advent calendar 2025","披头士2025年圣诞倒数日历"
"eng_Latn","blind box advent calendar 2025","2025年盲盒式圣诞倒数日历"
"eng_Latn","chaos theory advent calendar","混沌理论倒数日历"
"eng_Latn","christmas advent calendar for women","女士圣诞倒数日历"
"eng_Latn","construction vehicle advent calendar","工程车辆倒数日历"
"eng_Latn","crochet advent calendar kit","钩织圣诞倒数日历套件"
"eng_Latn","demon slayer advent calendar 2025 anime","《鬼灭之刃》2025年动画版降临历"
"eng_Latn","dodger advent calendar","躲闪者历险日历"
"eng_Latn","dr who advent calendar","《神秘博士》圣诞倒数日历"
"eng_Latn","empty advent calendar boxes 12 days","12天空白的圣诞倒数日历盒"
"eng_Latn","espresso advent calendar 2025","2025年意式浓缩咖啡倒数日历"
"eng_Latn","girls christmas advent calendar 2025","2025年女孩圣诞倒数日历"
"eng_Latn","grandma advent calendar 2025","2025年奶奶降临日历"
"eng_Latn","gummies advent calendar 2025","2025年软糖日历"
"eng_Latn","guys advent calendar","男士们圣诞倒数日历"
"eng_Latn","harry potter christmas advent calendar 2025","哈利·波特2025年圣诞倒数日历"
"eng_Latn","highland cows advent calendar","高地奶牛日历"
"eng_Latn","hotel chocolate advent calendar 2025","2025年酒店巧克力圣诞倒数日历"
"eng_Latn","insect advent calendar","昆虫主题的倒数日历"
"eng_Latn","jewish advent calendar 2025","2025年犹太历圣诞倒数日历"
"eng_Latn","lego kids advent calendar","乐高儿童历险日历"
"eng_Latn","make up advent calendar for teens","为青少年制作圣诞倒数日历"
"eng_Latn","makeup advent calendar 2025 teen girls","2025年少女彩妆日历"
"eng_Latn","mens grooming advent calendar","男士美容日历"
"eng_Latn","mini squishmallows advent calendar","迷你软糖豆人日历"
"eng_Latn","pokemon christmas advent calendar 2025","2025年口袋妖怪圣诞倒数日历"
"eng_Latn","see's candy advent calendar","喜诗糖果圣诞倒数日历"
"eng_Latn","survival tool advent calendar","求生工具倒数日历"
"eng_Latn","tea forte advent calendar","茶福特圣诞倒数日历"
"eng_Latn","topps basketball advent calendar 2025","2025年Topps篮球日历"
"eng_Latn","trading card advent calendar","集换式卡牌圣诞倒数日历"
"eng_Latn","advent calendars fortnite","《堡垒之夜》的降临日历"
"eng_Latn","advent calendars fun","圣诞倒数日历，乐趣无穷"
"eng_Latn","best advent calendars for teen boys","最适合十几岁男孩的圣诞倒数日历"
"eng_Latn","best teen advent calendars","最佳青少年冒险日历"
"eng_Latn","bonne maman advent calendars","Bonne maman 圣诞倒数日历"
"eng_Latn","nerdy advent calendars","书呆子风格的圣诞倒数日历"
"eng_Latn","teenage advent calendars","青少年冒险日历"
"eng_Latn","ulta advent calendars","ulta 圣诞倒数日历"
"eng_Latn","hot wheels avent calendar","风火轮冒险日历"
"eng_Latn","10 year old advent calendar 2025","2025年10岁儿童圣诞倒数日历"
"eng_Latn","2025 advent calendar candy","2025年圣诞倒数日历糖果"
"eng_Latn","advent calendar 2025 adult women perfume","2025年降临日历成年女性香水"
"eng_Latn","advent calendar 2025 christmas jigsaw puzzles","2025年圣诞拼图日历"
"eng_Latn","advent calendar 2025 lip balm","2025年倒计时日历唇膏"
"eng_Latn","advent calendar 2025 magic","2025年魔法主题的圣诞倒数日历"
"eng_Latn","advent calendar 2025 tools","2025年倒数日历工具"
"eng_Latn","advent calendar barbie 2025","2025年芭比圣诞倒数日历"
"eng_Latn","advent calendar bourbon","波本威士忌降临日历"
"eng_Latn","advent calendar brain rot","圣诞倒数日历脑力大挑战"
"eng_Latn","advent calendar dragon ball z","龙珠Z降临日历"
"eng_Latn","advent calendar ducks 2025","2025年鸭子主题的倒数日历"
"eng_Latn","advent calendar for boys 8-10","8-10岁男孩的降临日历"
"eng_Latn","advent calendar for boys roblox","男孩版罗布乐思（Roblox）降临日历"
"eng_Latn","advent calendar for fishing","钓鱼日历"
"eng_Latn","advent calendar for woman 2025","2025年女士降临日历"
"eng_Latn","advent calendar gluten free","无麸质圣诞倒数日历"
"eng_Latn","advent calendar jewelry kids","儿童珠宝节日日历"
"eng_Latn","advent calendar kits to make","待制作的圣诞倒数日历套件"
"eng_Latn","advent calendar nativity 2025","2025年圣诞倒数日历"
"eng_Latn","advent calendar nba","NBA圣诞倒数日历"
"eng_Latn","advent calendar pictures","圣诞倒数日历图片"
"eng_Latn","advent calendar prizes","圣诞倒数日历奖品"
"eng_Latn","allergy friendly advent calendar","防过敏的圣诞倒数日历"
"eng_Latn","around the world advent calendar 2025","2025年世界各地圣诞倒数日历"
"eng_Latn","bath bomb advent calendar for kids","儿童沐浴炸弹日历"
"eng_Latn","beetles christmas advent calendar","甲虫圣诞倒数日历"
"eng_Latn","best advent calendar 2025 for kids","2025年最佳儿童圣诞倒数日历"
"eng_Latn","best chocolate advent calendar","最好的巧克力降临日历"
"eng_Latn","bluey advent book calendar","《蓝精灵》历险图书日历"
"eng_Latn","bourbon advent calendar 2025 for men","2025年男士波本威士忌倒数日历"
"eng_Latn","boy advent calendar 2025 lego","2025年乐高男孩圣诞倒数日历"
"eng_Latn","braintot advent calendar","“braintot”圣诞倒数日历"
"eng_Latn","brick advent calendar","砖块造型的圣诞倒数日历"
"eng_Latn","catrice advent calendar 2025","2025年卡特丽斯（catrice）圣诞倒数日历"
"eng_Latn","christmas advent calendar boxes","圣诞倒数日历盒"
"eng_Latn","christmas advent calendar for adults","成人圣诞倒数日历"
"eng_Latn","christmas advent calendar jigsaw puzzle","圣诞倒数日历拼图"
"eng_Latn","christmas sock advent calendar 2025","2025年圣诞袜倒数日历"
"eng_Latn","comic advent calendar","漫画式圣诞倒数日历"
"eng_Latn","descendants advent calendar","后代降临日历"
"eng_Latn","disney lego advent calendar","迪士尼乐高圣诞倒数日历"
"eng_Latn","dragon egg advent calendar","龙蛋倒数日历"
"eng_Latn","e.l.f. sleigh the holidays 24-day advent calendar 2025","e.l.f. 圣诞雪橇 2025年24天倒数日历"
"eng_Latn","elsa advent calendar","艾尔莎圣诞倒数日历"
"eng_Latn","finger puppet advent calendar","手指木偶圣诞倒数日历"
"eng_Latn","fishing lure advent calendar 2025 bass","2025年钓鱼诱饵日历，鲈鱼款"
"eng_Latn","ford advent calendar","福特圣诞倒数日历"
"eng_Latn","freshcut paper advent calendar","新剪纸圣诞倒数日历"
"eng_Latn","funko harry potter advent calendar","Funko哈利波特主题的倒数日历"
"eng_Latn","guitarist advent calendar","吉他手降临日历"
"eng_Latn","hamster advent calendar","仓鼠主题的圣诞倒数日历"
"eng_Latn","harry potter advent calendar diagon alley","哈利波特对角巷倒数日历"
"eng_Latn","hazet advent calendar","雾气降临日历"
"eng_Latn","hersey advent calendar 2025","赫西2025年圣诞倒数日历"
"eng_Latn","kids sock advent calendar 2025","2025年儿童袜袜历"
"eng_Latn","lego christmas tree advent calendar 2025","乐高2025年圣诞树倒数日历"
"eng_Latn","lego ninjago advent calendar","乐高忍者神龟历险日历"
"eng_Latn","lindt giant advent calendar 2025","瑞士莲2025年巨型圣诞倒数日历"
"eng_Latn","mens skin care advent calendar","男士护肤日历"
"eng_Latn","model car advent calendar 2025","2025年模型车圣诞倒数日历"
"eng_Latn","ms rachel advent calendar","瑞秋女士的倒数日历"
"eng_Latn","nativity advent calendar with book","带书的圣诞倒数日历"
"eng_Latn","nee dough advent calendar","“nee dough advent calendar”的中文翻译是什么"
"eng_Latn","need oh advent calendar","需要哦，圣诞倒数日历"
"eng_Latn","office advent calendar","办公室圣诞倒数日历"
"eng_Latn","ornaments advent calendar 2025","2025年装饰品圣诞倒数日历"
"eng_Latn","our generation doll advent calendar","我们这一代玩偶的降临日历"
"eng_Latn","peanut butter advent calendar","花生酱倒数日历"
"eng_Latn","pixar funko pop advent calendar","皮克斯Funko Pop Advent日历"
"eng_Latn","purple ladybug advent calendar","紫色瓢虫倒数日历"
"eng_Latn","quirky advent calendar","古怪有趣的圣诞倒数日历"
"eng_Latn","resin advent calendar","树脂日历"
"eng_Latn","rock around the guitar advent calendar 2025","2025年吉他摇滚降临日历"
"eng_Latn","sports advent calendar 2025 boys","2025年男孩运动主题日历"
"eng_Latn","sudoku advent calendar","数独日历"
"eng_Latn","teen advent calendar stuffers","青少年圣诞倒数日历小礼品"
"eng_Latn","teen makeup advent calendar","青少年化妆日历"
"eng_Latn","tree advent calendar 2025","2025年圣诞树日历"
"eng_Latn","viking advent calendar","维京人冒险日历"
"eng_Latn","wicked advent calendar 2026","2026年邪恶降临日历"
"eng_Latn","advent calendars for wife","给妻子的圣诞倒数日历"
"eng_Latn","advent calendars kids 2025","2025年儿童款圣诞倒数日历"
"eng_Latn","advent calendars women 2025","2025年女士款圣诞倒数日历"
"eng_Latn","christmas advent calendars for kids lego","乐高儿童圣诞倒数日历"
"eng_Latn","fun advent calendars for men","男士趣味圣诞倒数日历"
"eng_Latn","men advent calendars","男士圣诞倒数日历"
"eng_Latn","skin care avent calendar","护肤日历"
"eng_Latn","2025 wine advent calendar","2025年葡萄酒倒数日历"
"eng_Latn","24 day makeup advent calendar","24天美妆日历"
"eng_Latn","adult candle advent calendar","成人蜡烛倒数日历"
"eng_Latn","adult womens advent calendar 2025","2025年女士成人日历"
"eng_Latn","advent baseball calendar 2025","2025年降临节棒球日历"
"eng_Latn","advent bracelet calendar 2025","2025年降临节手环日历"
"eng_Latn","advent calendar 2025 2 year old","2025年2岁儿童倒数日历"
"eng_Latn","advent calendar 2025 bitty pop","2025年bitty pop圣诞倒数日历"
"eng_Latn","advent calendar 2025 jelly","2025年果冻主题的降临日历"
"eng_Latn","advent calendar 2025 kids kpop demon hunters","2025年儿童Kpop恶魔猎人降临日历"
"eng_Latn","advent calendar 2025 man","2025年男士圣诞倒数日历"
"eng_Latn","advent calendar 2025 under 10","2025年10岁以下儿童日历"
"eng_Latn","advent calendar 2026 for adults","2026年成人日历"
"eng_Latn","advent calendar books for teens","青少年用的倒数日历本"
"eng_Latn","advent calendar candy for adults","成人用节日日历糖果"
"eng_Latn","advent calendar fisher price","费雪牌（Fisher Price）圣诞倒数日历"
"eng_Latn","advent calendar for adults candy","成人糖果的倒数日历"
"eng_Latn","advent calendar for bakers","烘焙师用的倒数日历"
"eng_Latn","advent calendar for cooks","厨师的倒数日历"
"eng_Latn","advent calendar for men￼","男士圣诞倒数日历"
"eng_Latn","advent calendar for teen girls nails","少女美甲倒数日历"
"eng_Latn","advent calendar for teenage girl","少女款降临日历"
"eng_Latn","advent calendar for women beauty","女性美容日历"
"eng_Latn","advent calendar japanese","日式倒数日历"
"eng_Latn","advent calendar kids chocolate","儿童巧克力倒数日历"
"eng_Latn","advent calendar lol","圣诞倒数日历，哈哈"
"eng_Latn","advent calendar military","军事主题的倒数日历"
"eng_Latn","advent calendar stitch 2025","2025年Stitch联名款圣诞倒数日历"
"eng_Latn","advent calendar toy story","玩具总动员主题的降临日历"
"eng_Latn","advent calendar vending machine","圣诞日历自动售货机"
"eng_Latn","advent calendar village","圣诞倒数日历村"
"eng_Latn","advent socks calendar 2025","2025年圣诞袜日历"
"eng_Latn","advent wine calendar","圣诞酒历"
"eng_Latn","back to the future advent calendar 2025","回到未来2025年圣诞倒数日历"
"eng_Latn","bbq advent calendar","烧烤日历"
"eng_Latn","beauty advent calendar 2025 elf","2025年美丽精灵降临日历"
"eng_Latn","beetle advent calendar 2025","2025年甲虫主题日历"
"eng_Latn","bluey advent calendar 2025 book","2025年《蓝色小精灵》日历本"
"eng_Latn","bocce advent calendar","地掷球圣诞倒数日历"
"eng_Latn","body spray advent calendar","身体喷雾日历"
"eng_Latn","boy teen advent calendar 2025","2025年男孩青少年主题的倒数日历"
"eng_Latn","boys christmas advent calendar","男孩圣诞倒数日历"
"eng_Latn","burts bee advent calendar 2025","小蜜蜂2025年圣诞倒数日历"
"eng_Latn","butter slime advent calendar","黄油黏液日历"
"eng_Latn","butterfly advent calendar 2025","2025年蝴蝶主题日历"
"eng_Latn","cadbury chocolate advent calendar 2025","吉百利2025年巧克力倒数日历"
"eng_Latn","cat puzzle advent calendar 2025","2025年猫拼图日历"
"eng_Latn","cat treats advent calendar 2025","2025年猫咪零食圣诞倒数日历"
"eng_Latn","chef advent calendar","厨师日历"
"eng_Latn","construction vehicle advent calendar 2025","2025年建筑车辆倒数日历"
"eng_Latn","cosmetics advent calendar","化妆品倒数日历"
"eng_Latn","craft advent calendar 2025 kids","2025年儿童手工日历"
"eng_Latn","dad joke advent calendar 2025","2025年爸爸笑话日历"
"eng_Latn","dad jokes advent calendar","爸爸笑话圣诞倒数日历"
"eng_Latn","dallas cowboys advent calendar","达拉斯牛仔队倒数日历"
"eng_Latn","disney funko pop advent calendar 2025","迪士尼Funko Pop 2025年圣诞倒数日历"
"eng_Latn","elephant advent calendar 2025","2025年大象主题日历"
"eng_Latn","fill yourself advent calendar","自填式圣诞倒数日历"
"eng_Latn","fishing tackle advent calendar","钓鱼用具倒数日历"
"eng_Latn","funko pop advent calendar 24 days","Funko Pop 24天圣诞倒数日历"
"eng_Latn","gabbys dollhouse advent calendar","加比娃娃屋圣诞倒数日历"
"eng_Latn","ghirardelli chocolate advent calendar 2025","2025年吉拉德利巧克力圣诞倒数日历"
"eng_Latn","goose advent calendar","鹅形日历"
"eng_Latn","gourmet food advent calendar","美食日历"
"eng_Latn","highlander cow advent calendar","高地奶牛主题的倒数日历"
"eng_Latn","jewelry making advent calendar","珠宝制作倒数日历"
"eng_Latn","lego nativity set advent calendar","乐高耶稣诞生场景套装 圣诞倒数日历"
"eng_Latn","legos friends advent calendar","乐高朋友系列圣诞倒数日历"
"eng_Latn","max verstappen advent calendar","马克斯·维斯塔潘圣诞倒数日历"
"eng_Latn","men cologne advent calendar","男士古龙水圣诞倒数日历"
"eng_Latn","mens beard advent calendar 2025","2025年男士胡须日历"
"eng_Latn","mine craft advent calendar","《我的世界》圣诞倒数日历"
"eng_Latn","mini books advent calendar","迷你书式圣诞倒数日历"
"eng_Latn","mini plush advent calendar","迷你毛绒圣诞倒数日历"
"eng_Latn","moo free advent calendar","无哞声的圣诞倒数日历"
"eng_Latn","nativity advent calendar wood","木质耶稣诞生日历"
"eng_Latn","non food advent calendar","非食品主题的圣诞倒数日历"
"eng_Latn","pregnancy advent calendar 2025","2025年孕期倒数日历"
"eng_Latn","puppy advent calendar for kids","儿童小狗主题的倒数日历"
"eng_Latn","quilting advent calendar 2025","2025年绗缝圣诞倒数日历"
"eng_Latn","reusable nativity advent calendar","可重复使用的耶稣诞生倒数日历"
"eng_Latn","self care advent calendar for women","女性自我关爱日历"
"eng_Latn","small advent calendar gifts","小型圣诞倒数日历礼物"
"eng_Latn","snoopy christmas advent calendar","史努比圣诞倒数日历"
"eng_Latn","taylor swift advent calendar 2026","泰勒·斯威夫特2026年圣诞倒数日历"
"eng_Latn","tumbler advent calendar","翻板式圣诞倒数日历"
"eng_Latn","useful advent calendar","实用的圣诞倒数日历"
"eng_Latn","walker advent calendar 2025","2025年步行者圣诞倒数日历"
"eng_Latn","walkers advent calendar","步行者圣诞倒数日历"
"eng_Latn","yoga advent calendar","瑜伽主题的圣诞倒数日历"
"eng_Latn","young woman advent calendar 2025","2025年年轻女性圣诞倒数日历"
"eng_Latn","yule advent calendar","圣诞树日历"
"eng_Latn","advent calendars bath bombs","圣诞日历沐浴球"
"eng_Latn","advent calendars brain rot","圣诞日历令人脑筋发麻"
"eng_Latn","advent calendars for college students","大学生用的圣诞倒数日历"
"eng_Latn","advent calendars for young adults","为年轻人设计的圣诞倒数日历"
"eng_Latn","advent calendars kinder","更友好的圣诞倒数日历"
"eng_Latn","christmas advent calendars reusable","可重复使用的圣诞倒数日历"
"eng_Latn","empty advent calendars to fill bulk","空空的待填满的批量圣诞日历"
"eng_Latn","teen boys advent calendars","青少年男孩的圣诞倒数日历"
"eng_Latn","golf avent calendar 2025","2025年高尔夫冒险日历"
"eng_Latn","12 day advent calendar teen boys","12天圣诞倒数日历，适合青少年男孩"
"eng_Latn","4 year old boy advent calendar 2025","2025年4岁男孩圣诞倒数日历"
"eng_Latn","advent calendar 2024 women","2024年女士圣诞倒数日历"
"eng_Latn","advent calendar 2025 bath","2025年巴斯圣诞倒数日历"
"eng_Latn","advent calendar 2025 duck","2025年鸭子主题的圣诞倒数日历"
"eng_Latn","advent calendar 2025 gummy candy","2025年软糖味日历"
"eng_Latn","advent calendar 2025 hair","2025年圣诞倒数日历（美发版）"
"eng_Latn","advent calendar 2025 kids squishmallow","2025年儿童款Squishmallow软糯玩具日历"
"eng_Latn","advent calendar 2025 mickey mouse","2025年米老鼠主题的圣诞倒数日历"
"eng_Latn","advent calendar 2025 religious adult","2025年宗教成人主题的降临日历"
"eng_Latn","advent calendar 2025 rubber duck","2025年橡胶鸭降临日历"
"eng_Latn","advent calendar 2025 toy","2025年玩具降临日历"
"eng_Latn","advent calendar 2025 wwe","2025年WWE圣诞倒数日历"
"eng_Latn","advent calendar american girl","美国女孩圣诞倒数日历"
"eng_Latn","advent calendar book collection","圣诞日历书系列"
"eng_Latn","advent calendar charms","圣诞倒数日历挂饰"
"eng_Latn","advent calendar crafting","制作圣诞倒数日历"
"eng_Latn","advent calendar crochet kit","圣诞倒数日历钩织套件"
"eng_Latn","advent calendar dolls","圣诞倒数日历玩偶"
"eng_Latn","advent calendar duck","鸭子主题的圣诞倒数日历"
"eng_Latn","advent calendar for 16 year old girl","16岁女孩的圣诞倒数日历"
"eng_Latn","advent calendar for 18 month old","18个月大宝宝的降临日历"
"eng_Latn","advent calendar for gamer","游戏玩家日历"
"eng_Latn","advent calendar for musicians","音乐家们的倒数日历"
"eng_Latn","advent calendar for preteen girls","青春期前女孩的降临日历"
"eng_Latn","advent calendar for runners","跑步者倒数日历"
"eng_Latn","advent calendar for women makeup","女士化妆品倒数日历"
"eng_Latn","advent calendar lego city","乐高城市系列倒数日历"
"eng_Latn","advent calendar magic the gathering","“魔法降临日历”聚会"
"eng_Latn","advent calendar of beauty","美丽日历"
"eng_Latn","advent calendar origami","折纸圣诞倒数日历"
"eng_Latn","advent calendar reusable wood","可重复使用的木质圣诞倒数日历"
"eng_Latn","advent calendar sex","圣诞倒数日历性爱"
"eng_Latn","advent calendar shower steamers","圣诞日历淋浴蒸汽器"
"eng_Latn","advent calendar star trek","《星际迷航》降临日历"
"eng_Latn","advent calendar under 20 dollars","20美元以下的圣诞倒数日历"
"eng_Latn","advent calendar witchy","巫术主题的降临日历"
"eng_Latn","advent calendar with coffee pods","带咖啡胶囊的倒数日历"
"eng_Latn","advent countdown calendar","圣诞节倒计时日历"
"eng_Latn","advent nail polish calendar","圣诞指甲油日历"
"eng_Latn","alien advent calendar","外星人降临日历"
"eng_Latn","art advent calendar 2025 kids","2025年儿童艺术日历"
"eng_Latn","bark box dog advent calendar 2025","2025年树皮盒狗狗日历"
"eng_Latn","bath toy advent calendar","沐浴玩具圣诞倒数日历"
"eng_Latn","bluey christmas advent calendar","蓝色圣诞倒数日历"
"eng_Latn","book reader advent calendar 2025","2025年图书阅读器降临日历"
"eng_Latn","bosch advent calendar 2025","博世2025年圣诞倒数日历"
"eng_Latn","bug advent calendar 2025","2025年臭虫降临日历"
"eng_Latn","byoma advent calendar","byoma 圣诞倒数日历"
"eng_Latn","christmas advent calendar harry potter","哈利波特圣诞倒数日历"
"eng_Latn","college student advent calendar","大学生圣诞倒数日历"
"eng_Latn","cthulhu advent calendar 2025","2025年克苏鲁降临日历"
"eng_Latn","dimond art advent calendar","钻石艺术日历"
"eng_Latn","diy advent calendar pink","DIY 粉红色圣诞倒数日历"
"eng_Latn","dollhouse advent calendar","玩具屋式圣诞倒数日历"
"eng_Latn","empty advent calendar for adults","空白的成人圣诞倒数日历"
"eng_Latn","f1 racing advent calendar","F1赛车倒数日历"
"eng_Latn","formula one advent calendar 2025","2025年一级方程式赛车倒数日历"
"eng_Latn","freeze dried candy advent calendar","冻干糖果圣诞倒数日历"
"eng_Latn","furby minis advent calendar","furby minis 圣诞倒数日历"
"eng_Latn","gems advent calendar 2025","2025年宝石圣诞倒数日历"
"eng_Latn","ground coffee advent calendar","研磨咖啡倒数日历"
"eng_Latn","haba advent calendar 2025","HABA 2025年圣诞倒数日历"
"eng_Latn","hempz advent calendar","Hempz 圣诞倒数日历"
"eng_Latn","kaboom advent calendar 2025","2025年卡布姆圣诞倒数日历"
"eng_Latn","large advent calendar 2025","2025年大型圣诞倒数日历"
"eng_Latn","large advent calendar boxes empty","大型圣诞倒数日历盒空空如也"
"eng_Latn","lego flower bouquet advent calendar","乐高花束倒数日历"
"eng_Latn","lego minecraft advent calendar 2025 christmas","乐高《我的世界》2025年圣诞倒数日历"
"eng_Latn","lps christmas advent calendar","LPS圣诞倒数日历"
"eng_Latn","medical advent calendar 2025","2025年医疗日历"
"eng_Latn","minecraft christmas advent calendar","《我的世界》圣诞倒数日历"
"eng_Latn","mini figure advent calendar","迷你人偶圣诞倒数日历"
"eng_Latn","minions advent calendar","小黄人倒计时日历"
"eng_Latn","minnie advent calendar 2025","米妮2025年圣诞倒数日历"
"eng_Latn","nature advent calendar 2025","2025年自然主题圣诞倒数日历"
"eng_Latn","ne doh advent calendar 2025","2025年圣诞倒数日历"
"eng_Latn","needoh squishies advent calendar","needoh软糖系列日历"
"eng_Latn","paint by number advent calendar","数字涂色日历"
"eng_Latn","panini advent calendar 2025","2025年帕尼尼（Panini）圣诞倒数日历"
"eng_Latn","paris advent calendar","巴黎倒数日历"
"eng_Latn","paw patrol advent calendar 2025 toddler","2025年狗狗巡逻队幼儿日历"
"eng_Latn","perfume advent calendar for teens","青少年香水日历"
"eng_Latn","pokemon calendar advent","宝可梦日历降临"
"eng_Latn","pop mart advent calendar 2025","pop mart 2025年圣诞倒数日历"
"eng_Latn","premium chocolate advent calendar","高级巧克力圣诞倒数日历"
"eng_Latn","princess advent calendar for girls","女孩公主降临日历"
"eng_Latn","protein bar advent calendar 2025","2025年蛋白棒倒数日历"
"eng_Latn","purple cow advent calendar","紫色奶牛倒数日历"
"eng_Latn","rubix cube advent calendar 2025","2025年Rubix魔方倒数日历"
"eng_Latn","shopkins advent calendar 2025","2025年Shopkins圣诞倒数日历"
"eng_Latn","simpsons christmas advent calendar","《辛普森一家》圣诞倒数日历"
"eng_Latn","skincare/makeup advent calendar","护肤/彩妆日历"
"eng_Latn","small dog advent calendar 2025","2025年小狗主题的倒数日历"
"eng_Latn","smiski advent calendar","斯米斯基圣诞倒数日历"
"eng_Latn","stationery advent calendar for teen girls","少女文具圣诞倒数日历"
"eng_Latn","stuffie advent calendar 2025","2025年毛绒玩具日历"
"eng_Latn","swarovski advent calendar 2025","施华洛世奇2025年圣诞倒数日历"
"eng_Latn","teddy bear advent calendar","泰迪熊主题的倒数日历"
"eng_Latn","tennis advent calendar","网球主题的圣诞倒数日历"
"eng_Latn","tennis advent calendar 2025","2025年网球倒计时日历"
"eng_Latn","thomas and friends advent calendar","托马斯和朋友历险日历"
"eng_Latn","true crime advent calendar 2025","2025年真实犯罪历险日历"
"eng_Latn","twinings advent calendar 2025","2025年唐宁茶包圣诞倒数日历"
"eng_Latn","ulta makeup advent calendar 2025","ulta 2025年化妆品圣诞倒数日历"
"eng_Latn","ulta mini brands advent calendar 2025","ulta mini brands 2025年圣诞倒数日历"
"eng_Latn","w7 beauty blast advent calendar","w7美妆惊喜降临日历"
"eng_Latn","wooden advent calendar nativity","木质圣诞倒数日历"
"eng_Latn","advent calendars 2025 for adults","2025年成人款圣诞倒数日历"
"eng_Latn","advent calendars fillable","可填写的圣诞日历"
"eng_Latn","advent calendars sea glass","海玻璃主题的降临日历"
"eng_Latn","football advent calendars","足球主题的圣诞日历"
"eng_Latn","hello kitty advent calendars","凯蒂猫（Hello Kitty）圣诞倒数日历"
"eng_Latn","lego flower advent calendars","乐高花式圣诞倒数日历"
"eng_Latn","tea advent calendars 2025","2025年茶礼盒日历"
"eng_Latn","candy avent calendar 2025","2025年糖果主题的日历"
"eng_Latn","harry potter avent calendar","哈利·波特主题的日历"
"eng_Latn","funko pop bitty countdown calendar","Funko Pop Bitty倒计时日历"
"eng_Latn","thanksgiving countdown calendar","感恩节倒计时日历"
"eng_Latn","12 day diy advent calendar","12天DIY圣诞倒数日历"
"eng_Latn","2026 advent calendar","2026年圣诞倒数日历"
"eng_Latn","adult chocolate advent calendar 2025","2025年成人巧克力圣诞倒数日历"
"eng_Latn","advent calendar 2025 baby girl","2025年女婴降临日历"
"eng_Latn","advent calendar 2025 books for kids","2025年儿童日历书"
"eng_Latn","advent calendar 2025 christmas vacation","2025年圣诞假期倒数日历"
"eng_Latn","advent calendar 2025 cooking","2025年倒数日历烹饪"
"eng_Latn","advent calendar 2025 for book lovers","2025年图书爱好者日历"
"eng_Latn","advent calendar 2025 frozen","2025年冷冻版降临日历"
"eng_Latn","advent calendar 2025 gnomes","2025年小矮人降临日历"
"eng_Latn","advent calendar 2025 hair care","2025年护发日历"
"eng_Latn","advent calendar 2025 k pop demon hunter","2025年K-pop恶魔猎人降临日历"
"eng_Latn","advent calendar 2025 little girl","2025年小女孩主题的倒数日历"
"eng_Latn","advent calendar 2025 paper","2025年纸质圣诞倒数日历"
"eng_Latn","advent calendar 2025 simpsons","2025年辛普森一家圣诞倒数日历"
"eng_Latn","advent calendar blank box","倒计时日历空白盒"
"eng_Latn","advent calendar boys age 7","7岁男孩的降临日历"
"eng_Latn","advent calendar chocolate candy","倒计时日历巧克力糖果"
"eng_Latn","advent calendar for girls skincare","女孩护肤日历"
"eng_Latn","advent calendar for mechanics","机械师日历"
"eng_Latn","advent calendar for men coffee","男士咖啡日历"
"eng_Latn","advent calendar for preteeens girls","为青春期前女孩准备的圣诞倒数日历"
"eng_Latn","advent calendar haribo","哈瑞宝（Haribo）圣诞倒数日历"
"eng_Latn","advent calendar lego flower","乐高花式日历"
"eng_Latn","advent calendar miniatures","圣诞倒数日历微缩模型"
"eng_Latn","advent calendar murder mystery","圣诞日历谋杀谜案"
"eng_Latn","advent calendar stuffies","圣诞倒数日历玩偶"
"eng_Latn","advent calendar ulta 2025","2025年ULTA圣诞倒数日历"
"eng_Latn","advent calendar young woman","圣诞日历年轻女子"
"eng_Latn","advent charm bracelet calendar","圣诞魅力手链日历"
"eng_Latn","advent perfume calendar","圣诞香水日历"
"eng_Latn","advent sticker calendar","圣诞贴纸日历"
"eng_Latn","barbie little people advent calendar","芭比小人冒险日历"
"eng_Latn","beauty advent calendar sets","美妆日历套装"
"eng_Latn","bluey chocolate advent calendar","蓝莓巧克力圣诞倒数日历"
"eng_Latn","bluey: the most amazing advent calendar book bundle","《蓝色小精灵》：最令人惊叹的圣诞倒数日历图书套装"
"eng_Latn","booklovers advent calendar","书迷的圣诞倒数日历"
"eng_Latn","bow advent calendar","弓形日历"
"eng_Latn","call of duty advent calendar","使命召唤倒数日历"
"eng_Latn","candy from around the world advent calendar","来自世界各地的糖果倒数日历"
"eng_Latn","car accessories advent calendar 2025","2025年汽车配件圣诞倒数日历"
"eng_Latn","character advent calendar","角色降临日历"
"eng_Latn","cheer advent calendar 2025","2025年欢乐倒数日历"
"eng_Latn","cheerleader advent calendar","啦啦队长主题的圣诞倒数日历"
"eng_Latn","chef advent calendar 2025","2025年厨师日历"
"eng_Latn","chocolate advent calendar 2025 adult","2025年成人巧克力倒数日历"
"eng_Latn","christmas candy advent calendar","圣诞糖果倒数日历"
"eng_Latn","christmas village advent calendar 2025","2025年圣诞村降临日历"
"eng_Latn","college girl advent calendar","大学女生圣诞倒数日历"
"eng_Latn","computer advent calendar","电脑降临日历"
"eng_Latn","curly hair advent calendar","卷发日历"
"eng_Latn","d&d dice advent calendar","D&D骰子圣诞倒数日历"
"eng_Latn","dbz advent calendar","《龙珠Z》降临日历"
"eng_Latn","disney frozen advent calendar","迪士尼冰雪奇缘倒计时日历"
"eng_Latn","diy advent calendar gifts","DIY 圣诞倒数日历礼物"
"eng_Latn","dog advent calendar 2025 for kids","2025年儿童狗年历"
"eng_Latn","dragon in the forest advent calendar","森林中的龙历险日历"
"eng_Latn","emotional support crochet advent calendar","情感支持钩织圣诞倒数日历"
"eng_Latn","eos advent calendar train","EOS倒数日历列车"
"eng_Latn","equestrian advent calendar","马术主题的倒数日历"
"eng_Latn","experiment advent calendar","实验日历"
"eng_Latn","fancy chocolate advent calendar 2025","2025年精美巧克力倒数日历"
"eng_Latn","farmall advent calendar 2025","2025年农场冒险日历"
"eng_Latn","felt advent calendar kit","毛毡圣诞倒数日历套装"
"eng_Latn","fenty advent calendar","Fenty 圣诞倒数日历"
"eng_Latn","fillable reusable advent calendar","可填写可重复使用的倒数日历"
"eng_Latn","golden girls advent calendar","金色女孩降临日历"
"eng_Latn","golden girls advent calendar 2025","2025年金发女孩降临日历"
"eng_Latn","golf advent calendar 2026","2026年高尔夫球历"
"eng_Latn","guitar advent calendar 2026","2026年吉他降临日历"
"eng_Latn","hanging christmas advent calendar","悬挂式圣诞倒数日历"
"eng_Latn","happy beauty days 12-day advent calendar gift set","快乐美丽日12天倒数日历礼盒套装"
"eng_Latn","hard candy advent calendar","硬糖式圣诞倒数日历"
"eng_Latn","hershey's advent calendar","好时巧克力倒数日历"
"eng_Latn","how to train your dragon advent calendar 2025","2025年驯龙记历险日历"
"eng_Latn","jack skellington advent calendar 2025","2025年杰克·斯凯灵顿圣诞倒数日历"
"eng_Latn","kids candy advent calendar","儿童糖果圣诞倒数日历"
"eng_Latn","kids jewelry advent calendar 2025","2025年儿童珠宝圣诞倒数日历"
"eng_Latn","kids puzzle advent calendar","儿童拼图式圣诞倒数日历"
"eng_Latn","krampus advent calendar 2025","2025年克朗普斯降临日历"
"eng_Latn","lego duplo advent calendar 2025","乐高得宝2025年圣诞倒数日历"
"eng_Latn","little people disney princess advent calendar","小人迪斯尼公主降临日历"
"eng_Latn","lol surprise advent calendar 2025","2025年LOL惊喜圣诞倒数日历"
"eng_Latn","luxury skincare advent calendar","奢华护肤日历"
"eng_Latn","make up advent calendar ulta","在ULTA上制作 Advent 日历"
"eng_Latn","man crates advent calendar","男士板条箱式圣诞倒数日历"
"eng_Latn","math advent calendar 2025","2025年数学日历"
"eng_Latn","meat and cheese advent calendar","肉和奶酪的倒数日历"
"eng_Latn","miffy advent calendar","米菲兔圣诞倒数日历"
"eng_Latn","miku advent calendar","初音未来圣诞倒数日历"
"eng_Latn","mini brands ulta advent calendar","迷你品牌ULTA圣诞倒数日历"
"eng_Latn","mini lego advent calendar","迷你乐高圣诞倒数日历"
"eng_Latn","modelones advent calendar","莫多尼斯（modelones）圣诞倒数日历"
"eng_Latn","needham advent calendar","尼德汉姆圣诞倒数日历"
"eng_Latn","ninja turtles advent calendar 2025","忍者龟2025年倒数日历"
"eng_Latn","one piece advent calendar 2025 anime","2025年海贼王动漫降临日历"
"eng_Latn","ornaments advent calendar","装饰品圣诞倒数日历"
"eng_Latn","percy jackson advent calendar 2025","《珀西·杰克逊》2025年倒数日历"
"eng_Latn","perfume advent calendar￼","香水降临日历"
"eng_Latn","poke mon advent calendar 2025","2025年《口袋妖怪》圣诞倒数日历"
"fra_Latn","pokémon advent calendar￼","宝可梦降临日历"
"eng_Latn","positive advent calendar","正面圣诞倒数日历"
"eng_Latn","reader advent calendar","读者日历"
"eng_Latn","rescuer advent calendar","救援者降临日历"
"eng_Latn","reusable empty advent calendar","可重复使用的空日历"
"eng_Latn","salt water fishing advent calendar 2025","2025年海水钓鱼日历"
"eng_Latn","santa advent calendar 2025","2025年圣诞倒数日历"
"eng_Latn","savage gear advent calendar","野蛮装备降临日历"
"eng_Latn","scripture advent calendar 2025","2025年圣经降临日历"
"eng_Latn","snake advent calendar","蛇形日历"
"eng_Latn","soup advent calendar","汤品日历"
"eng_Latn","the woobles advent calendar","摇摆的降临日历"
"eng_Latn","thomas the train advent calendar","托马斯小火车倒数日历"
"eng_Latn","toys chocolonely advent calendar","巧克力玩具圣诞倒数日历"
"eng_Latn","twisted tales advent calendar","扭曲故事圣诞倒数日历"
"eng_Latn","wet n wild advent calendar","湿野冒险日历"
"eng_Latn","wwii airplane advent calendar","二战飞机主题的倒数日历"
"eng_Latn","young girl advent calendar 2025","2025年少女降临日历"
"eng_Latn","advent calendars 2025 candy","2025年糖果主题的降临日历"
"eng_Latn","advent calendars dogs","狗狗主题的圣诞倒数日历"
"eng_Latn","advent calendars earrings","圣诞日历耳环"
"eng_Latn","advent calendars for adults women","为成年女性设计的圣诞倒数日历"
"eng_Latn","advent calendars for boys age 10","10岁男孩的降临日历"
"eng_Latn","kpop advent calendars","韩国流行音乐（Kpop）降临日历"
"eng_Latn","￼advent calendars","圣诞倒数日历"
"eng_Latn","avent calendar 2025 girls","2025年女孩冒险日历"
"eng_Latn","brain rot avent calendar","脑腐冒险日历"
"eng_Latn","harry potter avent calendar 2025","2025年哈利·波特主题日历"
"eng_Latn","star wars avent calendar 2025","2025年星球大战主题日历"
"eng_Latn","christmas countdown calendar chocolate","圣诞倒计时日历巧克力"
"eng_Latn","countdown calendar christmas","圣诞倒计时日历"
"eng_Latn","felt christmas countdown calendar","毛毡圣诞倒计时日历"
"eng_Latn","12 days advent calendar 2025","2025年12天倒数日历"
"eng_Latn","2025 advent calendar women","2025年女性主题的降临日历"
"eng_Latn","5 year old boy advent calendar","5岁男孩的圣诞倒数日历"
"eng_Latn","9 year old girl advent calendar","9岁女孩的圣诞倒数日历"
"eng_Latn","adult disney advent calendar","迪士尼成人版圣诞倒数日历"
"eng_Latn","advent beauty calendar 2025 sephora","2025年丝芙兰圣诞美丽日历"
"eng_Latn","advent calendar 11 year old boy","11岁男孩的降临日历"
"eng_Latn","advent calendar 2025 crafting","2025年圣诞倒数日历制作"
"eng_Latn","advent calendar 2025 dungeons and dragons","2025年龙与地下城主题的倒计时日历"
"eng_Latn","advent calendar 2025 elf on the shelf","2025年圣诞倒数日历 货架上的小精灵"
"eng_Latn","advent calendar 2025 five nights at freddy's","2025年“玩具熊的五夜后宫”圣诞倒数日历"
"eng_Latn","advent calendar 2025 girls teen","2025年少女款圣诞倒数日历"
"eng_Latn","advent calendar 2025 kinder chocolate","2025年儿童巧克力圣诞倒数日历"
"eng_Latn","advent calendar 2025 plushies","2025年降临日历毛绒玩偶"
"eng_Latn","advent calendar 2025 stuffed animals","2025年圣诞倒数日历毛绒玩具"
"eng_Latn","advent calendar 2025 tween","2025年青少年圣诞倒数日历"
"eng_Latn","advent calendar book christmas eve love story","圣诞倒数日历书 平安夜 爱情故事"
"eng_Latn","advent calendar box diy","DIY圣诞倒数日历盒"
"eng_Latn","advent calendar burts bees","伯特蜂牌圣诞倒数日历"
"eng_Latn","advent calendar cars 2025","2025年汽车倒数日历"
"eng_Latn","advent calendar cows","倒计时日历奶牛"
"eng_Latn","advent calendar food 2025","2025年倒数日历食品"
"eng_Latn","advent calendar for girls lego","女孩乐高玩具的降临日历"
"eng_Latn","advent calendar gnome","圣诞倒数日历小矮人"
"eng_Latn","advent calendar kinder chocolate","圣诞倒数日历金德巧克力"
"eng_Latn","advent calendar lip","圣诞日历唇膏"
"eng_Latn","advent calendar ninja turtles","忍者神龟主题的倒数日历"
"eng_Latn","advent calendar spidey","蜘蛛侠降临日历"
"eng_Latn","advent mystery calendar 2025","2025年降临神秘日历"
"eng_Latn","adventure time advent calendar","探险时光历险日历"
"eng_Latn","alcohol advent calendar 2025 adult men","2025年成人男士酒精日历"
"eng_Latn","beach advent calendar","海滩主题的倒数日历"
"eng_Latn","beer advent calendar box","啤酒倒数日历礼盒"
"eng_Latn","best selling advent calendar 2025","2025年最畅销的降临日历"
"eng_Latn","booze advent calendar 2025","2025年酒水倒数日历"
"eng_Latn","build advent calendar","制作圣诞倒数日历"
"eng_Latn","call of duty advent calendar 2025","使命召唤2025年历"
"eng_Latn","cats advent calendar","猫咪主题的倒数日历"
"eng_Latn","christmas advent calendar bags","圣诞倒数日历袋"
"eng_Latn","christmas eve love story advent calendar","圣诞前夜爱情故事降临日历"
"eng_Latn","christmas slime advent calendar","圣诞史莱姆降临日历"
"eng_Latn","country advent calendar 2025","2025年国家历险日历"
"eng_Latn","crazy aarons thinking putty advent calendar","疯狂亚伦思维粘土圣诞倒数日历"
"eng_Latn","crystal cat advent calendar","水晶猫日历"
"eng_Latn","diamond dot advent calendar","钻石点状图案的倒数日历"
"eng_Latn","dragon egg advent calendar 2025","2025年龙蛋倒数日历"
"eng_Latn","e l f advent calendar","精灵降临日历"
"eng_Latn","edible advent calendar for adults","成人可食用的圣诞倒数日历"
"eng_Latn","educational advent calendar 2025","2025年教育日历"
"eng_Latn","elf on a shelf advent calendar","架子上的小精灵降临日历"
"eng_Latn","exit games advent calendar","退出游戏圣诞倒数日历"
"eng_Latn","face care advent calendar 2025","2025年面部护理日历"
"eng_Latn","fidget advent calendar￼","减压日历"
"eng_Latn","funny socks advent calendar","趣味袜子倒数日历"
"eng_Latn","golf advent calendar 2025 women","2025年高尔夫女士日历"
"eng_Latn","grinch puzzle advent calendar","圣诞怪杰拼图日历"
"eng_Latn","gum advent calendar 2025","2025年口香糖日历"
"eng_Latn","hand cream advent calendar","护手霜倒数日历"
"eng_Latn","horse advent calendar for girls","女孩专用马主题日历"
"eng_Latn","infant advent calendar 2025 girls","2025年女孩款婴儿降临日历"
"eng_Latn","k-pop demon hunter advent calendar","K-pop猎魔人倒数日历"
"eng_Latn","kids advent calendar lego","乐高儿童圣诞倒数日历"
"eng_Latn","ladies advent calendar","女士们圣诞倒数日历"
"eng_Latn","lego disney advent calendar","乐高迪士尼圣诞倒数日历"
"eng_Latn","lego disney frozen advent calendar 2025","乐高迪士尼冰雪奇缘2025年倒数日历"
"eng_Latn","lego flower advent calendar 2025 christmas","乐高2025年圣诞花环倒数日历"
"eng_Latn","lego nativity advent calendar 2025 christmas","乐高耶稣诞生降临日历2025年圣诞节"
"eng_Latn","lego star wars christmas advent calendar","乐高星球大战圣诞倒数日历"
"eng_Latn","legos marvel advent calendar","乐高漫威降临日历"
"eng_Latn","lingerie advent calendar","内衣圣诞倒数日历"
"eng_Latn","literary advent calendar 2025","2025年文学日历"
"eng_Latn","lovehoney sex advent calendar","爱爱日历"
"eng_Latn","magic trick advent calendar","魔术日历"
"eng_Latn","makeup advent calendar sephora","丝芙兰彩妆日历"
"eng_Latn","matchbox cars advent calendar","火柴盒汽车主题的倒数日历"
"eng_Latn","mens underwear advent calendar","男士内衣倒数日历"
"eng_Latn","minions advent calendar 2025","小黄人2025年倒数日历"
"eng_Latn","mixed candy advent calendar","混合糖果圣诞倒数日历"
"eng_Latn","nerds advent calendar 2025","2025年书呆子历险日历"
"eng_Latn","parrot advent calendar","鹦鹉主题的倒数日历"
"eng_Latn","pikachu advent calendar 2025","2025年皮卡丘圣诞倒数日历"
"eng_Latn","porsche 911 turbo advent calendar","保时捷911涡轮版倒数日历"
"eng_Latn","puzzles advent calendar","拼图式圣诞倒数日历"
"eng_Latn","red bull calendar advent","红牛日历降临"
"eng_Latn","sexy adult advent calendar","性感成人日历"
"eng_Latn","shrek advent calendar","史莱克主题的倒数日历"
"eng_Latn","simple advent calendar","简易圣诞倒数日历"
"eng_Latn","slime advent calendar 24 days","史莱姆24天倒数日历"
"eng_Latn","snack advent calendar 2025 for adults","2025年成人零食圣诞倒数日历"
"eng_Latn","spooky advent calendar 2025","2025年诡异冒险日历"
"eng_Latn","squid game advent calendar","鱿鱼游戏倒数日历"
"eng_Latn","starwars lego advent calendar","星球大战乐高倒数日历"
"eng_Latn","straw topper advent calendar 2025","2025年稻草人装饰品倒数日历"
"eng_Latn","tarte advent calendar","塔特式圣诞倒数日历"
"eng_Latn","toddlers advent calendar 2025","2025年幼儿圣诞倒数日历"
"eng_Latn","touchland advent calendar 2025","2025年touchland圣诞倒数日历"
"eng_Latn","trolli advent calendar 2025","特罗利2025年圣诞倒数日历"
"eng_Latn","unfinished wood advent calendar","未完成的木质圣诞倒数日历"
"eng_Latn","useful advent calendar 2025","实用的2025年圣诞倒数日历"
"eng_Latn","vanilla advent calendar","香草味圣诞倒数日历"
"eng_Latn","village advent calendar","乡村圣诞倒数日历"
"eng_Latn","woodworking advent calendar","木工日历"
"eng_Latn","best advent calendars for boys","最适合男孩的圣诞倒数日历"
"eng_Latn","christmas advent calendars for kids chocolate","儿童巧克力圣诞倒数日历"
"eng_Latn","cool advent calendars for teen girls","少女酷炫的圣诞倒数日历"
"eng_Latn","train advent calendars for kids","为孩子们准备的火车主题的圣诞日历"
"eng_Latn","golf avent calendar","高尔夫冒险日历"
"eng_Latn","2025 advent calendar puzzle","2025年倒数日历拼图"
"eng_Latn","24 days of christmas puzzles advent calendar","24天圣诞拼图倒数日历"
"eng_Latn","adult couple advent calendar 2025","2025年成人情侣款圣诞倒数日历"
"eng_Latn","adult woman advent calendar","成年女性圣诞倒数日历"
"eng_Latn","advent calendar 2025 earrings","2025年圣诞倒数日历款耳环"
"eng_Latn","advent calendar 2025 football cards","2025年足球卡圣诞倒数日历"
"eng_Latn","advent calendar 2025 lego star wars","2025年乐高星球大战主题的倒计时日历"
"eng_Latn","advent calendar 2026 kids","2026年儿童圣诞倒数日历"
"eng_Latn","advent calendar adopt me","“advent calendar adopt me”的中文翻译是什么"
"eng_Latn","advent calendar amazon makeup","亚马逊化妆日历"
"eng_Latn","advent calendar body care","倒计时日历身体护理"
"eng_Latn","advent calendar candy around the world","世界各地的圣诞倒数日历糖果"
"eng_Latn","advent calendar christmas legos","圣诞倒数日历乐高玩具"
"eng_Latn","advent calendar for girls toddler","女孩幼儿用降临日历"
"eng_Latn","advent calendar for older women","为年长女性设计的倒数日历"
"eng_Latn","advent calendar friends tv show","“advent calendar friends”电视节目"
"eng_Latn","advent calendar godzilla","哥斯拉降临日历"
"eng_Latn","advent calendar holder with pockets","带口袋的圣诞日历架"
"eng_Latn","advent calendar muppets","圣诞倒数日历玩偶"
"eng_Latn","advent calendar ornament","圣诞倒数日历挂饰"
"eng_Latn","advent calendar sesame street","芝麻街圣诞倒数日历"
"eng_Latn","advent calendar snack","圣诞倒数日历小吃"
"eng_Latn","advent calendar whiskey 2025","2025年威士忌日历"
"eng_Latn","advent calendar with doors","带门片的倒数日历"
"eng_Latn","advent chocolate calendar 2025 kids","2025年儿童降临巧克力日历"
"eng_Latn","african american advent calendar","非裔美国人圣诞倒数日历"
"eng_Latn","amazon advent calendar￼","亚马逊圣诞倒数日历"
"eng_Latn","army men advent calendar","军人主题的倒数日历"
"eng_Latn","autism advent calendar","自闭症主题的倒数日历"
"eng_Latn","book advent calendar romance","书籍 降临日历 浪漫"
"eng_Latn","boys lego advent calendar","男孩乐高圣诞倒数日历"
"eng_Latn","bridgerton advent calendar","布里杰顿圣诞倒数日历"
"eng_Latn","cadburys advent calendar","吉百利圣诞倒数日历"
"eng_Latn","catholic advent calendar 2025 adult","2025年天主教圣诞节倒数日历（成人版）"
"eng_Latn","chocolate advent calendar lindt","瑞士莲巧克力倒数日历"
"eng_Latn","christian lego advent calendar","基督教乐高圣诞倒数日历"
"eng_Latn","classic advent calendar 2025","2025年经典圣诞倒数日历"
"eng_Latn","coffee syrup advent calendar","咖啡糖浆圣诞倒数日历"
"eng_Latn","cowgirl advent calendar","牛仔女孩倒数日历"
"eng_Latn","dark romance book advent calendar","暗黑浪漫小说圣诞倒数日历"
"eng_Latn","decaf coffee advent calendar","无咖啡因咖啡日历"
"eng_Latn","designer perfume advent calendar","设计师香水圣诞倒数日历"
"eng_Latn","disney mini brands advent calendar 2025","迪士尼迷你品牌2025年圣诞倒数日历"
"eng_Latn","dog christmas advent calendar 2025","2025年狗狗圣诞倒数日历"
"eng_Latn","dog ornament advent calendar 2025","2025年狗狗装饰品倒数日历"
"eng_Latn","dragon ball advent calendar 2025","2025年龙珠降临日历"
"eng_Latn","ducks advent calendar 2025","2025年鸭子主题的倒数日历"
"eng_Latn","first advent calendar","第一个圣诞倒数日历"
"eng_Latn","games advent calendar 2025","2025年游戏降临日历"
"eng_Latn","golfer advent calendar","高尔夫球手冒险日历"
"eng_Latn","good chocolate advent calendar 2025","2025年好巧克力倒数日历"
"eng_Latn","grinch dog advent calendar","圣诞怪杰狗狗日历"
"eng_Latn","grooming advent calendar for men","男士美容日历"
"eng_Latn","harry potter advent calendar for adults","哈利·波特成人版倒数日历"
"eng_Latn","harry potter sock advent calendar","哈利·波特主题袜子倒数日历"
"eng_Latn","kids advent calendar 2025 christmas","2025年儿童圣诞倒数日历"
"eng_Latn","kitch advent calendar 2025","2025年厨房历险日历"
"eng_Latn","legend of zelda advent calendar 2025","塞尔达传说2025年圣诞倒数日历"
"eng_Latn","lego christmas ornaments advent calendar","乐高圣诞装饰品倒数日历"
"eng_Latn","m and m advent calendar","M&M巧克力豆日历"
"eng_Latn","magnetic blocks advent calendar","磁性积木式圣诞倒数日历"
"eng_Latn","make up advent calendar sephora","丝芙兰化妆日历"
"eng_Latn","medicube advent calendar 2025","2025年medicube圣诞倒数日历"
"eng_Latn","medieval cats advent calendar","中世纪猫咪主题的倒数日历"
"eng_Latn","minifigure advent calendar","迷你人偶降临日历"
"eng_Latn","mlb advent calendar","美国职业棒球大联盟（MLB）倒数日历"
"eng_Latn","muppets advent calendar 2025","2025年木偶历险日历"
"eng_Latn","nail art advent calendar 2025","2025年美甲艺术日历"
"eng_Latn","naughty advent calendar 2025","2025年淘气日历"
"eng_Latn","new dough advent calendar 2025","2025年新款面团日历"
"eng_Latn","piano advent calendar","钢琴倒数日历"
"eng_Latn","real wood advent calendar","实木圣诞倒数日历"
"eng_Latn","running advent calendar","跑步日历"
"eng_Latn","russell stover advent calendar","拉塞尔·斯托弗圣诞倒数日历"
"eng_Latn","saltwater fishing advent calendar 2025","2025年海水钓鱼日历"
"eng_Latn","scary advent calendar 2025","2025年恐怖主题的倒数日历"
"eng_Latn","slime advent calendar￼","史莱姆降临日历"
"eng_Latn","small trinkets for advent calendar","圣诞日历用的小饰品"
"eng_Latn","sport card advent calendar 2025","2025年运动卡日历"
"eng_Latn","squishmallow advent calendar￼","软糯豆豆人圣诞倒数日历"
"eng_Latn","squishmellow advent calendar 2025","2025年squishmellow圣诞倒数日历"
"eng_Latn","teenage mutant ninja turtle advent calendar 2025","2025年忍者神龟历险日历"
"eng_Latn","tv show advent calendar","电视节目倒数日历"
"eng_Latn","whiskey+advent+calendar+2025","威士忌+降临日历+2025"
"eng_Latn","wicked premium advent calendar","超值高级圣诞倒数日历"
"eng_Latn","adult advent calendars for men","男士成人圣诞倒数日历"
"eng_Latn","advent calendars christmas girls","圣诞女孩降临日历"
"eng_Latn","advent calendars christmas lego","乐高圣诞倒数日历"
"eng_Latn","advent calendars for college guys","大学生们的圣诞倒数日历"
"eng_Latn","advent calendars spa","水疗中心圣诞倒数日历"
"eng_Latn","dog treats christmas advent calendars","狗狗零食圣诞倒数日历"
"eng_Latn","hockey advent calendars","冰球主题的圣诞日历"
"eng_Latn","avent calendar 2025 christmas girl","2025年圣诞女孩主题的日历"
"eng_Latn","bluey avent calendar","蓝色冒险日历"
"eng_Latn","christmas calendar countdown kids","圣诞倒计时日历儿童版"
"eng_Latn","grinch christmas countdown calendar","圣诞怪杰倒计时日历"
"eng_Latn","2 year old boy advent calendar 2025","2025年2岁男孩圣诞倒数日历"
"eng_Latn","2025 tequila advent calendar","2025龙舌兰酒降临日历"
"eng_Latn","3d puzzle advent calendar","3D拼图式圣诞倒数日历"
"eng_Latn","adult lego advent calendar","成人乐高倒数日历"
"eng_Latn","advent calendar 2025 baseball cards","2025年降临日历棒球卡"
"eng_Latn","advent calendar 2025 dior","2025年迪奥圣诞倒数日历"
"eng_Latn","advent calendar 2025 exit","2025年圣诞倒数日历出口"
"eng_Latn","advent calendar 2025 girls 12-14","2025年女孩款（12-14岁）圣诞倒数日历"
"eng_Latn","advent calendar 2025 hamilton","2025年汉密尔顿圣诞倒数日历"
"eng_Latn","advent calendar 2025 national park","2025年国家公园倒数日历"
"eng_Latn","advent calendar 2025 womens","2025年女士圣诞倒数日历"
"eng_Latn","advent calendar accessories","圣诞日历配件"
"eng_Latn","advent calendar flower","圣诞倒数日历花"
"eng_Latn","advent calendar flower bouquet","倒计时日历花束"
"eng_Latn","advent calendar for gardeners","园丁的节日日历"
"eng_Latn","advent calendar for horse lovers","马迷们的圣诞倒数日历"
"eng_Latn","advent calendar for kids candy","儿童糖果降临日历"
"eng_Latn","advent calendar gifts for men","男士圣诞倒数日历礼物"
"eng_Latn","advent calendar home alone","独自一人的圣诞倒数日历"
"eng_Latn","advent calendar jelly","果冻日历"
"eng_Latn","advent calendar makeup elf","圣诞倒数日历化妆小精灵"
"eng_Latn","advent calendar pop","圣诞倒数日历流行"
"eng_Latn","advent calendar sale","倒数日历促销"
"eng_Latn","advent calendar sour candy","倒计时日历酸味糖果"
"eng_Latn","advent calendar target","倒数日历目标"
"eng_Latn","advent calendar yarn","圣诞倒数日历故事"
"eng_Latn","amazon makeup advent calendar 2025","亚马逊2025年化妆日历"
"eng_Latn","aviation advent calendar","航空主题的倒数日历"
"eng_Latn","baby advent calendar 6 months","6个月婴儿降临日历"
"eng_Latn","beard oil advent calendar","胡须油日历"
"eng_Latn","best cat advent calendar","最佳猫咪主题日历"
"eng_Latn","blank advent calendar 2025","2025年空白圣诞日历"
"eng_Latn","bluey the most amazing advent calendar book bundle","《Bluey》：最令人惊叹的圣诞倒数日历图书套装"
"eng_Latn","blush bar advent calendar 2025","2025年腮红棒倒数日历"
"eng_Latn","board book advent calendar","纸板书式圣诞倒数日历"
"eng_Latn","boys baseball advent calendar 2025","2025年男孩棒球主题日历"
"eng_Latn","boys minecraft advent calendar 2025","2025年男孩版《我的世界》圣诞倒数日历"
"eng_Latn","burts bee advent calendar","伯特蜂牌圣诞倒数日历"
"eng_Latn","candles advent calendar","蜡烛降临节日历"
"eng_Latn","chocolate truffle advent calendar 2025","2025年巧克力松露倒数日历"
"eng_Latn","christian nativity advent calendar","基督教耶稣诞生倒计时日历"
"eng_Latn","christmas vacation lego advent calendar","圣诞假期乐高倒数日历"
"eng_Latn","college dorm advent calendar","大学宿舍倒数日历"
"eng_Latn","craft beer advent calendar","精酿啤酒倒数日历"
"eng_Latn","demon hunters advent calendar 2025","2025年猎魔人倒数日历"
"eng_Latn","disney christmas advent calendar","迪士尼圣诞倒数日历"
"eng_Latn","elf movie advent calendar 2025","2025年精灵电影圣诞倒数日历"
"eng_Latn","empty blank advent calendar","空白的圣诞倒数日历"
"eng_Latn","extra large fillable advent calendar","超大可填充式圣诞倒数日历"
"eng_Latn","five nights at freddy advent calendar","《玩具熊的五夜》圣诞倒数日历"
"eng_Latn","fox advent calendar","狐狸主题的倒数日历"
"eng_Latn","friends lego advent calendar","朋友乐高圣诞倒数日历"
"eng_Latn","girls beauty advent calendar","女孩美妆日历"
"eng_Latn","hiland cow advent calendar","“希兰奶牛”圣诞倒数日历"
"eng_Latn","hot chocolate advent calendar 2025 adult","2025年成人热巧克力倒数日历"
"eng_Latn","itty bitty funko pop advent calendar","迷你Funko Pop Advent日历"
"eng_Latn","jameson whiskey advent calendar 2025","詹姆森威士忌2025年倒数日历"
"eng_Latn","kids sock advent calendar","儿童袜袜历"
"eng_Latn","kids socks advent calendar 2025","2025年儿童袜子倒数日历"
"eng_Latn","lego city 2025 advent calendar","乐高城市2025年圣诞倒数日历"
"eng_Latn","lindt bear advent calendar 2025","瑞士莲2025年熊系列倒数日历"
"eng_Latn","littlest petshop advent calendar 2025","2025年littlest petshop圣诞倒数日历"
"eng_Latn","makeup advent calendar 2025 elf","2025年精灵主题彩妆日历"
"eng_Latn","makeup advent calendar for teen girls","少女彩妆日历"
"eng_Latn","manly advent calendar 2025","2025年男士圣诞倒数日历"
"eng_Latn","mini advent calendar stuffers","迷你圣诞倒数日历小礼品"
"eng_Latn","nike advent calendar","耐克倒数日历"
"eng_Latn","organic tea advent calendar","有机茶日历"
"eng_Latn","outdoors advent calendar","户外探险日历"
"eng_Latn","p louise advent calendar 2025","2025年路易斯倒数日历"
"eng_Latn","pokemon advent calendar 2025 kids","2025年宝可梦儿童历险日历"
"eng_Latn","premium advent calendar for men","男士高端圣诞倒数日历"
"eng_Latn","racoon advent calendar","浣熊主题的倒数日历"
"eng_Latn","readers advent calendar 2025","2025年读者降临日历"
"eng_Latn","red wine advent calendar 2025","2025年红酒倒数日历"
"eng_Latn","revolve beauty advent calendar 2025","2025年revolve beauty 圣诞倒数日历"
"eng_Latn","sexy advent calendar 2025 for couples","2025年情侣款性感倒数日历"
"eng_Latn","skateboard advent calendar 2025","2025年滑板日历"
"eng_Latn","ski advent calendar 2025","2025年滑雪日历"
"eng_Latn","skibidi toilet advent calendar","“skibidi”厕所日历"
"eng_Latn","snow globe advent calendar 2025","2025年雪景玻璃球日历"
"eng_Latn","stitch bitty pop advent calendar","针织小零食圣诞倒数日历"
"eng_Latn","tractor advent calendar 2025 kids","2025年儿童拖拉机倒数日历"
"eng_Latn","trolls advent calendar 2025","2025年巨魔降临日历"
"eng_Latn","vehicle advent calendar 2025","2025年车辆倒数日历"
"eng_Latn","wera 2025 advent calendar","wera 2025 圣诞倒数日历"
"eng_Latn","wooden advent calendar big drawers","木质圣诞倒数日历大抽屉"
"eng_Latn","wooden tree advent calendar","木质圣诞树日历"
"eng_Latn","world war 2 advent calendar airplane","二战主题飞机倒数日历"
"eng_Latn","advent calendars christmas boys","圣诞男孩降临日历"
"eng_Latn","advent calendars crochet","钩织圣诞日历"
"eng_Latn","advent calendars dark chocolate","圣诞倒数日历黑巧克力"
"eng_Latn","advent calendars for men 2025 cologne","2025年男士古龙香氛日历"
"eng_Latn","beauty advent calendars￼","美妆圣诞倒数日历"
"eng_Latn","couples advent calendars","情侣款圣诞倒数日历"
"eng_Latn","food advent calendars 2025","2025年美食冒险日历"
"eng_Latn","guitar advent calendars","吉他圣诞倒数日历"
"eng_Latn","lego christmas advent calendars","乐高圣诞倒数日历"
"eng_Latn","marvel advent calendars","漫威冒险日历"
"eng_Latn","organic chocolate advent calendars","有机巧克力圣诞倒数日历"
"eng_Latn","paw patrol avent calendar","狗狗巡逻队日历"
"eng_Latn","12 year old boy advent calendar","12岁男孩的圣诞倒数日历"
"eng_Latn","2025 lego star wars advent calendar","2025年乐高星球大战倒数日历"
"eng_Latn","24 day advent calendar empty","24天倒计时日历已空"
"eng_Latn","24 days makeup advent calendar","24天彩妆日历"
"eng_Latn","25 day advent calendar for teen girls","少女款25天倒数日历"
"eng_Latn","advent calendar 2025 birds","2025年鸟类主题的倒数日历"
"eng_Latn","advent calendar 2025 for 11 year old girls","2025年11岁女孩的降临日历"
"eng_Latn","advent calendar 2025 for boys 10","2025年10岁男孩款圣诞倒数日历"
"eng_Latn","advent calendar 2025 guitar picks","2025年吉他拨片圣诞倒数日历"
"eng_Latn","advent calendar 2025 k pop","2025年K-pop圣诞倒数日历"
"eng_Latn","advent calendar 2025 plush","2025年毛绒玩具降临日历"
"eng_Latn","advent calendar 2025 sweets","2025年糖果主题的降临日历"
"eng_Latn","advent calendar 2025 teens boys","2025年青少年男孩款圣诞倒数日历"
"eng_Latn","advent calendar 5 year old","5岁儿童用的圣诞倒数日历"
"eng_Latn","advent calendar bubble skincare","倒数日历气泡护肤套装"
"eng_Latn","advent calendar for adults puzzle","成人拼图日历"
"eng_Latn","advent calendar for adults whiskey","成人威士忌日历"
"eng_Latn","advent calendar for toddlers boy","幼儿男孩用圣诞倒数日历"
"eng_Latn","advent calendar hanging with pockets","带有口袋的挂式圣诞倒数日历"
"eng_Latn","advent calendar hot cocoa","圣诞倒数日历热可可"
"eng_Latn","advent calendar inserts","圣诞日历插页"
"eng_Latn","advent calendar jurassic park","侏罗纪公园主题的倒计时日历"
"eng_Latn","advent calendar little girl","圣诞倒数日历小女孩"
"eng_Latn","advent calendar national park","国家公园倒数日历"
"eng_Latn","advent calendar refill items","圣诞倒数日历补货商品"
"eng_Latn","advent calendar skincare sephora","丝芙兰护肤日历"
"eng_Latn","advent calendar tags","圣诞倒数日历标签"
"eng_Latn","advent calendar wife","圣诞倒数日历妻子"
"eng_Latn","air force advent calendar 2025","2025年空军历险日历"
"eng_Latn","amazon beauty advent calendar | exclusive 12 days of beauty 2025 | 8 full-size and 4 mini-size favor","亚马逊美妆圣诞倒数日历 | 2025年独家12天美妆礼盒 | 8件正装和4件小样"
"eng_Latn","anatomy advent calendar 2025","2025年解剖学日历"
"eng_Latn","animals advent calendar 2025","2025年动物主题的倒数日历"
"eng_Latn","arts and craft advent calendar","艺术与手工艺品日历"
"eng_Latn","best girls advent calendar","最佳女孩倒数日历"
"eng_Latn","biblical advent calendar 2025","2025年圣经降临日历"
"eng_Latn","black tea advent calendar 2025","2025年红茶倒数日历"
"eng_Latn","buldak advent calendar","buldak 圣诞倒数日历"
"eng_Latn","christian advent calendar for teens","青少年基督教圣诞倒数日历"
"eng_Latn","christmas makeup advent calendar","圣诞彩妆倒数日历"
"eng_Latn","christmas train advent calendar 2025","2025年圣诞列车倒数日历"
"eng_Latn","coin collector advent calendar","硬币收藏家日历"
"eng_Latn","construction truck advent calendar","建筑卡车主题的倒数日历"
"eng_Latn","daniel tiger advent calendar","丹尼尔·老虎圣诞倒数日历"
"eng_Latn","dc comics advent calendar 2025","DC漫画2025年倒数日历"
"eng_Latn","deer advent calendar","鹿主题的倒数日历"
"eng_Latn","dm snacks advent calendar","dm零食圣诞倒数日历"
"eng_Latn","dog ornament advent calendar","狗狗装饰品倒数日历"
"eng_Latn","electronic advent calendar","电子倒数日历"
"eng_Latn","exit escape room advent calendar","密室逃脱日历"
"eng_Latn","fancy advent calendar","精美的圣诞倒数日历"
"eng_Latn","fantasy advent calendar 2025","2025年奇幻历险日历"
"eng_Latn","finding jesus advent calendar","寻找耶稣降临日历"
"eng_Latn","firetruck advent calendar","消防车主题的倒数日历"
"eng_Latn","fishing christmas advent calendar","钓鱼主题圣诞倒数日历"
"eng_Latn","fresh water fishing advent calendar 2025","2025年淡水钓鱼日历"
"eng_Latn","genshin impact advent calendar","《原神》降临日历"
"eng_Latn","girls advent calendar 2025 makeup","2025年女孩化妆日历"
"eng_Latn","golf advent calendar for adults","成人高尔夫节日历"
"eng_Latn","highland cow advent calendar 2025 - 3d 24 days of festival","2025年高地奶牛圣诞倒数日历 - 24天节日3D倒计时"
"eng_Latn","horses advent calendar 2025","2025年马年倒数日历"
"eng_Latn","items for advent calendar","圣诞倒数日历物品"
"eng_Latn","juicy couture advent calendar","Juicy Couture 圣诞倒数日历"
"eng_Latn","kawaii mini brands advent calendar","可爱迷你品牌圣诞倒数日历"
"eng_Latn","kids advent calendar 2025 minecraft","2025年儿童版《我的世界》圣诞倒数日历"
"eng_Latn","kids advent calendar chocolate","儿童巧克力圣诞倒数日历"
"eng_Latn","kids skincare advent calendar","儿童护肤日历"
"eng_Latn","kirby advent calendar 2025","2025年柯比（Kirby）圣诞倒数日历"
"eng_Latn","lego advent flower calendar 2025","乐高2025年圣诞花历"
"eng_Latn","lego plant advent calendar 2025","乐高植物主题日历2025"
"eng_Latn","lego princess advent calendar 2025","乐高公主2025年圣诞倒数日历"
"eng_Latn","lego spiderman advent calendar 2025","乐高蜘蛛侠2025年圣诞倒数日历"
"eng_Latn","lego tree advent calendar","乐高树形日历"
"eng_Latn","lol surprise doll advent calendar","LOL惊喜娃娃圣诞倒数日历"
"eng_Latn","lotr advent calendar 2025","《指环王》2025年圣诞倒数日历"
"eng_Latn","makeup advent calendar 2025 24 days","2025年彩妆倒数日历，24天"
"eng_Latn","makeup advent calendar for women","女士彩妆日历"
"eng_Latn","makeup advent calendar ulta","ULTA彩妆日历"
"eng_Latn","marvel funko pop advent calendar 2025","漫威Funko Pop 2025年圣诞倒数日历"
"eng_Latn","mexican advent calendar","墨西哥式圣诞倒数日历"
"eng_Latn","mindfulness advent calendar","正念日历"
"eng_Latn","mini brands advent calendar food","迷你品牌食品圣诞倒数日历"
"eng_Latn","mini liquor bottle advent calendar","迷你酒瓶日历"
"eng_Latn","panini advent calendar","帕尼尼圣诞倒数日历"
"eng_Latn","pavoi jewelry advent calendar 2025","pavoi 2025年珠宝圣诞倒数日历"
"eng_Latn","phillies advent calendar 2025","2025年费城圣诞倒数日历"
"eng_Latn","pony advent calendar","小马主题的倒数日历"
"eng_Latn","pop funko advent calendar","Pop Funko 圣诞倒数日历"
"eng_Latn","preteen boy advent calendar","青春期前男孩的圣诞倒数日历"
"eng_Latn","ps5 advent calendar","PS5 倒数日历"
"eng_Latn","purfume advent calendar","香水日历"
"eng_Latn","puzzle advent calendar kids","拼图式儿童圣诞倒数日历"
"eng_Latn","real whiskey advent calendar","真正的威士忌倒数日历"
"eng_Latn","ring advent calendar","环形圣诞倒数日历"
"eng_Latn","rubber duckie advent calendar 2025","2025年橡皮鸭倒计时日历"
"eng_Latn","scary advent calendar","恐怖的圣诞倒数日历"
"eng_Latn","spidey and his amazing friends advent calendar","蜘蛛侠和他的神奇朋友们圣诞倒数日历"
"eng_Latn","squish mallow advent calendar","挤压式棉花糖倒数日历"
"eng_Latn","squishies advent calendar","软糯玩具日历"
"eng_Latn","star wars 2025 advent calendar","《星球大战》2025年倒数日历"
"eng_Latn","stuffy advent calendar","令人窒息的圣诞倒数日历"
"eng_Latn","the building blocks advent calendar","积木式圣诞倒数日历"
"eng_Latn","the nightmare before christmas advent calendar","圣诞前夜的噩梦降临日历"
"eng_Latn","tiny gifts to put in advent calendar","放在圣诞日历里的小礼物"
"eng_Latn","tony moly advent calendar","托尼莫利圣诞倒数日历"
"eng_Latn","trout fishing advent calendar","鳟鱼垂钓日历"
"eng_Latn","ulta advent calendar for adults","成人用ulta圣诞倒数日历"
"eng_Latn","underwear advent calendar","内衣倒数日历"
"eng_Latn","vahdam tea advent calendar","瓦哈德姆茶圣诞倒数日历"
"eng_Latn","vehicle advent calendar","车辆倒数日历"
"eng_Latn","wood nativity advent calendar","木质耶稣诞生倒数日历"
"eng_Latn","wwii tank advent calendar","二战坦克主题的倒数日历"
"eng_Latn","young man advent calendar 2025","2025年青年历"
"eng_Latn","adult christmas advent calendars","成人圣诞倒数日历"
"eng_Latn","advent calendars dnd","降临日历dnd"
"eng_Latn","advent calendars for 9 year old girls","9岁女孩的圣诞倒数日历"
"eng_Latn","advent calendars for boys age 4","4岁男孩的圣诞倒数日历"
"eng_Latn","advent calendars spiderman","蜘蛛侠主题的降临日历"
"eng_Latn","advent calendars toddler boy","男童款圣诞倒数日历"
"eng_Latn","advent. calendars","来临。"
"eng_Latn","empty advent calendars boxes to fill","空待填写的圣诞日历盒"
"eng_Latn","girls advent calendars 2025","2025年女孩款圣诞倒数日历"
"eng_Latn","horse advent calendars","马年主题的日历"
"eng_Latn","lindt chocolate advent calendars","瑞士莲巧克力圣诞倒数日历"
"eng_Latn","teen advent calendars 2025","2025年青少年冒险日历"
"eng_Latn","wood advent calendars","木质圣诞倒数日历"
"eng_Latn","avent calendar 2025 teen boy","2025年青少年男孩冒险日历"
"eng_Latn","fidget avent calendar","趣味冒险日历"
"eng_Latn","fnaf avent calendar","FNAF冒险日历"
"eng_Latn","kpop demon hunters avent calendar","Kpop猎魔人冒险日历"
"eng_Latn","taba squishy avent calendar","塔巴软糯冒险日历"
"eng_Latn","12 days of socks advent calendar","12天袜子倒数日历"
"eng_Latn","49ers advent calendar","49人队倒数日历"
"eng_Latn","advent calendar 2025 2 year old girl","2025年圣诞倒数日历 2岁女孩款"
"eng_Latn","advent calendar 2025 cow","2025年奶牛主题的圣诞倒数日历"
"eng_Latn","advent calendar 2025 disney princess","2025年迪士尼公主降临日历"
"eng_Latn","advent calendar 2025 for 10 year old boys","2025年10岁男孩的圣诞倒数日历"
"eng_Latn","advent calendar 2025 games","2025年游戏降临日历"
"eng_Latn","advent calendar 2025 lindor","2025年林多尔圣诞倒数日历"
"eng_Latn","advent calendar 2025 teen girls lip gloss","2025年少女唇彩圣诞倒数日历"
"eng_Latn","advent calendar artist","圣诞日历艺术家"
"eng_Latn","advent calendar boys pokemon","宝可梦男孩款降临日历"
"eng_Latn","advent calendar christmas story","圣诞倒数日历故事"
"eng_Latn","advent calendar disney 2025","2025年迪士尼圣诞倒数日历"
"eng_Latn","advent calendar fabric panel","圣诞倒数日历布面板"
"eng_Latn","advent calendar for children 2025","2025年儿童降临日历"
"eng_Latn","advent calendar for girls chocolate","女孩巧克力主题的倒数日历"
"eng_Latn","advent calendar for grandparents","祖父母专属的节日日历"
"eng_Latn","advent calendar for men jerky","男士牛肉干降临日历"
"eng_Latn","advent calendar gingerbread house","圣诞倒数日历姜饼屋"
"eng_Latn","advent calendar godiva","歌帝梵圣诞倒数日历"
"eng_Latn","advent calendar redbull","红牛圣诞倒数日历"
"eng_Latn","advent calendar slime peachybabies","黏液桃宝宝降临日历"
"eng_Latn","advent calendar teenager","青少年倒数日历"
"eng_Latn","advent calendar with gummy candy","带有软糖的节日日历"
"eng_Latn","advent cat calendar","圣诞猫日历"
"eng_Latn","advent golf calendar","降临节高尔夫日历"
"eng_Latn","advent+beauty+calendar+2025","降临+美丽+日历+2025"
"eng_Latn","angel advent calendar 2025","2025年天使降临日历"
"eng_Latn","bigfoot advent calendar 2026","2026年大脚怪降临日历"
"eng_Latn","blank cardboard advent calendar","空白纸板圣诞倒数日历"
"eng_Latn","blippi advent calendar 2025","2025年blippi圣诞倒数日历"
"eng_Latn","blocks advent calendar","积木式圣诞倒数日历"
"eng_Latn","bluey book advent calendar 2025","2025年蓝皮书圣诞倒数日历"
"eng_Latn","charcuterie advent calendar","熟食店圣诞倒数日历"
"eng_Latn","cheese advent calendar 2025 for adults","2025年成人奶酪日历"
"eng_Latn","chicago bears advent calendar 2025","2025年芝加哥熊队圣诞倒数日历"
"eng_Latn","chihuahua advent calendar 2025","2025年吉娃娃主题圣诞倒数日历"
"eng_Latn","childrens advent calendar with toys","儿童玩具圣诞倒数日历"
"eng_Latn","chocolate advent calendar 2025 adult women","2025年巧克力倒数日历（适合成年女性）"
"eng_Latn","christian advent calendar 2025 adult women","2025年基督教圣诞倒数日历（适合成年女性）"
"eng_Latn","christmas advent calendar 2025 kids chocolate","2025年圣诞倒数日历儿童巧克力"
"eng_Latn","christmas advent calendar puzzle 2025","2025年圣诞倒数日历拼图"
"eng_Latn","christmas bracelet advent calendar 2025","2025年圣诞手链倒数日历"
"eng_Latn","christmas calendar advent chocolate","圣诞日历降临巧克力"
"eng_Latn","christmas earrings advent calendar","圣诞耳环倒数日历"
"eng_Latn","christmas tea advent calendar","圣诞茶礼盒日历"
"eng_Latn","classic car advent calendar 2025","2025年经典汽车主题日历"
"eng_Latn","coquette advent calendar","风情万种的倒数日历"
"eng_Latn","december advent calendar 2025","2025年12月降临日历"
"eng_Latn","designer advent calendar 2025","2025年设计师款圣诞倒数日历"
"eng_Latn","essential oils advent calendar","精油日历"
"eng_Latn","every jewels advent calendar","每个珠宝主题的圣诞倒数日历"
"eng_Latn","expensive advent calendar 2025","2025年昂贵圣诞倒数日历"
"eng_Latn","female advent calendar","女性主题的倒数日历"
"eng_Latn","ferrari advent calendar","法拉利倒数日历"
"eng_Latn","gadget advent calendar","小玩意儿倒数日历"
"eng_Latn","german shepherd advent calendar","德国牧羊犬主题的圣诞倒数日历"
"eng_Latn","girls advent calendar 2025 squishmallow","2025年女孩款软糯球毛绒日历"
"eng_Latn","great pretenders advent calendar","“伟大的伪装者”降临日历"
"eng_Latn","hallmark advent calendar 2025","2025年标志性圣诞倒数日历"
"eng_Latn","haribo gummy advent calendar 2025","哈瑞宝2025年软糖圣诞倒数日历"
"eng_Latn","harry potter funko advent calendar","哈利·波特Funko圣诞倒数日历"
"eng_Latn","hello kitty advent calendar￼","凯蒂猫倒数日历"
"eng_Latn","incense advent calendar 2025","2025年香薰日历"
"eng_Latn","jewelry advent calendar￼","珠宝节日日历"
"eng_Latn","jurassic world chaos theory advent calendar","侏罗纪世界混沌理论倒数日历"
"eng_Latn","kids nativity advent calendar 2025","2025年儿童耶稣诞生降临日历"
"eng_Latn","kids ornament advent calendar","儿童装饰品圣诞倒数日历"
"eng_Latn","kids science advent calendar 2025","2025年儿童科学历险日历"
"eng_Latn","kids toy advent calendar 2025","2025年儿童玩具圣诞倒数日历"
"eng_Latn","kpop christmas advent calendar","韩国流行音乐圣诞倒数日历"
"eng_Latn","labubu advent calendar 2025 christmas","2025年圣诞节labubu倒数日历"
"eng_Latn","lego avengers advent calendar","乐高复仇者联盟倒数日历"
"eng_Latn","lego minifigures advent calendar","乐高人偶圣诞倒数日历"
"eng_Latn","lego tree advent calendar 2025","乐高树形日历2025"
"eng_Latn","little people nativity advent calendar","小人偶圣诞倒数日历"
"eng_Latn","lottery ticket advent calendar","彩票日历"
"eng_Latn","make my own advent calendar","制作我自己的圣诞倒数日历"
"eng_Latn","makeup advent calendar elf","彩妆倒数日历小精灵"
"eng_Latn","mascara advent calendar 2025","2025年睫毛膏圣诞倒数日历"
"eng_Latn","mattel advent calendar 2025","美泰2025年圣诞倒数日历"
"eng_Latn","mechanics advent calendar","力学日历"
"eng_Latn","medieval advent calendar","中世纪降临日历"
"eng_Latn","mini puzzle advent calendar","迷你拼图日历"
"eng_Latn","muppet christmas carol advent calendar","木偶圣诞颂歌倒数日历"
"eng_Latn","mystery advent calendar for kids","儿童神秘降临日历"
"eng_Latn","nail advent calendar 2025 teen girls","2025年美甲日历 青少年女孩款"
"eng_Latn","national geo advent calendar","国家地理历险日历"
"eng_Latn","night before christmas advent calendar","圣诞前夜倒数日历"
"eng_Latn","playmobile advent calendar","Playmobile 圣诞倒数日历"
"eng_Latn","premium beauty advent calendar","高端美妆圣诞倒数日历"
"eng_Latn","pura vida advent calendar 2025","2025年普拉维达降临日历"
"eng_Latn","rescuer nativity advent calendar","救援者耶稣诞生倒计时日历"
"eng_Latn","revolution beauty advent calendar","革命之美降临日历"
"eng_Latn","rituals advent calendar","仪式降临日历"
"eng_Latn","scented candle advent calendar","香薰蜡烛倒数日历"
"eng_Latn","seeds advent calendar","种子倒数日历"
"eng_Latn","skin care advent calendar for kids","儿童护肤日历"
"eng_Latn","skincare advent calendar 2025 ulta","2025年ULTA护肤日历"
"eng_Latn","skz advent calendar 2025","SKZ 2025年圣诞倒数日历"
"eng_Latn","solar system advent calendar","太阳系倒数日历"
"eng_Latn","sponge bob advent calendar","海绵宝宝日历"
"eng_Latn","squishmallows 2025 advent calendar","2025年Squishmallows品牌圣诞倒数日历"
"eng_Latn","stitch advent calendar bracelet","针织圣诞倒数日历手链"
"eng_Latn","tea bag advent calendar","茶包倒数日历"
"eng_Latn","teen girl stationery advent calendar","少女文具圣诞倒数日历"
"eng_Latn","thanksgiving advent calendar 2025","2025年感恩节倒数日历"
"eng_Latn","the simpsons advent calendar 2025","《辛普森一家》2025年圣诞倒数日历"
"eng_Latn","tonymoly advent calendar","托尼莫利圣诞倒数日历"
"eng_Latn","unicorn advent calendar for girls","女孩专属独角兽主题倒数日历"
"eng_Latn","velcro advent calendar","维可牢尼龙搭扣式圣诞倒数日历"
"eng_Latn","victoria's secret advent calendar","维多利亚的秘密圣诞倒数日历"
"eng_Latn","waterdrop advent calendar","水滴形状的倒数日历"
"eng_Latn","wera tools advent calendar 2025","威拉工具2025年圣诞倒数日历"
"eng_Latn","wicked premium advent calendar 2025","2025年超值高级圣诞倒数日历"
"eng_Latn","womans advent calendar","女士的倒数日历"
"eng_Latn","wooden refillable advent calendar","可再填充木质圣诞倒数日历"
"eng_Latn","activity advent calendars for kids","儿童活动日历"
"eng_Latn","advent calendars 2025 food","2025年食品主题的降临日历"
"eng_Latn","advent calendars dragon","龙年历"
"eng_Latn","advent calendars for guys","男士的降临日历"
"eng_Latn","advent calendars horse","圣诞倒数日历（马）"
"eng_Latn","advent calendars sanrio","三丽鸥（Sanrio）的圣诞日历"
"eng_Latn","advent calendars self care","降临日历自我护理"
"eng_Latn","coffee advent calendars 2025","2025年咖啡主题的日历"
"eng_Latn","kids chocolate advent calendars","儿童巧克力圣诞倒数日历"
"eng_Latn","lego advent calendars christmas","乐高圣诞倒数日历"
"eng_Latn","men's advent calendars","男士圣诞倒数日历"
"eng_Latn","puzzle advent calendars 2025","2025年拼图式圣诞倒数日历"
"eng_Latn","funko pop countdown calendar","Funko Pop倒计时日历"
"eng_Latn","12 day makeup advent calendar","12天彩妆日历"
"eng_Latn","12 days advent calendar empty","12天倒数日历已空"
"eng_Latn","2025 gilmore girls advent calendar","2025年《吉尔莫女孩》圣诞倒数日历"
"eng_Latn","2025 highland cow advent calendar","2025年高地奶牛主题日历"
"eng_Latn","24 day empty advent calendar","24天空白的圣诞倒数日历"
"eng_Latn","24 day skincare advent calendar","24天护肤日历"
"eng_Latn","25 days makeup advent calendar","25天化妆日历"
"eng_Latn","8 year old advent calendar","8岁儿童圣诞倒数日历"
"eng_Latn","advent calendar 2025 10 year old boy","2025年10岁男孩的降临日历"
"eng_Latn","advent calendar 2025 axolotl","2025年美西钝口螈主题的倒数日历"
"eng_Latn","advent calendar 2025 for boys 3-4","2025年男孩3-4岁圣诞倒数日历"
"eng_Latn","advent calendar 2025 for her","2025年为她准备的圣诞倒数日历"
"eng_Latn","advent calendar 2025 hotwheels","2025年风火轮玩具圣诞倒数日历"
"eng_Latn","advent calendar 2025 nail","2025年美甲日历"
"eng_Latn","advent calendar 2025 video game","2025年电子游戏圣诞倒数日历"
"eng_Latn","advent calendar activities","圣诞倒数日历活动"
"eng_Latn","advent calendar basketball 2025","2025年篮球日历"
"eng_Latn","advent calendar bath bombs for kids","儿童款日历沐浴球"
"eng_Latn","advent calendar boxes empty wood","空木制圣诞倒数日历盒"
"eng_Latn","advent calendar coloring","圣诞日历涂色"
"eng_Latn","advent calendar empty boxes","圣诞倒数日历空盒"
"eng_Latn","advent calendar fitness","健身日历"
"eng_Latn","advent calendar for crocheters","钩织者的圣诞倒数日历"
"eng_Latn","advent calendar for ladies","女士们用的圣诞倒数日历"
"eng_Latn","advent calendar for pregnant women","孕妇待产日历"
"eng_Latn","advent calendar for two","双人圣诞倒数日历"
"eng_Latn","advent calendar golf balls","高尔夫球日历"
"eng_Latn","advent calendar kawaii","可爱倒数日历"
"eng_Latn","advent calendar large boxes","圣诞倒数日历大礼盒"
"eng_Latn","advent calendar magnetic tiles","磁性日历贴片"
"eng_Latn","advent calendar planes","圣诞倒数日历飞机"
"eng_Latn","advent calendar self fill","自填式圣诞日历"
"eng_Latn","advent calendar sweets","圣诞倒数日历糖果"
"eng_Latn","advent calendar teen jewelry","青少年珠宝圣诞倒数日历"
"eng_Latn","advent calendar tequila","龙舌兰酒倒数日历"
"eng_Latn","advent calendar winnie the pooh","维尼熊主题的倒计时日历"
"eng_Latn","advent calendar with makeup","带化妆品的圣诞倒数日历"
"eng_Latn","advent calendar young men","青年男子降临日历"
"eng_Latn","advent snack calendar 2025","2025年圣诞节小吃日历"
"eng_Latn","baby's first advent calendar 2025","2025年宝宝第一本圣诞倒数日历"
"eng_Latn","black advent calendar","黑色倒数日历"
"eng_Latn","block advent calendar","积木式圣诞日历"
"eng_Latn","book advent calendar 2025 adult romance","2025年成人浪漫主题书籍倒数日历"
"eng_Latn","booktok advent calendar","BookTok 圣诞倒数日历"
"eng_Latn","boys advent calendar lego","男孩乐高积木圣诞倒数日历"
"eng_Latn","boys sock advent calendar 2025","2025年男孩袜袜倒数日历"
"eng_Latn","build a car advent calendar 2025","制作2025年汽车主题的倒数日历"
"eng_Latn","cheap beauty advent calendar","平价美妆日历"
"eng_Latn","cheerleading advent calendar","啦啦队主题的圣诞倒数日历"
"eng_Latn","choc advent calendar 2025","2025年巧克力圣诞倒数日历"
"eng_Latn","christian advent calendar 2025 teens","2025年青少年基督教圣诞倒数日历"
"eng_Latn","christmas advent calendar for dogs","狗狗圣诞倒数日历"
"eng_Latn","christmas count down advent calendar","圣诞倒计时日历"
"eng_Latn","christmas decoration advent calendar","圣诞装饰品倒数日历"
"eng_Latn","coding advent calendar","编程日历"
"eng_Latn","colourpop advent calendar","colourpop 圣诞倒数日历"
"eng_Latn","crafters advent calendar 2025","2025年手工艺者圣诞倒数日历"
"eng_Latn","crossword advent calendar","填字游戏式圣诞倒数日历"
"eng_Latn","crystal cats advent calendar","水晶猫主题的倒数日历"
"eng_Latn","dc funko pop advent calendar","DC Funko Pop Advent日历"
"eng_Latn","decaf tea advent calendar 2025","2025年无咖啡因茶日历"
"eng_Latn","demon slayer christmas advent calendar","《鬼灭之刃》圣诞倒数日历"
"eng_Latn","disney princess little people advent calendar","迪士尼公主小矮人历险日历"
"eng_Latn","divine advent calendar","神圣降临日历"
"eng_Latn","dog treat christmas advent calendar 2025","2025年狗狗圣诞倒数日历"
"eng_Latn","e.l.f makeup advent calendar 2025","2025年e.l.f彩妆日历"
"eng_Latn","elemis advent calendar","艾丽美（Elemis）圣诞倒数日历"
"eng_Latn","elvis advent calendar","埃尔维斯降临日历"
"eng_Latn","figure advent calendar","人物降临日历"
"eng_Latn","fire truck advent calendar","消防车主题的倒数日历"
"eng_Latn","fishing advent calendar for boys","男孩钓鱼主题的日历"
"eng_Latn","fishing lure advent calendar 2026","2026年钓鱼诱饵倒数日历"
"eng_Latn","five nights at freddys advent calendar","《玩具熊的五夜》圣诞倒数日历"
"eng_Latn","foreign candy advent calendar","异国糖果降临日历"
"eng_Latn","fragrance advent calendar for women","女士香水倒数日历"
"eng_Latn","funko pop nfl advent calendar 2025","Funko Pop 2025年美国国家橄榄球联盟（NFL）主题日历"
"eng_Latn","funko pops advent calendar","Funko Pops 圣诞倒数日历"
"eng_Latn","gaming advent calendar men","游戏式圣诞倒数日历男士款"
"eng_Latn","godiva advent calendar 2025 adult","歌蒂梵2025年成人款圣诞倒数日历"
"eng_Latn","gundam advent calendar 2025","高达2025年倒数日历"
"eng_Latn","harry potter chocolate advent calendar","哈利·波特巧克力倒数日历"
"eng_Latn","harry potter hogwarts 24 day premium advent calendar - officially licensed christmas gifts & seasona","哈利·波特霍格沃茨24天高级倒数日历 - 官方授权圣诞礼品及季节性商品"
"eng_Latn","holy advent calendar","神圣的降临日历"
"eng_Latn","hot wheels advent calendar for boys","男孩专用风火轮玩具日历"
"eng_Latn","ice hockey advent calendar 2025","2025年冰球日历"
"eng_Latn","kids beauty advent calendar","儿童美妆圣诞倒数日历"
"eng_Latn","labubu advent calendar 2026","2026年labubu圣诞倒数日历"
"eng_Latn","lego advent calendar 2023","乐高2023年圣诞倒数日历"
"eng_Latn","lego christian advent calendar 2025","乐高基督教2025年圣诞倒数日历"
"eng_Latn","lego city advent calendar 2025 christmas","乐高城市系列2025年圣诞倒数日历"
"eng_Latn","lionel advent calendar 2025","2025年莱昂内尔（Lionel）圣诞倒数日历"
"eng_Latn","little girl makeup advent calendar","小女孩化妆日历"
"eng_Latn","magnet tiles advent calendar","磁性瓷砖圣诞倒数日历"
"eng_Latn","mary engelbreit advent calendar 2025","玛丽·恩格尔布雷特2025年圣诞倒数日历"
"eng_Latn","mini 3d printed animals advent calendar","迷你3D打印动物图案的日历挂历"
"eng_Latn","minnie advent calendar","米妮圣诞倒数日历"
"eng_Latn","mr beast lab swarms advent calendar","Mr. Beast实验室蜂群冒险日历"
"eng_Latn","music themed advent calendar","音乐主题的圣诞倒数日历"
"eng_Latn","naughty adult advent calendar 2025 for couples","2025年情侣款成人趣味日历"
"eng_Latn","nespresso vertuo advent calendar","Nespresso Vertuo 圣诞倒数日历"
"eng_Latn","new advent calendar 2025","2025年新款圣诞日历"
"eng_Latn","pokemon advent calendar 2026","2026年宝可梦倒数日历"
"eng_Latn","polaroid picture advent calendar","宝丽来照片圣诞倒数日历"
"eng_Latn","religious chocolate advent calendar 2025","2025年宗教巧克力圣诞倒数日历"
"eng_Latn","republic of tea advent calendar","茶之共和国倒数日历"
"eng_Latn","ritter sport advent calendar","ritter sport 圣诞倒数日历"
"eng_Latn","sea turtle advent calendar","海龟主题的倒数日历"
"eng_Latn","sex toy advent calendar 2025","2025年性玩具倒数日历"
"eng_Latn","small gifts for advent calendar adults","为成年人准备的圣诞日历小礼物"
"eng_Latn","spidey and friends advent calendar 2025","2025年蜘蛛侠与朋友们圣诞倒数日历"
"eng_Latn","star wars funko advent calendar","星球大战Funko倒数日历"
"eng_Latn","sticker advent calendar 2025 kids","2025年儿童贴纸式圣诞倒数日历"
"eng_Latn","stone advent calendar 2025","2025年石头日历"
"eng_Latn","swiss chocolate advent calendar","瑞士巧克力圣诞倒数日历"
"eng_Latn","tactical advent calendar 2025","2025年战术型圣诞倒数日历"
"eng_Latn","takis advent calendar","塔基斯（takis）圣诞倒数日历"
"eng_Latn","teddy bear advent calendar 2025","2025年泰迪熊倒数日历"
"eng_Latn","topps advent calendar basketball 2025","Topps 2025年篮球主题圣诞倒数日历"
"eng_Latn","trucks advent calendar 2025","2025年卡车倒数日历"
"eng_Latn","vaseline advent calendar 2025","凡士林2025年倒数日历"
"eng_Latn","wnba advent calendar 2025","2025年WNBA倒数日历"
"eng_Latn","womens perfume advent calendar 2025","2025年女士香水倒数日历"
"eng_Latn","wooden house advent calendar","木屋式圣诞倒数日历"
"eng_Latn","world war 2 aircraft advent calendar","二战飞机日历"
"eng_Latn","wufers dog advent calendar 2025","2025年wufers狗狗主题圣诞倒数日历"
"eng_Latn","advent calendars 2025 teen girls","2025年少女款圣诞倒数日历"
"eng_Latn","advent calendars 2025 women","2025年女士款降临日历"
"eng_Latn","advent calendars adults 2025","2025年成人款圣诞倒数日历"
"eng_Latn","advent calendars fabric","织物圣诞倒数日历"
"eng_Latn","advent calendars for dads","给爸爸们的圣诞倒数日历"
"eng_Latn","advent calendars for girls￼","女孩们的圣诞倒数日历"
"eng_Latn","advent calendars horror","恐怖降临日历"
"eng_Latn","advent calendars tween girls","女孩们的圣诞倒数日历"
"eng_Latn","chocolate advent calendars for women","女士巧克力圣诞倒数日历"
"eng_Latn","christian advent calendars for kids","儿童基督教圣诞倒数日历"
"eng_Latn","fortnite advent calendars","《堡垒之夜》圣诞倒数日历"
"eng_Latn","holiday advent calendars","节日倒数日历"
"eng_Latn","religious advent calendars for kids","儿童宗教主题的圣诞倒数日历"
"eng_Latn","sanrio advent calendars","三丽鸥（Sanrio）圣诞倒数日历"
"eng_Latn","avent calendar 2025 christmas candy","2025年圣诞糖果活动日历"
"eng_Latn","barbie avent calendar","芭比冒险日历"
"eng_Latn","dog avent calendar","狗狗冒险日历"
"eng_Latn","dog avent calendar 2025 christmas","2025年圣诞狗狗冒险日历"
"eng_Latn","girls avent calendar","女孩冒险日历"
"eng_Latn","teen avent calendar","青少年冒险日历"
"eng_Latn","2025 star wars advent calendar","2025年星球大战主题日历"
"eng_Latn","2025 wicked advent calendar","2025年邪恶降临日历"
"eng_Latn","25 drawer wooden advent calendar","25格木质圣诞倒数日历"
"eng_Latn","3d printed christmas advent calendar","3D打印圣诞倒数日历"
"eng_Latn","7 year old boy advent calendar","7岁男孩的圣诞倒数日历"
"eng_Latn","adult advent calendar for men","男士成人历险日历"
"eng_Latn","adult toy advent calendar","成人玩具圣诞倒数日历"
"eng_Latn","advent adult calendar 2025","2025年成人降临日历"
"eng_Latn","advent alcohol calendar 2025","2025年圣诞酒精日历"
"eng_Latn","advent calendar 1 year old boy","1岁男孩的降临日历"
"eng_Latn","advent calendar 2023 kids","2023年儿童降临日历"
"eng_Latn","advent calendar 2025 for him","2025年为他准备的圣诞倒数日历"
"eng_Latn","advent calendar 2025 for wife","2025年妻子圣诞倒数日历"
"eng_Latn","advent calendar 2025 luxury","2025年豪华版圣诞倒数日历"
"eng_Latn","advent calendar 2025 stickers","2025年圣诞倒数贴纸"
"eng_Latn","advent calendar 2025 unicorn","2025年独角兽主题的倒数日历"
"eng_Latn","advent calendar airplane","飞机造型的倒计时日历"
"eng_Latn","advent calendar babies","倒计时日历宝宝"
"eng_Latn","advent calendar books for toddlers","幼儿用的圣诞倒数日历书"
"eng_Latn","advent calendar boxes to fill large","用来装满大型物品的倒数日历盒"
"eng_Latn","advent calendar bts","BTS的倒数日历"
"eng_Latn","advent calendar charlotte tilbury","夏洛特·蒂尔伯里（Charlotte Tilbury）的倒数日历"
"eng_Latn","advent calendar crystal","水晶圣诞倒数日历"
"eng_Latn","advent calendar drawing","圣诞倒数日历绘图"
"eng_Latn","advent calendar for coworkers","同事们的圣诞倒数日历"
"eng_Latn","advent calendar for kids 9-12","9-12岁儿童倒数日历"
"eng_Latn","advent calendar for makeup","化妆品倒数日历"
"eng_Latn","advent calendar for teen boys candy","青少年男孩糖果主题的降临日历"
"eng_Latn","advent calendar for teena","为Teena准备的圣诞倒数日历"
"eng_Latn","advent calendar for the family","家庭用圣诞倒数日历"
"eng_Latn","advent calendar for toddler boys 2025","2025年幼儿男孩圣诞倒数日历"
"eng_Latn","advent calendar gold jewelry","黄金首饰圣诞倒数日历"
"eng_Latn","advent calendar laneige","兰芝圣诞倒数日历"
"eng_Latn","advent calendar lindor","林多尔圣诞倒数日历"
"eng_Latn","advent calendar lol doll","圣诞倒数日历洛尔娃娃"
"eng_Latn","advent calendar puzzle for adults","成人用倒数日历拼图"
"eng_Latn","advent calendar tweens","圣诞倒数日历儿童款"
"eng_Latn","advent calendar ￼￼","圣诞倒数日历"
"eng_Latn","advent minecraft calendar","《我的世界》圣诞节日历"
"eng_Latn","advent slime calendar","降临节黏液日历"
"eng_Latn","air force advent calendar","空军历险日历"
"eng_Latn","anthropology advent calendar 2025","2025年人类学倒数日历"
"eng_Latn","beauty advent calendar 2024","2024年美丽降临日历"
"eng_Latn","beauty product advent calendar","美妆产品倒数日历"
"eng_Latn","bird lover advent calendar","爱鸟者日历"
"eng_Latn","border collie advent calendar","边境牧羊犬主题的倒数日历"
"eng_Latn","bourbon advent calendar 2025 buffalo trace","2025年布法罗追踪波本威士忌倒数日历"
"eng_Latn","boy toddler advent calendar 2025","2025年男孩幼儿主题圣诞倒数日历"
"eng_Latn","brian rot advent calendar","布莱恩·罗特圣诞倒数日历"
"eng_Latn","bubble skincare advent calendar 2025 ulta","2025年ULTA泡泡护肤日历"
"eng_Latn","build advent calendar 2025","制作2025年圣诞倒数日历"
"eng_Latn","candy kittens advent calendar","糖果小猫降临日历"
"eng_Latn","car building advent calendar","汽车制造日历"
"eng_Latn","cat toys advent calendar 2025","2025年猫玩具圣诞倒数日历"
"eng_Latn","chap stick advent calendar","唇膏圣诞倒数日历"
"eng_Latn","childrens book advent calendar","儿童图书圣诞倒数日历"
"eng_Latn","childrens christmas building blocks advent calendar","儿童圣诞积木式倒数日历"
"eng_Latn","chips advent calendar","薯片倒数日历"
"eng_Latn","christmas advent calendar for men","男士圣诞倒数日历"
"eng_Latn","christmas building blocks advent calendar","圣诞积木式降临日历"
"eng_Latn","countdown advent calendar","倒计时圣诞日历"
"eng_Latn","crazy aaron advent calendar","疯狂亚伦圣诞倒数日历"
"eng_Latn","cute advent calendar 2025 teen girls","2025年少女可爱圣诞倒数日历"
"eng_Latn","dancer advent calendar","舞者降临日历"
"eng_Latn","dandy's world advent calendar","丹迪的世界历险日历"
"eng_Latn","disney 100 advent calendar 2025","迪士尼2025年100天倒数日历"
"eng_Latn","elvis advent calendar 2025","2025年埃尔维斯降临日历"
"eng_Latn","escape room advent calendar kids","儿童密室逃脱日历"
"eng_Latn","facial advent calendar 2025","2025年面部护理日历"
"eng_Latn","fox advent calendar 2025","2025年狐狸主题的倒数日历"
"eng_Latn","friends advent calendar bracelet","朋友降临日历手链"
"eng_Latn","fun teen advent calendar","趣味青少年历险日历"
"eng_Latn","funko disney advent calendar","Funko迪士尼圣诞倒数日历"
"eng_Latn","funny adult advent calendar 2025","2025年趣味成人历险日历"
"eng_Latn","gabby doll house advent calendar","加布丽埃勒娃娃屋圣诞倒数日历"
"eng_Latn","garfield advent calendar 2025","2025年加菲猫圣诞倒数日历"
"eng_Latn","girl makeup advent calendar 2025","2025年女孩化妆日历"
"eng_Latn","green tea advent calendar","绿茶倒数日历"
"eng_Latn","healthy snack advent calendar","健康零食圣诞倒数日历"
"eng_Latn","hot wheels christmas advent calendar 2025","2025年风火轮圣诞倒数日历"
"eng_Latn","hotel chocolat velvetiser advent calendar","巧克力酒店天鹅绒装饰品圣诞倒数日历"
"eng_Latn","insect advent calendar 2025","2025年昆虫主题日历"
"eng_Latn","jeep advent calendar","吉普车主题的倒数日历"
"eng_Latn","jigsaw puzzle advent calendar 2025 for adults","2025年成人拼图日历"
"eng_Latn","juegoal advent calendar","游戏冒险日历"
"eng_Latn","keto advent calendar","酮类日历"
"eng_Latn","lindt dark chocolate advent calendar 2025","瑞士莲2025年黑巧克力圣诞倒数日历"
"eng_Latn","lionel nascar advent calendar","莱昂内尔·纳斯卡尔（Lionel Nascar）圣诞倒数日历"
"eng_Latn","makeup advent calendar 24 days","24天美妆日历"
"eng_Latn","makeup advent calendar girls","彩妆日历女孩"
"eng_Latn","manger advent calendar","马槽式圣诞倒数日历"
"eng_Latn","men’s advent calendar","男士圣诞倒数日历"
"eng_Latn","milk makeup advent calendar","彩妆日历"
"eng_Latn","mini brands book advent calendar 2025","2025年迷你品牌书历"
"eng_Latn","mini jesus advent calendar","迷你耶稣降临日历"
"eng_Latn","miniatures advent calendar 2025","2025年微缩模型圣诞倒数日历"
"eng_Latn","modelones advent calendar 2025","莫多尼斯2025年圣诞倒数日历"
"eng_Latn","muppets advent calendar","布偶圣诞倒数日历"
"eng_Latn","nee doh christmas advent calendar","“nee doh christmas advent calendar”的中文翻译是什么"
"eng_Latn","olive and june advent calendar","橄榄与六月圣诞倒数日历"
"eng_Latn","one year old advent calendar","一岁儿童用的圣诞倒数日历"
"eng_Latn","organic beauty advent calendar","有机美容日历"
"eng_Latn","organic chocolate advent calendar","有机巧克力圣诞倒数日历"
"eng_Latn","ornament advent calendar 2025 adult","2025年成人装饰品圣诞倒数日历"
"eng_Latn","plants vs zombies advent calendar","植物大战僵尸倒数日历"
"eng_Latn","positive potato advent calendar","土豆主题的正面日历"
"eng_Latn","punch advent calendar","打孔式圣诞倒数日历"
"eng_Latn","pura vida advent calendar","纯生活降临日历"
"eng_Latn","purple advent calendar 2025","2025年紫色圣诞倒数日历"
"eng_Latn","refillable advent calendar drawers","可再填充的圣诞日历抽屉"
"eng_Latn","reptile advent calendar","爬行动物主题的倒数日历"
"eng_Latn","science experiment advent calendar 2025","2025年科学实验日历"
"eng_Latn","shower steamers advent calendar","淋浴蒸汽机圣诞倒数日历"
"eng_Latn","silly advent calendar","傻气的圣诞倒数日历"
"eng_Latn","smurfs advent calendar 2025","2025年蓝精灵倒数日历"
"eng_Latn","spiderman lego advent calendar","蜘蛛侠乐高倒数日历"
"eng_Latn","squishmallow advent calendar 2024","2024年软糖豆豆猫历险日历"
"eng_Latn","stitch christmas advent calendar","缝制圣诞倒数日历"
"eng_Latn","stress relief advent calendar","减压圣诞倒数日历"
"eng_Latn","surprise advent calendar","惊喜降临日历"
"eng_Latn","survival kit advent calendar 2025 adults men teen boys","2025年生存包圣诞倒数日历，适合成人、男士、青少年男孩"
"eng_Latn","teen advent calendar 2025 sephora","2025年丝芙兰青少年冒险日历"
"eng_Latn","toddler advent calendar girls","幼儿女孩圣诞倒数日历"
"eng_Latn","ulta 24 days of beauty advent calendar 2025","2025年ulta 24天美丽降临日历"
"eng_Latn","wellness advent calendar 2025","2025年健康日历"
"eng_Latn","whisky advent calendar 2025 with alcohol","2025年含酒精威士忌日历"
"eng_Latn","wooden advent calendar for kids","儿童木质圣诞倒数日历"
"eng_Latn","wooden empty advent calendar","木质空日历"
"eng_Latn","wwe funko pop advent calendar","WWE Funko Pop Advent日历"
"eng_Latn","yankees advent calendar 2025","2025年洋基队倒数日历"
"eng_Latn","advent calendars 2025 makeup","2025年化妆版圣诞倒数日历"
"eng_Latn","advent calendars bracelets","圣诞日历手链"
"eng_Latn","advent calendars for 10 year old boy","10岁男孩的降临日历"
"eng_Latn","advent calendars for adults alcohol","成人酒精饮料的降临日历"
"eng_Latn","advent calendars for tween girl","少女款圣诞倒数日历"
"eng_Latn","advent calendars k pop demon hunters","降临日历 k pop 恶魔猎人"
"eng_Latn","advent calendars nee doh","降临日历nee-doh"
"eng_Latn","advent wooden calendars","圣诞木制日历"
"eng_Latn","beer advent calendars","啤酒主题的圣诞日历"
"eng_Latn","hot chocolate advent calendars","热巧克力圣诞倒数日历"
"eng_Latn","nail polish advent calendars","指甲油圣诞倒数日历"
"eng_Latn","state advent calendars","国家历险日历"
"eng_Latn","amazon avent calendar 2025","亚马逊2025年冒险日历"
"eng_Latn","fabric christmas countdown calendar","布艺圣诞倒计时日历"
"eng_Latn","hanukkah countdown calendar","光明节倒计时日历"
"eng_Latn","pink christmas countdown calendar","粉红色圣诞倒计时日历"
"eng_Latn","11 year old girl advent calendar","11岁女孩的圣诞倒数日历"
"eng_Latn","5 year old advent calendar 2025","2025年5岁儿童圣诞倒数日历"
"eng_Latn","adult advent calendar 2025 for men cologne","2025年男士古龙水成人圣诞倒数日历"
"eng_Latn","adult men advent calendar","成年男性冒险日历"
"eng_Latn","advent 2025 calendar","2025年降临日历"
"eng_Latn","advent calendar 1 year old girl","1岁女孩的降临日历"
"eng_Latn","advent calendar 2025 25 days","2025年倒数日历，25天"
"eng_Latn","advent calendar 2025 9 year old boys","2025年9岁男孩圣诞倒数日历"
"eng_Latn","advent calendar 2025 adult woman","2025年成人女性圣诞倒数日历"
"eng_Latn","advent calendar 2025 adult women makeup","2025年成人女性化妆日历"
"eng_Latn","advent calendar 2025 building sets","2025年圣诞倒数日历建筑套装"
"eng_Latn","advent calendar 2025 for gamers","2025年游戏玩家日历"
"eng_Latn","advent calendar 2025 fragrance","2025年降临日历香氛"
"eng_Latn","advent calendar 2025 gemstones","2025年宝石主题的圣诞倒数日历"
"eng_Latn","advent calendar 2025 godiva","2025年歌蒂梵（Godiva）圣诞倒数日历"
"eng_Latn","advent calendar 2025 jerky","2025年耶尔基圣诞倒数日历"
"eng_Latn","advent calendar 2025 kids fidget toys","2025年圣诞倒数日历儿童减压玩具"
"eng_Latn","advent calendar 2025 lego minecraft","2025年乐高《我的世界》圣诞倒数日历"
"eng_Latn","advent calendar 2025 men cologne","2025年男士古龙水圣诞倒数日历"
"eng_Latn","advent calendar 2025 netflix","2025年Netflix圣诞倒数日历"
"eng_Latn","advent calendar 2025 pop","2025年流行日历"
"eng_Latn","advent calendar 2025 puzzle kids","2025年儿童拼图式圣诞倒数日历"
"eng_Latn","advent calendar 2025 reusable","2025年可重复使用的圣诞倒数日历"
"eng_Latn","advent calendar 2025 scented candles","2025年圣诞倒数日历香薰蜡烛"
"eng_Latn","advent calendar 2025 sensory","2025年感官体验日历"
"eng_Latn","advent calendar 2025 teenage girl","2025年少女款圣诞倒数日历"
"eng_Latn","advent calendar 2025 transformers","2025年变形金刚主题的倒数日历"
"eng_Latn","advent calendar 2025 wooden","2025年木质圣诞倒数日历"
"eng_Latn","advent calendar 3d","3D圣诞倒数日历"
"eng_Latn","advent calendar college","大学倒数日历"
"eng_Latn","advent calendar dogs 2025","2025年狗狗主题的倒数日历"
"eng_Latn","advent calendar empty boxes to fill pink","待填满的粉红色圣诞倒数日历空盒"
"eng_Latn","advent calendar for 2025 adult","2025年成人款圣诞倒数日历"
"eng_Latn","advent calendar for adult man","成年男士的降临日历"
"eng_Latn","advent calendar for boys football","男孩足球主题的倒数日历"
"eng_Latn","advent calendar for car guys","汽车爱好者的倒数日历"
"eng_Latn","advent calendar for college girls","大学女生圣诞倒数日历"
"eng_Latn","advent calendar for married couple","已婚夫妇的降临日历"
"eng_Latn","advent calendar for my wife","给我妻子的圣诞倒数日历"
"eng_Latn","advent calendar for siblings","为兄弟姐妹准备的圣诞倒数日历"
"eng_Latn","advent calendar gardening","园艺日历"
"eng_Latn","advent calendar gift boxes","圣诞倒数礼盒"
"eng_Latn","advent calendar gifts for boys","男孩的降临日历礼物"
"eng_Latn","advent calendar kids candy","儿童糖果降临日历"
"eng_Latn","advent calendar magnets","圣诞倒数日历磁贴"
"eng_Latn","advent calendar mini brand","迷你品牌日历"
"eng_Latn","advent calendar motorcycle","摩托车主题的圣诞倒数日历"
"eng_Latn","advent calendar mr beast","“Mr Beast”的降临日历"
"eng_Latn","advent calendar shopkins","“Shopkins”圣诞倒数日历"
"eng_Latn","advent calendar socks kids","儿童圣诞倒数日历袜"
"eng_Latn","advent calendar stuffers adult","成人版圣诞倒数日历小玩意"
"eng_Latn","advent calendar whisky","威士忌日历"
"eng_Latn","advent candle calendar 2025","2025年降临蜡烛日历"
"eng_Latn","advent train calendar 2025","2025年圣诞列车日历"
"eng_Latn","beauty blast advent calendar 2025","2025年美丽绽放倒数日历"
"eng_Latn","big advent calendar 2025","2025年大型圣诞倒数日历"
"eng_Latn","board game advent calendar 2025","2025年棋盘游戏圣诞倒数日历"
"eng_Latn","car guy advent calendar 2025","2025年汽车人历险日历"
"eng_Latn","chai tea advent calendar","柴茶倒数日历"
"eng_Latn","chip advent calendar","芯片倒数日历"
"eng_Latn","chocolate truffle advent calendar","巧克力松露倒数日历"
"eng_Latn","christian advent calendar for toddlers","幼儿基督教圣诞倒数日历"
"eng_Latn","christmas advent calendar 2025 teen girls","2025年圣诞倒数日历 青少年女孩款"
"eng_Latn","christmas books advent calendar","圣诞书籍降临日历"
"eng_Latn","comic book advent calendar 2025","2025年漫画书圣诞倒数日历"
"eng_Latn","crochet kit advent calendar","钩织套装圣诞倒数日历"
"eng_Latn","crystal cat advent calendar 2025","2025年水晶猫主题日历"
"eng_Latn","diamond dot advent calendar 2025","2025年钻石点数圣诞倒数日历"
"eng_Latn","dirtbike advent calendar","越野摩托车圣诞倒数日历"
"eng_Latn","disney funko pop advent calendar","迪士尼Funko Pop Advent日历"
"eng_Latn","diy wooden advent calendar","DIY木质圣诞倒数日历"
"eng_Latn","dog advent calendar 24 days","狗狗日历24天"
"eng_Latn","dog lover advent calendar 2025","2025年爱狗人士倒数日历"
"eng_Latn","empty box advent calendar","空盒式圣诞倒数日历"
"eng_Latn","enamel pin advent calendar","珐琅徽章圣诞倒数日历"
"eng_Latn","fun advent calendar s","有趣的圣诞倒数日历"
"eng_Latn","gluten free chocolate advent calendar","无麸质巧克力圣诞倒数日历"
"eng_Latn","goat advent calendar 2025","2025年山羊主题的倒数日历"
"eng_Latn","gravitrax advent calendar","引力追踪器圣诞倒数日历"
"eng_Latn","gravitrax advent calendar 2025","2025年Gravitrax圣诞倒数日历"
"eng_Latn","gremlins advent calendar","小精灵降临日历"
"eng_Latn","haba my first advent calendar","haba我的第一个圣诞倒数日历"
"eng_Latn","hello kitty christmas advent calendar 2025","2025年凯蒂猫圣诞倒数日历"
"eng_Latn","hersey chocolate advent calendar 2025","好时巧克力2025年倒数日历"
"eng_Latn","instant coffee advent calendar","速溶咖啡倒数日历"
"eng_Latn","kids socks advent calendar","儿童袜子圣诞倒数日历"
"eng_Latn","kiko milano advent calendar 2025","Kiko Milano 2025年圣诞倒数日历"
"eng_Latn","large pocket advent calendar","大口袋式圣诞倒数日历"
"eng_Latn","large reusable advent calendar","大型可重复使用的圣诞倒数日历"
"eng_Latn","legends of rock & metal advent calendar 2025","2025年摇滚与金属传奇人物降临日历"
"eng_Latn","lego christian advent calendar","乐高基督教圣诞倒数日历"
"eng_Latn","lego figure advent calendar","乐高人偶圣诞倒数日历"
"eng_Latn","lego mini figure advent calendar","乐高迷你人偶圣诞倒数日历"
"eng_Latn","little people nativity advent calendar 2025","2025年小人国圣诞倒数日历"
"eng_Latn","magnetic tiles advent calendar 2025","2025年磁性瓷砖圣诞倒数日历"
"eng_Latn","makita advent calendar","牧田（Makita）圣诞倒数日历"
"eng_Latn","minecraft advent calendar￼","《我的世界》圣诞倒数日历"
"eng_Latn","mini brands beauty advent calendar","迷你品牌美妆圣诞倒数日历"
"eng_Latn","minis advent calendar","迷你圣诞倒数日历"
"eng_Latn","minis advent calendar 2025","2025年迷你圣诞倒数日历"
"eng_Latn","moser roth advent calendar","莫泽·罗斯圣诞倒数日历"
"eng_Latn","munchlings advent calendar 2025","2025年“munchlings”圣诞倒数日历"
"eng_Latn","nakatomi tower advent calendar","中富大厦圣诞倒数日历"
"eng_Latn","necklace advent calendar 2025","2025年项链圣诞倒数日历"
"eng_Latn","new lego advent calendar 2025","2025年新款乐高圣诞倒数日历"
"eng_Latn","nfl football cards advent calendar 2025","2025年NFL橄榄球卡倒计时日历"
"eng_Latn","paw patrol advent calendar 2025 boys","2025年男孩版狗狗巡逻队倒数日历"
"eng_Latn","pet shop advent calendar","宠物店圣诞倒数日历"
"eng_Latn","pokemon christmas advent calendar","口袋妖怪圣诞倒数日历"
"eng_Latn","recipe advent calendar 2025","2025年食谱圣诞倒数日历"
"eng_Latn","red sox advent calendar 2025","2025年红袜队圣诞倒数日历"
"eng_Latn","retro advent calendar","复古圣诞倒数日历"
"eng_Latn","rocks advent calendar","石头主题的倒数日历"
"eng_Latn","rpg advent calendar","角色扮演游戏（RPG）圣诞倒数日历"
"eng_Latn","scotch whiskey advent calendar","苏格兰威士忌圣诞倒数日历"
"eng_Latn","seashell advent calendar","贝壳主题的倒数日历"
"eng_Latn","skin care advent calendar for girls","女孩护肤日历"
"eng_Latn","small dog advent calendar","小型狗狗主题的倒数日历"
"eng_Latn","spa advent calendar 2025 for women","2025年女士水疗日历"
"eng_Latn","sports car advent calendar 2025","2025年跑车倒数日历"
"eng_Latn","squishy toy advent calendar 2025","2025年软糯玩具圣诞倒数日历"
"eng_Latn","sudoku advent calendar 2025","2025年数独圣诞倒数日历"
"eng_Latn","super kitty advent calendar","超级猫咪主题的倒数日历"
"eng_Latn","tackle box advent calendar","工具箱式圣诞倒数日历"
"eng_Latn","teen advent calendar jewelry","青少年冒险日历珠宝"
"eng_Latn","teen craft advent calendar","青少年手工艺品圣诞倒数日历"
"eng_Latn","teeny mates nfl 2025-2026 advent calendar","teeny mates nfl 2025-2026 圣诞倒数日历"
"eng_Latn","tirtir advent calendar 2025","2025年tirtir圣诞倒数日历"
"eng_Latn","toddler advent calendar 2025 little people","2025年幼儿圣诞倒数日历小人版"
"eng_Latn","toddler boys advent calendar","男童幼儿圣诞倒数日历"
"eng_Latn","toddler nativity advent calendar","幼儿耶稣诞生降临日历"
"eng_Latn","topps holiday advent calendar 2025","Topps 2025年节日倒数日历"
"eng_Latn","trivia advent calendar 2025","2025年琐事日历"
"eng_Latn","vermont advent calendar chocolate","佛蒙特巧克力圣诞倒数日历"
"eng_Latn","wax melt advent calendar 2025","2025年蜡融化日历"
"eng_Latn","womans advent calendar 2025","2025年女士圣诞倒数日历"
"eng_Latn","ww 2 aircraft advent calendar","WW2飞机日历"
"eng_Latn","2025 makeup advent calendars","2025年化妆日历"
"eng_Latn","advent book calendars for kids","儿童圣诞主题图书日历"
"eng_Latn","advent calendars for girls 10-12 tween","10-12岁女孩的圣诞倒数日历"
"eng_Latn","advent calendars gilmore girls","《吉尔莫女孩》的降临日历"
"eng_Latn","advent calendars refillable","可再填充的圣诞日历"
"eng_Latn","children's advent calendars","儿童圣诞倒数日历"
"eng_Latn","christmas advent calendars harry potter","圣诞倒数日历 哈利·波特"
"eng_Latn","empty advent calendars boxes","空的圣诞日历盒"
"eng_Latn","jewelry advent calendars for adults","成人珠宝主题的圣诞倒数日历"
"eng_Latn","ornament advent calendars","装饰性圣诞倒数日历"
"eng_Latn","playmobil advent calendars","摩比世界（Playmobil）圣诞日历"
"eng_Latn","12 day fillable advent calendar","12天可填写的圣诞倒数日历"
"eng_Latn","13 year old boy advent calendar","13岁男孩的圣诞倒数日历"
"eng_Latn","24 day advent calendar for adults","24天成人降临日历"
"eng_Latn","24 day advent calendar makeup","24天圣诞倒数日历化妆品套装"
"eng_Latn","absolute football advent calendar","绝对足球主题的倒数日历"
"eng_Latn","adult female advent calendar 2025","2025年成年女性圣诞倒数日历"
"eng_Latn","advent calendar 2025 dinosaur","2025年恐龙主题的降临日历"
"eng_Latn","advent calendar 2025 for teens boys","2025年青少年男孩款圣诞倒数日历"
"eng_Latn","advent calendar 2025 kid","2025年儿童降临日历"
"eng_Latn","advent calendar 2025 nee doh","2025年降临日历需要"
"eng_Latn","advent calendar 2025 schleich","2025年施莱希圣诞降临日历"
"eng_Latn","advent calendar 2025 teenage boy","2025年青少年男孩款圣诞倒数日历"
"eng_Latn","advent calendar 2025makeup","2025年化妆日历"
"eng_Latn","advent calendar bugs","圣诞倒数日历漏洞"
"eng_Latn","advent calendar camping","圣诞倒数日历露营"
"eng_Latn","advent calendar charm bracelets 2025 for girls","2025年女孩款圣诞倒数日历手链"
"eng_Latn","advent calendar custom","定制圣诞倒数日历"
"eng_Latn","advent calendar fallout","圣诞倒数日历余波"
"eng_Latn","advent calendar figures","圣诞倒数日历玩偶"
"eng_Latn","advent calendar for adults beauty","成人美容日历"
"eng_Latn","advent calendar for autistic boys","自闭症男孩的降临日历"
"eng_Latn","advent calendar for big dogs","大狗的降临日历"
"eng_Latn","advent calendar for book lovers adults","为爱书人士设计的成人日历"
"eng_Latn","advent calendar for cat treats","猫咪零食的倒数日历"
"eng_Latn","advent calendar for girls age 3","3岁女孩的圣诞倒数日历"
"eng_Latn","advent calendar for teen girls spa","少女水疗中心倒数日历"
"eng_Latn","advent calendar lancome","兰蔻倒数日历"
"eng_Latn","advent calendar men cologne","圣诞倒数日历男士古龙水"
"eng_Latn","advent calendar movies","圣诞倒数电影"
"eng_Latn","advent calendar my hero academia","我的英雄学院日历"
"eng_Latn","advent calendar nedo","降临日历nedo"
"eng_Latn","advent calendar paper bags","圣诞倒数日历纸袋"
"eng_Latn","advent calendar pocket holder","圣诞倒数日历口袋夹"
"eng_Latn","advent calendar puzzles 2025","2025年圣诞倒数拼图"
"eng_Latn","advent calendar sewing","圣诞日历缝制"
"eng_Latn","advent calendar soccer 2025","2025年足球倒数日历"
"eng_Latn","advent calendar starwars","星球大战主题的倒计时日历"
"eng_Latn","advent calendar stuffers for boys","男孩的圣诞倒数日历小礼品"
"eng_Latn","advent calendar teenager girl","少女版降临日历"
"eng_Latn","advent calendar traditional","传统式降临日历"
"eng_Latn","advent calendar travel","旅行倒数日历"
"eng_Latn","advent calendar witch","巫婆主题的倒数日历"
"eng_Latn","advent crochet calendar 2025","2025年圣诞钩织日历"
"eng_Latn","advent herbal tea calendar","圣诞草药茶日历"
"eng_Latn","autism advent calendar 2025","2025年自闭症倒数日历"
"eng_Latn","ballerina advent calendar","芭蕾舞者降临日历"
"eng_Latn","barbie mini land advent calendar","芭比迷你乐园历险日历"
"eng_Latn","basketball cards advent calendar 2025","2025年篮球卡牌倒数日历"
"eng_Latn","beatles advent calendar nail","披头士降临日历美甲"
"eng_Latn","beetles advent calendar 2024","2024年甲虫主题的倒数日历"
"eng_Latn","bob ross advent calendar","鲍勃·罗斯日历"
"eng_Latn","booze advent calendar","酒类节日日历"
"eng_Latn","bowling advent calendar","保龄球主题的圣诞倒数日历"
"eng_Latn","bratz advent calendar","Bratz 圣诞倒数日历"
"eng_Latn","candy around the world advent calendar","世界各地糖果倒数日历"
"eng_Latn","cat christmas advent calendar","猫咪圣诞倒数日历"
"eng_Latn","cat christmas advent calendar 2025","2025年猫咪圣诞倒数日历"
"eng_Latn","christmas advent calendar 2025 kids candy","2025年圣诞倒数日历儿童糖果"
"eng_Latn","christmas felt advent calendar","圣诞氛围降临日历"
"eng_Latn","clarins advent calendar","娇韵诗圣诞倒数日历"
"eng_Latn","cowboy advent calendar","牛仔主题的倒数日历"
"eng_Latn","craft advent calendar for kids","为孩子们制作手工日历"
"eng_Latn","crystal cats advent calendar 2025","2025年水晶猫主题倒数日历"
"eng_Latn","d&d advent calendar 2025 for adults","2025年成人版D&D冒险日历"
"eng_Latn","diehard advent calendar","顽固派圣诞倒数日历"
"eng_Latn","disney stitch advent calendar","迪士尼史迪奇圣诞倒数日历"
"eng_Latn","escape room advent calendar for teens","青少年密室逃脱日历"
"eng_Latn","essential oils advent calendar 2025","2025年精油倒数日历"
"eng_Latn","essie advent calendar","艾西（Essie）圣诞倒数日历"
"eng_Latn","fall out advent calendar","“fall out” 降临日历"
"eng_Latn","family games advent calendar 2025","2025年家庭游戏圣诞倒数日历"
"eng_Latn","food advent calendar for teens","青少年美食历险日历"
"eng_Latn","fun advent calendar 2025 for kids","2025年儿童趣味圣诞倒数日历"
"eng_Latn","fun kids advent calendar 2025","2025年趣味儿童历险日历"
"eng_Latn","funko advent calendar stranger things","Funko Advent Calendar《怪奇物语》"
"eng_Latn","funko nfl advent calendar 2025","Funko NFL 2025年圣诞倒数日历"
"eng_Latn","funko pop marvel advent calendar","Funko Pop漫威降临日历"
"eng_Latn","girls christmas advent calendar","女孩圣诞倒数日历"
"eng_Latn","gourmet food advent calendar 2025","2025年美食历险日历"
"eng_Latn","guardians of the galaxy advent calendar","《银河护卫队》倒数日历"
"eng_Latn","guitar pick advent calendar 2026","2026年吉他拨片圣诞倒数日历"
"eng_Latn","hair product advent calendar 2025","2025年护发产品倒数日历"
"eng_Latn","jewelry advent calendar silver","银色珠宝圣诞倒数日历"
"eng_Latn","jo malone advent calendar 2025","祖·玛珑2025年圣诞倒数日历"
"eng_Latn","kids advent calendar 2025 books","2025年儿童圣诞倒数日历书籍"
"eng_Latn","kiehls advent calendar","Kiehl's 圣诞倒数日历"
"eng_Latn","kitkat advent calendar 2025","奇巧2025年圣诞倒数日历"
"eng_Latn","kpop advent calendar for girls","女孩们的K-pop倒数日历"
"eng_Latn","kpop demon advent calendar 2025","2025年K-pop恶魔降临日历"
"eng_Latn","kusmi tea advent calendar","库斯米茶圣诞倒数日历"
"eng_Latn","lego advent calendar city","乐高城市系列圣诞倒数日历"
"eng_Latn","lego car advent calendar","乐高汽车主题的倒计时日历"
"eng_Latn","lego jesus advent calendar 2025","乐高耶稣降临日历2025"
"eng_Latn","lego minifigure advent calendar 2025","乐高人偶2025年倒数日历"
"eng_Latn","little people advent calendar 2025 boy","小人历2025男孩款"
"eng_Latn","luxury beauty advent calendar","奢华美容日历"
"eng_Latn","mario kart advent calendar","马里奥赛车日历"
"eng_Latn","marzipan advent calendar 2025","2025年杏仁糖浆圣诞倒数日历"
"eng_Latn","mini barbie advent calendar","迷你芭比娃娃圣诞倒数日历"
"eng_Latn","mini brands toy advent calendar","迷你品牌玩具日历"
"eng_Latn","monkey advent calendar","猴子主题的圣诞倒数日历"
"eng_Latn","monkey advent calendar 2025","2025年猴子主题的圣诞倒数日历"
"eng_Latn","monster truck advent calendar for boys","男孩专用怪物卡车日历"
"eng_Latn","montessori advent calendar","蒙特梭利圣诞倒数日历"
"eng_Latn","mouse advent calendar","鼠标日历"
"eng_Latn","nail kit advent calendar","美甲套装圣诞倒数日历"
"eng_Latn","new mom advent calendar 2025","2025年新手妈妈倒数日历"
"eng_Latn","office supply advent calendar 2025","2025年办公用品降临日历"
"eng_Latn","ohio state advent calendar 2025","俄亥俄州立大学2025年圣诞倒数日历"
"eng_Latn","outdoors advent calendar 2025","2025年户外探险日历"
"eng_Latn","outer space advent calendar 2025","2025年外太空主题圣诞倒数日历"
"eng_Latn","photography advent calendar","摄影主题的圣诞倒数日历"
"eng_Latn","pj masks advent calendar","睡衣面具倒数日历"
"eng_Latn","power rangers advent calendar","电力战士历险日历"
"eng_Latn","quilting advent calendar","绗缝圣诞倒数日历"
"eng_Latn","refillable wooden advent calendar","可再填充木质圣诞倒数日历"
"eng_Latn","robotics advent calendar","机器人技术倒数日历"
"eng_Latn","rock legend advent calendar 2025","摇滚传奇2025年圣诞倒数日历"
"eng_Latn","running advent calendar 2025","2025年跑步日历"
"eng_Latn","sakerplus lego advent calendar","sakerplus乐高圣诞倒数日历"
"eng_Latn","salt advent calendar","盐味日历"
"eng_Latn","sensory toy advent calendar","感官玩具圣诞倒数日历"
"eng_Latn","sephora advent calendar 2025 skin care","丝芙兰2025年护肤日历"
"eng_Latn","sephora makeup advent calendar 2025","丝芙兰2025年彩妆圣诞倒数日历"
"eng_Latn","somic advent calendar","somic 圣诞倒数日历"
"eng_Latn","stitch charm bracelet advent calendar 2025","2025年缝制魅力手链圣诞倒数日历"
"eng_Latn","superman advent calendar 2025","2025年超人降临日历"
"eng_Latn","swear bears advent calendar","“咒骂熊”降临日历"
"eng_Latn","taylor swift advent calendar 2025 adult","泰勒·斯威夫特2025年成人版圣诞倒数日历"
"eng_Latn","tea advent calendar for adults","成人茶礼日历"
"eng_Latn","thomas kinkade advent calendar puzzle","托马斯·金凯德圣诞倒数拼图"
"eng_Latn","trending advent calendar 2025","2025年热门圣诞倒数日历"
"eng_Latn","trump advent calendar 2025","特朗普2025年圣诞倒数日历"
"eng_Latn","underwear advent calendar 2025","2025年内衣倒数日历"
"eng_Latn","warrior cats advent calendar","猫战士历险日历"
"eng_Latn","wet and wild advent calendar 2025","2025年湿野冒险日历"
"eng_Latn","wicked advent calendar￼","邪恶的降临日历"
"eng_Latn","wobbles advent calendar","摇摆式圣诞倒数日历"
"eng_Latn","wooden christmas tree advent calendar","木质圣诞树倒数日历"
"eng_Latn","world snack advent calendar","世界小吃历险日历"
"eng_Latn","advent calendars boxes","圣诞日历盒"
"eng_Latn","advent calendars cat","猫主题的降临日历"
"eng_Latn","advent calendars christmas teen girl","圣诞少女降临日历"
"eng_Latn","advent calendars demon slayer","《鬼灭之刃》降临日历"
"eng_Latn","advent calendars for 2 year old girl","2岁女孩的降临日历"
"eng_Latn","advent calendars for adult men","成年男士的降临日历"
"eng_Latn","advent calendars for musicians","音乐家们的降临日历"
"eng_Latn","advent calendars for seniors","为老年人准备的降临日历"
"eng_Latn","advent calendars gnomes","圣诞倒数日历小矮人"
"eng_Latn","advent calendars jam","圣诞日历果酱"
"eng_Latn","advent calendars monster jam","怪物果酱降临日历"
"eng_Latn","advent calendars teen boy","青少年男孩的降临日历"
"eng_Latn","caspari advent calendars","卡斯帕里圣诞倒数日历"
"eng_Latn","cheap advent calendars for girls","女孩们用的廉价圣诞日历"
"eng_Latn","christmas advent calendars hello kitty","圣诞倒数日历，凯蒂猫"
"eng_Latn","empty cardboard advent calendars to fill","空白的纸板圣诞倒数日历待填写"
"eng_Latn","fillers for advent calendars","圣诞日历填充物"
"eng_Latn","fun advent calendars for women","为女性打造的趣味圣诞倒数日历"
"eng_Latn","gluten free advent calendars","无麸质圣诞倒数日历"
"eng_Latn","hot wheels advent calendars","风火轮冒险日历"
"eng_Latn","mickey mouse advent calendars","米老鼠主题的圣诞日历"
"eng_Latn","military advent calendars","军事主题的圣诞日历"
"eng_Latn","sea glass advent calendars 2025","2025年海玻璃圣诞倒数日历"
"eng_Latn","sock advent calendars","袜子主题的圣诞倒数日历"
"eng_Latn","what are the best-selling and highly-rated advent calendars available on amazon","亚马逊上最畅销且评价最高的圣诞倒数日历有哪些"
"eng_Latn","avent christmas calendar 2025","2025年圣诞活动日历"
"eng_Latn","taylor swift avent calendar","泰勒·斯威夫特活动日历"
"eng_Latn","12 day advent calendar beauty","12天美丽日历"
"eng_Latn","2025 advent calendar men","2025年男士圣诞倒数日历"
"eng_Latn","3 year old girl advent calendar","3岁女孩的圣诞倒数日历"
"eng_Latn","adult book advent calendar","成人书籍圣诞倒数日历"
"eng_Latn","adult sex advent calendar 2025","2025年成人性爱日历"
"eng_Latn","advent beer calendar 2025","2025年圣诞啤酒日历"
"eng_Latn","advent calendar 2025 1 year old","2025年1岁儿童降临日历"
"eng_Latn","advent calendar 2025 11 year old girl","2025年11岁女孩的降临日历"
"eng_Latn","advent calendar 2025 boys 11","2025年男孩款圣诞倒数日历11"
"eng_Latn","advent calendar 2025 nuts","2025年坚果主题的圣诞倒数日历"
"eng_Latn","advent calendar 2025 peanuts","2025年花生主题的圣诞倒数日历"
"eng_Latn","advent calendar 2025 plants","2025年植物主题的倒数日历"
"eng_Latn","advent calendar 2025 unique","2025年独特圣诞倒数日历"
"eng_Latn","advent calendar animal","圣诞倒数日历动物"
"eng_Latn","advent calendar cardboard","圣诞倒数日历纸板"
"eng_Latn","advent calendar christmas puzzle","圣诞倒数日历拼图"
"eng_Latn","advent calendar couple","倒数日历情侣款"
"eng_Latn","advent calendar dog treats","圣诞倒数日历狗狗零食"
"eng_Latn","advent calendar doorable","可携带式圣诞倒数日历"
"eng_Latn","advent calendar for adults wine","成人葡萄酒倒数日历"
"eng_Latn","advent calendar for artist","艺术家降临日历"
"eng_Latn","advent calendar for couple","情侣款倒数日历"
"eng_Latn","advent calendar for couples spicy","情侣款辣味日历"
"eng_Latn","advent calendar for elderly women","老年女性日历"
"eng_Latn","advent calendar for girls squishmallow","女孩款小毛球（Squishmallow）主题的倒数日历"
"eng_Latn","advent calendar for guys 2025","2025年男士倒数日历"
"eng_Latn","advent calendar for sports lovers","体育爱好者的倒数日历"
"eng_Latn","advent calendar for teen boys sports","青少年男孩运动主题的倒数日历"
"eng_Latn","advent calendar for toddler girls 2025","2025年幼儿女孩圣诞倒数日历"
"eng_Latn","advent calendar for tween girls 2025","2025年少女款圣诞倒数日历"
"eng_Latn","advent calendar for two kids","两个孩子的圣诞倒数日历"
"eng_Latn","advent calendar gummy","圣诞日历软糖"
"eng_Latn","advent calendar kits","倒数日历套装"
"eng_Latn","advent calendar knives","圣诞倒数日历刀具"
"eng_Latn","advent calendar korean","韩式降临日历"
"eng_Latn","advent calendar lego harry potter","乐高哈利波特主题的倒计时日历"
"eng_Latn","advent calendar packaging","圣诞倒数日历包装"
"eng_Latn","advent calendar porsche","保时捷圣诞倒数日历"
"eng_Latn","advent calendar putty","粘土日历"
"eng_Latn","advent calendar reusable hanging","可重复使用的挂式圣诞倒数日历"
"eng_Latn","advent calendar tea bags","圣诞倒数日历茶包"
"eng_Latn","advent mens calendar 2025","2025年男士降临日历"
"eng_Latn","army men advent calendar 2025","2025年陆军士兵倒数日历"
"eng_Latn","arts and craft advent calendar 2025","2025年工艺品与艺术日历"
"eng_Latn","avatar advent calendar","头像降临日历"
"eng_Latn","bath & body advent calendar","沐浴及身体护理日历"
"eng_Latn","beetles christmas advent calendar 2025","2025年甲虫圣诞倒数日历"
"eng_Latn","bowling advent calendar 2025","2025年保龄球日历"
"eng_Latn","boys advent calendar minecraft","男孩们的《我的世界》圣诞倒数日历"
"eng_Latn","boys socks advent calendar","男孩袜子倒数日历"
"eng_Latn","buffalo trace whiskey advent calendar","水牛足迹威士忌倒数日历"
"eng_Latn","candles advent calendar 2025","2025年蜡烛倒数日历"
"eng_Latn","chapter book advent calendar","章节书式圣诞倒数日历"
"eng_Latn","charm bracelet advent calendar for girls","女孩专用魅力手链式圣诞倒数日历"
"eng_Latn","chicago bears advent calendar","芝加哥熊队倒数日历"
"eng_Latn","child advent calendar","儿童圣诞倒数日历"
"eng_Latn","chocolate advent calendar 2025 kinder","2025年巧克力圣诞倒数日历 奇趣蛋"
"eng_Latn","chocolate advent calendar for girls","女孩巧克力倒数日历"
"eng_Latn","christmas advent calendar boxes to fill","待填写的圣诞倒数日历盒"
"eng_Latn","christmas dog advent calendar","圣诞狗狗主题的倒数日历"
"eng_Latn","christmas earring advent calendar","圣诞耳环倒数日历"
"eng_Latn","christmas wooden advent calendar","圣诞木制倒数日历"
"eng_Latn","clean beauty advent calendar","清洁美容日历"
"eng_Latn","clearance advent calendar","清仓倒数日历"
"eng_Latn","cloud slime advent calendar","云雾黏液降临日历"
"eng_Latn","coffee ground advent calendar","咖啡粉日历"
"eng_Latn","college football advent calendar","大学橄榄球倒数日历"
"eng_Latn","cool advent calendar for boys","为男孩准备的酷炫倒数日历"
"eng_Latn","curious george advent calendar","好奇的乔治日历"
"eng_Latn","cvs advent calendar 2025","2025年CVS圣诞倒数日历"
"eng_Latn","dandy world advent calendar","丹迪世界圣诞倒数日历"
"eng_Latn","dc funko advent calendar","DC Funko 圣诞倒数日历"
"eng_Latn","dentist advent calendar","牙医日历"
"eng_Latn","diy advent calendar empty boxes","DIY空日历盒"
"eng_Latn","dnd advent calendar 2025 adult","2025年成人版DND（龙与地下城）历险日历"
"eng_Latn","dnd miniatures advent calendar","《龙与地下城》微缩模型圣诞倒数日历"
"eng_Latn","dr pepper advent calendar 2025","2025年胡椒博士倒数日历"
"eng_Latn","earring advent calendar for women","女士耳环圣诞倒数日历"
"eng_Latn","electronics advent calendar","电子设备倒数日历"
"eng_Latn","elemis advent calendar 2025","艾丽美斯2025年圣诞倒数日历"
"eng_Latn","family game advent calendar","家庭游戏日历"
"eng_Latn","festivus advent calendar","节日倒数日历"
"eng_Latn","fillable advent calendar 12 days","可填写的12天圣诞倒数日历"
"eng_Latn","fishing bait advent calendar 2025","2025年钓鱼诱饵倒数日历"
"eng_Latn","flower building advent calendar","花朵建筑主题的倒数日历"
"eng_Latn","football helmet advent calendar","橄榄球头盔倒数日历"
"eng_Latn","funko pop advent calendar stranger things","Funko Pop Advent日历《怪奇物语》"
"eng_Latn","gingerbread house advent calendar 2025","2025年姜饼屋圣诞倒数日历"
"eng_Latn","girls bracelet advent calendar 2025","2025年女孩手链倒数日历"
"eng_Latn","grinch advent calendar 2025 ornaments","2025年格林奇倒数日历装饰品"
"eng_Latn","hot wheels advent calendar￼","风火轮冒险日历"
"eng_Latn","hunting advent calendar for men","男士狩猎主题日历"
"eng_Latn","irish advent calendar 2025","2025年爱尔兰圣诞倒数日历"
"eng_Latn","italian advent calendar","意大利式圣诞倒数日历"
"eng_Latn","jewelry advent calendar teens","青少年珠宝节日倒数日历"
"eng_Latn","kids make up advent calendar 2025","2025年儿童自创的圣诞倒数日历"
"eng_Latn","kitch advent calendar","圣诞倒数日历"
"eng_Latn","lego animal advent calendar","乐高动物主题的日历"
"eng_Latn","lego spiderman advent calendar","乐高蜘蛛侠倒数日历"
"eng_Latn","linda advent calendar","琳达的圣诞倒数日历"
"eng_Latn","lindor chocolates advent calendar 2025","林多巧克力2025年圣诞倒数日历"
"eng_Latn","lindt holiday advent calendar","瑞士莲假日倒数日历"
"eng_Latn","lip care advent calendar 2025","2025年唇部护理日历"
"eng_Latn","magnetic block advent calendar","磁性积木式圣诞倒数日历"
"eng_Latn","makeup set advent calendar","彩妆套装倒数日历"
"eng_Latn","mens fishing advent calendar 2025","男士钓鱼日历2025"
"eng_Latn","mens grooming advent calendar 2025","2025年男士美容日历"
"eng_Latn","middle finger advent calendar","中指形状的倒数日历"
"eng_Latn","mini brands fill the fridge advent calendar","迷你品牌装满冰箱圣诞倒数日历"
"eng_Latn","monster jam mini advent calendar 2025","2025年怪物果酱迷你圣诞倒数日历"
"eng_Latn","musician advent calendar 2025","2025年音乐家降临日历"
"eng_Latn","nativity advent calendar for toddlers","幼儿圣诞倒数日历"
"eng_Latn","newborn advent calendar","新生儿降临日历"
"eng_Latn","paint your own advent calendar","自己动手制作一个圣诞倒数日历"
"eng_Latn","paper craft advent calendar","纸质工艺品圣诞倒数日历"
"eng_Latn","paw patrol 2025 advent calendar","《狗狗巡逻队2025》倒数日历"
"eng_Latn","peppa pig christmas advent calendar","小猪佩奇圣诞倒数日历"
"eng_Latn","pirate advent calendar","海盗主题的冒险日历"
"eng_Latn","plushies advent calendar","毛绒玩具圣诞倒数日历"
"eng_Latn","popular advent calendar","流行的圣诞倒数日历"
"eng_Latn","positive crochet advent calendar","正面钩织的圣诞倒数日历"
"eng_Latn","precious moments, nativity advent calendar","珍贵时刻，耶稣诞生降临日历"
"eng_Latn","revlon advent calendar","露华浓（Revlon）圣诞倒数日历"
"eng_Latn","revolution beauty makeup advent calendar 2025","2025年revolution beauty makeup advent日历"
"eng_Latn","rock and metal advent calendar","摇滚与金属主题的倒数日历"
"eng_Latn","scotch whiskey advent calendar 2025","2025年苏格兰威士忌圣诞倒数日历"
"eng_Latn","scrapbook advent calendar","剪贴簿式圣诞倒数日历"
"eng_Latn","sea creature advent calendar","海洋生物主题的倒计时日历"
"eng_Latn","sexy adult advent calendar 2025 for couples","2025年情侣款性感成人日历"
"eng_Latn","snow globe advent calendar","雪景玻璃球日历"
"eng_Latn","sour advent calendar","酸味日历"
"eng_Latn","sour patch kid advent calendar","酸甜豆小孩历险日历"
"eng_Latn","sports advent calendar for teens","青少年运动主题的倒数日历"
"eng_Latn","squishmallow advent calendar 2025 kids","2025年儿童软糖豆人圣诞倒数日历"
"eng_Latn","starburst advent calendar","星爆式圣诞倒数日历"
"eng_Latn","steal a brain rot advent calendar","偷一个“脑腐”日历"
"eng_Latn","survival advent calendar for kids","儿童生存历险日历"
"eng_Latn","tatcha advent calendar 2025","黛莎2025年圣诞倒数日历"
"eng_Latn","theatre advent calendar","剧院式圣诞倒数日历"
"eng_Latn","thomas train advent calendar 2025","2025年托马斯火车主题圣诞倒数日历"
"eng_Latn","toys advent calendar","玩具圣诞倒数日历"
"eng_Latn","trinket advent calendar 2025","2025年小饰品圣诞倒数日历"
"eng_Latn","unfinished wooden advent calendar","未完成的木质圣诞倒数日历"
"eng_Latn","vermont advent calendar","佛蒙特州圣诞倒数日历"
"eng_Latn","wicked official advent calendar","邪恶官员降临日历"
"eng_Latn","wnba advent calendar","WNBA 圣诞倒数日历"
"eng_Latn","womens jewelry advent calendar 2025","2025年女士珠宝圣诞倒数日历"
"eng_Latn","wooden puzzle advent calendar","木质拼图式圣诞倒数日历"
"eng_Latn","xmas advent calendar","圣诞倒数日历"
"eng_Latn","12 day advent calendars","12天圣诞倒数日历"
"eng_Latn","advent calendars 2025 boys","2025年男孩款圣诞倒数日历"
"eng_Latn","advent calendars clearance","圣诞倒数日历清仓"
"eng_Latn","advent calendars cosmetics","化妆品的降临日历"
"eng_Latn","advent calendars for adults food","成人食品的节日日历"
"eng_Latn","advent calendars for baby girls","女婴降临日历"
"eng_Latn","advent calendars for couples 2025","2025年情侣款圣诞倒数日历"
"eng_Latn","advent calendars for coworkers","为同事准备的圣诞倒数日历"
"eng_Latn","advent calendars for young women","年轻女性的降临日历"
"eng_Latn","advent calendars mini verse","迷你诗篇降临日历"
"eng_Latn","advent calendars music","音乐降临日历"
"eng_Latn","advent calendars survival kit","圣诞倒数日历生存套装"
"eng_Latn","advent calendars toy","玩具降临日历"
"eng_Latn","advent calendars with ornaments","带有装饰品的圣诞倒数日历"
"eng_Latn","best affordable advent calendars","最实惠的圣诞倒数日历"
"eng_Latn","boys advent calendars 2025","2025年男孩款圣诞倒数日历"
"eng_Latn","christmas advent calendars for couples","情侣款圣诞倒数日历"
"eng_Latn","german advent calendars chocolate","德国圣诞日历巧克力"
"eng_Latn","jewelry advent calendars for women","女士珠宝圣诞倒数日历"
"eng_Latn","lego set advent calendars","乐高套装圣诞倒数日历"
"eng_Latn","make up advent calendars￼","制作圣诞倒数日历"
"eng_Latn","sports themed advent calendars","运动主题的圣诞倒数日历"
"eng_Latn","stationery advent calendars","文具式圣诞倒数日历"
"eng_Latn","top beauty advent calendars 2025","2025年顶级美妆日历"
"eng_Latn","vermont christmas company advent calendars","佛蒙特圣诞公司圣诞倒数日历"
"eng_Latn","avent calendar 2025 lego","2025年乐高冒险日历"
"eng_Latn","girl avent calendar","女孩冒险日历"
"eng_Latn","grinch avent calendar","圣诞怪杰日历"
"eng_Latn","stitch avent calendar 2025","2025年针织日历"
"eng_Latn","10 year old girl advent calendar","10岁女孩的圣诞倒数日历"
"eng_Latn","12 day advent calendar chocolate","12天巧克力圣诞倒数日历"
"eng_Latn","12 days of puzzles advent calendar","12天拼图圣诞倒数日历"
"eng_Latn","2025 gnome advent calendar","2025年侏儒历险日历"
"eng_Latn","7 day advent calendar","7天倒数日历"
"eng_Latn","7 year old advent calendar","7岁儿童圣诞倒数日历"
"eng_Latn","advent building block calendar","降临节积木日历"
"eng_Latn","advent calendar 2025 12 days of beauty","2025年圣诞倒数日历：12天美丽之旅"
"eng_Latn","advent calendar 2025 chocolate nut free","2025年无坚果巧克力降临日历"
"eng_Latn","advent calendar 2025 cvs","2025年CVS圣诞倒数日历"
"eng_Latn","advent calendar 2025 dog treats","2025年狗狗零食圣诞倒数日历"
"eng_Latn","advent calendar 2025 ebt","2025年电子版圣诞倒数日历"
"eng_Latn","advent calendar 2025 figurines","2025年圣诞倒数日历小雕像"
"eng_Latn","advent calendar 2025 for girls 9-10","2025年女孩9-10岁圣诞倒数日历"
"eng_Latn","advent calendar 2025 girls 3","2025年女孩款倒数日历3"
"eng_Latn","advent calendar 2025 haribo","2025年哈瑞宝（Haribo）圣诞倒数日历"
"eng_Latn","advent calendar 2025 japanese snacks","2025年日式小吃倒数日历"
"eng_Latn","advent calendar 2025 nba","2025年NBA圣诞倒数日历"
"eng_Latn","advent calendar 2025 perfumes","2025年香水降临日历"
"eng_Latn","advent calendar 2025 teen boys baseball","2025年青少年男孩棒球主题的降临日历"
"eng_Latn","advent calendar 2025 teen girls skincare and makeup elf","2025年圣诞倒数日历 少女护肤与化妆小精灵"
"eng_Latn","advent calendar 2025 trucks","2025年卡车主题的圣诞倒数日历"
"eng_Latn","advent calendar beauty sephora","丝芙兰美妆日历"
"eng_Latn","advent calendar clearance","倒数日历清仓"
"eng_Latn","advent calendar for 14 year old girl","14岁女孩的圣诞倒数日历"
"eng_Latn","advent calendar for 2025","2025年倒数日历"
"eng_Latn","advent calendar for deer hunters","猎鹿者的倒数日历"
"eng_Latn","advent calendar for teen girls self care","少女自我关爱日历"
"eng_Latn","advent calendar for young boys","小男孩的降临日历"
"eng_Latn","advent calendar fuzzy socks","圣诞倒数日历毛绒袜"
"eng_Latn","advent calendar house with doors","带门的中式日历挂历"
"eng_Latn","advent calendar jokes","圣诞倒数日历笑话"
"eng_Latn","advent calendar knitting","圣诞倒数日历编织"
"eng_Latn","advent calendar lilo and stitch","《莉萝和史迪奇》圣诞倒数日历"
"eng_Latn","advent calendar minnie mouse","米妮老鼠主题的倒计时日历"
"eng_Latn","advent calendar ornaments kids","儿童圣诞日历挂饰"
"eng_Latn","advent calendar pocket","圣诞倒数日历口袋"
"eng_Latn","advent calendar puzzles for kids","儿童圣诞日历拼图"
"eng_Latn","advent calendar spiderman 2025","2025年蜘蛛侠降临日历"
"eng_Latn","advent calendar under 20","20岁以下的圣诞倒数日历"
"eng_Latn","advent calendar video game","倒计时日历电子游戏"
"eng_Latn","advent calendar vintage","复古圣诞倒数日历"
"eng_Latn","advent calendar wall","圣诞倒数日历墙"
"eng_Latn","advent christmas calendar for kids","儿童圣诞倒数日历"
"eng_Latn","advent girls calendar","降临节女孩日历"
"eng_Latn","animals advent calendar","动物主题的倒数日历"
"eng_Latn","baby christmas advent calendar","婴儿圣诞倒数日历"
"eng_Latn","beauty advent calendar sephora","丝芙兰美容日历"
"eng_Latn","best friend advent calendar 2025","2025年最佳朋友倒数日历"
"eng_Latn","bike advent calendar 2025","2025年自行车历险日历"
"eng_Latn","birds advent calendar 2025","2025年鸟类主题日历"
"eng_Latn","black tea advent calendar","红茶倒数日历"
"eng_Latn","bonne maman 2025 limited run edition advent calendar, 24 mini spreads","Bonne maman 2025限量版圣诞倒数日历，24个迷你插页"
"eng_Latn","book advent calendar for girls","女孩的图书圣诞倒数日历"
"eng_Latn","book lover advent calendar for adults","成人书迷日历"
"eng_Latn","book nook advent calendar","书架角落式倒数日历"
"eng_Latn","border collie advent calendar 2025","2025年边境牧羊犬主题的倒数日历"
"eng_Latn","bubble gum advent calendar","泡泡糖主题的倒数日历"
"eng_Latn","bubble skincare advent calendar 2025","2025年泡泡护肤日历"
"eng_Latn","character advent calendar 2025","2025年角色降临日历"
"eng_Latn","chiefs advent calendar 2025","2025年酋长降临日历"
"eng_Latn","christmas advent calendar 2025 food","2025年圣诞倒数日历食品"
"eng_Latn","christmas gnome advent calendar 2025","2025年圣诞精灵降临日历"
"eng_Latn","coffee bean advent calendar 2025","2025年咖啡豆倒数日历"
"eng_Latn","coffee pods advent calendar 2025","2025年咖啡胶囊倒数日历"
"eng_Latn","cologne advent calendar men","男士古龙水降临日历"
"eng_Latn","disney charm bracelet advent calendar","迪士尼魅力手链圣诞倒数日历"
"eng_Latn","disney twisted tales advent calendar","迪士尼扭曲传说圣诞倒数日历"
"eng_Latn","diy fillable advent calendar","DIY可填充式圣诞倒数日历"
"eng_Latn","drummer advent calendar 2025","2025年鼓手降临日历"
"eng_Latn","e.l.f. advent calendar","e.l.f. 圣诞倒数日历"
"eng_Latn","elf on the shelf advent calendar train","书架上的小精灵降临日历火车"
"eng_Latn","empty advent calendar 2025 adult","2025年成人空置圣诞倒数日历"
"eng_Latn","extra large drawer advent calendar","超大抽屉式圣诞倒数日历"
"eng_Latn","fast and furious advent calendar","速度与激情主题的倒数日历"
"eng_Latn","fisherman's advent calendar","渔夫的倒数日历"
"eng_Latn","fishermans advent calendar","渔夫的降临日历"
"eng_Latn","flowers advent calendar","花朵倒数日历"
"eng_Latn","football advent calendar for men","男士足球主题的倒数日历"
"eng_Latn","fourth wing advent calendar","第四翼降临日历"
"eng_Latn","fun advent calendar for adults","有趣的成人日历"
"eng_Latn","funko marvel advent calendar","Funko漫威日历"
"eng_Latn","funko pop bitty advent calendar","Funko Pop Bitty 圣诞倒数日历"
"eng_Latn","fuzzy sock advent calendar 2025","2025年模糊袜日历"
"eng_Latn","german shepherd advent calendar 2025","2025年德国牧羊犬主题圣诞倒数日历"
"eng_Latn","gin advent calendar 2025","2025年杜松子酒日历"
"eng_Latn","gorilla tag advent calendar","大猩猩标签圣诞倒数日历"
"eng_Latn","grandma advent calendar","奶奶降临日历"
"eng_Latn","hersheys chocolate advent calendar 2025","好时巧克力2025年圣诞倒数日历"
"eng_Latn","holiday calendar advent","假日日历降临"
"eng_Latn","hot wheels muscle car advent calendar 2025","2025年风火轮肌肉车主题日历"
"eng_Latn","huntrix advent calendar 2025","2025年huntrix圣诞倒数日历"
"eng_Latn","international food advent calendar","国际美食历险日历"
"eng_Latn","jewelry making advent calendar 2025","2025年珠宝制作倒数日历"
"eng_Latn","joke advent calendar","笑话日历"
"eng_Latn","kid book advent calendar 2025","2025年儿童图书圣诞倒数日历"
"eng_Latn","kids advent calendar 2025 hot wheels","2025年儿童风火轮冒险日历"
"eng_Latn","kitten advent calendar","小猫降临日历"
"eng_Latn","kpop demon hunters advent calendar 2025 christmas","2025年韩国流行音乐《恶魔猎人》圣诞倒数日历"
"eng_Latn","l'oreal 2025 advent calendar","欧莱雅2025年圣诞倒数日历"
"eng_Latn","large fillable advent calendar","大型可填充式圣诞倒数日历"
"eng_Latn","lego advent calendar girls","乐高女孩系列圣诞倒数日历"
"eng_Latn","lego city advent calendar 2025 kids toy","乐高城市系列2025年圣诞倒数日历儿童玩具"
"eng_Latn","lego ninjago advent calendar 2025","乐高忍者2025年圣诞倒数日历"
"eng_Latn","lindt holiday teddy bear chocolate candy advent calendar, 4.5 oz.","瑞士莲假日泰迪熊巧克力糖果倒数日历，4.5盎司。"
"eng_Latn","lip smacker advent calendar","唇膏试用装圣诞倒数日历"
"eng_Latn","madelaine advent calendar","玛德琳降临日历"
"eng_Latn","makeup advent calendar 2025 adult","2025年成人化妆品圣诞倒数日历"
"eng_Latn","makeup brush advent calendar 2025","2025年化妆刷倒数日历"
"eng_Latn","makeup revolution advent calendar","彩妆革命降临日历"
"eng_Latn","manicurist advent calendar","美甲师倒数日历"
"eng_Latn","mens tool advent calendar","男士工具日历"
"eng_Latn","mini brands retro advent calendar","迷你品牌复古降临日历"
"eng_Latn","mini cologne advent calendar","迷你古龙水圣诞倒数日历"
"eng_Latn","mini makeup advent calendar","迷你彩妆日历"
"eng_Latn","monster jam truck advent calendar 2025","2025年Monster Jam卡车主题日历"
"eng_Latn","my first advent calendar baby","我的第一个圣诞倒数日历宝贝"
"eng_Latn","nativity puzzle advent calendar","耶稣诞生拼图式倒数日历"
"eng_Latn","needlepoint advent calendar","针绣圣诞倒数日历"
"eng_Latn","nespresso pods advent calendar","奈斯派索胶囊倒数日历"
"eng_Latn","newborn advent calendar 2025","2025年新生儿降临日历"
"eng_Latn","numberblocks advent calendar","数字积木圣诞倒数日历"
"eng_Latn","pickleball advent calendar 2025","2025年皮克球倒数日历"
"eng_Latn","planet advent calendar","星球历险日历"
"eng_Latn","pocket advent calendar blank","空白口袋式圣诞倒数日历"
"eng_Latn","pokemon advent calendar 2024","2024年宝可梦降临日历"
"eng_Latn","puzzle christmas advent calendar","拼图圣诞倒数日历"
"eng_Latn","red panda advent calendar","小熊猫主题的倒数日历"
"eng_Latn","rock n roll advent calendar 2025","2025年摇滚乐降临日历"
"eng_Latn","sailor moon advent calendar","美少女战士倒计时日历"
"eng_Latn","scrapbook advent calendar 2025","2025年剪贴本圣诞倒数日历"
"eng_Latn","snack advent calendar for kids","儿童零食日历"
"eng_Latn","soccer cards advent calendar","足球卡倒计时日历"
"eng_Latn","spice advent calendar 2025 adult","2025年成人香料日历"
"eng_Latn","spiderman advent calendar 2025 kids","2025年蜘蛛侠儿童历险日历"
"eng_Latn","squirrel advent calendar","松鼠主题的倒数日历"
"eng_Latn","star wars advent calendar 2024","2024年星球大战主题日历"
"eng_Latn","swedish advent calendar","瑞典式圣诞倒数日历"
"eng_Latn","teen advent calendar 24 days","青少年24天圣诞倒数日历"
"eng_Latn","the dragon in the forest advent calendar","森林历险日历中的龙"
"eng_Latn","thomas train advent calendar","托马斯火车主题的圣诞倒数日历"
"eng_Latn","toy car advent calendar 2025","2025年玩具车圣诞倒数日历"
"eng_Latn","toys for advent calendar","圣诞倒数日历玩具"
"eng_Latn","treasures of japan advent calendar","日本宝藏历险日历"
"eng_Latn","twix advent calendar","Twix 圣诞倒数日历"
"eng_Latn","ufc advent calendar 2025","2025年UFC（终极格斗冠军赛）倒数日历"
"eng_Latn","wine advent calendar 2025 box","2025年葡萄酒日历礼盒"
"eng_Latn","wine advent calendar for adults","成人葡萄酒倒数日历"
"eng_Latn","wiskey advent calendar","威士忌倒数日历"
"eng_Latn","wooden diy advent calendar","木质DIY倒数日历"
"eng_Latn","yoga advent calendar 2025","2025年瑜伽日历"
"eng_Latn","adult men advent calendars 2025","2025年成人男士圣诞倒数日历"
"eng_Latn","advent calendars 2025 beauty","2025年美容产品降临日历"
"eng_Latn","advent calendars 2025 for boys","2025年男孩款圣诞倒数日历"
"eng_Latn","advent calendars for 1 year old","1岁儿童的降临日历"
"eng_Latn","advent calendars for kids￼","儿童降临日历"
"eng_Latn","advent calendars for woman","女士的降临日历"
"eng_Latn","advent calendars playmobil","摩比世界（Playmobil）圣诞倒数日历"
"eng_Latn","blank advent calendars","空白圣诞日历"
"eng_Latn","book lover advent calendars","爱书者圣诞倒数日历"
"eng_Latn","christmas advent puzzle calendars","圣诞倒计时拼图日历"
"eng_Latn","hot wheels advent calendars 2025","2025年风火轮玩具车历"
"eng_Latn","lego advent calendars￼","乐高圣诞倒数日历"
"eng_Latn","reusable advent calendars to fill","可重复使用的待填写日历"
"eng_Latn","top advent calendars 2025 for women","2025年女性热门圣诞倒数日历"
"eng_Latn","video game advent calendars","电子游戏圣诞倒数日历"
"eng_Latn","avent calendar 2025 christmas sephora","2025年圣诞节丝芙兰活动日历"
"eng_Latn","avent calendar empty box","活动日历空盒"
"eng_Latn","beatles avent calendar nails","披头士乐队冒险日历美甲"
"eng_Latn","baby countdown calendar","宝宝倒计时日历"
"eng_Latn","2 year old girl advent calendar","2岁女孩的圣诞倒数日历"
"eng_Latn","2025 advent calendar beauty","2025年美丽降临日历"
"eng_Latn","24 pocket advent calendar","24格口袋式圣诞倒数日历"
"eng_Latn","24 small gifts for advent calendar","24件小礼物，用于圣诞倒数日历"
"eng_Latn","3d printed advent calendar for kids","儿童3D打印圣诞倒数日历"
"eng_Latn","7 year old girl advent calendar","7岁女孩的圣诞倒数日历"
"eng_Latn","adult couples advent calendar 2025","2025年成人情侣款圣诞倒数日历"
"eng_Latn","advent bourbon calendar","波旁威士忌降临日历"
"eng_Latn","advent calendar 12 days of beauty","“12天美丽日历”"
"eng_Latn","advent calendar 13 year old boy","13岁男孩的降临日历"
"eng_Latn","advent calendar 13 year old girl","13岁女孩的降临日历"
"eng_Latn","advent calendar 2024 chocolate","2024年巧克力圣诞倒数日历"
"eng_Latn","advent calendar 2025 3 year old boy","2025年3岁男孩圣诞倒数日历"
"eng_Latn","advent calendar 2025 adult women jewelry","2025年圣诞倒数日历 成年女性珠宝"
"eng_Latn","advent calendar 2025 chocolate kinder","2025年巧克力kinder圣诞倒数日历"
"eng_Latn","advent calendar 2025 flower","2025年花之降临日历"
"eng_Latn","advent calendar 2025 gluten free","2025年无麸质日历"
"eng_Latn","advent calendar 2025 italian brainrot","2025年意大利脑洞大开圣诞倒数日历"
"eng_Latn","advent calendar 2025 kids slime","2025年儿童黏液主题圣诞倒数日历"
"eng_Latn","advent calendar 2025 socks men","2025年圣诞倒数日历男士袜"
"eng_Latn","advent calendar 2025 sour candy","2025年降临日历 酸味糖果"
"eng_Latn","advent calendar 2025 space","2025年圣诞倒数日历空间"
"eng_Latn","advent calendar 2025 spidey","2025年蜘蛛侠降临日历"
"eng_Latn","advent calendar 2025 teen boys basketball","2025年青少年男孩篮球主题的降临日历"
"eng_Latn","advent calendar 3d print","圣诞倒数日历3D打印"
"eng_Latn","advent calendar adults chocolate","成人巧克力降临日历"
"eng_Latn","advent calendar build a bear","圣诞倒数日历小熊拼装"
"eng_Latn","advent calendar construction trucks","圣诞倒数日历工程车"
"eng_Latn","advent calendar cow","圣诞倒计时日历牛"
"eng_Latn","advent calendar dragon ball","龙珠降临日历"
"eng_Latn","advent calendar filler ideas","圣诞倒数日历小物创意"
"eng_Latn","advent calendar for 15 year old boy","15岁男孩的圣诞倒数日历"
"eng_Latn","advent calendar for adults liquor","成人酒类倒数日历"
"eng_Latn","advent calendar for girls age 7","7岁女孩的降临日历"
"eng_Latn","advent calendar for girls stitch","女孩版《Stitch》降临日历"
"eng_Latn","advent calendar for teen boy 2025","2025年青少年男孩款圣诞倒数日历"
"eng_Latn","advent calendar for tweens girls","少女们的圣诞倒数日历"
"eng_Latn","advent calendar gifts for adults","成人圣诞倒数日历礼物"
"eng_Latn","advent calendar girls age 5","5岁女孩的降临日历"
"eng_Latn","advent calendar hanger","圣诞倒数日历挂饰"
"eng_Latn","advent calendar husband","圣诞倒数日历丈夫"
"eng_Latn","advent calendar jewelry teens","青少年珠宝主题的圣诞倒数日历"
"eng_Latn","advent calendar lego marvel","乐高漫威降临日历"
"eng_Latn","advent calendar making","制作圣诞倒数日历"
"eng_Latn","advent calendar mha","“mha”的降临日历"
"eng_Latn","advent calendar music lover","音乐爱好者日历"
"eng_Latn","advent calendar nativity set","圣诞倒数日历耶稣诞生套装"
"eng_Latn","advent calendar no chocolate","无巧克力圣诞倒数日历"
"eng_Latn","advent calendar softball","圣诞倒数日历垒球"
"eng_Latn","advent calendar stationary","圣诞倒数日历文具"
"eng_Latn","advent calendar with fishing lures","带有鱼饵的节日日历"
"eng_Latn","advent calendar women perfume","圣诞倒数日历女士香水"
"eng_Latn","alcoholic advent calendar","酒精饮料圣诞倒数日历"
"eng_Latn","animal advent calendar 2025 kids","2025年儿童动物主题圣诞倒数日历"
"eng_Latn","artskills 25 day christmas craft advent calendar 2025","artskills 2025年25天圣诞手工艺日历"
"eng_Latn","assorted chocolate advent calendar 2025","2025年什锦巧克力降临日历"
"eng_Latn","baby toddler advent calendar","婴儿幼儿圣诞倒数日历"
"eng_Latn","bath bombs advent calendar","沐浴炸弹倒数日历"
"eng_Latn","bearhug advent calendar","熊抱式圣诞倒数日历"
"eng_Latn","blank advent calendar box","空白圣诞日历盒"
"eng_Latn","blind bag advent calendar","盲盒式日历"
"eng_Latn","boston terrier advent calendar","波士顿梗犬主题的倒数日历"
"eng_Latn","boys advent calendar 2025 roblox","2025年男孩冒险日历 roblox版"
"eng_Latn","bratz advent calendar 2025","2025年Bratz圣诞倒数日历"
"eng_Latn","buddy the elf advent calendar 2025","2025年精灵巴迪圣诞倒数日历"
"eng_Latn","candy advent calendar￼","糖果日历"
"eng_Latn","canvas advent calendar with pockets","带口袋的帆布圣诞倒数日历"
"eng_Latn","cheerleading advent calendar 2025","2025年啦啦队圣诞倒数日历"
"eng_Latn","choclate advent calendar","巧克力圣诞倒数日历"
"eng_Latn","chocolate orange advent calendar","巧克力橙子倒数日历"
"eng_Latn","christmas chocolate advent calendar 2025","2025年圣诞巧克力倒数日历"
"eng_Latn","christmas legos advent calendar","圣诞乐高积木倒数日历"
"eng_Latn","clarins advent calendar 2025","娇韵诗2025年圣诞倒数日历"
"eng_Latn","clash royale advent calendar","《部落冲突：皇室战争》圣诞倒数日历"
"eng_Latn","colorado avalanche advent calendar","科罗拉多雪崩倒数日历"
"eng_Latn","cookies advent calendar 2025","2025年饼干圣诞倒数日历"
"eng_Latn","coppenrath advent calendar","科彭拉斯圣诞倒数日历"
"eng_Latn","cvs beauty advent calendar","CVS美容日历"
"eng_Latn","dairy milk advent calendar","牛奶降临日历"
"eng_Latn","deadpool advent calendar 2025","2025年死侍主题日历"
"eng_Latn","disney advent calendar puzzle","迪士尼圣诞倒数拼图"
"eng_Latn","disney charm advent calendar 2025","2025年迪士尼魅力圣诞倒数日历"
"eng_Latn","disney jewelry advent calendar","迪士尼珠宝圣诞倒数日历"
"eng_Latn","dog themed advent calendar 2025","2025年狗狗主题的倒数日历"
"eng_Latn","e.l.f advent calendar","e.l.f 圣诞倒数日历"
"eng_Latn","empty advent calendar kit","空圣诞倒数日历套装"
"eng_Latn","extra large wooden advent calendar","超大木制圣诞倒数日历"
"eng_Latn","felt christmas advent calendar","毛绒圣诞倒数日历"
"eng_Latn","fishing advent calendar 2025 saltwater","2025年海水钓鱼日历"
"eng_Latn","funko pop christmas advent calendar","Funko Pop圣诞倒数日历"
"eng_Latn","gemstones advent calendar","宝石日历"
"eng_Latn","geography advent calendar","地理主题的圣诞倒数日历"
"eng_Latn","ghostbusters advent calendar","捉鬼敢死队倒数日历"
"eng_Latn","giraffe advent calendar","长颈鹿主题的倒数日历"
"eng_Latn","girls make up advent calendar","女孩们制作了圣诞倒数日历"
"eng_Latn","glass ornament advent calendar","玻璃装饰品圣诞倒数日历"
"eng_Latn","gold jewelry advent calendar for women","女士黄金珠宝圣诞倒数日历"
"eng_Latn","golf advent calendar for boys","男孩高尔夫球历"
"eng_Latn","halo advent calendar 2025","2025年Halo降临日历"
"eng_Latn","hot cocoa advent calendar 24 days","热可可24天倒数日历"
"eng_Latn","iron maiden advent calendar 2025","2025年铁娘子圣诞倒数日历"
"eng_Latn","italian brain rot advent calendar 2025","2025年意大利脑腐日历"
"eng_Latn","jjk advent calendar","jjk 倒数日历"
"eng_Latn","k-cup advent calendar","k-cup 圣诞倒数日历"
"eng_Latn","key chain advent calendar 2025","2025年钥匙扣式倒数日历"
"eng_Latn","kid makeup advent calendar 2025","2025年儿童化妆日历"
"eng_Latn","kiko advent calendar","kiko 圣诞倒数日历"
"eng_Latn","kitchen advent calendar","厨房节日日历"
"eng_Latn","large gnome advent calendar 2025","2025年大型侏儒历险日历"
"eng_Latn","lego advent calendar 2025 girls","乐高2025年女孩款圣诞倒数日历"
"eng_Latn","lego advent calendar flowers 2025","乐高2025年花朵主题圣诞倒数日历"
"eng_Latn","lego advent flower calendar","乐高圣诞花历"
"eng_Latn","lip liner advent calendar","唇线笔倒数日历"
"eng_Latn","llama advent calendar","骆驼主题的倒数日历"
"eng_Latn","magic the gathering advent calendar 2022","《魔法：集结》2022年降临日历"
"eng_Latn","make up advent calendar 2025 kids","2025年儿童化妆日历"
"eng_Latn","manger advent calendar 2025","2025年马槽降临日历"
"eng_Latn","manly advent calendar","男士款圣诞倒数日历"
"eng_Latn","merry christmas advent calendar","圣诞倒计时日历"
"eng_Latn","mini brand books advent calendar","迷你品牌书籍圣诞倒数日历"
"eng_Latn","mini fragrance advent calendar","迷你香氛日历"
"eng_Latn","mini monster jam advent calendar 2025","2025年迷你怪物果酱日历"
"eng_Latn","miss rachel advent calendar 2025","2025年瑞秋小姐倒数日历"
"eng_Latn","music lovers advent calendar 2025","2025年音乐爱好者倒数日历"
"eng_Latn","my melody advent calendar 2025","我的旋律2025年降临日历"
"eng_Latn","national lampoon advent calendar 2025","2025年国家讽刺历"
"eng_Latn","nativity advent calendar puzzle","耶稣诞生倒计时拼图"
"eng_Latn","neto advent calendar","Neto 圣诞倒数日历"
"eng_Latn","polar express advent calendar 2025","2025年极地特快圣诞倒数日历"
"eng_Latn","pop demon hunters advent calendar","流行恶魔猎人降临日历"
"eng_Latn","premium advent calendar","高级圣诞倒数日历"
"eng_Latn","pretzel advent calendar","椒盐脆饼圣诞倒数日历"
"eng_Latn","ramadan advent calendar","斋月倒数日历"
"eng_Latn","rc car advent calendar","遥控车历险日历"
"eng_Latn","rock music advent calendar 2025","2025年摇滚音乐降临日历"
"eng_Latn","runners advent calendar","跑步者倒数日历"
"eng_Latn","sanrio christmas advent calendar","三丽鸥圣诞倒数日历"
"eng_Latn","savory advent calendar","美味历"
"eng_Latn","sephora collection advent calendar","丝芙兰系列圣诞倒数日历"
"eng_Latn","sexy adult advent calendar 2025","2025年性感成人日历"
"eng_Latn","snowflake and the missing christmas lights advent calendar tonie","雪花和失踪的圣诞灯饰降临日历托尼"
"eng_Latn","soap advent calendar 2025","2025年肥皂日历"
"eng_Latn","soccer advent calendar 2025 kids","2025年足球主题儿童日历"
"eng_Latn","soccer cards advent calendar 2025","2025年足球卡日历"
"eng_Latn","sonic the hedgehog advent calendar 2025","2025年刺猬索尼克主题的倒数日历"
"eng_Latn","soup advent calendar 2025","2025年汤品日历"
"eng_Latn","spellbinders advent calendar 2025","2025年拼图日历"
"eng_Latn","squirrel advent calendar 2025","2025年松鼠主题圣诞倒数日历"
"eng_Latn","stitch advent calendar￼","针织圣诞倒数日历"
"eng_Latn","stranger things advent calendar 2026","2026年《怪奇物语》圣诞倒数日历"
"eng_Latn","teen boy advent calendar 2025 candy","2025年青少年男孩糖果圣诞倒数日历"
"eng_Latn","toddler girls advent calendar","幼儿女孩圣诞倒数日历"
"eng_Latn","tony s chocolate advent calendar","托尼的巧克力圣诞倒数日历"
"eng_Latn","vermont chocolate advent calendar 2025","2025年佛蒙特巧克力倒数日历"
"eng_Latn","walking dead advent calendar 2025","2025年行尸走肉倒数日历"
"eng_Latn","whiskey smoker advent calendar","威士忌烟熏器倒数日历"
"eng_Latn","womens sock advent calendar 2025","2025年女士袜子倒数日历"
"eng_Latn","wood advent calendar 2025","2025年木质圣诞倒数日历"
"eng_Latn","wooden advent calendar refillable","可再填充木质圣诞倒数日历"
"eng_Latn","“advent calendar”","“圣诞倒数日历”"
"eng_Latn","advent calendars 2025 wicked","2025年wicked主题的圣诞倒数日历"
"eng_Latn","advent calendars 25 days","25天圣诞倒数日历"
"eng_Latn","advent calendars ducks","鸭子主题的圣诞倒数日历"
"eng_Latn","advent calendars fidget toys","圣诞倒数日历减压玩具"
"eng_Latn","advent calendars fnaf","《玩具熊的五夜后宫》降临日历"
"eng_Latn","advent calendars for foodies","美食爱好者的降临日历"
"eng_Latn","advent calendars lps","降临日历（LPS）"
"eng_Latn","advent calendars pokemon 2025","2025年宝可梦降临日历"
"eng_Latn","advent calendars toddlers","幼儿用的圣诞倒数日历"
"eng_Latn","advent calendars under 20","20美元以下的圣诞倒数日历"
"eng_Latn","advent calendars ￼￼","圣诞倒数日历"
"eng_Latn","advent calendars'","“advent calendars”的中文翻译为“降临日历”"
"eng_Latn","barbie advent calendars","芭比圣诞倒数日历"
"eng_Latn","childrens advent calendars","儿童圣诞倒数日历"
"eng_Latn","christmas advent calendars puzzle","圣诞倒计时拼图日历"
"eng_Latn","christmas advent calendars skincare","圣诞倒数日历护肤品"
"eng_Latn","cocktail advent calendars","鸡尾酒主题的日历"
"eng_Latn","cologne advent calendars","古龙水降临日历"
"eng_Latn","national geographic advent calendars","国家地理历险日历"
"eng_Latn","religious advent calendars 2025","2025年宗教降临日历"
"eng_Latn","anime avent calendar 2025","2025年动漫冒险日历"
"eng_Latn","squishy avent calendar","软糯的冒险日历"
"eng_Latn","12 day advent calendar boys","12天男孩圣诞倒数日历"
"eng_Latn","2025 fishing advent calendar","2025年钓鱼日历"
"eng_Latn","2025 lego city advent calendar","2025年乐高城市系列倒数日历"
"eng_Latn","24 day beauty advent calendar 2025","2025年24天美丽倒数日历"
"eng_Latn","24 day snack advent calendar","24天零食圣诞倒数日历"
"eng_Latn","3d printed animals advent calendar 2025","2025年3D打印动物主题日历"
"eng_Latn","9 year old boy advent calendar","9岁男孩的圣诞倒数日历"
"eng_Latn","adult book advent calendar 2025","2025年成人书籍圣诞倒数日历"
"eng_Latn","adult male advent calendar","成年男性圣诞倒数日历"
"eng_Latn","advent beauty calendar 2025 ulta","2025年ULTA圣诞美丽日历"
"eng_Latn","advent book calendar kids","儿童降临日历书"
"eng_Latn","advent calendar 2025 broadway","2025年百老汇圣诞倒数日历"
"eng_Latn","advent calendar 2025 christmas ornaments","2025年圣诞装饰品倒数日历"
"eng_Latn","advent calendar 2025 coffee pods keurig","2025年圣诞倒数日历 咖啡胶囊 Keurig"
"eng_Latn","advent calendar 2025 cows","2025年奶牛主题的倒数日历"
"eng_Latn","advent calendar 2025 for girls 4 years old","2025年4岁女孩专用圣诞倒数日历"
"eng_Latn","advent calendar 2025 husband","2025年丈夫降临日历"
"eng_Latn","advent calendar 2025 kids boys fishing","2025年圣诞倒数日历，儿童男孩钓鱼款"
"eng_Latn","advent calendar 2025 lego christmas","2025年乐高圣诞倒数日历"
"eng_Latn","advent calendar 2025 sol de janeiro","2025年1月1日倒数日历"
"eng_Latn","advent calendar 2025 vegan","2025年素食主义降临日历"
"eng_Latn","advent calendar 2025 victoria secret","2025年维多利亚的秘密圣诞倒数日历"
"eng_Latn","advent calendar adults 2025","2025年成人版圣诞倒数日历"
"eng_Latn","advent calendar bath bombs","日历式沐浴球"
"eng_Latn","advent calendar bath toys","圣诞倒数日历沐浴玩具"
"eng_Latn","advent calendar christmas coloring book","圣诞倒数日历涂色本"
"eng_Latn","advent calendar coffee lovers","咖啡爱好者倒数日历"
"eng_Latn","advent calendar dad jokes","圣诞倒数日历上的爸爸笑话"
"eng_Latn","advent calendar doll","圣诞倒数日历玩偶"
"eng_Latn","advent calendar farm","农场主题的倒数日历"
"eng_Latn","advent calendar for 17 year old boy","17岁男孩的降临日历"
"eng_Latn","advent calendar for boys age 2","2岁男孩的圣诞倒数日历"
"eng_Latn","advent calendar for boys fortnite","《堡垒之夜》男孩款圣诞倒数日历"
"eng_Latn","advent calendar for boys teen","男孩青少年倒数日历"
"eng_Latn","advent calendar for dog lovers","爱狗人士的圣诞倒数日历"
"eng_Latn","advent calendar for elementary kids","小学生圣诞倒数日历"
"eng_Latn","advent calendar for family 2025","2025年家庭用圣诞倒数日历"
"eng_Latn","advent calendar for girls slime","女孩黏液主题的倒数日历"
"eng_Latn","advent calendar for kids￼","儿童降临日历"
"eng_Latn","advent calendar for nails","美甲日历"
"eng_Latn","advent calendar for young adult women","年轻成年女性的圣诞倒数日历"
"eng_Latn","advent calendar gift","圣诞日历礼物"
"eng_Latn","advent calendar storybook","圣诞倒数日历故事书"
"eng_Latn","advent calendar teens 2025","2025年青少年降临日历"
"eng_Latn","advent candy calendar for kids","儿童节日糖果日历"
"eng_Latn","advent makeup calendar for girls","女孩们的圣诞化妆日历"
"eng_Latn","advent tree calendar","降临树日历"
"eng_Latn","advent. calendar","来临。"
"eng_Latn","angel advent calendar","天使降临日历"
"eng_Latn","animal ornament advent calendar","动物装饰品倒数日历"
"eng_Latn","baby advent calendar 1 year","1岁婴儿圣诞倒数日历"
"eng_Latn","baby first advent calendar","宝宝第一本圣诞倒数日历"
"eng_Latn","bath and body work advent calendar","沐浴和身体护理日历"
"eng_Latn","bbq sauce advent calendar","烧烤酱日历"
"eng_Latn","beatles nail advent calendar","披头士指甲倒刺日历"
"eng_Latn","beetles nail advent calendar 2025","2025年甲虫指甲倒计时日历"
"eng_Latn","belif advent calendar","信仰降临日历"
"eng_Latn","blues clues advent calendar","蓝色线索圣诞倒数日历"
"eng_Latn","bocces bakery advent calendar","博克斯烘焙店圣诞倒数日历"
"eng_Latn","boho advent calendar","波西米亚风格圣诞倒数日历"
"eng_Latn","brain rot christmas advent calendar","脑腐圣诞倒数日历"
"eng_Latn","bucilla advent calendar","小盒式日历"
"eng_Latn","buildable advent calendar 2025","2025年可搭建式圣诞倒数日历"
"eng_Latn","cat figurine advent calendar","猫咪雕像式倒数日历"
"eng_Latn","chainsaw man advent calendar","电锯人主题的倒数日历"
"eng_Latn","christmas advent calendar 2025 adults legos","2025年圣诞倒数日历成人乐高玩具"
"eng_Latn","christmas advent calendar chocolates","圣诞倒数日历巧克力"
"eng_Latn","christmas advent calendar empty","圣诞倒数日历已空"
"eng_Latn","christmas tree ornament advent calendar 2025","2025年圣诞树装饰品倒数日历"
"eng_Latn","coffee advent calendar 2025 nespresso","2025年雀巢咖啡胶囊机圣诞倒数日历"
"eng_Latn","croc charm advent calendar","鳄鱼魅力倒数日历"
"eng_Latn","crystal advent calendar 2025 for kids","2025年儿童水晶圣诞倒数日历"
"eng_Latn","decor advent calendar","装饰品圣诞倒数日历"
"eng_Latn","dewalt advent calendar","德瓦尔特圣诞倒数日历"
"eng_Latn","disney chocolate advent calendar 2025","2025年迪士尼巧克力倒数日历"
"eng_Latn","disney pixar cars advent calendar","迪士尼皮克斯汽车系列倒数日历"
"eng_Latn","dog advent calendar for kids","儿童狗狗主题的倒数日历"
"eng_Latn","dr who advent calendar 2025","《神秘博士》2025年圣诞倒数日历"
"eng_Latn","e.l.f advent calendar 2025","2025年e.l.f圣诞倒数日历"
"eng_Latn","electronic games advent calendar","电子游戏降临日历"
"eng_Latn","elf advent calendar￼","精灵降临日历"
"eng_Latn","elf sleigh the holidays 24-day beauty and skincare advent calendar","“精灵雪橇”假日24天美容护肤日历"
"eng_Latn","empty advent calendar 12 days","空白的12天圣诞倒数日历"
"eng_Latn","faith glow advent calendar","信仰之光圣诞倒数日历"
"eng_Latn","farming advent calendar 2025","2025年农业主题圣诞倒数日历"
"eng_Latn","fidget advent calendar 2025 boys","2025年男孩款减压日历"
"eng_Latn","fidget advent calendar for teen boys","青少年男孩减压日历"
"eng_Latn","fidget spinner advent calendar 2025","2025年指尖陀螺圣诞倒数日历"
"eng_Latn","fillable advent calendar cardboard","可填写的圣诞节倒数日历纸板"
"eng_Latn","fragrance advent calendar men","男士香水倒数日历"
"eng_Latn","funko pop star wars advent calendar 2025","Funko Pop 星球大战 2025 年历"
"eng_Latn","gabby cat advent calendar 2025","2025年《gabby cat》圣诞倒数日历"
"eng_Latn","ghibli advent calendar 2025","2025年吉卜力圣诞倒数日历"
"eng_Latn","green tea advent calendar 2025","2025年绿茶倒数日历"
"eng_Latn","guitar pic advent calendar 2025","2025年吉他画作圣诞倒数日历"
"eng_Latn","hair clip advent calendar","发夹日历"
"eng_Latn","hippo advent calendar","河马主题的倒数日历"
"eng_Latn","hunger games advent calendar","饥饿游戏倒计时日历"
"eng_Latn","irish whiskey advent calendar 2025","2025年爱尔兰威士忌倒数日历"
"eng_Latn","jaws advent calendar 2025","2025年《侏罗纪世界》倒计时日历"
"eng_Latn","jibbitz advent calendar 2025","2025年jibbitz圣诞倒数日历"
"eng_Latn","kid christmas advent calendar 2025","2025年儿童圣诞倒数日历"
"eng_Latn","kids art advent calendar","儿童艺术日历"
"eng_Latn","lavender advent calendar","薰衣草香氛圣诞倒数日历"
"eng_Latn","lego marvel avengers advent calendar 2025","乐高漫威复仇者联盟2025年倒数日历"
"eng_Latn","legos advent calendar 2025 for boys","2025年乐高男孩版圣诞倒数日历"
"eng_Latn","lion king advent calendar","狮子王主题的倒数日历"
"eng_Latn","little boys advent calendar","小男孩的圣诞倒数日历"
"eng_Latn","little girls makeup advent calendar 2025","2025年小女孩化妆日历"
"eng_Latn","lol dolls advent calendar","洛尔娃娃圣诞倒数日历"
"eng_Latn","lovepop advent calendar 2025","2025年lovepop圣诞倒数日历"
"eng_Latn","maltesers advent calendar","麦提莎巧克力倒数日历"
"eng_Latn","mascara advent calendar","睫毛膏圣诞倒数日历"
"eng_Latn","melissa and doug christmas advent calendar","梅利莎和道格圣诞倒数日历"
"eng_Latn","mens fragrance advent calendar 2025","2025年男士香水圣诞倒数日历"
"eng_Latn","mens skincare advent calendar","男士护肤日历"
"eng_Latn","michigan advent calendar","密歇根圣诞倒数日历"
"eng_Latn","milk bone advent calendar for dogs","狗狗奶骨历险日历"
"eng_Latn","minecraft chocolate advent calendar","《我的世界》巧克力圣诞倒数日历"
"eng_Latn","mini blocks advent calendar","迷你积木式圣诞倒数日历"
"eng_Latn","mini book ornament advent calendar 2025","2025年迷你书饰圣诞倒数日历"
"eng_Latn","mini food advent calendar","迷你食品日历"
"eng_Latn","minnesota vikings advent calendar 2025","明尼苏达维京人队2025年圣诞倒数日历"
"eng_Latn","monster high advent calendar 2025","2025年怪物高校倒数日历"
"eng_Latn","mr beast lab advent calendar 2025","Mr. Beast实验室2025年圣诞倒数日历"
"eng_Latn","new yorker puzzle advent calendar","《纽约客》拼图日历"
"eng_Latn","number blocks advent calendar","数字积木式圣诞倒数日历"
"eng_Latn","pagan advent calendar","异教徒的降临日历"
"eng_Latn","pink advent calendar empty","粉色的圣诞倒数日历是空的"
"eng_Latn","pokemon holiday advent calendar","《宝可梦假日历》"
"fra_Latn","pokémon card advent calendar 2025","2025年宝可梦卡片日历"
"fra_Latn","pokémon holiday advent calendar","《宝可梦假日历》"
"eng_Latn","pop it advent calendar","弹出式圣诞倒数日历"
"eng_Latn","saker advent calendar","猎隼降临日历"
"eng_Latn","skin care advent calendar 2025 teen girls","2025年青少年女孩护肤日历"
"eng_Latn","spanish advent calendar","西班牙语圣诞倒数日历"
"eng_Latn","stardew valley advent calendar","《星露谷物语》圣诞倒数日历"
"eng_Latn","swiftie advent calendar","斯威夫特粉丝日历"
"eng_Latn","tea bags advent calendar","茶包倒数日历"
"eng_Latn","teen advent calendar fillers","青少年冒险日历填充物"
"eng_Latn","tequila advent calendar 2025 for adults","2025年成人龙舌兰酒圣诞倒数日历"
"eng_Latn","themed advent calendar","主题式圣诞倒数日历"
"eng_Latn","tim burton advent calendar","蒂姆·伯顿的圣诞倒数日历"
"eng_Latn","tonie advent calendar","托尼圣诞倒数日历"
"eng_Latn","tony chocolate advent calendar 2025","2025年托尼巧克力倒数日历"
"eng_Latn","trinkets for advent calendar","圣诞倒数日历小饰品"
"eng_Latn","trout fishing advent calendar 2025","2025年钓鳟鱼日历"
"eng_Latn","tween beauty advent calendar 2025","2025年美丽之间圣诞倒数日历"
"eng_Latn","twining tea advent calendar","缠绕式茶礼日历"
"eng_Latn","ulta makeup advent calendar","ulta化妆日历"
"eng_Latn","ulta mini brand advent calendar","ulta mini 品牌圣诞倒数日历"
"eng_Latn","victorian advent calendar","维多利亚时代的圣诞倒数日历"
"eng_Latn","womens makeup advent calendar","女士化妆品圣诞倒数日历"
"eng_Latn","women’s advent calendar","女士圣诞倒数日历"
"eng_Latn","wooden village advent calendar","木质村庄主题的倒数日历"
"eng_Latn","woodland advent calendar","林地主题的倒数日历"
"eng_Latn","wwe wrestling advent calendar 2025","2025年WWE摔跤日历"
"eng_Latn","young men advent calendar 2025","2025年青年男子降临日历"
"eng_Latn","24 day advent calendars","24天圣诞倒数日历"
"eng_Latn","advent beauty calendars 2025","2025年圣诞美丽日历"
"eng_Latn","advent calendars 12 days","12天圣诞倒数日历"
"eng_Latn","advent calendars christmas adults","圣诞成人日历"
"eng_Latn","advent calendars family","家庭版圣诞倒数日历"
"eng_Latn","advent calendars for 3 year olds","为3岁儿童准备的圣诞倒数日历"
"eng_Latn","advent calendars for 9 year old boys","9岁男孩的降临日历"
"eng_Latn","advent calendars for girls 2025","2025年女孩款圣诞倒数日历"
"eng_Latn","advent calendars jerky","圣诞日历肉干"
"eng_Latn","advent calendars lego friends","乐高朋友系列圣诞倒数日历"
"eng_Latn","advent calendars makeup elf","圣诞倒数日历化妆精灵"
"eng_Latn","advent calendars mystery","神秘降临日历"
"eng_Latn","advent calendars on sale","圣诞倒数日历促销中"
"eng_Latn","advent calendars one piece","《海贼王》主题的降临日历"
"eng_Latn","advent calendars sonic","索尼克主题的降临日历"
"eng_Latn","beauty care advent calendars","美容护肤日历"
"eng_Latn","bird advent calendars","鸟类主题的日历"
"eng_Latn","cadbury advent calendars","吉百利圣诞倒数日历"
"eng_Latn","catholic advent calendars 2025","2025年天主教圣诞节日历"
"eng_Latn","christmas advent calendars coffee","圣诞倒数日历咖啡"
"eng_Latn","crystal advent calendars","水晶圣诞日历"
"eng_Latn","dog advent calendars 2025","2025年狗狗主题的日历"
"eng_Latn","gnome advent calendars","侏儒历险日历"
"eng_Latn","liquor advent calendars 2025","2025年酒类节日日历"
"eng_Latn","make up advent calendars 2025","制作2025年圣诞倒数日历"
"eng_Latn","movie themed advent calendars","电影主题的圣诞倒数日历"
"eng_Latn","popular advent calendars","受欢迎的圣诞倒数日历"
"eng_Latn","taylor swift advent calendars","泰勒·斯威夫特圣诞倒数日历"
"eng_Latn","toy advent calendars for girls","女孩玩具圣诞日历"
"eng_Latn","unique christmas advent calendars","独特的圣诞倒数日历"
"eng_Latn","vintage christmas advent calendars","复古圣诞倒数日历"
"eng_Latn","avent calendar for women","女性活动日历"
"eng_Latn","guitar avent calendar","吉他冒险日历"
"eng_Latn","christmas countdown calendar kids","儿童圣诞倒计时日历"
"eng_Latn","wedding countdown calendar","婚礼倒计时日历"
"eng_Latn","xmas countdown calendar","圣诞倒计时日历"
"eng_Latn","12 day advent calendar for boys","男孩专用12天圣诞倒数日历"
"eng_Latn","12 day fishing advent calendar","12天钓鱼日历"
"eng_Latn","12 day of beauty advent calendar","12天美丽降临日历"
"eng_Latn","2025 boys advent calendar","2025男孩款圣诞倒数日历"
"eng_Latn","2025 football advent calendar","2025年足球主题圣诞倒数日历"
"eng_Latn","2025 hotwheels advent calendar","2025年风火轮（Hotwheels）圣诞倒数日历"
"eng_Latn","24 days of whiskey advent calendar","24天威士忌日历"
"eng_Latn","25 day advent calendar for women","女性25天倒数日历"
"eng_Latn","3d printer advent calendar 2025","2025年3D打印机圣诞倒数日历"
"eng_Latn","adhd advent calendar","注意力缺陷多动症（ADHD）倒数日历"
"eng_Latn","advent alcohol calendar","圣诞酒精日历"
"eng_Latn","advent calendar 2025 bible","2025年圣经降临日历"
"eng_Latn","advent calendar 2025 cookie","2025年圣诞倒数日历饼干"
"eng_Latn","advent calendar 2025 dragon ball","2025年龙珠降临日历"
"eng_Latn","advent calendar 2025 fallout","2025年降临日历：辐射"
"eng_Latn","advent calendar 2025 for baby","2025年宝宝降临日历"
"eng_Latn","advent calendar 2025 for kids boys","2025年儿童男孩圣诞倒数日历"
"eng_Latn","advent calendar 2025 for teen girl","2025年少女款圣诞倒数日历"
"eng_Latn","advent calendar 2025 gaming","2025年游戏主题的降临日历"
"eng_Latn","advent calendar 2025 glow recipe","2025年倒数日历发光食谱"
"eng_Latn","advent calendar 2025 gummy","2025年软糖主题的降临日历"
"eng_Latn","advent calendar 2025 loreal","欧莱雅2025年圣诞倒数日历"
"eng_Latn","advent calendar 2025 teen girls sephora fav","2025年丝芙兰少女款圣诞倒数日历"
"eng_Latn","advent calendar 24","24格日历"
"eng_Latn","advent calendar beads","圣诞倒数日历珠链"
"eng_Latn","advent calendar broadway","百老汇圣诞倒数日历"
"eng_Latn","advent calendar building blocks for kids","儿童用的倒数日历积木"
"eng_Latn","advent calendar bulk","批量装圣诞日历"
"eng_Latn","advent calendar chocolate kinder","圣诞倒数日历巧克力（Kinder品牌）"
"eng_Latn","advent calendar christmas village","圣诞倒数日历圣诞村"
"eng_Latn","advent calendar dog toys","圣诞倒数日历狗狗玩具"
"eng_Latn","advent calendar essence","圣诞倒数日历精华"
"eng_Latn","advent calendar fish","倒计时日历鱼"
"eng_Latn","advent calendar food adult","成人食品倒数日历"
"eng_Latn","advent calendar for 18 year old boy","18岁男孩的圣诞倒数日历"
"eng_Latn","advent calendar for adult daughter","为成年的女儿准备的圣诞倒数日历"
"eng_Latn","advent calendar for adults snacks","成人零食圣诞倒数日历"
"eng_Latn","advent calendar for cats treats","猫咪零食的降临日历"
"eng_Latn","advent calendar for chefs","厨师的倒数日历"
"eng_Latn","advent calendar for girls 2 year old","2岁女孩的圣诞倒数日历"
"eng_Latn","advent calendar for kids 6-8","6-8岁儿童用的圣诞倒数日历"
"eng_Latn","advent calendar for skincare","护肤日历"
"eng_Latn","advent calendar formula 1","一级方程式赛车倒计时日历"
"eng_Latn","advent calendar funny adult","圣诞倒数日历，趣味成人用品"
"eng_Latn","advent calendar gift bags","圣诞倒数日历礼品袋"
"eng_Latn","advent calendar marvel 2025","2025年漫威降临日历"
"eng_Latn","advent calendar marvel lego","漫威乐高降临日历"
"eng_Latn","advent calendar mickey","米奇主题的倒计时日历"
"eng_Latn","advent calendar painting","圣诞倒数日历画"
"eng_Latn","advent calendar stuffers for kids","儿童圣诞倒数日历小礼品"
"eng_Latn","advent calendar tarot","圣诞倒数日历塔罗牌"
"eng_Latn","advent calendar wine 2025","2025年葡萄酒倒数日历"
"eng_Latn","advent calendar with hot chocolate","带有热巧克力的圣诞倒数日历"
"eng_Latn","advent calendar woman 2025","2025年女性降临日历"
"eng_Latn","advent cheese calendar 2025","2025年圣诞奶酪日历"
"eng_Latn","advent escape room calendar 2025","2025年密室逃脱日历"
"eng_Latn","alien advent calendar 2025","2025年外星人降临日历"
"eng_Latn","attack on titan advent calendar","《进击的巨人》倒计时日历"
"eng_Latn","baby jesus advent calendar 2025","2025年耶稣降临日历"
"eng_Latn","baking advent calendar 2025 adult","2025年烘焙日历（成人版）"
"eng_Latn","beauty advent calendar 2025 24 days","2025年美丽倒数日历，24天"
"eng_Latn","beauty makeup advent calendar","美妆日历"
"eng_Latn","beauty product advent calendar 2025","2025年美容产品倒数日历"
"eng_Latn","best advent calendar candy","最佳圣诞倒数日历糖果"
"eng_Latn","best advent calendar for men","男士最佳圣诞倒数日历"
"eng_Latn","beyblade advent calendar 2025","2025年陀螺历险日历"
"eng_Latn","bible advent calendar for kids","儿童圣经降临日历"
"eng_Latn","bluey awesome advent calendar book bundle","《Bluey》超棒的圣诞倒数日历书套装"
"eng_Latn","buffalo trace advent calendar with alcohol","含酒精的野牛踪迹倒数日历"
"eng_Latn","buffalo trace bourbon whiskey advent calendar","水牛足迹波本威士忌倒数日历"
"eng_Latn","building brick advent calendar","积木式砖块圣诞倒数日历"
"eng_Latn","candy advent calendar for adults","成人糖果日历"
"eng_Latn","charms advent calendar","魅力降临日历"
"eng_Latn","chocolate advent calendar 2024","2024年巧克力倒数日历"
"eng_Latn","chocolate christmas advent calendar 2025","2025年巧克力圣诞倒数日历"
"eng_Latn","christmas advent calendar 2025 lego","2025年乐高圣诞倒数日历"
"eng_Latn","christmas calendar advent kids","圣诞日历降临节儿童"
"eng_Latn","coca cola advent calendar","可口可乐圣诞倒数日历"
"eng_Latn","college boy advent calendar 2025","2025年大学生圣诞倒数日历"
"eng_Latn","comic book advent calendar","漫画书圣诞倒数日历"
"eng_Latn","country advent calendar","乡村冒险日历"
"eng_Latn","crocs advent calendar 2025","2025年鳄鱼牌倒数日历"
"eng_Latn","decaf tea advent calendar","无咖啡因茶日历"
"eng_Latn","dental advent calendar","牙科用品倒数日历"
"eng_Latn","diamond dotz advent calendar","钻石点珠圣诞倒数日历"
"eng_Latn","do it yourself advent calendar kit","自己动手制作的圣诞倒数日历套件"
"eng_Latn","dove advent calendar 2025","2025年多芬圣诞倒数日历"
"eng_Latn","elf 24 day advent calendar 2025","2025年精灵24天倒数日历"
"eng_Latn","elf make up advent calendar 2025","2025年精灵化妆日历"
"eng_Latn","emo advent calendar 2025","2025年Emo主题圣诞倒数日历"
"eng_Latn","empty diy advent calendar","空白的DIY圣诞倒数日历"
"eng_Latn","eyeshadow advent calendar","眼影倒数日历"
"eng_Latn","fidgets advent calendar 2025","2025年小玩意儿圣诞倒数日历"
"eng_Latn","fisher price advent calendar 2025 little people","费雪牌2025年小矮人圣诞倒数日历"
"eng_Latn","funko pop advent calendar pokemon","Funko Pop 宝可梦圣诞倒数日历"
"eng_Latn","harry potter socks advent calendar","哈利·波特主题袜子倒数日历"
"eng_Latn","holiday beauty advent calendar","假日美丽倒数日历"
"eng_Latn","horror christmas advent calendar 2025","2025年恐怖圣诞倒数日历"
"eng_Latn","jujutsu kaisen advent calendar 2025","《柔术凯森2025年圣诞倒数日历》"
"eng_Latn","kids 2025 advent calendar","2025年儿童降临日历"
"eng_Latn","kids advent calendar books","儿童圣诞倒数日历书"
"eng_Latn","kids advent calendar stuffers","儿童圣诞倒数日历小礼物"
"eng_Latn","kids ornament advent calendar 2025","2025年儿童装饰品圣诞倒数日历"
"eng_Latn","kisses advent calendar","亲吻倒数日历"
"eng_Latn","kiwi crate advent calendar","奇异果礼盒圣诞倒数日历"
"eng_Latn","koala advent calendar","考拉主题的圣诞倒数日历"
"eng_Latn","korean makeup advent calendar","韩式彩妆日历"
"eng_Latn","lego advent calendar adult","乐高成人版圣诞倒数日历"
"eng_Latn","lego botanical advent calendar 2025","乐高2025年植物历险日历"
"eng_Latn","lego brand advent calendar","乐高品牌圣诞倒数日历"
"eng_Latn","lego friends advent calendar 2024","乐高朋友2024年圣诞倒数日历"
"eng_Latn","lenox advent calendar","莱诺克斯圣诞倒数日历"
"eng_Latn","lindt holiday teddy bear advent calendar assorted chocolate candy","瑞士莲假日泰迪熊倒数日历装什锦巧克力糖果"
"eng_Latn","lipstick advent calendar","口红倒数日历"
"eng_Latn","lollipop advent calendar","棒棒糖式圣诞倒数日历"
"eng_Latn","love pop advent calendar 2025","2025年流行爱情日历"
"eng_Latn","macys advent calendar 2025","梅西百货2025年圣诞倒数日历"
"eng_Latn","makeup and skincare advent calendar 2025","2025年美妆护肤日历"
"eng_Latn","melissa and doug advent calendar 2025","2025年梅利莎和道格圣诞倒数日历"
"eng_Latn","mini brands 2025 advent calendar","迷你品牌2025年圣诞倒数日历"
"eng_Latn","mini verse christmas advent calendar","迷你诗篇圣诞倒数日历"
"eng_Latn","moonshine advent calendar","月光降临日历"
"eng_Latn","muppets christmas carol advent calendar","布偶圣诞颂歌倒数日历"
"eng_Latn","my world advent calendar 2025","我的2025年世界历险日历"
"eng_Latn","mystery game advent calendar 2025","2025年神秘游戏历险日历"
"eng_Latn","nail polish advent calendar for teen girls","少女指甲油圣诞倒数日历"
"eng_Latn","nativity advent calendar drawers","圣诞倒数日历抽屉"
"eng_Latn","nee doh advent calendar 2025 adult","nee doh 2025年成人版圣诞倒数日历"
"eng_Latn","neutrogena advent calendar","露得清（Neutrogena）圣诞倒数日历"
"eng_Latn","new york advent calendar","纽约圣诞倒数日历"
"eng_Latn","peanuts snoopy advent calendar","花生史努比日历"
"eng_Latn","pixi advent calendar","pixi 圣诞倒数日历"
"eng_Latn","playmobil advent calendar -","摩比世界圣诞倒数日历 -"
"eng_Latn","potion advent calendar 2025","2025年魔药降临日历"
"eng_Latn","potty advent calendar for toddlers","幼儿便盆式圣诞倒数日历"
"eng_Latn","prank advent calendar","恶作剧式倒数日历"
"eng_Latn","premier league advent calendar","英超联赛倒数日历"
"eng_Latn","preteen boys advent calendar","青春期前男孩的圣诞倒数日历"
"eng_Latn","reptile advent calendar 2025","2025年爬行动物主题倒数日历"
"eng_Latn","reusable dog advent calendar","可重复使用的狗狗日历"
"eng_Latn","rock legends advent calendar","摇滚传奇降临日历"
"eng_Latn","romance novel advent calendar","浪漫小说圣诞倒数日历"
"eng_Latn","sauce advent calendar","酱料倒数日历"
"eng_Latn","schleich advent calendar 2025 horse club","2025年施莱希马术俱乐部圣诞倒数日历"
"eng_Latn","slime advent calendar for boys","男孩专用黏液冒险日历"
"eng_Latn","sports advent calendar for men","男士运动主题日历"
"eng_Latn","squishmallow christmas advent calendar","软糯豆豆人圣诞倒数日历"
"eng_Latn","squishmas advent calendar","“squishmas”圣诞倒数日历"
"eng_Latn","star war advent calendar 2025","2025年星球大战主题日历"
"eng_Latn","star wars advent calendar lego","乐高星球大战倒数日历"
"eng_Latn","stich advent calendar","针织圣诞倒数日历"
"eng_Latn","stitch advent calendar for adults","成人针织圣诞倒数日历"
"eng_Latn","straw cover advent calendar","稻草人封面倒数日历"
"eng_Latn","sweets advent calendar","糖果降临日历"
"eng_Latn","taylor swift advent calendar￼","泰勒·斯威夫特圣诞倒数日历"
"eng_Latn","teen jewelry advent calendar 2025","2025年青少年珠宝圣诞倒数日历"
"eng_Latn","the jigsaw puzzle advent calendar","拼图游戏式圣诞倒数日历"
"eng_Latn","treat advent calendar","对待降临日历"
"eng_Latn","tween makeup advent calendar","彩妆日历"
"eng_Latn","tween skin care advent calendar","护肤日历"
"eng_Latn","useless facts for smart kids advent calendar","“聪明孩子”的“无用事实”日历"
"eng_Latn","vending machine advent calendar 2025","2025年自动售货机圣诞倒数日历"
"eng_Latn","wooden advent calendar drawers","木质圣诞倒数日历抽屉"
"eng_Latn","yankee advent calendar 2025","2025年扬基队倒数日历"
"eng_Latn","young girl advent calendar","少女圣诞倒数日历"
"eng_Latn","2025 advent calendars for kids","2025年儿童圣诞倒数日历"
"eng_Latn","advent calendars 2025 lego","2025年乐高圣诞倒数日历"
"eng_Latn","advent calendars for 2 year olds","2岁儿童的圣诞倒数日历"
"eng_Latn","advent calendars for 2025","2025年的圣诞倒数日历"
"eng_Latn","advent calendars for kids boys","儿童男孩的降临日历"
"eng_Latn","advent calendars funny","圣诞倒数日历，有趣"
"eng_Latn","advent calendars gabby dollhouse","加布丽埃勒玩具屋的降临日历"
"eng_Latn","advent calendars stuffed animals","圣诞日历毛绒玩具"
"eng_Latn","best advent calendars for teen girls","最适合少女们的圣诞倒数日历"
"eng_Latn","boy advent calendars 2025","2025年男孩款圣诞倒数日历"
"eng_Latn","catholic advent calendars","天主教圣诞倒数日历"
"eng_Latn","funko pop advent calendars 2025","Funko Pop 2025年圣诞倒数日历"
"eng_Latn","hot cocoa advent calendars","热可可降临日历"
"eng_Latn","jewelry advent calendars 2025","2025年珠宝圣诞倒数日历"
"eng_Latn","kinder advent calendars","儿童圣诞日历"
"eng_Latn","lego advent calendars for adults","乐高成人版圣诞倒数日历"
"eng_Latn","lego advent calendars on sale","乐高圣诞倒数日历正在促销"
"eng_Latn","luxury makeup advent calendars","奢华彩妆圣诞倒数日历"
"eng_Latn","old fashioned advent calendars","老式圣诞倒数日历"
"eng_Latn","puzzle advent calendars for adults","成人拼图式日历"
"eng_Latn","scratch off advent calendars","刮刮式圣诞倒数日历"
"eng_Latn","skin care advent calendars 2025","2025年护肤日历"
"eng_Latn","avent calendar 2025 men","2025年男士日历"
"eng_Latn","avent calendar 2025 whiskey","2025年威士忌活动日历"
"eng_Latn","avent calendar kids","儿童活动日历"
"eng_Latn","baseball avent calendar","棒球主题的日历"
"eng_Latn","disney avent calendar","迪士尼冒险日历"
"eng_Latn","glow recipe avent calendar","glow recipe advent日历"
"eng_Latn","fishing countdown calendar","钓鱼倒计时日历"
"eng_Latn","wooden christmas countdown calendar","木质圣诞倒计时日历"
"eng_Latn","12 day chocolate advent calendar","12天巧克力圣诞倒数日历"
"eng_Latn","12 days of glow advent calendar","12天焕彩圣诞倒数日历"
"eng_Latn","3 year old girl advent calendar 2025","2025年3岁女孩圣诞倒数日历"
"eng_Latn","adult advent calendar for couples","情侣款成人圣诞倒数日历"
"eng_Latn","adult christmas advent calendar 2025","2025年成人圣诞倒数日历"
"eng_Latn","adult man advent calendar","成年男士圣诞倒数日历"
"eng_Latn","advent calendar 2025 5 year old girl","2025年圣诞倒数日历，适合5岁女孩"
"eng_Latn","advent calendar 2025 adult women sephora","2025年丝芙兰成年女性圣诞倒数日历"
"eng_Latn","advent calendar 2025 box","2025年倒数日历礼盒"
"eng_Latn","advent calendar 2025 boys age 13","2025年圣诞倒数日历，适合13岁男孩"
"eng_Latn","advent calendar 2025 for 12 year old girls","2025年12岁女孩的圣诞倒数日历"
"eng_Latn","advent calendar 2025 for toddler","2025年幼儿日历"
"eng_Latn","advent calendar 2025 for tweens","2025年青少年倒数日历"
"eng_Latn","advent calendar 2025 lotion","2025年圣诞倒数日历润肤乳"
"eng_Latn","advent calendar 2025 men skincare","2025年男士护肤日历"
"eng_Latn","advent calendar 2025 nintendo","2025年任天堂圣诞倒数日历"
"eng_Latn","advent calendar 2025 nutcracker","2025年胡桃夹子主题的圣诞倒数日历"
"eng_Latn","advent calendar 2025 softball","2025年垒球主题的降临日历"
"eng_Latn","advent calendar 2025 teen girls earrings","2025年圣诞倒数日历少女款耳环"
"eng_Latn","advent calendar 2025 tween girl","2025年少女款圣诞倒数日历"
"eng_Latn","advent calendar 2025 young women","2025年青年女性降临日历"
"eng_Latn","advent calendar around the world","世界各地的圣诞倒数日历"
"eng_Latn","advent calendar calico critters","圣诞倒数日历印花小动物"
"eng_Latn","advent calendar charlie brown","查理·布朗的降临日历"
"eng_Latn","advent calendar coffee beans","倒计时日历咖啡豆"
"eng_Latn","advent calendar coloring book adult","成人版圣诞倒数涂色日历"
"eng_Latn","advent calendar cross stitch","圣诞日历十字绣"
"eng_Latn","advent calendar dinosaur 2025","2025年恐龙主题日历"
"eng_Latn","advent calendar for 8 year-old boys","8岁男孩的圣诞倒数日历"
"eng_Latn","advent calendar for infant girl","女婴降临日历"
"eng_Latn","advent calendar for infants 2025","2025年婴儿降临日历"
"eng_Latn","advent calendar for me","我的圣诞倒数日历"
"eng_Latn","advent calendar for new parents","新手父母必备的待产日历"
"eng_Latn","advent calendar for older teen boys","大男孩的降临日历"
"eng_Latn","advent calendar for teenagers girls","青少年女孩的降临日历"
"eng_Latn","advent calendar for women jewelry","女士珠宝日历"
"eng_Latn","advent calendar goodies","圣诞倒数日历小礼品"
"eng_Latn","advent calendar grandma","圣诞倒数日历，奶奶款"
"eng_Latn","advent calendar history","圣诞倒数日历的历史"
"eng_Latn","advent calendar japan","日本圣诞倒数日历"
"eng_Latn","advent calendar lipgloss","圣诞倒数日历唇彩"
"eng_Latn","advent calendar spidey and friends","“蜘蛛侠和他的朋友们”降临日历"
"eng_Latn","advent calendar with books for kids","儿童图书降临日历"
"eng_Latn","advent calendar with candy 2025","2025年糖果降临日历"
"eng_Latn","advent calendar with gifts","带礼物的节日日历"
"eng_Latn","advent calendar with snacks","带有小吃的圣诞倒数日历"
"eng_Latn","advent cat calendar 2025","2025年圣诞猫日历"
"eng_Latn","advent gnome calendar 2025","2025年圣诞侏儒日历"
"eng_Latn","advent hanging calendar","圣诞倒计时挂历"
"eng_Latn","advent lego flower calendar 2025","2025年乐高花季日历"
"eng_Latn","aesthetic advent calendar","美学倒计时日历"
"eng_Latn","aesthetic advent calendar 2025","2025年美学日历"
"eng_Latn","among us advent calendar 2025","我们之间的2025年圣诞倒数日历"
"eng_Latn","antique advent calendar","复古圣诞倒数日历"
"eng_Latn","apothecary advent calendar","药剂师降临日历"
"eng_Latn","art themed advent calendar","艺术主题的倒数日历"
"eng_Latn","baby advent calendar 2025 1 year old","2025年婴儿降临日历，适合1岁宝宝"
"eng_Latn","ball advent calendar","球形日历"
"eng_Latn","beer advent calendar for adults","成人啤酒倒数日历"
"eng_Latn","best advent calendar 2025 for men","2025年男士最佳圣诞倒数日历"
"eng_Latn","bitty funko pop advent calendar","趣味Funko Pop 圣诞倒数日历"
"eng_Latn","book ornament advent calendar 2025","2025年书籍装饰品倒数日历"
"eng_Latn","botanical advent calendar","植物主题的倒数日历"
"eng_Latn","burts bees lip balm advent calendar","小蜜蜂润唇膏圣诞倒数日历"
"eng_Latn","cadbury chocolate advent calendar","吉百利巧克力圣诞倒数日历"
"eng_Latn","calendar advent lego","乐高圣诞倒数日历"
"eng_Latn","choc advent calendar","巧克力圣诞倒数日历"
"eng_Latn","chocolate advent calendar 2025 2 pack","2025年巧克力降临日历 2包"
"eng_Latn","chocolate advent calendar for boys","男孩巧克力倒数日历"
"eng_Latn","chocolate advent calendar for children","儿童巧克力倒数日历"
"eng_Latn","christmas advent calendar 2025 dark chocolate","2025年圣诞倒数日历黑巧克力"
"eng_Latn","christmas advent calendar for toddlers","幼儿圣诞倒数日历"
"eng_Latn","christmas advent calendar lego marvel","乐高漫威圣诞倒数日历"
"eng_Latn","christmas movie advent calendar 2025","2025年圣诞电影倒数日历"
"eng_Latn","college football advent calendar 2025","2025年大学橄榄球倒数日历"
"eng_Latn","computer advent calendar 2025","2025年计算机降临日历"
"eng_Latn","couples advent calendar 2025 adult","2025年情侣款成人圣诞倒数日历"
"eng_Latn","crochet advent calendar 2025 kits","2025年钩织圣诞倒数日历套件"
"eng_Latn","cross stitch advent calendar kit","十字绣圣诞倒数日历套件"
"eng_Latn","dark chocolate advent calendar for adults","成人黑巧克力倒数日历"
"eng_Latn","davids tea advent calendar","大卫茶圣诞倒数日历"
"eng_Latn","disney pin advent calendar","迪士尼徽章圣诞倒数日历"
"eng_Latn","diy christmas advent calendar 2025","2025年DIY圣诞倒数日历"
"eng_Latn","dog themed advent calendar","狗狗主题的倒数日历"
"eng_Latn","electronic advent calendar 2025","2025年电子圣诞倒数日历"
"eng_Latn","emotional support advent calendar 2025 crochet","2025年情感支持钩针编织圣诞倒数日历"
"eng_Latn","ferrari advent calendar 2025","2025年法拉利圣诞倒数日历"
"eng_Latn","fifa advent calendar","FIFA 圣诞倒数日历"
"eng_Latn","fly by jing advent calendar","“fly by jing”圣诞倒数日历"
"eng_Latn","fort nite advent calendar 2025","2025年“堡垒之夜”圣诞倒数日历"
"eng_Latn","freshwater fishing advent calendar 2025","2025年淡水钓鱼日历"
"eng_Latn","frozen advent calendar 2025 kids","2025年儿童款冰冻式圣诞倒数日历"
"eng_Latn","funkopop advent calendar","FunkoPop 圣诞倒数日历"
"eng_Latn","garfield advent calendar","加菲猫圣诞倒数日历"
"eng_Latn","gear head advent calendar","齿轮头倒计时日历"
"eng_Latn","girl lego advent calendar 2025","2025年女孩乐高圣诞倒数日历"
"eng_Latn","goose advent calendar 2025","2025年鹅历圣诞倒数日历"
"eng_Latn","grilling advent calendar 2025","2025年烧烤倒数日历"
"eng_Latn","grinch christmas advent calendar","圣诞怪杰倒数日历"
"eng_Latn","ground coffee advent calendar 2025","2025年磨碎咖啡倒数日历"
"eng_Latn","gundam advent calendar","高达降临日历"
"eng_Latn","hair product advent calendar","护发产品倒数日历"
"eng_Latn","hanging advent calendar 2025","2025年悬挂式圣诞倒数日历"
"eng_Latn","happy beauty days 12-day advent calendar gift set - 12pc","快乐美妆日12天倒数日历礼盒套装 - 12件套"
"eng_Latn","harry potter quidditch advent calendar","哈利·波特魁地奇历险日历"
"eng_Latn","hello kitty christmas advent calendar","凯蒂猫圣诞倒数日历"
"eng_Latn","horror themed advent calendar","恐怖主题的圣诞倒数日历"
"eng_Latn","hunting advent calendar for boys","男孩狩猎主题的倒数日历"
"eng_Latn","in good taste wine advent calendar","品味上乘的葡萄酒倒数日历"
"eng_Latn","ink advent calendar 2025","2025年墨水日历"
"eng_Latn","kids advent calendar 2025 boy","2025年儿童圣诞倒数日历（男孩款）"
"eng_Latn","kids advent calendar 2025 disney","2025年迪士尼儿童圣诞倒数日历"
"eng_Latn","lego bouquet advent calendar","乐高花束倒数日历"
"eng_Latn","lego dinosaur advent calendar 2025","乐高恐龙历险日历2025"
"eng_Latn","lego frozen advent calendar","乐高冰雪奇缘倒数日历"
"eng_Latn","lego gingerbread house advent calendar","乐高姜饼屋圣诞倒数日历"
"eng_Latn","lego people advent calendar 2025","乐高人偶2025年圣诞倒数日历"
"eng_Latn","logo advent calendar 2025","2025年标志式圣诞倒数日历"
"eng_Latn","lord of rings advent calendar","《指环王》圣诞倒数日历"
"eng_Latn","magic tricks advent calendar 2025","2025年魔术日历"
"eng_Latn","magnetic tile advent calendar 2025","2025年磁性瓷砖日历"
"eng_Latn","marine life advent calendar","海洋生物主题的倒数日历"
"eng_Latn","metal advent calendar 2025","2025年金属日历"
"eng_Latn","mini barbie land advent calendar","迷你芭比乐园日历"
"eng_Latn","mini christmas tree advent calendar","迷你圣诞树倒数日历"
"eng_Latn","minibook advent calendar","迷你书历"
"eng_Latn","monster advent calendar 2025","2025年怪物历险日历"
"eng_Latn","mr beast lab advent calendar","Mr. Beast实验室圣诞倒数日历"
"eng_Latn","mrs bench fidget toy advent calendar","“Mrs Bench”牌减压玩具圣诞倒数日历"
"eng_Latn","my melody advent calendar","我的旋律降临日历"
"eng_Latn","my mini baby advent calendar","我的迷你宝宝降临日历"
"eng_Latn","names of jesus advent calendar","耶稣降临日历的名字"
"eng_Latn","nativity set advent calendar for kids","圣诞主题儿童倒数日历套装"
"eng_Latn","nativity wooden advent calendar","木质圣诞倒数日历"
"eng_Latn","nbc advent calendar 2025","2025年NBC（美国全国广播公司）圣诞倒数日历"
"eng_Latn","nerf advent calendar 2025","2025年nerf圣诞倒数日历"
"eng_Latn","palm pals advent calendar","棕榈树朋友降临日历"
"eng_Latn","panini kaboom advent calendar","帕尼尼卡布姆降临日历"
"eng_Latn","racing advent calendar 2025","2025年赛车主题的倒数日历"
"eng_Latn","real whiskey advent calendar 2025","2025年真正的威士忌倒数日历"
"eng_Latn","recipe advent calendar","食谱倒数日历"
"eng_Latn","reeses peanut butter cup advent calendar","Reese's花生酱杯圣诞倒数日历"
"eng_Latn","religious advent calendar 2025 chocolate","2025年宗教降临日历巧克力"
"eng_Latn","roblox advent calendar for boys","男孩版Roblox圣诞倒数日历"
"eng_Latn","rubiks cube advent calendar 2025","2025年魔方圣诞倒数日历"
"eng_Latn","schnauzer advent calendar","雪纳瑞犬历险日历"
"eng_Latn","sea glass ornament advent calendar","海玻璃装饰品圣诞倒数日历"
"eng_Latn","sephora 2025 advent calendar","丝芙兰2025年圣诞倒数日历"
"eng_Latn","ski advent calendar","滑雪主题的倒计时日历"
"eng_Latn","soccer advent calendar 2025 for adults","2025年成人足球主题圣诞倒数日历"
"eng_Latn","spider-man advent calendar 2025","2025年蜘蛛侠倒数日历"
"eng_Latn","squish along advent calendar","在圣诞倒数日历上留下印记"
"eng_Latn","squishmallows original 24-day micromallows holiday advent calendar","Squishmallows原创24天微豆豆假日倒数日历"
"eng_Latn","stitch christmas advent calendar 2025","2025年缝制圣诞倒数日历"
"eng_Latn","stranger things christmas advent calendar","《怪奇物语》圣诞倒数日历"
"eng_Latn","tarot card advent calendar","塔罗牌圣诞倒数日历"
"eng_Latn","taylor swift advent calendar 2024","泰勒·斯威夫特2024年圣诞倒数日历"
"eng_Latn","taylor swift charm bracelet advent calendar","泰勒·斯威夫特魅力手链圣诞倒数日历"
"eng_Latn","tea bag advent calendar 2025","2025年茶包倒数日历"
"eng_Latn","the office funko pop advent calendar","办公室Funko Pop Advent日历"
"eng_Latn","things to put in an advent calendar","放入圣诞日历中的物品"
"eng_Latn","toddler advent calendar 2025 paw patrol","2025年幼童版“狗狗巡逻队”圣诞倒数日历"
"eng_Latn","tonys chocolonely advent calendar","托尼巧克力圣诞倒数日历"
"eng_Latn","totoro advent calendar","龙猫主题的圣诞倒数日历"
"eng_Latn","tv show advent calendar 2025","2025年电视节目圣诞倒数日历"
"eng_Latn","vodka advent calendar 2025 for adults","2025年成人伏特加酒历"
"eng_Latn","work advent calendar 2025","2025年工作日历"
"eng_Latn","world snacks advent calendar","世界小吃倒数日历"
"eng_Latn","advent calendars bath and body works","Bath and Body Works 圣诞倒数日历"
"eng_Latn","advent calendars christmas tree","圣诞树降临日历"
"eng_Latn","advent calendars flowers","圣诞倒数日历花"
"eng_Latn","advent calendars for 8 year old girls","8岁女孩的圣诞倒数日历"
"eng_Latn","advent calendars for boys age 7","7岁男孩的圣诞倒数日历"
"eng_Latn","advent calendars for husband","给丈夫的圣诞倒数日历"
"eng_Latn","advent calendars under 10 dollars","10美元以下的圣诞日历"
"eng_Latn","advent puzzle calendars","圣诞拼图日历"
"eng_Latn","artist advent calendars","艺术家主题的圣诞日历"
"eng_Latn","best advent calendars for girls","最适合女孩的圣诞倒数日历"
"eng_Latn","chocolate advent calendars christmas","巧克力圣诞倒数日历"
"eng_Latn","christmas advent calendars adult","成人圣诞倒数日历"
"eng_Latn","christmas advent calendars teen girls","圣诞倒数日历少女款"
"eng_Latn","german advent calendars christmas","德国圣诞倒数日历"
"eng_Latn","golf advent calendars 2025","2025年高尔夫球历"
"eng_Latn","hanging advent calendars","悬挂式圣诞倒数日历"
"eng_Latn","hotwheels advent calendars","风火轮（Hot Wheels）圣诞倒数日历"
"eng_Latn","survival advent calendars","生存冒险日历"
"eng_Latn","avent calendar for teen girls","少女冒险日历"
"eng_Latn","disney avent calendar 2025","2025年迪士尼冒险日历"
"eng_Latn","sephora avent calendar 2025","丝芙兰2025年冒险日历"
"eng_Latn","calendar christmas countdown","圣诞倒计时日历"
"eng_Latn","funko pop! bitty countdown calendar","Funko Pop! 倒计时日历"
"eng_Latn","12 days of christmas empty advent calendar","12天圣诞空日历"
"eng_Latn","12 year old girl advent calendar","12岁女孩的圣诞倒数日历"
"eng_Latn","2 year old girl advent calendar 2025","2025年2岁女孩圣诞倒数日历"
"eng_Latn","2025 advent calendar for adults","2025年成人版圣诞倒数日历"
"eng_Latn","2025 advent calendar teens girls","2025年少女款圣诞倒数日历"
"eng_Latn","24 day dog advent calendar","24天狗狗主题的倒数日历"
"eng_Latn","24 day flower advent calendar","24天花卉倒数日历"
"eng_Latn","adult puzzle advent calendar 2025","2025年成人拼图式圣诞倒数日历"
"eng_Latn","advent bourbon calendar 2025","2025年advent波本威士忌日历"
"eng_Latn","advent boys calendar 2025","2025年降临男孩日历"
"eng_Latn","advent calendar 2025 6 year old girl","2025年圣诞倒数日历 6岁女孩款"
"eng_Latn","advent calendar 2025 adult male","2025年成人男性圣诞倒数日历"
"eng_Latn","advent calendar 2025 adult man","2025年成人男士圣诞倒数日历"
"eng_Latn","advent calendar 2025 beef jerky","2025年牛肉干降临日历"
"eng_Latn","advent calendar 2025 building","2025年建筑日历"
"eng_Latn","advent calendar 2025 chocolates","2025年圣诞倒数日历巧克力"
"eng_Latn","advent calendar 2025 college boys","2025年大学生男孩款圣诞倒数日历"
"eng_Latn","advent calendar 2025 dad","2025年爸爸款圣诞倒数日历"
"eng_Latn","advent calendar 2025 dragons","2025年龙年倒数日历"
"eng_Latn","advent calendar 2025 flowers","2025年花朵主题的倒数日历"
"eng_Latn","advent calendar 2025 food and drink","2025年食品和饮料主题的倒数日历"
"eng_Latn","advent calendar 2025 for 5 year old girl","2025年5岁女孩的圣诞倒数日历"
"eng_Latn","advent calendar 2025 for woman","2025年女士日历"
"eng_Latn","advent calendar 2025 game","2025年圣诞倒数日历游戏"
"eng_Latn","advent calendar 2025 hair accessories","2025年圣诞倒数日历发饰"
"eng_Latn","advent calendar 2025 kids books","2025年儿童图书降临日历"
"eng_Latn","advent calendar 2025 maybelline","2025年美宝莲圣诞倒数日历"
"eng_Latn","advent calendar 2025 resin animals","2025年树脂动物造型日历"
"eng_Latn","advent calendar 2025 snack","2025年圣诞倒数日历零食"
"eng_Latn","advent calendar 2025 tequila","2025年龙舌兰酒倒数日历"
"eng_Latn","advent calendar 2025 treats","2025年圣诞倒数日历礼盒"
"eng_Latn","advent calendar advent calendar","圣诞倒数日历 圣诞倒数日历"
"eng_Latn","advent calendar bigfoot","大脚怪降临日历"
"eng_Latn","advent calendar bluey 2025","2025年蓝色日历"
"eng_Latn","advent calendar bookish","充满书香气息的倒数日历"
"eng_Latn","advent calendar children","儿童倒数日历"
"eng_Latn","advent calendar christmas kids","圣诞倒数日历儿童款"
"eng_Latn","advent calendar construction","倒数日历制作"
"eng_Latn","advent calendar cool","倒计时日历很酷"
"eng_Latn","advent calendar crochet animals","圣诞倒数日历钩针编织动物"
"eng_Latn","advent calendar for 6 month old","六个月大婴儿的降临日历"
"eng_Latn","advent calendar for boys toddler","男童幼儿用降临日历"
"eng_Latn","advent calendar for engineers","工程师的倒数日历"
"eng_Latn","advent calendar for pictures","图片日历"
"eng_Latn","advent calendar for whiskey","威士忌的倒数日历"
"eng_Latn","advent calendar journal","倒数日历日记本"
"eng_Latn","advent calendar mac","苹果电脑日历"
"eng_Latn","advent calendar magic tricks","圣诞日历魔术"
"eng_Latn","advent calendar mini ornaments","圣诞倒数日历迷你挂饰"
"eng_Latn","advent calendar puzzle kids","儿童圣诞倒数拼图"
"eng_Latn","advent calendar stray kids","Stray Kids的降临日历"
"eng_Latn","advent calendar surprise","圣诞倒数日历惊喜"
"eng_Latn","advent calendar tokens","圣诞倒数日历代币"
"eng_Latn","advent calendar trains","圣诞倒数日历火车"
"eng_Latn","advent calendar with bible verses","带有圣经经文的圣诞倒数日历"
"eng_Latn","advent calendar with stickers","带贴纸的圣诞倒数日历"
"eng_Latn","advent calendar young adult","青年成人日历"
"eng_Latn","advent chocolate calendar 2025 adult","2025年成人版降临巧克力日历"
"eng_Latn","advent picture calendar","圣诞图片日历"
"eng_Latn","around the world candy advent calendar","世界各地的糖果倒数日历"
"eng_Latn","astrology advent calendar","占星术倒数日历"
"eng_Latn","avatar advent calendar 2025","2025年头像日历"
"eng_Latn","beauty advent calendar for adults","成人美妆日历"
"eng_Latn","best 2025 advent calendar","2025年最佳圣诞倒数日历"
"eng_Latn","best advent calendar for teen girl","最适合少女们的圣诞倒数日历"
"eng_Latn","beuty advent calendar","美容日历"
"eng_Latn","boston terrier advent calendar 2025","2025年波士顿梗犬主题的倒数日历"
"eng_Latn","boxes for advent calendar","圣诞倒数日历盒"
"eng_Latn","boys 12 day advent calendar","男孩款12天倒数日历"
"eng_Latn","car advent calendar for men","男士汽车主题日历"
"eng_Latn","cars pixar advent calendar 2025","2025年皮克斯汽车主题圣诞倒数日历"
"eng_Latn","cat toys advent calendar","猫咪玩具圣诞倒数日历"
"eng_Latn","catnip advent calendar","猫薄荷倒数日历"
"eng_Latn","chapstick 12 days of holiday advent calendar lip balm","唇膏 12天假日日历 润唇膏"
"eng_Latn","chicolate advent calendar","巧克力倒数日历"
"eng_Latn","children’s advent calendar","儿童圣诞倒数日历"
"eng_Latn","chocolate advent calendar 2025 girls","2025年女孩巧克力圣诞倒数日历"
"eng_Latn","chocolate filled advent calendar","巧克力馅的降临日历"
"eng_Latn","chocolates advent calendar","巧克力倒数日历"
"eng_Latn","christmas advent calendar for toddler girl","幼儿女孩圣诞倒数日历"
"eng_Latn","christmas advent calendar wooden","圣诞倒计时木制日历"
"eng_Latn","christmas through the window advent calendar","窗外的圣诞倒数日历"
"eng_Latn","classic whiskey advent calendar","经典威士忌倒数日历"
"eng_Latn","clean makeup advent calendar 2025","2025年清洁彩妆日历"
"eng_Latn","clothing advent calendar","服装倒数日历"
"eng_Latn","cool advent calendar for teens","适合青少年的酷炫倒数日历"
"eng_Latn","cute advent calendar for girls","女孩们可爱的圣诞倒数日历"
"eng_Latn","cute christmas advent calendar","可爱的圣诞倒数日历"
"eng_Latn","cvs advent calendar￼","CVS 圣诞倒数日历"
"eng_Latn","dairy-free advent calendar","无乳制品的圣诞倒数日历"
"eng_Latn","diecast car advent calendar","压铸车模型圣诞倒数日历"
"eng_Latn","disc golf advent calendar","飞盘高尔夫历险日历"
"eng_Latn","diy 12 day advent calendar","DIY 12天倒数日历"
"eng_Latn","dog treats advent calendar","狗狗零食圣诞倒数日历"
"eng_Latn","duck hunting advent calendar 2025","2025年猎鸭日历"
"eng_Latn","ducky advent calendar","鸭子主题的倒数日历"
"eng_Latn","emotional support advent calendar 2025 funny","2025年情感支持趣味倒数日历"
"eng_Latn","erotic advent calendar","情色日历"
"eng_Latn","escape room advent calendar for kids","儿童密室逃脱日历"
"eng_Latn","exit escape room advent calendar 2025","2025年出口逃生室历险日历"
"eng_Latn","fireman advent calendar 2025","2025年消防员主题日历"
"eng_Latn","frozen lego advent calendar","乐高冷冻式圣诞倒数日历"
"eng_Latn","fun girls advent calendar","趣味女孩倒数日历"
"eng_Latn","funny advent calendar 2025 adult","2025年趣味成人日历"
"eng_Latn","gifts for advent calendar","圣诞倒数日历礼物"
"eng_Latn","girls craft advent calendar 2025","2025年女孩手工艺品圣诞倒数日历"
"eng_Latn","grinch advent calendar puzzle","圣诞怪杰倒数日历拼图"
"eng_Latn","guitar legends advent calendar 2025","2025年吉他传奇降临日历"
"eng_Latn","harley advent calendar","哈雷摩托车倒数日历"
"eng_Latn","harry and david advent calendar 2025","2025年哈利和大卫圣诞倒数日历"
"eng_Latn","harry potter charm bracelet advent calendar","哈利波特魅力手链倒数日历"
"eng_Latn","harry potter official advent calendar","哈利·波特官方圣诞倒数日历"
"eng_Latn","harry potter puzzle advent calendar","哈利·波特拼图日历"
"eng_Latn","hatchimal advent calendar","哈奇蛋倒数日历"
"eng_Latn","hello kitty advent calendar for girls","女孩专用凯蒂猫倒数日历"
"eng_Latn","hershey chocolate advent calendar","好时巧克力圣诞倒数日历"
"eng_Latn","hershey kisses advent calendar","好时巧克力吻降临日历"
"eng_Latn","hot ones advent calendar","热辣物品圣诞倒数日历"
"eng_Latn","hot wheels toy cars & playset, 2025 advent calendar with 10 vehicles in 1:64 scale, 10 ornament clip","风火轮玩具车及玩具套装，2025年倒计时日历，内含10辆1:64比例的车辆，10个装饰夹"
"eng_Latn","hufflepuff advent calendar","赫奇帕奇圣诞倒数日历"
"eng_Latn","instant coffee advent calendar 2025","2025年速溶咖啡倒数日历"
"eng_Latn","jesus lego advent calendar","耶稣乐高圣诞倒数日历"
"eng_Latn","jewelry advent calendar 2025 girls","2025年女孩珠宝节日历"
"eng_Latn","jewelry advent calendar gold","黄金珠宝圣诞倒数日历"
"eng_Latn","jurassic park advent calendar 2025 ornaments","2025年侏罗纪公园主题圣诞倒数日历挂饰"
"eng_Latn","k-pop demon hunters advent calendar 2025","2025年K-pop猎魔人倒数日历"
"eng_Latn","kids advent calendar squishmallow","儿童圣诞倒数日历软糯玩具"
"eng_Latn","korres advent calendar 2025","科丽雅2025年圣诞倒数日历"
"eng_Latn","lds advent calendar","LDS 降临日历"
"eng_Latn","lego advent calendar friends","乐高朋友系列圣诞倒数日历"
"eng_Latn","lego advent nativity calendar","乐高圣诞日历"
"eng_Latn","lego dinosaur advent calendar","乐高恐龙主题日历"
"eng_Latn","lighted advent calendar","发光式圣诞倒数日历"
"eng_Latn","little people barbie advent calendar","小人芭比圣诞倒数日历"
"eng_Latn","lord of the ring advent calendar","《指环王》主题的倒数日历"
"eng_Latn","loreal paris advent calendar 2025","欧莱雅巴黎2025年圣诞倒数日历"
"eng_Latn","magic dice advent calendar","魔法骰子降临日历"
"eng_Latn","magnetic advent calendar for kids","儿童磁性日历"
"eng_Latn","make up advent calendar 2025 elf","2025年精灵化妆日历"
"eng_Latn","make up advent calendar for girls","为女孩们制作圣诞倒数日历"
"eng_Latn","make-up advent calendar","彩妆日历"
"eng_Latn","mattel minecraft advent calendar","美泰《我的世界》倒数日历"
"eng_Latn","mini figure advent calendar 2025","2025年迷你人偶圣诞倒数日历"
"eng_Latn","miniature advent calendar 2025","2025年微型圣诞倒数日历"
"eng_Latn","monster energy drink advent calendar","怪物能量饮料倒数日历"
"eng_Latn","national geographic magic advent calendar","国家地理魔法历险日历"
"eng_Latn","nativity advent calendar box","圣诞降临日历盒"
"eng_Latn","nativity puzzle advent calendar 2025","2025年耶稣诞生拼图式圣诞倒数日历"
"eng_Latn","neato advent calendar","neato 圣诞倒数日历"
"eng_Latn","needoh advent calendar 2024","2024年needoh圣诞倒数日历"
"eng_Latn","nivea advent calendar 2025","妮维雅2025年圣诞倒数日历"
"eng_Latn","ohio state advent calendar","俄亥俄州立大学圣诞倒数日历"
"eng_Latn","opossum advent calendar 2025","2025年负鼠降临日历"
"eng_Latn","organic chocolate advent calendar 2025","2025年有机巧克力圣诞倒数日历"
"eng_Latn","organic makeup advent calendar","有机化妆品圣诞倒数日历"
"eng_Latn","plant lover advent calendar 2025","2025年植物爱好者日历"
"eng_Latn","pokeman advent calendar","口袋妖怪主题的倒数日历"
"eng_Latn","pokemon tcg advent calendar 2025","《宝可梦集换式卡牌游戏2025年倒数日历》"
"eng_Latn","reader advent calendar 2025","2025年读者日历"
"eng_Latn","reusable advent calendar with pockets","可重复使用的带口袋的圣诞倒数日历"
"eng_Latn","reusable christmas advent calendar","可重复使用的圣诞倒数日历"
"eng_Latn","runner advent calendar 2025","2025年跑步者倒数日历"
"eng_Latn","sailor moon advent calendar 2025","2025年水手月亮降临日历"
"eng_Latn","santa tracker advent calendar","圣诞老人追踪器圣诞倒数日历"
"eng_Latn","sees candies advent calendar","看到糖果降临日历"
"eng_Latn","sephora makeup advent calendar","丝芙兰彩妆圣诞倒数日历"
"eng_Latn","skiing advent calendar","滑雪主题的倒数日历"
"eng_Latn","skincare advent calendar for teen girls","少女护肤日历"
"eng_Latn","sonny angel advent calendar 2025","2025年Sonny Angel圣诞倒数日历"
"eng_Latn","space themed advent calendar","太空主题的倒数日历"
"eng_Latn","step2 my first advent calendar","第二步，我的第一个圣诞倒数日历"
"eng_Latn","strangers things advent calendar","《怪奇物语》圣诞倒数日历"
"eng_Latn","swedish fish advent calendar","瑞典鱼主题的圣诞倒数日历"
"eng_Latn","switch advent calendar","开关式圣诞倒数日历"
"eng_Latn","teen skincare advent calendar","青少年护肤日历"
"eng_Latn","teenage boy advent calendar cologne","青少年男孩香氛日历古龙水"
"eng_Latn","teenager advent calendar boy","青少年圣诞倒数日历男孩"
"eng_Latn","tung tung sahur advent calendar","“东东早餐”圣诞倒数日历"
"eng_Latn","ucanbe advent calendar 2025","2025年ucanbe圣诞倒数日历"
"eng_Latn","ultra advent calendar 2025","2025年超级倒数日历"
"eng_Latn","vampire diaries advent calendar 2025","《吸血鬼日记》2025年圣诞倒数日历"
"eng_Latn","weiner dog advent calendar 2025","2025年腊肠犬主题日历"
"eng_Latn","whiskey advent calendar 2025 for men","2025年男士威士忌倒数日历"
"eng_Latn","white wine advent calendar 2025","2025年白葡萄酒圣诞倒数日历"
"eng_Latn","wildlife advent calendar","野生动物主题的倒数日历"
"eng_Latn","womens beauty advent calendar 2025","2025年女士美容日历"
"eng_Latn","wooden advent nativity calendar","木质圣诞降临日历"
"eng_Latn","wooden fillable advent calendar","可填充式木质圣诞倒数日历"
"eng_Latn","adult advent+calendars","成人历险日历"
"eng_Latn","advent calendars 2026","2026年圣诞倒数日历"
"eng_Latn","advent calendars bath and body","沐浴和身体护理用品的降临日历"
"eng_Latn","advent calendars crafts","圣诞日历手工艺品"
"eng_Latn","advent calendars diamond art","钻石艺术主题的降临日历"
"eng_Latn","advent calendars ebt eligible","符合电子福利税（EBT）资格的圣诞日历"
"eng_Latn","advent calendars for 12 year old boys","12岁男孩的圣诞倒数日历"
"eng_Latn","advent calendars for artists","艺术家们的降临日历"
"eng_Latn","advent calendars for family","家庭用圣诞倒数日历"
"eng_Latn","advent calendars for little boys","小男孩的降临日历"
"eng_Latn","advent calendars moriah elizabeth","摩利亚·伊丽莎白的圣诞倒数日历"
"eng_Latn","advent calendars pokemon cards","降临日历 神奇宝贝卡片"
"eng_Latn","advent calendars with alcohol","含酒精饮料的降临日历"
"eng_Latn","advent toy calendars","圣诞玩具日历"
"eng_Latn","best advent calendars for toddlers","最适合幼儿的圣诞倒数日历"
"eng_Latn","best tween advent calendars","最好的儿童冒险日历"
"eng_Latn","empty advent calendars to fill wooden","空空的圣诞日历，等待填满"
"eng_Latn","labubu advent calendars","labubu 圣诞倒数日历"
"eng_Latn","roblox advent calendars","Roblox 圣诞倒数日历"
"eng_Latn","tween advent calendars","“tween advent calendars”的中文翻译为“青少年降临日历”"
"eng_Latn","avent calendar lego","乐高冒险日历"
"eng_Latn","chocolate avent calendar 2025","2025年巧克力主题日历"
"eng_Latn","eos avent calendar","EOS活动日历"
"eng_Latn","kid avent calendar","儿童冒险日历"
"eng_Latn","mini brand avent calendar","迷你品牌冒险日历"
"eng_Latn","squishmallow avent calendar","软糯小动物主题的月历"
"eng_Latn","dr bronner's magic soap 7 day countdown calendar","布朗纳博士魔法皂7天倒计时日历"
"eng_Latn","play doh countdown calendar","玩Doh倒计时日历"
"eng_Latn","12 day advent calendar girls","12天女孩降临日历"
"eng_Latn","2025 advent calendar for boys","2025年男孩款圣诞倒数日历"
"eng_Latn","2025 advent calendar for men","2025年男士圣诞倒数日历"
"eng_Latn","2025 advent calendar for women","2025年女性节日日历"
"eng_Latn","2025 advent calendar makeup","2025年圣诞倒数日历化妆品套装"
"eng_Latn","24 day advent calendar coffee","24天圣诞倒数日历咖啡"
"eng_Latn","3d printed toy advent calendar","3D打印玩具圣诞倒数日历"
"eng_Latn","67 advent calendar","67天倒数日历"
"eng_Latn","adult female advent calendar","成年女性主题的倒数日历"
"eng_Latn","advent calendar 18 month old","18个月大的婴儿日历"
"eng_Latn","advent calendar 2025 5 year old boy","2025年圣诞倒数日历，5岁男孩款"
"eng_Latn","advent calendar 2025 batman","2025年蝙蝠侠降临日历"
"eng_Latn","advent calendar 2025 d&d","2025年D&D降临日历"
"eng_Latn","advent calendar 2025 for 2 year old girl","2025年2岁女孩的圣诞倒数日历"
"eng_Latn","advent calendar 2025 korean skincare","2025年韩国护肤日历"
"eng_Latn","advent calendar 2025 no candy","2025年圣诞倒数日历，无糖果"
"eng_Latn","advent calendar 2025 no chocolate","2025年无巧克力圣诞倒数日历"
"eng_Latn","advent calendar 2025 sour patch kids","2025年“酸甜豆小孩”圣诞倒数日历"
"eng_Latn","advent calendar 2025 spices","2025年香料主题的倒数日历"
"eng_Latn","advent calendar 2025 sports cards","2025年降临日历运动卡"
"eng_Latn","advent calendar 2025 superhero","2025年超级英雄降临日历"
"eng_Latn","advent calendar 2025 traditional","2025年传统式圣诞倒数日历"
"eng_Latn","advent calendar 2025 wife","2025年妻子降临日历"
"eng_Latn","advent calendar 2025 women makeup","2025年女性化妆日历"
"eng_Latn","advent calendar 2025 young adult","2025年青年版圣诞倒数日历"
"eng_Latn","advent calendar 2026 chocolate","2026年巧克力圣诞倒数日历"
"eng_Latn","advent calendar adult woman","圣诞倒数日历（成人款，女士适用）"
"eng_Latn","advent calendar beuty","美妆日历"
"eng_Latn","advent calendar cvs","倒计时日历 cvs"
"eng_Latn","advent calendar dc","DC圣诞倒数日历"
"eng_Latn","advent calendar electronics","电子日历"
"eng_Latn","advent calendar fidget adult","成人减压日历"
"eng_Latn","advent calendar fillers for teen girls","少女款圣诞倒数日历小礼品"
"eng_Latn","advent calendar for 10 year old","10岁儿童用的圣诞倒数日历"
"eng_Latn","advent calendar for adults books","成人书籍的倒数日历"
"eng_Latn","advent calendar for adults perfume","成人香水倒数日历"
"eng_Latn","advent calendar for beauty","美容日历"
"eng_Latn","advent calendar for black women","专为黑人女性设计的倒数日历"
"eng_Latn","advent calendar for dogs 2025 barkbox","2025年狗狗日历礼盒"
"eng_Latn","advent calendar for foodies","美食家的倒数日历"
"eng_Latn","advent calendar for hanukkah","光明节倒数日历"
"eng_Latn","advent calendar for older boys","大男孩的降临日历"
"eng_Latn","advent calendar for polaroids","宝丽来相机日历"
"eng_Latn","advent calendar gift ideas","圣诞倒数日历礼物创意"
"eng_Latn","advent calendar knife","倒计时日历刀"
"eng_Latn","advent calendar kuromi","圣诞倒数日历 kuromi"
"eng_Latn","advent calendar loccitane","欧舒丹倒数日历"
"eng_Latn","advent calendar men's cologne","圣诞倒数日历男士古龙水"
"eng_Latn","advent calendar numbers 1-25","倒数日历数字1-25"
"eng_Latn","advent calendar plush toys","圣诞倒数日历毛绒玩具"
"eng_Latn","advent calendar teacher","倒数日历老师"
"eng_Latn","advent calendar with cars","带有汽车的圣诞倒数日历"
"eng_Latn","advent calendar with jewelry","带珠宝的节日日历"
"eng_Latn","advent calendar with legos","乐高玩具的降临日历"
"eng_Latn","advent calendar with mini books","带有迷你书籍的圣诞倒数日历"
"eng_Latn","advent calendar with socks","带有袜子的圣诞倒数日历"
"eng_Latn","advent calendar women self care 24 day","女性自我关爱24天倒数日历"
"eng_Latn","advent minecraft calendar 2025","2025年《我的世界》圣诞节日历"
"eng_Latn","affirmation advent calendar","肯定式降临日历"
"eng_Latn","amazon lego advent calendar","亚马逊乐高倒数日历"
"eng_Latn","american football advent calendar","美式足球倒数日历"
"eng_Latn","avatar the last airbender advent calendar","《降世神通：最后的气宗》圣诞倒数日历"
"eng_Latn","baby yoda advent calendar","尤达宝宝降临日历"
"eng_Latn","barbie advent calendar for girls","女孩专用芭比娃娃节日日历"
"eng_Latn","barbie doll advent calendar","芭比娃娃倒数日历"
"eng_Latn","bark dog advent calendar 2025","2025年吠叫狗历险日历"
"eng_Latn","basketball cards advent calendar","篮球卡牌圣诞倒数日历"
"eng_Latn","bbq advent calendar for men","男士烧烤日历"
"eng_Latn","beauty advent calendar 2025 cheap","2025年美丽日历特惠版"
"eng_Latn","best boy advent calendar","最佳男孩圣诞倒数日历"
"eng_Latn","bluey advent calendar 2025 boys","2025年蓝色男孩款圣诞倒数日历"
"eng_Latn","bluey chocolate advent calendar 2025","2025年蓝莓巧克力倒数日历"
"eng_Latn","body scrub advent calendar","身体磨砂膏圣诞倒数日历"
"eng_Latn","bouncy ball advent calendar","弹跳球日历"
"eng_Latn","bourbon advent calendar 2025 with alcohol","2025年波本威士忌酒历（含酒精）"
"eng_Latn","boy lego advent calendar 2025","2025年男孩乐高圣诞倒数日历"
"eng_Latn","boys football advent calendar 2025","2025年男孩足球圣诞倒数日历"
"eng_Latn","brain teasers advent calendar","脑筋急转弯日历"
"eng_Latn","build a christmas tree advent calendar","制作圣诞树倒数日历"
"eng_Latn","calendar 2025 advent","2025年降临日历"
"eng_Latn","camera advent calendar 2025","2025年相机倒数日历"
"eng_Latn","car guy advent calendar","汽车爱好者日历"
"eng_Latn","caspari advent calendar","卡斯帕里圣诞倒数日历"
"eng_Latn","cat construction advent calendar 2025","2025年猫咪建筑主题倒数日历"
"eng_Latn","chanel advent calendar","香奈儿节日日历"
"eng_Latn","chicago cubs advent calendar 2025","芝加哥小熊队2025年倒数日历"
"eng_Latn","chocolate advent calendar 2025 for kids","2025年儿童巧克力倒数日历"
"eng_Latn","chocolate candy advent calendar","巧克力糖果倒数日历"
"eng_Latn","chocolate nativity advent calendar","巧克力耶稣诞生日历"
"eng_Latn","christmas calendar advent makeup","圣诞日历降临妆容"
"eng_Latn","christmas tree advent calendar with ornaments","带装饰品的圣诞树倒数日历"
"eng_Latn","coffee advent calendar for men","男士咖啡日历"
"eng_Latn","cologne advent calendar for teen boys","青少年男孩古龙水倒数日历"
"eng_Latn","cookie advent calendar boxes","饼干圣诞倒数日历盒"
"eng_Latn","dancer advent calendar 2025","2025年舞者降临日历"
"eng_Latn","disney chocolate advent calendar","迪士尼巧克力倒数日历"
"eng_Latn","disney duck advent calendar 2025","2025年迪士尼鸭子主题倒数日历"
"eng_Latn","dog lovers advent calendar","爱狗人士的圣诞倒数日历"
"eng_Latn","duck christmas advent calendar","鸭子圣诞倒数日历"
"eng_Latn","ducks advent calendar","鸭子主题的倒数日历"
"eng_Latn","edible advent calendar 2025 adult","2025年成人版可食用式圣诞倒数日历"
"eng_Latn","faith advent calendar","信仰降临日历"
"eng_Latn","ferrero advent calendar 2025","费列罗2025年圣诞倒数日历"
"eng_Latn","finding jesus doll advent calendar","寻找耶稣玩偶降临日历"
"eng_Latn","fossil advent calendar 2025","2025年化石主题圣诞倒数日历"
"eng_Latn","fp little people advent calendar","fp小人历"
"eng_Latn","funko pop disney advent calendar","Funko Pop迪士尼圣诞倒数日历"
"eng_Latn","gabby cat advent calendar","加布丽埃勒猫历险日历"
"eng_Latn","game of thrones advent calendar 2025","《权力的游戏》2025年倒数日历"
"eng_Latn","german wooden advent calendar","德国木质圣诞倒数日历"
"eng_Latn","giant gnome advent calendar 2025","2025年巨型侏儒历险日历"
"eng_Latn","hatchimals advent calendar 2025","2025年hatchimals圣诞倒数日历"
"eng_Latn","health advent calendar","健康日历"
"eng_Latn","hunter advent calendar","猎人冒险日历"
"eng_Latn","kansas city chiefs advent calendar 2025","堪萨斯城酋长队2025年圣诞倒数日历"
"eng_Latn","kids christmas advent calendar 2025","2025年儿童圣诞倒数日历"
"eng_Latn","kiko advent calendar 2025","2025年kiko圣诞倒数日历"
"eng_Latn","kinetic sand advent calendar 2025","2025年动态沙漏日历"
"eng_Latn","lego 24 day advent calendar","乐高24天倒数日历"
"eng_Latn","lego advent calendar 2025 pokemon","乐高2025年宝可梦主题的圣诞倒数日历"
"eng_Latn","lego calendar advent","乐高日历降临"
"eng_Latn","lego puzzle advent calendar","乐高拼图日历"
"eng_Latn","lego sets advent calendar","乐高套装圣诞倒数日历"
"eng_Latn","legos flower advent calendar","乐高花朵主题的圣诞倒数日历"
"eng_Latn","legos star wars advent calendar 2025","乐高星球大战2025年圣诞倒数日历"
"eng_Latn","mario advent calendar for boys","男孩马里奥主题的倒数日历"
"eng_Latn","mclaren advent calendar 2025","迈凯伦2025年倒数日历"
"eng_Latn","men's grooming advent calendar","男士美容日历"
"eng_Latn","mens christmas advent calendar 2025","男士2025年圣诞倒数日历"
"eng_Latn","milk chocolate advent calendar for kids","儿童牛奶巧克力倒数日历"
"eng_Latn","minecraft advent calendar 2025 lego","2025年乐高版《我的世界》圣诞倒数日历"
"eng_Latn","monster energy advent calendar 2025","2025年怪物能量历险日历"
"eng_Latn","my little pet shop advent calendar","我的小宠物店圣诞倒数日历"
"eng_Latn","nakatomi advent calendar","中富圣诞倒数日历"
"eng_Latn","national lampoon's christmas vacation advent calendar 2025","《国家讽刺周刊》2025年圣诞假期倒数日历"
"eng_Latn","nerds advent calendar","书呆子日历"
"eng_Latn","ninja advent calendar","忍者历险日历"
"eng_Latn","non-chocolate advent calendar","非巧克力主题的倒数日历"
"eng_Latn","outer banks advent calendar","外滩倒数日历"
"eng_Latn","paw patrol christmas advent calendar 2025","狗狗巡逻队2025年圣诞倒数日历"
"eng_Latn","poop advent calendar","便便日历"
"eng_Latn","prank advent calendar 2025","2025年恶作剧圣诞倒数日历"
"eng_Latn","pre teen girl advent calendar","青春期前女孩的圣诞倒数日历"
"eng_Latn","preteen advent calendar 2025","2025年儿童节前倒数日历"
"eng_Latn","pukka tea advent calendar","正宗茶礼盒日历"
"eng_Latn","readers advent calendar","读者降临日历"
"eng_Latn","refillable advent calendar 2025","可重复填充的2025年圣诞倒数日历"
"eng_Latn","reuseable advent calendar","可重复使用的圣诞倒数日历"
"eng_Latn","rubber duck christmas advent calendar","橡皮鸭圣诞倒数日历"
"eng_Latn","rustic wooden advent calendar","乡村风格的木质圣诞倒数日历"
"eng_Latn","science christmas advent calendar","科学圣诞倒数日历"
"eng_Latn","scrapbooking advent calendar","剪贴簿式圣诞倒数日历"
"eng_Latn","sephora 25 days of beauty advent calendar","丝芙兰25天美丽奇遇日历"
"eng_Latn","sex toys advent calendar","性玩具倒数日历"
"eng_Latn","shot advent calendar","拍摄日历"
"eng_Latn","small items to fill advent calendar","用来填满圣诞日历的小物品"
"eng_Latn","sonic advent calendar 2025 boys","2025年索尼克男孩版圣诞倒数日历"
"eng_Latn","sonic hedgehog advent calendar","音速刺猬降临日历"
"eng_Latn","spa advent calendar for teens","青少年水疗日历"
"eng_Latn","spiritual advent calendar","精神历险日历"
"eng_Latn","squid game advent calendar 2025","2025年鱿鱼游戏倒数日历"
"eng_Latn","squish a long advent calendar","压扁一个长长的圣诞倒数日历"
"eng_Latn","squishy advent calendar￼","软糯的圣诞倒数日历"
"eng_Latn","stickers advent calendar","贴纸式圣诞倒数日历"
"eng_Latn","stranger things funko pop advent calendar 2025","《怪奇物语》Funko Pop 2025年圣诞倒数日历"
"eng_Latn","tackle advent calendar","解决日历问题"
"eng_Latn","target beauty advent calendar","目标之美降临日历"
"eng_Latn","teen advent calendar 2025 girl","2025年少女款青少年日历"
"eng_Latn","terrys advent calendar","特里家的圣诞倒数日历"
"eng_Latn","thomas minis advent calendar 2025","托马斯迷你版2025年圣诞倒数日历"
"eng_Latn","tiny mates advent calendar 2025","2025年迷你伴侣降临日历"
"eng_Latn","toddler advent calendar little people","幼儿圣诞倒数日历小人"
"eng_Latn","tony's chocolonely advent calendar 2025","托尼的巧克力冒险日历2025"
"eng_Latn","toy advent calendar 2025 girls","2025年女孩玩具圣诞倒数日历"
"eng_Latn","travel themed advent calendar","旅行主题的倒数日历"
"eng_Latn","truly advent calendar","真正的圣诞倒数日历"
"eng_Latn","unique advent calendar for adults","专为成年人设计的独特圣诞倒数日历"
"eng_Latn","whims of the wicked advent calendar","邪恶的降临日历中的奇想"
"eng_Latn","whisky advent calendar 2025 adult","2025年威士忌倒数日历（成人版）"
"eng_Latn","witches advent calendar 2025","2025年女巫降临日历"
"eng_Latn","word search advent calendar","单词搜索式圣诞倒数日历"
"eng_Latn","yves rocher advent calendar","伊夫·罗歇（Yves Rocher）圣诞倒数日历"
"eng_Latn","12 day empty advent calendars to fill","12个待填满的空日历"
"eng_Latn","advent calendars animals","动物主题的降临日历"
"eng_Latn","advent calendars bonne maman","“bonne maman”圣诞倒数日历"
"eng_Latn","advent calendars building blocks","圣诞日历积木"
"eng_Latn","advent calendars emotional support pals","圣诞倒数日历 情感支持伙伴"
"eng_Latn","advent calendars fishing lures","圣诞日历 鱼饵"
"eng_Latn","advent calendars for 10 year olds","10岁儿童的圣诞倒数日历"
"eng_Latn","advent calendars for 3 year old girls","3岁女孩的降临日历"
"eng_Latn","advent calendars for kids lego","乐高儿童版圣诞倒数日历"
"eng_Latn","advent calendars monster trucks","降临日历 怪物卡车"
"eng_Latn","advent calendars nail polish","指甲油圣诞倒数日历"
"eng_Latn","advent calendars nfl","美国国家橄榄球联盟（NFL）的降临日历"
"eng_Latn","amazon beauty advent calendars","亚马逊美妆日历"
"eng_Latn","best advent calendars for tweens","最适合青少年的圣诞倒数日历"
"eng_Latn","bookish advent calendars","书香四溢的圣诞倒数日历"
"eng_Latn","christmas advent calendars fidgets","圣诞倒数日历小玩意"
"eng_Latn","empty advent calendars to fill kids","给孩子们填满空的圣诞日历"
"eng_Latn","empty wooden advent calendars to fill","空木制圣诞倒数日历待填"
"eng_Latn","fun advent calendars 2025","2025年趣味圣诞倒数日历"
"eng_Latn","gothic advent calendars","哥特式圣诞倒数日历"
"eng_Latn","hunting advent calendars","狩猎主题的节日日历"
"eng_Latn","lego christmas advent calendars 2025","乐高2025年圣诞倒数日历"
"eng_Latn","toy advent calendars for kids","儿童玩具圣诞日历"
"eng_Latn","unique advent calendars for boys","专为男孩设计的独特圣诞倒数日历"
"eng_Latn","avent calendar 2025 christmas lego","2025年圣诞乐高月历"
"eng_Latn","cute avent calendar","可爱的冒险日历"
"eng_Latn","gilmore girls avent calendar","《吉尔莫女孩》日历"
"eng_Latn","teen girl avent calendar","少女冒险日历"
"eng_Latn","halloween countdown calendar","万圣节倒计时日历"
"eng_Latn","18 doll advent calendar","18个玩偶的倒数日历"
"eng_Latn","2025 topps holiday baseball trading cards - advent calendar","2025年Topps假日棒球交易卡 - 圣诞倒数日历"
"eng_Latn","3d printed toys advent calendar","3D打印玩具圣诞倒数日历"
"eng_Latn","adult man advent calendar 2025","2025年成人男士圣诞倒数日历"
"eng_Latn","advent calendar 2025 airplane","2025年飞机主题的倒数日历"
"eng_Latn","advent calendar 2025 dad jokes","2025年圣诞倒数日历：爸爸笑话"
"eng_Latn","advent calendar 2025 for baby boy","2025年男婴降临日历"
"eng_Latn","advent calendar 2025 for teenage girls","2025年少女款圣诞倒数日历"
"eng_Latn","advent calendar 2025 godzilla","2025年哥斯拉降临日历"
"eng_Latn","advent calendar 2025 korean","2025年韩语版圣诞倒数日历"
"eng_Latn","advent calendar 2025 lego city","2025年乐高城市系列倒数日历"
"eng_Latn","advent calendar 2025 lego marvel","2025年乐高漫威降临日历"
"eng_Latn","advent calendar 2025 lip","2025年唇部护理日历"
"eng_Latn","advent calendar 2025 preteen","2025年儿童节倒数日历"
"eng_Latn","advent calendar 2025 teen boys soccer","2025年青少年男孩足球主题的降临日历"
"eng_Latn","advent calendar 2025 teen girls ulta","2025年少女限定款ULTA圣诞倒数日历"
"eng_Latn","advent calendar 2025 tweens","2025年青少年倒数日历"
"eng_Latn","advent calendar adult 2025","2025年成人版圣诞倒数日历"
"eng_Latn","advent calendar baseball 2025","2025年棒球日历"
"eng_Latn","advent calendar beetles","圣诞倒数日历甲虫"
"eng_Latn","advent calendar cars disney","迪士尼汽车主题的倒数日历"
"eng_Latn","advent calendar cat toys","圣诞倒数日历猫玩具"
"eng_Latn","advent calendar childrens building blocks","圣诞倒数日历儿童积木"
"eng_Latn","advent calendar christmas gifts","圣诞倒数日历礼物"
"eng_Latn","advent calendar escape room kids","圣诞倒数日历儿童密室逃脱"
"eng_Latn","advent calendar fishing bass","圣诞倒数日历钓鱼鲈鱼"
"eng_Latn","advent calendar for 18 month old boy","18个月大男孩的圣诞倒数日历"
"eng_Latn","advent calendar for bf","男朋友的圣诞倒数日历"
"eng_Latn","advent calendar for biys","“biys”的倒数日历"
"eng_Latn","advent calendar for boyfriend 2025","2025年男朋友倒数日历"
"eng_Latn","advent calendar for boys 2 years old","2岁男孩的圣诞倒数日历"
"eng_Latn","advent calendar for boys monster trucks","男孩怪物卡车主题的倒数日历"
"eng_Latn","advent calendar for christians","基督徒的降临日历"
"eng_Latn","advent calendar for golf","高尔夫球日历"
"eng_Latn","advent calendar for kids christian","儿童基督教降临日历"
"eng_Latn","advent calendar for large dogs","大型犬的圣诞倒数日历"
"eng_Latn","advent calendar for one year old boy","一岁男孩的圣诞倒数日历"
"eng_Latn","advent calendar for photos","照片日历"
"eng_Latn","advent calendar for teens girls skincare","少女护肤日历"
"eng_Latn","advent calendar for travelers","旅行者日历"
"eng_Latn","advent calendar for women 2025 baking","2025年女性烘焙日历"
"eng_Latn","advent calendar guys","圣诞倒数日历的家伙们"
"eng_Latn","advent calendar hanging fillable","可悬挂可填写的圣诞倒数日历"
"eng_Latn","advent calendar houses","圣诞倒数日历套装"
"eng_Latn","advent calendar jelly beans","倒计时日历软糖豆"
"eng_Latn","advent calendar jewlery","圣诞倒数日历珠宝"
"eng_Latn","advent calendar k cups","圣诞倒数日历 k杯"
"eng_Latn","advent calendar keurig","Keurig圣诞倒数日历"
"eng_Latn","advent calendar kitchen","圣诞倒数日历厨房用品"
"eng_Latn","advent calendar makeup for kids","儿童圣诞倒数日历彩妆"
"eng_Latn","advent calendar mini brands 2025","2025年迷你品牌降临日历"
"eng_Latn","advent calendar mini coloring book","圣诞倒数日历迷你涂色本"
"eng_Latn","advent calendar mini figures","圣诞倒数日历迷你玩偶"
"eng_Latn","advent calendar musical","音乐日历"
"eng_Latn","advent calendar nail kit","倒数日历美甲套装"
"eng_Latn","advent calendar national lampoon","《国家讽刺周刊》的圣诞倒数日历"
"eng_Latn","advent calendar nature","自然主题的倒数日历"
"eng_Latn","advent calendar non food","非食品类圣诞倒数日历"
"eng_Latn","advent calendar number tags","圣诞倒数日历数字标签"
"eng_Latn","advent calendar office supplies","倒计时日历办公用品"
"eng_Latn","advent calendar organic","有机日历"
"eng_Latn","advent calendar preteen","儿童倒数日历"
"eng_Latn","advent calendar princess disney","迪士尼公主降临日历"
"eng_Latn","advent calendar rocks minerals","矿物主题的倒数日历"
"eng_Latn","advent calendar skincare bubble","护肤气泡日历"
"eng_Latn","advent calendar snoopy 2025","2025年史努比主题的倒数日历"
"eng_Latn","advent calendar spa women","女士水疗日历"
"eng_Latn","advent calendar stuffers for toddler","幼儿用的圣诞倒数日历小玩意"
"eng_Latn","advent calendar supplies","圣诞倒数日历用品"
"eng_Latn","advent calendar thomas the train","托马斯小火车倒数日历"
"eng_Latn","advent calendar toddler boys","男童圣诞倒数日历"
"eng_Latn","advent calendar treats for kids","儿童节日历小礼物"
"eng_Latn","advent calendar under 10","10元以下的圣诞倒数日历"
"eng_Latn","advent calendar under 5 dollars","5美元以下的圣诞倒数日历"
"eng_Latn","advent calendar volleyball","倒计时日历排球"
"eng_Latn","advent calendar warhammer","战锤主题的倒数日历"
"eng_Latn","advent candle calendar","降临节蜡烛日历"
"eng_Latn","advent duck calendar 2025","2025年鸭子降临日历"
"eng_Latn","advent toddler calendar 2025","2025年幼儿降临日历"
"eng_Latn","air dry clay advent calendar 2025","2025年风干黏土日历"
"eng_Latn","airsoft advent calendar","气枪冒险日历"
"eng_Latn","amazon 12 days of beauty advent calendar 2025","亚马逊2025年12天美妆惊喜日历"
"eng_Latn","architecture advent calendar","建筑风格倒数日历"
"eng_Latn","art advent calendar 2025 women","2025年女性艺术日历"
"eng_Latn","asian advent calendar","亚洲主题的倒数日历"
"eng_Latn","beef jerky advent calendar for men","男士牛肉干圣诞倒数日历"
"eng_Latn","bonne maman jam advent calendar","Bonne maman果酱历法"
"eng_Latn","booze advent calendar for adults","成人酒类节日倒数日历"
"eng_Latn","brain rot advent calendar 2025 boys","2025年男孩脑腐历险日历"
"eng_Latn","brambly hedge advent calendar","荆棘篱笆圣诞倒数日历"
"eng_Latn","brio advent calendar","Brio 倒数日历"
"eng_Latn","broadway shows advent calendar","百老汇演出倒计时日历"
"eng_Latn","bubble advent calendar skin care","泡泡日历护肤套装"
"eng_Latn","bubble skin care advent calendar","泡泡护肤日历"
"eng_Latn","byoma advent calendar 2025","2025年byoma圣诞倒数日历"
"eng_Latn","candy cane advent calendar","糖果棒倒数日历"
"eng_Latn","candy christmas advent calendar","糖果圣诞倒数日历"
"eng_Latn","car accessories advent calendar","汽车配件圣诞倒数日历"
"eng_Latn","cardinal advent calendar","红衣主教降临日历"
"eng_Latn","cat figure advent calendar","猫咪造型的倒数日历"
"eng_Latn","cat treats advent calendar","猫咪零食圣诞倒数日历"
"eng_Latn","charm necklace advent calendar","魅力项链圣诞倒数日历"
"eng_Latn","chess advent calendar 2025","2025年国际象棋日历"
"eng_Latn","chihuahua advent calendar","吉娃娃狗狗日历"
"eng_Latn","childs advent calendar","儿童圣诞倒数日历"
"eng_Latn","chips advent calendar 2025","2025年薯片倒数日历"
"eng_Latn","chocolates advent calendar 2025","2025年巧克力降临日历"
"eng_Latn","chocolates for advent calendar","用于圣诞倒数日历的巧克力"
"eng_Latn","christmas advent calendar bracelets","圣诞倒数日历手链"
"eng_Latn","christmas advent calendar building blocks","圣诞倒数日历积木"
"eng_Latn","christmas advent calendar makeup","圣诞倒数日历彩妆"
"eng_Latn","christmas advent calendar skincare","圣诞倒数日历护肤套装"
"eng_Latn","christmas decor advent calendar","圣诞装饰日历"
"eng_Latn","christmas duck advent calendar","圣诞鸭子倒数日历"
"eng_Latn","christmas gifts for women 2025 -12 days of christmas advent calendar for mom, wife, girlfriend, sist","2025年女性圣诞礼物——为妈妈、妻子、女友、姐妹准备的12天圣诞倒数日历"
"eng_Latn","christmas house advent calendar","圣诞主题房屋式倒数日历"
"eng_Latn","clean beauty advent calendar 2025","2025年清洁美容日历"
"eng_Latn","coffee advent calendar for adults","成人咖啡日历"
"eng_Latn","coffee bean advent calendar","咖啡豆倒数日历"
"eng_Latn","coffee pods advent calendar","咖啡胶囊倒数日历"
"eng_Latn","crochet advent calendar with tools","带工具的钩织圣诞倒数日历"
"eng_Latn","crystal advent calendar for adults","成人水晶日历"
"eng_Latn","daphne diary advent calendar","达芙妮日记圣诞倒数日历"
"eng_Latn","dc comics advent calendar","DC漫画圣诞倒数日历"
"eng_Latn","dinosaur ornament advent calendar","恐龙装饰品倒计时日历"
"eng_Latn","disney sock advent calendar","迪士尼袜子倒数日历"
"eng_Latn","disney storybook advent calendar 2025","迪士尼故事书2025年圣诞倒数日历"
"eng_Latn","diy advent calendar wood","DIY木质圣诞倒数日历"
"eng_Latn","diy advent calendar wooden","DIY木质圣诞倒数日历"
"eng_Latn","dog advent calendar￼","狗狗主题的倒数日历"
"eng_Latn","dogman advent calendar","狗狗冒险日历"
"eng_Latn","doh advent calendar","Doh Advent日历"
"eng_Latn","drum advent calendar 2025","2025年鼓声倒数日历"
"eng_Latn","elderly advent calendar","老年日历"
"eng_Latn","empty advent calendar bags","空的圣诞日历袋"
"eng_Latn","empty advent calendar boxes to fill","空的待填写的圣诞倒数日历盒"
"eng_Latn","empty advent calendar kids","空圣诞节倒数日历儿童款"
"eng_Latn","expectant mother advent calendar","准妈妈待产日历"
"eng_Latn","fast and furious advent calendar 2025","2025年速度与激情倒数日历"
"eng_Latn","fenty beauty advent calendar","fenty beauty 圣诞倒数日历"
"eng_Latn","fighter jet advent calendar","战斗机主题的倒数日历"
"eng_Latn","fishing advent calendar for kids","儿童钓鱼主题日历"
"eng_Latn","fluffy sock advent calendar","毛绒袜袜日历"
"eng_Latn","fruit snack advent calendar","水果零食日历"
"eng_Latn","funko pop advent calendar 2025 pokemon","Funko Pop 2025年宝可梦主题的圣诞倒数日历"
"eng_Latn","funko star wars advent calendar","Funko星球大战倒数日历"
"eng_Latn","funkopop advent calendar 2025","2025年Funkopop圣诞倒数日历"
"eng_Latn","gabby dollhouse advent calendar 2025 kids","加布丽埃勒玩具屋2025年儿童圣诞倒数日历"
"eng_Latn","gay advent calendar","同性恋主题的倒数日历"
"eng_Latn","gem art advent calendar","宝石艺术圣诞倒数日历"
"eng_Latn","geology advent calendar","地质学圣诞倒数日历"
"eng_Latn","girls lego advent calendar","女孩乐高玩具圣诞倒数日历"
"eng_Latn","girls sock advent calendar 2025","2025年女孩袜子的圣诞倒数日历"
"eng_Latn","gold charm bracelet advent calendar","金饰手链圣诞倒数日历"
"eng_Latn","green bay packers advent calendar 2025","2025年绿湾包装工队倒数日历"
"eng_Latn","grill advent calendar","烤肉日历"
"eng_Latn","griswold advent calendar house","格里斯沃尔德圣诞倒数日历屋"
"eng_Latn","hanging wall advent calendar","上墙式圣诞倒数日历"
"eng_Latn","harry potter advent calendar gifts","哈利波特主题的圣诞倒数日历礼物"
"eng_Latn","harry potter funko pop advent calendar 2025","2025年哈利·波特Funko Pop Advent日历"
"eng_Latn","healing crystal advent calendar 2025","2025年疗愈水晶倒数日历"
"eng_Latn","hidden games advent calendar","隐藏游戏式圣诞倒数日历"
"eng_Latn","holiday wooden village advent calendar","假日木屋村庄历险日历"
"eng_Latn","honeydukes advent calendar","蜂蜜公爵的降临日历"
"eng_Latn","hotwheels muscle car advent calendar 2025","2025年风火轮肌肉车主题的日历"
"eng_Latn","insight editions advent calendar","洞察版倒数日历"
"eng_Latn","jeep duck advent calendar","吉普鸭历险日历"
"eng_Latn","kids advent calendar fillers","儿童圣诞倒数日历填充物"
"eng_Latn","kids advent calendar pokemon","儿童宝可梦降临日历"
"eng_Latn","kids bath bomb advent calendar","儿童沐浴炸弹式日历"
"eng_Latn","koop demon hunters advent calendar","购买《恶魔猎人》圣诞倒数日历"
"eng_Latn","large advent calendar with drawers","带抽屉的大型圣诞倒数日历"
"eng_Latn","lego advent calendar 2025 for boys","2025年乐高男孩圣诞倒数日历"
"eng_Latn","lego advent calendar kids","乐高儿童圣诞倒数日历"
"eng_Latn","lego animal advent calendar 2025","乐高动物历险日历2025"
"eng_Latn","lego botanicals advent calendar","乐高植物系列圣诞倒数日历"
"eng_Latn","lego city advent calendar 2024","乐高城市系列2024年圣诞倒数日历"
"eng_Latn","lindt truffles advent calendar","瑞士莲松露巧克力倒数日历"
"eng_Latn","marijuana advent calendar","大麻日历"
"eng_Latn","men advent calendar 2025 cologne","男士2025年科隆香水倒数日历"
"eng_Latn","men socks advent calendar","男士袜子倒数日历"
"eng_Latn","mens advent calendar 2025 golf","2025年男士高尔夫球手历"
"eng_Latn","metal puzzle advent calendar","金属拼图日历"
"eng_Latn","miami dolphins advent calendar 2025","迈阿密海豚队2025年圣诞倒数日历"
"eng_Latn","mind craft advent calendar","心灵手工艺品圣诞倒数日历"
"eng_Latn","mini barbie advent calendar 2025","2025年迷你芭比娃娃圣诞倒数日历"
"eng_Latn","mini brands advent calendar 2025 food","2025年迷你品牌食品圣诞倒数日历"
"eng_Latn","mini ornaments advent calendar","迷你装饰品圣诞倒数日历"
"eng_Latn","mini perfumes advent calendar 2025","2025年迷你香水降临日历"
"eng_Latn","music lover advent calendar","音乐爱好者圣诞倒数日历"
"eng_Latn","nido squishy advent calendar","“nido squishy advent calendar”的中文翻译可能是“nido软糯黏糊的圣诞倒数日历”"
"eng_Latn","non food advent calendar for kids","儿童非食品主题的圣诞倒数日历"
"eng_Latn","opi nail polish advent calendar","opi指甲油圣诞倒数日历"
"eng_Latn","outdoorsman advent calendar","户外爱好者倒数日历"
"eng_Latn","papier advent calendar","纸质日历"
"eng_Latn","patriots advent calendar","爱国者降临日历"
"eng_Latn","perfume sample advent calendar","香水样品日历"
"eng_Latn","pikachu advent calendar","皮卡丘主题的倒数日历"
"eng_Latn","pokemon pop advent calendar","《口袋妖怪》流行日历"
"eng_Latn","potato chip advent calendar","薯片倒数日历"
"eng_Latn","prince advent calendar 2025","2025年王子降临日历"
"eng_Latn","quilted advent calendar","绗缝圣诞倒数日历"
"eng_Latn","rabbit advent calendar","兔子主题的倒数日历"
"eng_Latn","religious advent calendar 2025 teens","2025年青少年宗教圣诞倒数日历"
"eng_Latn","religious christmas advent calendar 2025 kids","2025年儿童宗教圣诞倒数日历"
"eng_Latn","savage gear advent calendar 2025","2025年野蛮装备降临日历"
"eng_Latn","science advent calendar for kids","儿童科学历险日历"
"eng_Latn","seahawks advent calendar","海鹰队倒数日历"
"eng_Latn","seashell advent calendar 2025","2025年贝壳主题倒数日历"
"eng_Latn","selfcare advent calendar 2025","2025年自我关爱日历"
"eng_Latn","sibling advent calendar","兄弟姐妹倒数日历"
"eng_Latn","skin care advent calendar 2025 sephora","2025年丝芙兰护肤日历"
"eng_Latn","smashmallow advent calendar","棉花糖主题的倒数日历"
"eng_Latn","snoopy advent calendar 2025 adult","2025年史努比倒数日历（成人版）"
"eng_Latn","sourdough advent calendar","酸面包倒数日历"
"eng_Latn","space nk beauty advent calendar","Space NK 美容圣诞倒数日历"
"eng_Latn","squishmallow 2025 advent calendar","2025年软糯豆豆人（Squishmallow）圣诞倒数日历"
"eng_Latn","stationery advent calendar 2025 adults","2025年成人用文具式圣诞倒数日历"
"eng_Latn","stationery advent calendar for girls","女孩文具圣诞倒数日历"
"eng_Latn","stick bots advent calendar 2025","2025年棒形机器人圣诞倒数日历"
"eng_Latn","teen advent calendar girls","少女们的青少年冒险日历"
"eng_Latn","teen girl advent calendar 2025 skincare","2025年少女护肤日历"
"eng_Latn","thomas kinkade advent calendar","托马斯·金凯德圣诞倒数日历"
"eng_Latn","thomas kinkade disney 24 day advent calendar puzzles","托马斯·金凯德迪士尼24天倒数日历拼图"
"eng_Latn","tirtir advent calendar","“tirtir”圣诞倒数日历"
"eng_Latn","topps baseball cards 2025 advent calendar","2025年Topps棒球卡圣诞倒数日历"
"eng_Latn","toy advent calendar 2025 boys","2025年男孩玩具圣诞倒数日历"
"eng_Latn","try not to laugh advent calendar","忍住不笑日历"
"eng_Latn","tween advent calendar 2025 boys","2025年男孩款圣诞倒数日历"
"eng_Latn","tween advent calendar girls","“两个圣诞日历女孩”"
"eng_Latn","wooble advent calendar 2025","2025年摇摆式圣诞倒数日历"
"eng_Latn","world war ii advent calendar 2025","2025年二战倒数日历"
"eng_Latn","yogi tea advent calendar","瑜伽茶日历"
"eng_Latn","zuru advent calendar 2025","2025年zuru圣诞倒数日历"
"eng_Latn","advent calendars bitty pop","“advent calendars bitty pop”的中文翻译为“bitty pop圣诞倒数日历”"
"eng_Latn","advent calendars cheese","奶酪主题的圣诞倒数日历"
"eng_Latn","advent calendars for 4 year old girls","4岁女孩的圣诞倒数日历"
"eng_Latn","advent calendars for children 2025","2025年儿童降临日历"
"eng_Latn","advent calendars for teachers","教师专用节日日历"
"eng_Latn","advent calendars games","圣诞倒数日历游戏"
"eng_Latn","advent calendars magic","圣诞倒数日历的魔力"
"eng_Latn","advent calendars mario","马里奥降临日历"
"eng_Latn","advent calendars national geographic","国家地理的降临日历"
"eng_Latn","advent calendars squishmallow 2025","2025年软糯豆豆人奇趣圣诞日历"
"eng_Latn","advent calendars with chocolate 2025","2025年巧克力主题的降临日历"
"eng_Latn","cheap advent calendars for kids","儿童廉价降临日历"
"eng_Latn","crafting advent calendars","制作圣诞倒数日历"
"eng_Latn","dinosaur advent calendars","恐龙主题的圣诞倒数日历"
"eng_Latn","disney advent calendars 2025","2025年迪士尼圣诞倒数日历"
"eng_Latn","felt advent calendars","毛毡圣诞日历"
"eng_Latn","gourmet advent calendars","美食主题的节日日历"
"eng_Latn","lego advent calendars for 2025","2025年乐高圣诞倒数日历"
"eng_Latn","slime advent calendars for teens","青少年史莱姆冒险日历"
"eng_Latn","vegan advent calendars","素食主义者的圣诞倒数日历"
"eng_Latn","wicked advent calendars 2025","2025年邪恶的圣诞倒数日历"
"eng_Latn","avent calendar 2025 christmas makeup","2025年圣诞化妆活动日历"
"eng_Latn","avent calendar 2025 women","2025年女士活动日历"
"eng_Latn","avent calendar teen","青少年冒险日历"
"eng_Latn","bluey avent calendar 2025","2025年Bluey冒险日历"
"eng_Latn","candy avent calendar","糖果主题的日历"
"eng_Latn","demon slayer avent calendar","《鬼灭之刃》日历"
"eng_Latn","teen avent calendar 2025","2025年青少年冒险日历"
"eng_Latn","pregnancy countdown calendar","孕期倒计时日历"
"eng_Latn","squish-a-longs holiday countdown calendar","“压扁长假倒计时日历”"
